{
  "type": "FeatureCollection",
  "generator": "overpass-turbo",
  "copyright": "The data included in this document is from www.openstreetmap.org. The data is made available under ODbL.",
  "timestamp": "2026-02-15T08:06:08Z",
  "features": [
    {
      "type": "Feature",
      "properties": {
        "@id": "node/1139340402",
        "amenity": "atm",
        "brand": "ICICI Bank",
        "brand:wikidata": "Q1653258",
        "name": "Icici ATM",
        "operator": "ICICI Bank",
        "operator:wikidata": "Q1653258",
        "short_name": "ICICI",
        "source": "Bing"
      },
      "geometry": {
        "type": "Point",
        "coordinates": [
          83.3032397,
          17.7120988
        ]
      },
      "id": "node/1139340402"
    },
    {
      "type": "Feature",
      "properties": {
        "@id": "node/1474441286",
        "amenity": "atm",
        "operator": "STATE BANK OF INDIA"
      },
      "geometry": {
        "type": "Point",
        "coordinates": [
          83.3145266,
          17.7423128
        ]
      },
      "id": "node/1474441286"
    },
    {
      "type": "Feature",
      "properties": {
        "@id": "node/1811359390",
        "amenity": "atm",
        "designation": "SBI ATM"
      },
      "geometry": {
        "type": "Point",
        "coordinates": [
          83.3085641,
          17.7237106
        ]
      },
      "id": "node/1811359390"
    },
    {
      "type": "Feature",
      "properties": {
        "@id": "node/1824367405",
        "amenity": "atm",
        "designation": "Andhra Bank ATM",
        "source": "google maps"
      },
      "geometry": {
        "type": "Point",
        "coordinates": [
          83.3372987,
          17.7435006
        ]
      },
      "id": "node/1824367405"
    },
    {
      "type": "Feature",
      "properties": {
        "@id": "node/1824367470",
        "amenity": "atm",
        "designation": "SBH ATM"
      },
      "geometry": {
        "type": "Point",
        "coordinates": [
          83.336993,
          17.7433628
        ]
      },
      "id": "node/1824367470"
    },
    {
      "type": "Feature",
      "properties": {
        "@id": "node/1921720727",
        "addr:street": "Main Road, khajipalem",
        "amenity": "atm",
        "name": "SBI ATM"
      },
      "geometry": {
        "type": "Point",
        "coordinates": [
          80.6047699,
          15.9686925
        ]
      },
      "id": "node/1921720727"
    },
    {
      "type": "Feature",
      "properties": {
        "@id": "node/1939295165",
        "amenity": "atm"
      },
      "geometry": {
        "type": "Point",
        "coordinates": [
          80.6424098,
          16.529258
        ]
      },
      "id": "node/1939295165"
    },
    {
      "type": "Feature",
      "properties": {
        "@id": "node/2040931155",
        "amenity": "atm",
        "operator": "State Bank",
        "source": "https://www.sbi.co.in"
      },
      "geometry": {
        "type": "Point",
        "coordinates": [
          80.305684,
          15.7820223
        ]
      },
      "id": "node/2040931155"
    },
    {
      "type": "Feature",
      "properties": {
        "@id": "node/2040937987",
        "amenity": "atm",
        "operator": "Axis Bank",
        "source": "https://www.axisbank.co.in/"
      },
      "geometry": {
        "type": "Point",
        "coordinates": [
          80.3058287,
          15.7820069
        ]
      },
      "id": "node/2040937987"
    },
    {
      "type": "Feature",
      "properties": {
        "@id": "node/2072533965",
        "amenity": "atm",
        "fee": "SBI BANK",
        "operator": "State Bank"
      },
      "geometry": {
        "type": "Point",
        "coordinates": [
          79.0806198,
          15.2958589
        ]
      },
      "id": "node/2072533965"
    },
    {
      "type": "Feature",
      "properties": {
        "@id": "node/2155605905",
        "amenity": "atm",
        "operator": "State Bank"
      },
      "geometry": {
        "type": "Point",
        "coordinates": [
          78.8697852,
          16.0740427
        ]
      },
      "id": "node/2155605905"
    },
    {
      "type": "Feature",
      "properties": {
        "@id": "node/2167272981",
        "amenity": "atm",
        "operator": "Andhra Bank"
      },
      "geometry": {
        "type": "Point",
        "coordinates": [
          80.306006,
          15.783393
        ]
      },
      "id": "node/2167272981"
    },
    {
      "type": "Feature",
      "properties": {
        "@id": "node/2275148313",
        "amenity": "atm",
        "name": "Vijaya Bank ATM",
        "name:kn": "ವಿಜಯ ಬ್ಯಾಂಕ್ ಎಟಿಎಂ"
      },
      "geometry": {
        "type": "Point",
        "coordinates": [
          79.3455208,
          13.6857351
        ]
      },
      "id": "node/2275148313"
    },
    {
      "type": "Feature",
      "properties": {
        "@id": "node/2387687366",
        "amenity": "atm",
        "name": "HDFC Bank ATM",
        "operator": "HDFC Bank"
      },
      "geometry": {
        "type": "Point",
        "coordinates": [
          81.7948704,
          17.0044366
        ]
      },
      "id": "node/2387687366"
    },
    {
      "type": "Feature",
      "properties": {
        "@id": "node/2687078370",
        "amenity": "atm",
        "brand": "State Bank of India",
        "brand:wikidata": "Q1340361",
        "name": "State Bank of India",
        "operator": "State Bank of India",
        "operator:wikidata": "Q1340361"
      },
      "geometry": {
        "type": "Point",
        "coordinates": [
          83.4537491,
          17.8921411
        ]
      },
      "id": "node/2687078370"
    },
    {
      "type": "Feature",
      "properties": {
        "@id": "node/2712527577",
        "amenity": "atm",
        "name": "HDFC Bank ATM"
      },
      "geometry": {
        "type": "Point",
        "coordinates": [
          78.0317101,
          15.8248417
        ]
      },
      "id": "node/2712527577"
    },
    {
      "type": "Feature",
      "properties": {
        "@id": "node/2714275516",
        "amenity": "atm",
        "name": "Syndicate Bank"
      },
      "geometry": {
        "type": "Point",
        "coordinates": [
          78.0414073,
          15.8351717
        ]
      },
      "id": "node/2714275516"
    },
    {
      "type": "Feature",
      "properties": {
        "@id": "node/2802753061",
        "amenity": "atm",
        "operator": "State Bank"
      },
      "geometry": {
        "type": "Point",
        "coordinates": [
          82.0038262,
          16.5758746
        ]
      },
      "id": "node/2802753061"
    },
    {
      "type": "Feature",
      "properties": {
        "@id": "node/2802824668",
        "amenity": "atm",
        "operator": "State Bank"
      },
      "geometry": {
        "type": "Point",
        "coordinates": [
          82.0001758,
          16.5702961
        ]
      },
      "id": "node/2802824668"
    },
    {
      "type": "Feature",
      "properties": {
        "@id": "node/3076326591",
        "addr:full": "Sri Purna Chandra Reddy Nilayam, Balaji Nagar, Rajahmundry.",
        "amenity": "atm",
        "name": "Indian Overseas Bank ATM",
        "operator": "Indian Overseas Bank"
      },
      "geometry": {
        "type": "Point",
        "coordinates": [
          81.7938862,
          16.9770498
        ]
      },
      "id": "node/3076326591"
    },
    {
      "type": "Feature",
      "properties": {
        "@id": "node/3076326592",
        "addr:full": "Sri Purna Chandra Reddy Nilayam, Balaji Nagar, Rajahmundry.",
        "amenity": "atm",
        "name": "State Bank ATM",
        "operator": "State Bank"
      },
      "geometry": {
        "type": "Point",
        "coordinates": [
          81.7939328,
          16.9770914
        ]
      },
      "id": "node/3076326592"
    },
    {
      "type": "Feature",
      "properties": {
        "@id": "node/3076326595",
        "addr:full": "In Rajahmundry Railway Station Compound, Alcot Gardens, Rajahmundry.",
        "amenity": "atm",
        "name": "State Bank ATM",
        "operator": "State Bank"
      },
      "geometry": {
        "type": "Point",
        "coordinates": [
          81.7834952,
          16.9847382
        ]
      },
      "id": "node/3076326595"
    },
    {
      "type": "Feature",
      "properties": {
        "@id": "node/3076326596",
        "addr:full": "In Rajahmundry Railway Station Compound, Alcot Gardens, Rajahmundry.",
        "amenity": "atm",
        "brand": "Indian Bank",
        "brand:wikidata": "Q2003789",
        "name": "Indian Bank ATM",
        "operator": "Indian Bank",
        "operator:wikidata": "Q2003789"
      },
      "geometry": {
        "type": "Point",
        "coordinates": [
          81.7834686,
          16.9847688
        ]
      },
      "id": "node/3076326596"
    },
    {
      "type": "Feature",
      "properties": {
        "@id": "node/3076326597",
        "addr:full": "Near Railway Station, Alcot Gardens, Rajahmundry.",
        "amenity": "atm",
        "name": "State Bank ATM",
        "operator": "State Bank"
      },
      "geometry": {
        "type": "Point",
        "coordinates": [
          81.7825866,
          16.9854951
        ]
      },
      "id": "node/3076326597"
    },
    {
      "type": "Feature",
      "properties": {
        "@id": "node/3076326598",
        "addr:full": "Opp. Railway Station, Alcot Gardens, Rajahmundry.",
        "amenity": "atm",
        "name": "Andhra Bank ATM",
        "operator": "Andhra Bank"
      },
      "geometry": {
        "type": "Point",
        "coordinates": [
          81.7824404,
          16.9857212
        ]
      },
      "id": "node/3076326598"
    },
    {
      "type": "Feature",
      "properties": {
        "@id": "node/3076326599",
        "addr:full": "Alcot Gardens, Rajahmundry.",
        "amenity": "atm",
        "name": "ICICI Bank ATM",
        "operator": "ICICI Bank"
      },
      "geometry": {
        "type": "Point",
        "coordinates": [
          81.7807892,
          16.9877838
        ]
      },
      "id": "node/3076326599"
    },
    {
      "type": "Feature",
      "properties": {
        "@id": "node/3076326600",
        "addr:full": "Alcot Gardens, Rajahmundry.",
        "amenity": "atm",
        "name": "HDFC Bank ATM",
        "operator": "HDFC Bank"
      },
      "geometry": {
        "type": "Point",
        "coordinates": [
          81.7804511,
          16.9882084
        ]
      },
      "id": "node/3076326600"
    },
    {
      "type": "Feature",
      "properties": {
        "@id": "node/3076326601",
        "addr:full": "Near Kotipalli Bus Stand, Rajahmundry.",
        "amenity": "atm",
        "name": "Axis Bank ATM",
        "operator": "Axis Bank"
      },
      "geometry": {
        "type": "Point",
        "coordinates": [
          81.775286,
          16.993867
        ]
      },
      "id": "node/3076326601"
    },
    {
      "type": "Feature",
      "properties": {
        "@id": "node/3076326602",
        "addr:full": "#7-24-9, Adavikolanu Vari Veedhi, Innespeta, Rajahmundry.",
        "amenity": "atm",
        "name": "Punjab National Bank ATM",
        "operator": "Punjab National Bank"
      },
      "geometry": {
        "type": "Point",
        "coordinates": [
          81.7721452,
          16.9962678
        ]
      },
      "id": "node/3076326602"
    },
    {
      "type": "Feature",
      "properties": {
        "@id": "node/3076326603",
        "addr:full": "Kolli Vari Veeshi, Rajahmundry.",
        "amenity": "atm",
        "name": "State Bank of India ATM",
        "operator": "State Bank"
      },
      "geometry": {
        "type": "Point",
        "coordinates": [
          81.7764395,
          16.9963723
        ]
      },
      "id": "node/3076326603"
    },
    {
      "type": "Feature",
      "properties": {
        "@id": "node/3076326604",
        "addr:full": "Near Union Bank Of India, T Nagar, Rajahmundry.",
        "amenity": "atm",
        "name": "Union Bank of India ATM",
        "operator": "Union Bank of India"
      },
      "geometry": {
        "type": "Point",
        "coordinates": [
          81.7725567,
          16.9965809
        ]
      },
      "id": "node/3076326604"
    },
    {
      "type": "Feature",
      "properties": {
        "@id": "node/3076326605",
        "addr:full": "T Nagar, Rajahmundry.",
        "amenity": "atm",
        "name": "ICICI Bank ATM",
        "operator": "ICICI Bank"
      },
      "geometry": {
        "type": "Point",
        "coordinates": [
          81.7717555,
          16.9968149
        ]
      },
      "id": "node/3076326605"
    },
    {
      "type": "Feature",
      "properties": {
        "@id": "node/3076326606",
        "addr:full": "Beside Icici Bank, T Nagar, Rajahmundry.",
        "amenity": "atm",
        "name": "Axis Bank ATM",
        "operator": "Axis Bank"
      },
      "geometry": {
        "type": "Point",
        "coordinates": [
          81.7723836,
          16.9968743
        ]
      },
      "id": "node/3076326606"
    },
    {
      "type": "Feature",
      "properties": {
        "@id": "node/3076326607",
        "addr:full": "Opp. Axis Bank, T Nagar, Rajahmundry.",
        "amenity": "atm",
        "name": "Lakshmi Vilas Bank ATM",
        "operator": "Lakshmi Vilas Bank"
      },
      "geometry": {
        "type": "Point",
        "coordinates": [
          81.7721842,
          16.9969989
        ]
      },
      "id": "node/3076326607"
    },
    {
      "type": "Feature",
      "properties": {
        "@id": "node/3076326608",
        "addr:full": "Kumari Takis Road, T Nagar, Rajahmundry.",
        "amenity": "atm",
        "name": "Central Bank Of India ATM",
        "operator": "Central Bank Of India"
      },
      "geometry": {
        "type": "Point",
        "coordinates": [
          81.7725866,
          16.9971823
        ]
      },
      "id": "node/3076326608"
    },
    {
      "type": "Feature",
      "properties": {
        "@id": "node/3076326609",
        "addr:full": "Tadithota, Rajahmundry.",
        "amenity": "atm",
        "check_date": "2024-02-21",
        "name": "State Bank of India",
        "operator": "State Bank"
      },
      "geometry": {
        "type": "Point",
        "coordinates": [
          81.7850189,
          16.999707
        ]
      },
      "id": "node/3076326609"
    },
    {
      "type": "Feature",
      "properties": {
        "@id": "node/3076326610",
        "addr:full": "Opp. I Town Police Station, Main Road, Rajahmundry.",
        "amenity": "atm",
        "name": "Canara Bank ATM",
        "operator": "Canara Bank"
      },
      "geometry": {
        "type": "Point",
        "coordinates": [
          81.7714275,
          17.0007837
        ]
      },
      "id": "node/3076326610"
    },
    {
      "type": "Feature",
      "properties": {
        "@id": "node/3076326611",
        "addr:full": "Beside Urvasi Complex, Rajahmundry.",
        "amenity": "atm",
        "name": "State Bank ATM",
        "operator": "State Bank"
      },
      "geometry": {
        "type": "Point",
        "coordinates": [
          81.7755183,
          17.001053
        ]
      },
      "id": "node/3076326611"
    },
    {
      "type": "Feature",
      "properties": {
        "@id": "node/3076326612",
        "addr:full": "Near Muthoot Finance, Main Road, Rajahmundry.",
        "amenity": "atm",
        "name": "State Bank of India ATM",
        "operator": "State Bank"
      },
      "geometry": {
        "type": "Point",
        "coordinates": [
          81.7712949,
          17.0012134
        ]
      },
      "id": "node/3076326612"
    },
    {
      "type": "Feature",
      "properties": {
        "@id": "node/3076326613",
        "addr:full": "Main Road, Rajahmundry.",
        "amenity": "atm",
        "brand": "Tamilnad Mercantile Bank Limited",
        "brand:wikidata": "Q2044991",
        "name": "Tamilnad Mercantile Bank Limited",
        "operator": "Tamilnad Mercantile Bank Limited",
        "operator:wikidata": "Q2044991"
      },
      "geometry": {
        "type": "Point",
        "coordinates": [
          81.7707988,
          17.0028448
        ]
      },
      "id": "node/3076326613"
    },
    {
      "type": "Feature",
      "properties": {
        "@id": "node/3076326614",
        "addr:full": "Tilak Road, Rajahmundry.",
        "amenity": "atm",
        "name": "HDFC Bank ATM",
        "operator": "HDFC Bank"
      },
      "geometry": {
        "type": "Point",
        "coordinates": [
          81.7948664,
          17.0054008
        ]
      },
      "id": "node/3076326614"
    },
    {
      "type": "Feature",
      "properties": {
        "@id": "node/3076326615",
        "addr:full": "Kota Gummam,main Road, Rajahmundry.",
        "amenity": "atm",
        "name": "Andhra Bank ATM",
        "operator": "Andhra Bank"
      },
      "geometry": {
        "type": "Point",
        "coordinates": [
          81.7705198,
          17.0058162
        ]
      },
      "id": "node/3076326615"
    },
    {
      "type": "Feature",
      "properties": {
        "@id": "node/3076326616",
        "addr:full": "K.V.R.plaza, Kotagummam, Main Bazar, Rajahmundry.",
        "amenity": "atm",
        "name": "HDFC Bank ATM",
        "operator": "HDFC Bank"
      },
      "geometry": {
        "type": "Point",
        "coordinates": [
          81.7700059,
          17.0058576
        ]
      },
      "id": "node/3076326616"
    },
    {
      "type": "Feature",
      "properties": {
        "@id": "node/3076326617",
        "addr:full": "K.V.R.Plaza, Kotagummam, Main Bazar, Rajahmundry.",
        "amenity": "atm",
        "name": "IDBI Bank ATM",
        "operator": "IDBI Bank"
      },
      "geometry": {
        "type": "Point",
        "coordinates": [
          81.7699711,
          17.0058726
        ]
      },
      "id": "node/3076326617"
    },
    {
      "type": "Feature",
      "properties": {
        "@id": "node/3076326618",
        "addr:full": "Tilak Road, Rajahmundry.",
        "amenity": "atm",
        "name": "State Bank of India ATM",
        "operator": "State Bank"
      },
      "geometry": {
        "type": "Point",
        "coordinates": [
          81.7948175,
          17.0060255
        ]
      },
      "id": "node/3076326618"
    },
    {
      "type": "Feature",
      "properties": {
        "@id": "node/3076326621",
        "addr:full": "Avr Chakravarti Fort,near Kandakam Road,railway Bridge, Rajahmundry.",
        "amenity": "atm",
        "name": "Karur Vysya Bank ATM",
        "operator": "Karur Vysya Bank"
      },
      "geometry": {
        "type": "Point",
        "coordinates": [
          81.7728399,
          17.006714
        ]
      },
      "id": "node/3076326621"
    },
    {
      "type": "Feature",
      "properties": {
        "@id": "node/3076326622",
        "addr:full": "Gandhipuram, Rajahmundry.",
        "amenity": "atm",
        "name": "Andhra Bank ATM",
        "operator": "Andhra Bank"
      },
      "geometry": {
        "type": "Point",
        "coordinates": [
          81.7906246,
          17.006848
        ]
      },
      "id": "node/3076326622"
    },
    {
      "type": "Feature",
      "properties": {
        "@id": "node/3076326623",
        "addr:full": "Danavaipeta, Rajahmundry.",
        "amenity": "atm",
        "name": "State Bank of India ATM",
        "operator": "State Bank"
      },
      "geometry": {
        "type": "Point",
        "coordinates": [
          81.7855019,
          17.0070375
        ]
      },
      "id": "node/3076326623"
    },
    {
      "type": "Feature",
      "properties": {
        "@id": "node/3076326624",
        "addr:full": "Beside Nokia Care, Danavaipeta, Rajahmundry.",
        "amenity": "atm",
        "name": "Corp Bank ATM",
        "operator": "Corp Bank"
      },
      "geometry": {
        "type": "Point",
        "coordinates": [
          81.7807885,
          17.0071341
        ]
      },
      "id": "node/3076326624"
    },
    {
      "type": "Feature",
      "properties": {
        "@id": "node/3076326625",
        "addr:full": "Prakash Nagar, Rajahmundry.",
        "amenity": "atm",
        "name": "ICICI Bank ATM",
        "operator": "ICICI Bank"
      },
      "geometry": {
        "type": "Point",
        "coordinates": [
          81.7905153,
          17.0071625
        ]
      },
      "id": "node/3076326625"
    },
    {
      "type": "Feature",
      "properties": {
        "@id": "node/3076326627",
        "addr:full": "Gandhi Puram-ii, Prakash Nagar Round Park, Rajahmundry.",
        "amenity": "atm",
        "name": "Canara Bank ATM",
        "operator": "Canara Bank"
      },
      "geometry": {
        "type": "Point",
        "coordinates": [
          81.7877199,
          17.0072902
        ]
      },
      "id": "node/3076326627"
    },
    {
      "type": "Feature",
      "properties": {
        "@id": "node/3076326628",
        "addr:full": "Jnroad -tilak Road Junction, Rajahmundry.",
        "amenity": "atm",
        "name": "Axis Bank ATM",
        "operator": "Axis Bank"
      },
      "geometry": {
        "type": "Point",
        "coordinates": [
          81.7950055,
          17.0076197
        ]
      },
      "id": "node/3076326628"
    },
    {
      "type": "Feature",
      "properties": {
        "@id": "node/3076326630",
        "addr:full": "Beside Karur Vysya Bank, Rajahmundry.",
        "amenity": "atm",
        "name": "Central Bank ATM",
        "operator": "Central Bank of India"
      },
      "geometry": {
        "type": "Point",
        "coordinates": [
          81.7754638,
          17.0090772
        ]
      },
      "id": "node/3076326630"
    },
    {
      "type": "Feature",
      "properties": {
        "@id": "node/3076326631",
        "addr:full": "Opp. S.K.V.T.E.M.School, Rajahmundry.",
        "amenity": "atm",
        "description": "Rajahmundry Branch",
        "name": "Dena Bank ATM",
        "operator": "Dena Bank"
      },
      "geometry": {
        "type": "Point",
        "coordinates": [
          81.7814952,
          17.009484
        ]
      },
      "id": "node/3076326631"
    },
    {
      "type": "Feature",
      "properties": {
        "@id": "node/3076326632",
        "addr:full": "Nandam Ganiraju Junction, Rajhmundry.",
        "amenity": "atm",
        "description": "Rajahmundry Branch",
        "name": "UCO Bank ATM",
        "operator": "UCO Bank"
      },
      "geometry": {
        "type": "Point",
        "coordinates": [
          81.780527,
          17.0094878
        ]
      },
      "id": "node/3076326632"
    },
    {
      "type": "Feature",
      "properties": {
        "@id": "node/3076326833",
        "addr:full": "Opposie Gokavaram Busstand, Rajahmundry.",
        "amenity": "atm",
        "name": "State Bank of India ATM",
        "operator": "State Bank"
      },
      "geometry": {
        "type": "Point",
        "coordinates": [
          81.7721595,
          17.0096079
        ]
      },
      "id": "node/3076326833"
    },
    {
      "type": "Feature",
      "properties": {
        "@id": "node/3076326834",
        "addr:district": "East Godavari",
        "addr:full": "Near Gokaravam Bus Stand,Seshayya Metta, Rajahmundry",
        "addr:postcode": "533104",
        "addr:state": "Andhra Pradesh",
        "amenity": "atm",
        "name": "Aryapuram Co-op Bank ATM",
        "operator": "Aryapuram Co-op Bank",
        "source": "Local Knowledge"
      },
      "geometry": {
        "type": "Point",
        "coordinates": [
          81.7713435,
          17.0102034
        ]
      },
      "id": "node/3076326834"
    },
    {
      "type": "Feature",
      "properties": {
        "@id": "node/3076326835",
        "addr:full": "Devi Chowk, Rajahmundry.",
        "amenity": "atm",
        "name": "Axis Bank ATM",
        "operator": "Axis Bank"
      },
      "geometry": {
        "type": "Point",
        "coordinates": [
          81.7756834,
          17.0107028
        ]
      },
      "id": "node/3076326835"
    },
    {
      "type": "Feature",
      "properties": {
        "@id": "node/3076326836",
        "addr:full": "Devi Chouk, Rajahmundry.",
        "amenity": "atm",
        "name": "Andhra Bank ATM",
        "operator": "Andhra Bank"
      },
      "geometry": {
        "type": "Point",
        "coordinates": [
          81.7782388,
          17.0110201
        ]
      },
      "id": "node/3076326836"
    },
    {
      "type": "Feature",
      "properties": {
        "@id": "node/3076326837",
        "addr:full": "Devichouk, Rajahmundry.",
        "amenity": "atm",
        "name": "Indian Overseas Bank ATM",
        "operator": "Indian Overseas Bank"
      },
      "geometry": {
        "type": "Point",
        "coordinates": [
          81.7782186,
          17.0110225
        ]
      },
      "id": "node/3076326837"
    },
    {
      "type": "Feature",
      "properties": {
        "@id": "node/3076326838",
        "addr:full": "Kambala Cheruvu, Rajahmundry.",
        "amenity": "atm",
        "name": "State Bank of India ATM",
        "operator": "State Bank"
      },
      "geometry": {
        "type": "Point",
        "coordinates": [
          81.7775352,
          17.0116821
        ]
      },
      "id": "node/3076326838"
    },
    {
      "type": "Feature",
      "properties": {
        "@id": "node/3076326839",
        "addr:full": "Kambalatank, Rajahmundry",
        "amenity": "atm",
        "description": "In BPCL Petrol Bunk",
        "name": "ICICI Bank ATM",
        "operator": "ICICI Bank"
      },
      "geometry": {
        "type": "Point",
        "coordinates": [
          81.7792013,
          17.0119183
        ]
      },
      "id": "node/3076326839"
    },
    {
      "type": "Feature",
      "properties": {
        "@id": "node/3076326840",
        "addr:full": "Y-junction, Rajahmundry.",
        "amenity": "atm",
        "name": "State Bank of India ATM",
        "operator": "State Bank"
      },
      "geometry": {
        "type": "Point",
        "coordinates": [
          81.7822837,
          17.012021
        ]
      },
      "id": "node/3076326840"
    },
    {
      "type": "Feature",
      "properties": {
        "@id": "node/3076326841",
        "addr:full": "Seetampeta Rajahmundry",
        "amenity": "atm",
        "name": "Andhra Bank ATM",
        "operator": "Andhra Bank"
      },
      "geometry": {
        "type": "Point",
        "coordinates": [
          81.7746161,
          17.0207101
        ]
      },
      "id": "node/3076326841"
    },
    {
      "type": "Feature",
      "properties": {
        "@id": "node/3076326842",
        "addr:full": "Seetampeta, Rajahmundry.",
        "amenity": "atm",
        "name": "ICICI Bank ATM",
        "operator": "ICICI Bank"
      },
      "geometry": {
        "type": "Point",
        "coordinates": [
          81.774673,
          17.021121
        ]
      },
      "id": "node/3076326842"
    },
    {
      "type": "Feature",
      "properties": {
        "@id": "node/3076326843",
        "addr:full": "Opp. Papermill, Rajahmundry.",
        "amenity": "atm",
        "name": "Axis Bank ATM",
        "operator": "Axis Bank"
      },
      "geometry": {
        "type": "Point",
        "coordinates": [
          81.7751454,
          17.0231048
        ]
      },
      "id": "node/3076326843"
    },
    {
      "type": "Feature",
      "properties": {
        "@id": "node/3076326844",
        "addr:full": "P & T Colony, Rajahmundry.",
        "amenity": "atm",
        "name": "State Bank of India ATM",
        "operator": "State Bank"
      },
      "geometry": {
        "type": "Point",
        "coordinates": [
          81.783983,
          17.025021
        ]
      },
      "id": "node/3076326844"
    },
    {
      "type": "Feature",
      "properties": {
        "@id": "node/3076326845",
        "addr:full": "Appm, Rajahmundry.",
        "amenity": "atm",
        "name": "State Bank of India ATM",
        "operator": "State Bank"
      },
      "geometry": {
        "type": "Point",
        "coordinates": [
          81.7750879,
          17.0250475
        ]
      },
      "id": "node/3076326845"
    },
    {
      "type": "Feature",
      "properties": {
        "@id": "node/3076326846",
        "addr:full": "In Hpcl Petrol Bunk, Lalacheruvu Junction, Rajahmundry.",
        "amenity": "atm",
        "name": "State Bank of India ATM",
        "operator": "State Bank"
      },
      "geometry": {
        "type": "Point",
        "coordinates": [
          81.8067942,
          17.0260189
        ]
      },
      "id": "node/3076326846"
    },
    {
      "type": "Feature",
      "properties": {
        "@id": "node/3076326847",
        "addr:full": "Quary Market Junction, Rajahmundry.",
        "amenity": "atm",
        "name": "State Bank of India ATM",
        "operator": "State Bank"
      },
      "geometry": {
        "type": "Point",
        "coordinates": [
          81.7878545,
          17.03231
        ]
      },
      "id": "node/3076326847"
    },
    {
      "type": "Feature",
      "properties": {
        "@id": "node/3076326848",
        "addr:full": "Mallayapeta, Rajahmundry.",
        "amenity": "atm",
        "name": "State Bank of India ATM",
        "operator": "State Bank"
      },
      "geometry": {
        "type": "Point",
        "coordinates": [
          81.7764349,
          17.0352605
        ]
      },
      "id": "node/3076326848"
    },
    {
      "type": "Feature",
      "properties": {
        "@id": "node/3243962450",
        "amenity": "atm",
        "operator": "State Bank"
      },
      "geometry": {
        "type": "Point",
        "coordinates": [
          80.6384088,
          16.537941
        ]
      },
      "id": "node/3243962450"
    },
    {
      "type": "Feature",
      "properties": {
        "@id": "node/3243965528",
        "amenity": "atm",
        "operator": "State Bank"
      },
      "geometry": {
        "type": "Point",
        "coordinates": [
          80.6372232,
          16.5374653
        ]
      },
      "id": "node/3243965528"
    },
    {
      "type": "Feature",
      "properties": {
        "@id": "node/3392079681",
        "amenity": "atm",
        "name": "SBI Bank ATM"
      },
      "geometry": {
        "type": "Point",
        "coordinates": [
          80.0126463,
          15.1693814
        ]
      },
      "id": "node/3392079681"
    },
    {
      "type": "Feature",
      "properties": {
        "@id": "node/3407105378",
        "amenity": "atm",
        "brand": "Andhra Bank",
        "brand:wikidata": "Q2003476",
        "name": "Andhra Bank",
        "operator": "Andhra Bank",
        "operator:wikidata": "Q2003476"
      },
      "geometry": {
        "type": "Point",
        "coordinates": [
          82.0024728,
          16.576662
        ]
      },
      "id": "node/3407105378"
    },
    {
      "type": "Feature",
      "properties": {
        "@id": "node/3407105379",
        "amenity": "atm",
        "brand": "Canara Bank",
        "brand:en": "Canara Bank",
        "brand:hi": "केनरा बैंक",
        "brand:kn": "ಕೆನರಾ ಬ್ಯಾಂಕ್",
        "brand:pa": "ਕੇਨਰਾ ਬੈਂਕ",
        "brand:pnb": "کینرا بینک",
        "brand:ur": "کینرا بینک",
        "brand:wikidata": "Q2003777",
        "brand:wikipedia": "en:Canara Bank",
        "brand:wikipedia:pa": "ਕੇਨਰਾ ਬੈਂਕ",
        "name": "Canara Bank",
        "name:en": "Canara Bank",
        "name:hi": "केनरा बैंक",
        "name:kn": "ಕೆನರಾ ಬ್ಯಾಂಕ್",
        "name:pa": "ਕੇਨਰਾ ਬੈਂਕ",
        "name:pnb": "کینرا بینک",
        "name:ur": "کینرا بینک",
        "operator": "Canara Bank",
        "operator:wikidata": "Q2003777"
      },
      "geometry": {
        "type": "Point",
        "coordinates": [
          82.0024966,
          16.5766999
        ]
      },
      "id": "node/3407105379"
    },
    {
      "type": "Feature",
      "properties": {
        "@id": "node/3521447041",
        "amenity": "atm"
      },
      "geometry": {
        "type": "Point",
        "coordinates": [
          80.2911917,
          16.7668279
        ]
      },
      "id": "node/3521447041"
    },
    {
      "type": "Feature",
      "properties": {
        "@id": "node/3521447049",
        "amenity": "atm",
        "operator": "Andhra Bank"
      },
      "geometry": {
        "type": "Point",
        "coordinates": [
          80.3899167,
          16.684277
        ]
      },
      "id": "node/3521447049"
    },
    {
      "type": "Feature",
      "properties": {
        "@id": "node/3521447060",
        "amenity": "atm"
      },
      "geometry": {
        "type": "Point",
        "coordinates": [
          80.4680424,
          16.6123801
        ]
      },
      "id": "node/3521447060"
    },
    {
      "type": "Feature",
      "properties": {
        "@id": "node/3606769723",
        "amenity": "atm",
        "name": "STATE BANK ATM"
      },
      "geometry": {
        "type": "Point",
        "coordinates": [
          79.9900074,
          14.4487922
        ]
      },
      "id": "node/3606769723"
    },
    {
      "type": "Feature",
      "properties": {
        "@id": "node/3640907182",
        "amenity": "atm",
        "operator": "State Bank"
      },
      "geometry": {
        "type": "Point",
        "coordinates": [
          79.7071773,
          13.751285
        ]
      },
      "id": "node/3640907182"
    },
    {
      "type": "Feature",
      "properties": {
        "@id": "node/3640907188",
        "amenity": "atm",
        "operator": "Karur Vysya Bank"
      },
      "geometry": {
        "type": "Point",
        "coordinates": [
          79.7017297,
          13.7502927
        ]
      },
      "id": "node/3640907188"
    },
    {
      "type": "Feature",
      "properties": {
        "@id": "node/3640907191",
        "amenity": "atm",
        "operator": "Karur Vysya Bank"
      },
      "geometry": {
        "type": "Point",
        "coordinates": [
          79.6999314,
          13.7525599
        ]
      },
      "id": "node/3640907191"
    },
    {
      "type": "Feature",
      "properties": {
        "@id": "node/3753105590",
        "amenity": "atm",
        "name": "Indian Bank ATM"
      },
      "geometry": {
        "type": "Point",
        "coordinates": [
          81.5255317,
          16.5689526
        ]
      },
      "id": "node/3753105590"
    },
    {
      "type": "Feature",
      "properties": {
        "@id": "node/3991609257",
        "amenity": "atm",
        "brand": "SBI",
        "name": "SBI ATM",
        "operator": "SBI"
      },
      "geometry": {
        "type": "Point",
        "coordinates": [
          80.0484982,
          15.4924967
        ]
      },
      "id": "node/3991609257"
    },
    {
      "type": "Feature",
      "properties": {
        "@id": "node/4064443394",
        "amenity": "atm",
        "name": "Canara Bank ATM"
      },
      "geometry": {
        "type": "Point",
        "coordinates": [
          80.0490156,
          15.500176
        ]
      },
      "id": "node/4064443394"
    },
    {
      "type": "Feature",
      "properties": {
        "@id": "node/4064444189",
        "amenity": "atm",
        "name": "SBI ATM"
      },
      "geometry": {
        "type": "Point",
        "coordinates": [
          80.0490873,
          15.5001478
        ]
      },
      "id": "node/4064444189"
    },
    {
      "type": "Feature",
      "properties": {
        "@id": "node/4102357091",
        "amenity": "atm",
        "opening_hours": "24/7"
      },
      "geometry": {
        "type": "Point",
        "coordinates": [
          77.2258436,
          15.3935084
        ]
      },
      "id": "node/4102357091"
    },
    {
      "type": "Feature",
      "properties": {
        "@id": "node/4155867889",
        "amenity": "atm",
        "opening_hours": "24/7"
      },
      "geometry": {
        "type": "Point",
        "coordinates": [
          77.2260384,
          15.3956398
        ]
      },
      "id": "node/4155867889"
    },
    {
      "type": "Feature",
      "properties": {
        "@id": "node/4170168297",
        "amenity": "atm",
        "opening_hours": "24/7"
      },
      "geometry": {
        "type": "Point",
        "coordinates": [
          80.6137266,
          16.541459
        ]
      },
      "id": "node/4170168297"
    },
    {
      "type": "Feature",
      "properties": {
        "@id": "node/4185107817",
        "amenity": "atm",
        "opening_hours": "24/7"
      },
      "geometry": {
        "type": "Point",
        "coordinates": [
          80.6137354,
          16.5414984
        ]
      },
      "id": "node/4185107817"
    },
    {
      "type": "Feature",
      "properties": {
        "@id": "node/4283665793",
        "amenity": "atm",
        "operator": "canara bank"
      },
      "geometry": {
        "type": "Point",
        "coordinates": [
          77.5963058,
          14.6907275
        ]
      },
      "id": "node/4283665793"
    },
    {
      "type": "Feature",
      "properties": {
        "@id": "node/4299440967",
        "amenity": "atm"
      },
      "geometry": {
        "type": "Point",
        "coordinates": [
          83.3004393,
          17.7128649
        ]
      },
      "id": "node/4299440967"
    },
    {
      "type": "Feature",
      "properties": {
        "@id": "node/4299441042",
        "amenity": "atm"
      },
      "geometry": {
        "type": "Point",
        "coordinates": [
          83.3020349,
          17.7132207
        ]
      },
      "id": "node/4299441042"
    },
    {
      "type": "Feature",
      "properties": {
        "@id": "node/4344001058",
        "amenity": "atm",
        "brand": "State Bank of India",
        "brand:wikidata": "Q1340361",
        "name": "SBI ATM",
        "operator": "State Bank of India",
        "operator:wikidata": "Q1340361",
        "short_name": "SBI"
      },
      "geometry": {
        "type": "Point",
        "coordinates": [
          80.6429788,
          16.2370794
        ]
      },
      "id": "node/4344001058"
    },
    {
      "type": "Feature",
      "properties": {
        "@id": "node/4345562188",
        "amenity": "atm",
        "brand": "State Bank of India",
        "brand:wikidata": "Q1340361",
        "name": "SBI ATM",
        "operator": "State Bank of India",
        "operator:wikidata": "Q1340361",
        "short_name": "SBI"
      },
      "geometry": {
        "type": "Point",
        "coordinates": [
          80.6484323,
          16.239216
        ]
      },
      "id": "node/4345562188"
    },
    {
      "type": "Feature",
      "properties": {
        "@id": "node/4453113696",
        "amenity": "atm",
        "operator": "State Bank"
      },
      "geometry": {
        "type": "Point",
        "coordinates": [
          79.4302523,
          13.6185332
        ]
      },
      "id": "node/4453113696"
    },
    {
      "type": "Feature",
      "properties": {
        "@id": "node/4453179992",
        "amenity": "atm",
        "operator": "Bank of india"
      },
      "geometry": {
        "type": "Point",
        "coordinates": [
          79.4342977,
          13.6170631
        ]
      },
      "id": "node/4453179992"
    },
    {
      "type": "Feature",
      "properties": {
        "@id": "node/4453193290",
        "amenity": "atm",
        "operator": "ICICI Bank"
      },
      "geometry": {
        "type": "Point",
        "coordinates": [
          79.4238197,
          13.6234281
        ]
      },
      "id": "node/4453193290"
    },
    {
      "type": "Feature",
      "properties": {
        "@id": "node/4453193991",
        "amenity": "atm",
        "operator": "State Bank"
      },
      "geometry": {
        "type": "Point",
        "coordinates": [
          79.4343587,
          13.6169893
        ]
      },
      "id": "node/4453193991"
    },
    {
      "type": "Feature",
      "properties": {
        "@id": "node/4453205792",
        "amenity": "atm",
        "operator": "ICICI"
      },
      "geometry": {
        "type": "Point",
        "coordinates": [
          79.4344291,
          13.6169053
        ]
      },
      "id": "node/4453205792"
    },
    {
      "type": "Feature",
      "properties": {
        "@id": "node/4453205793",
        "amenity": "atm",
        "operator": "Kotak Mahendra Bank"
      },
      "geometry": {
        "type": "Point",
        "coordinates": [
          79.430315,
          13.6226626
        ]
      },
      "id": "node/4453205793"
    },
    {
      "type": "Feature",
      "properties": {
        "@id": "node/4453206090",
        "amenity": "atm",
        "operator": "State Bank"
      },
      "geometry": {
        "type": "Point",
        "coordinates": [
          79.4181808,
          13.6196986
        ]
      },
      "id": "node/4453206090"
    },
    {
      "type": "Feature",
      "properties": {
        "@id": "node/4465683789",
        "amenity": "atm"
      },
      "geometry": {
        "type": "Point",
        "coordinates": [
          80.6246265,
          16.397491
        ]
      },
      "id": "node/4465683789"
    },
    {
      "type": "Feature",
      "properties": {
        "@id": "node/4483401986",
        "amenity": "atm",
        "brand": "State Bank of India",
        "brand:wikidata": "Q1340361",
        "operator": "State Bank of India",
        "operator:wikidata": "Q1340361",
        "short_name": "SBI"
      },
      "geometry": {
        "type": "Point",
        "coordinates": [
          83.3321713,
          17.7340086
        ]
      },
      "id": "node/4483401986"
    },
    {
      "type": "Feature",
      "properties": {
        "@id": "node/4514963589",
        "amenity": "atm"
      },
      "geometry": {
        "type": "Point",
        "coordinates": [
          83.3386207,
          17.754648
        ]
      },
      "id": "node/4514963589"
    },
    {
      "type": "Feature",
      "properties": {
        "@id": "node/4547654401",
        "amenity": "atm",
        "operator": "ceduga"
      },
      "geometry": {
        "type": "Point",
        "coordinates": [
          82.2112623,
          16.9620733
        ]
      },
      "id": "node/4547654401"
    },
    {
      "type": "Feature",
      "properties": {
        "@id": "node/4556486789",
        "amenity": "atm"
      },
      "geometry": {
        "type": "Point",
        "coordinates": [
          82.4260933,
          17.4548783
        ]
      },
      "id": "node/4556486789"
    },
    {
      "type": "Feature",
      "properties": {
        "@id": "node/4568055604",
        "amenity": "atm",
        "operator": "Gg"
      },
      "geometry": {
        "type": "Point",
        "coordinates": [
          81.7228764,
          16.9604784
        ]
      },
      "id": "node/4568055604"
    },
    {
      "type": "Feature",
      "properties": {
        "@id": "node/4572827689",
        "amenity": "atm"
      },
      "geometry": {
        "type": "Point",
        "coordinates": [
          77.4891443,
          13.7790693
        ]
      },
      "id": "node/4572827689"
    },
    {
      "type": "Feature",
      "properties": {
        "@id": "node/4596399191",
        "amenity": "atm"
      },
      "geometry": {
        "type": "Point",
        "coordinates": [
          82.2487033,
          17.0049243
        ]
      },
      "id": "node/4596399191"
    },
    {
      "type": "Feature",
      "properties": {
        "@id": "node/4711017791",
        "amenity": "atm"
      },
      "geometry": {
        "type": "Point",
        "coordinates": [
          80.9625729,
          17.1967088
        ]
      },
      "id": "node/4711017791"
    },
    {
      "type": "Feature",
      "properties": {
        "@id": "node/4758368825",
        "amenity": "atm",
        "operator": "State Bank of India"
      },
      "geometry": {
        "type": "Point",
        "coordinates": [
          80.6004117,
          16.4913719
        ]
      },
      "id": "node/4758368825"
    },
    {
      "type": "Feature",
      "properties": {
        "@id": "node/4830867428",
        "amenity": "atm",
        "name": "SBI ATM"
      },
      "geometry": {
        "type": "Point",
        "coordinates": [
          79.5119751,
          13.6751561
        ]
      },
      "id": "node/4830867428"
    },
    {
      "type": "Feature",
      "properties": {
        "@id": "node/4929284126",
        "amenity": "atm",
        "brand:wikidata": "Q1653258",
        "check_date": "2022-05-31",
        "opening_hours": "24/7",
        "operator": "ICICI Bank",
        "website": "https://www.icicibank.com",
        "wikipedia": "en:ICICI Bank"
      },
      "geometry": {
        "type": "Point",
        "coordinates": [
          80.5999987,
          16.4915297
        ]
      },
      "id": "node/4929284126"
    },
    {
      "type": "Feature",
      "properties": {
        "@id": "node/4965280228",
        "amenity": "atm",
        "brand": "Canara Bank",
        "brand:pa": "ਕੇਨਰਾ ਬੈਂਕ",
        "brand:ur": "کینرا بینک",
        "brand:wikidata": "Q2003777",
        "brand:wikipedia": "en:Canara Bank",
        "brand:wikipedia:pa": "ਕੇਨਰਾ ਬੈਂਕ",
        "name": "Canara Bank",
        "name:pa": "ਕੇਨਰਾ ਬੈਂਕ",
        "name:ur": "کینرا بینک"
      },
      "geometry": {
        "type": "Point",
        "coordinates": [
          83.2414565,
          17.689084
        ]
      },
      "id": "node/4965280228"
    },
    {
      "type": "Feature",
      "properties": {
        "@id": "node/4965280229",
        "amenity": "atm",
        "name": "Axis Bank"
      },
      "geometry": {
        "type": "Point",
        "coordinates": [
          83.2419543,
          17.6890108
        ]
      },
      "id": "node/4965280229"
    },
    {
      "type": "Feature",
      "properties": {
        "@id": "node/4965280230",
        "amenity": "atm"
      },
      "geometry": {
        "type": "Point",
        "coordinates": [
          83.2420641,
          17.6889794
        ]
      },
      "id": "node/4965280230"
    },
    {
      "type": "Feature",
      "properties": {
        "@id": "node/4965320296",
        "amenity": "atm",
        "name": "ICICI"
      },
      "geometry": {
        "type": "Point",
        "coordinates": [
          83.2431694,
          17.6887892
        ]
      },
      "id": "node/4965320296"
    },
    {
      "type": "Feature",
      "properties": {
        "@id": "node/4996260924",
        "amenity": "atm",
        "cash_in": "yes",
        "check_date": "2025-07-11",
        "currency:INR": "yes",
        "drive_through": "no"
      },
      "geometry": {
        "type": "Point",
        "coordinates": [
          80.665367,
          16.4932864
        ]
      },
      "id": "node/4996260924"
    },
    {
      "type": "Feature",
      "properties": {
        "@id": "node/5025994018",
        "amenity": "atm",
        "brand": "State Bank of India",
        "brand:wikidata": "Q1340361",
        "currency:INR": "yes",
        "name": "State Bank of India",
        "operator": "State Bank of India",
        "operator:wikidata": "Q1340361",
        "short_name": "SBI"
      },
      "geometry": {
        "type": "Point",
        "coordinates": [
          81.1428448,
          16.1935559
        ]
      },
      "id": "node/5025994018"
    },
    {
      "type": "Feature",
      "properties": {
        "@id": "node/5030747428",
        "amenity": "atm",
        "name": "Syndicate Bank ATM"
      },
      "geometry": {
        "type": "Point",
        "coordinates": [
          80.4439576,
          16.2912407
        ]
      },
      "id": "node/5030747428"
    },
    {
      "type": "Feature",
      "properties": {
        "@id": "node/5030747430",
        "amenity": "atm",
        "name": "Karur Vysya Bank ATM",
        "operator": "Karur Vysya Bank"
      },
      "geometry": {
        "type": "Point",
        "coordinates": [
          80.5141337,
          16.2267407
        ]
      },
      "id": "node/5030747430"
    },
    {
      "type": "Feature",
      "properties": {
        "@id": "node/5032325513",
        "amenity": "atm",
        "operator": "State Bank of India"
      },
      "geometry": {
        "type": "Point",
        "coordinates": [
          80.5619416,
          16.1361322
        ]
      },
      "id": "node/5032325513"
    },
    {
      "type": "Feature",
      "properties": {
        "@id": "node/5039218923",
        "amenity": "atm",
        "operator": "Indian Bank"
      },
      "geometry": {
        "type": "Point",
        "coordinates": [
          79.4148374,
          13.6226241
        ]
      },
      "id": "node/5039218923"
    },
    {
      "type": "Feature",
      "properties": {
        "@id": "node/5039235322",
        "amenity": "atm",
        "operator": "sbi"
      },
      "geometry": {
        "type": "Point",
        "coordinates": [
          79.4152468,
          13.6226673
        ]
      },
      "id": "node/5039235322"
    },
    {
      "type": "Feature",
      "properties": {
        "@id": "node/5039237221",
        "amenity": "atm",
        "operator": "Union Bank"
      },
      "geometry": {
        "type": "Point",
        "coordinates": [
          79.4150195,
          13.6226417
        ]
      },
      "id": "node/5039237221"
    },
    {
      "type": "Feature",
      "properties": {
        "@id": "node/5040215942",
        "amenity": "atm",
        "name": "SBH ATM"
      },
      "geometry": {
        "type": "Point",
        "coordinates": [
          82.5409404,
          17.3582793
        ]
      },
      "id": "node/5040215942"
    },
    {
      "type": "Feature",
      "properties": {
        "@id": "node/5063644423",
        "amenity": "atm",
        "operator": "sbi"
      },
      "geometry": {
        "type": "Point",
        "coordinates": [
          83.4116805,
          18.0995085
        ]
      },
      "id": "node/5063644423"
    },
    {
      "type": "Feature",
      "properties": {
        "@id": "node/5080781069",
        "amenity": "atm"
      },
      "geometry": {
        "type": "Point",
        "coordinates": [
          81.0919252,
          16.7108757
        ]
      },
      "id": "node/5080781069"
    },
    {
      "type": "Feature",
      "properties": {
        "@id": "node/5080788098",
        "amenity": "atm"
      },
      "geometry": {
        "type": "Point",
        "coordinates": [
          83.2345542,
          17.6892479
        ]
      },
      "id": "node/5080788098"
    },
    {
      "type": "Feature",
      "properties": {
        "@id": "node/5080788508",
        "amenity": "atm"
      },
      "geometry": {
        "type": "Point",
        "coordinates": [
          83.2383844,
          17.68969
        ]
      },
      "id": "node/5080788508"
    },
    {
      "type": "Feature",
      "properties": {
        "@id": "node/5080788509",
        "amenity": "atm"
      },
      "geometry": {
        "type": "Point",
        "coordinates": [
          83.2392991,
          17.6896261
        ]
      },
      "id": "node/5080788509"
    },
    {
      "type": "Feature",
      "properties": {
        "@id": "node/5081033159",
        "amenity": "atm",
        "currency:INR": "yes",
        "drive_through": "no",
        "operator": "SBI"
      },
      "geometry": {
        "type": "Point",
        "coordinates": [
          83.949495,
          18.6722353
        ]
      },
      "id": "node/5081033159"
    },
    {
      "type": "Feature",
      "properties": {
        "@id": "node/5261420202",
        "addr:housenumber": "24",
        "addr:street": "Brindavan Gardens main road",
        "amenity": "atm",
        "check_date": "2022-10-27",
        "currency:INR": "yes",
        "description": "Personal banking branch and atm",
        "name": "State Bank of India",
        "opening_hours": "Mo-Su 00:01-00:00"
      },
      "geometry": {
        "type": "Point",
        "coordinates": [
          80.4203742,
          16.3136253
        ]
      },
      "id": "node/5261420202"
    },
    {
      "type": "Feature",
      "properties": {
        "@id": "node/5282435933",
        "amenity": "atm",
        "currency:INR": "yes",
        "wheelchair": "no"
      },
      "geometry": {
        "type": "Point",
        "coordinates": [
          77.8120273,
          14.1650758
        ]
      },
      "id": "node/5282435933"
    },
    {
      "type": "Feature",
      "properties": {
        "@id": "node/5309948674",
        "addr:housenumber": "...",
        "addr:street": "lam",
        "amenity": "atm",
        "description": "Atm",
        "name": "Indian atm",
        "opening_hours": "Mo-Su 07:00-18:00"
      },
      "geometry": {
        "type": "Point",
        "coordinates": [
          80.4337281,
          16.3820696
        ]
      },
      "id": "node/5309948674"
    },
    {
      "type": "Feature",
      "properties": {
        "@id": "node/5309992595",
        "addr:street": "Amaravati highway",
        "amenity": "atm",
        "name": "Lakshmi vilas Bank Atm"
      },
      "geometry": {
        "type": "Point",
        "coordinates": [
          80.4333365,
          16.381226
        ]
      },
      "id": "node/5309992595"
    },
    {
      "type": "Feature",
      "properties": {
        "@id": "node/5313500000",
        "addr:street": "guntur",
        "amenity": "atm",
        "name": "Andhra bank ATM com bank"
      },
      "geometry": {
        "type": "Point",
        "coordinates": [
          80.44357,
          16.2931614
        ]
      },
      "id": "node/5313500000"
    },
    {
      "type": "Feature",
      "properties": {
        "@id": "node/5358750481",
        "addr:street": "Peddapalem main road",
        "amenity": "atm",
        "description": "indicash Atm",
        "name": "indicash atm"
      },
      "geometry": {
        "type": "Point",
        "coordinates": [
          80.6596733,
          16.383005
        ]
      },
      "id": "node/5358750481"
    },
    {
      "type": "Feature",
      "properties": {
        "@id": "node/5444391422",
        "amenity": "atm"
      },
      "geometry": {
        "type": "Point",
        "coordinates": [
          80.0568234,
          16.1997864
        ]
      },
      "id": "node/5444391422"
    },
    {
      "type": "Feature",
      "properties": {
        "@id": "node/5444396721",
        "amenity": "atm"
      },
      "geometry": {
        "type": "Point",
        "coordinates": [
          80.0370939,
          16.2154215
        ]
      },
      "id": "node/5444396721"
    },
    {
      "type": "Feature",
      "properties": {
        "@id": "node/5444396821",
        "amenity": "atm"
      },
      "geometry": {
        "type": "Point",
        "coordinates": [
          80.0568368,
          16.1995256
        ]
      },
      "id": "node/5444396821"
    },
    {
      "type": "Feature",
      "properties": {
        "@id": "node/5444493021",
        "amenity": "atm",
        "operator": "icici"
      },
      "geometry": {
        "type": "Point",
        "coordinates": [
          80.045933,
          16.2288742
        ]
      },
      "id": "node/5444493021"
    },
    {
      "type": "Feature",
      "properties": {
        "@id": "node/5444495022",
        "amenity": "atm",
        "operator": "India 1 atm"
      },
      "geometry": {
        "type": "Point",
        "coordinates": [
          80.0521828,
          16.2302736
        ]
      },
      "id": "node/5444495022"
    },
    {
      "type": "Feature",
      "properties": {
        "@id": "node/5444512622",
        "amenity": "atm",
        "operator": "indian bank"
      },
      "geometry": {
        "type": "Point",
        "coordinates": [
          80.0463278,
          16.234536
        ]
      },
      "id": "node/5444512622"
    },
    {
      "type": "Feature",
      "properties": {
        "@id": "node/5444512627",
        "amenity": "atm",
        "operator": "state bank of india"
      },
      "geometry": {
        "type": "Point",
        "coordinates": [
          80.0458048,
          16.2348487
        ]
      },
      "id": "node/5444512627"
    },
    {
      "type": "Feature",
      "properties": {
        "@id": "node/5444635121",
        "amenity": "atm",
        "operator": "corpbank"
      },
      "geometry": {
        "type": "Point",
        "coordinates": [
          80.0459343,
          16.2346399
        ]
      },
      "id": "node/5444635121"
    },
    {
      "type": "Feature",
      "properties": {
        "@id": "node/5444784922",
        "amenity": "atm",
        "operator": "state bank"
      },
      "geometry": {
        "type": "Point",
        "coordinates": [
          80.0448076,
          16.2346037
        ]
      },
      "id": "node/5444784922"
    },
    {
      "type": "Feature",
      "properties": {
        "@id": "node/5444841822",
        "amenity": "atm",
        "operator": "Indian overseas bank"
      },
      "geometry": {
        "type": "Point",
        "coordinates": [
          80.0491638,
          16.2240988
        ]
      },
      "id": "node/5444841822"
    },
    {
      "type": "Feature",
      "properties": {
        "@id": "node/5445300881",
        "amenity": "atm"
      },
      "geometry": {
        "type": "Point",
        "coordinates": [
          79.9428049,
          16.3701357
        ]
      },
      "id": "node/5445300881"
    },
    {
      "type": "Feature",
      "properties": {
        "@id": "node/5445534622",
        "amenity": "atm",
        "operator": "axix bank"
      },
      "geometry": {
        "type": "Point",
        "coordinates": [
          79.8856081,
          16.4799651
        ]
      },
      "id": "node/5445534622"
    },
    {
      "type": "Feature",
      "properties": {
        "@id": "node/5445577941",
        "amenity": "atm",
        "operator": "sbi"
      },
      "geometry": {
        "type": "Point",
        "coordinates": [
          79.883803,
          16.4816953
        ]
      },
      "id": "node/5445577941"
    },
    {
      "type": "Feature",
      "properties": {
        "@id": "node/5447281521",
        "amenity": "atm",
        "opening_hours": "24/7",
        "operator": "State Bank ATM"
      },
      "geometry": {
        "type": "Point",
        "coordinates": [
          80.0544421,
          16.2381619
        ]
      },
      "id": "node/5447281521"
    },
    {
      "type": "Feature",
      "properties": {
        "@id": "node/5447318432",
        "amenity": "atm",
        "operator": "SBI"
      },
      "geometry": {
        "type": "Point",
        "coordinates": [
          80.0527318,
          16.2011671
        ]
      },
      "id": "node/5447318432"
    },
    {
      "type": "Feature",
      "properties": {
        "@id": "node/5596347255",
        "amenity": "atm",
        "operator": "AXIS"
      },
      "geometry": {
        "type": "Point",
        "coordinates": [
          80.0451995,
          16.2288536
        ]
      },
      "id": "node/5596347255"
    },
    {
      "type": "Feature",
      "properties": {
        "@id": "node/5640977526",
        "amenity": "atm",
        "operator": "central bank of india"
      },
      "geometry": {
        "type": "Point",
        "coordinates": [
          80.6171054,
          16.4629579
        ]
      },
      "id": "node/5640977526"
    },
    {
      "type": "Feature",
      "properties": {
        "@id": "node/5643791326",
        "amenity": "atm",
        "currency:INR": "yes"
      },
      "geometry": {
        "type": "Point",
        "coordinates": [
          78.7120295,
          14.475496
        ]
      },
      "id": "node/5643791326"
    },
    {
      "type": "Feature",
      "properties": {
        "@id": "node/5670947322",
        "amenity": "atm",
        "operator": "Andhra Bank ATM"
      },
      "geometry": {
        "type": "Point",
        "coordinates": [
          80.8298647,
          16.0192621
        ]
      },
      "id": "node/5670947322"
    },
    {
      "type": "Feature",
      "properties": {
        "@id": "node/5835993106",
        "amenity": "atm",
        "cash_in": "no",
        "currency:INR": "yes",
        "drive_through": "no",
        "operator": "Andhra bank"
      },
      "geometry": {
        "type": "Point",
        "coordinates": [
          78.0400242,
          15.8300786
        ]
      },
      "id": "node/5835993106"
    },
    {
      "type": "Feature",
      "properties": {
        "@id": "node/5847883373",
        "amenity": "atm",
        "currency:INR": "yes",
        "drive_through": "no",
        "operator": "Andhra Bank"
      },
      "geometry": {
        "type": "Point",
        "coordinates": [
          78.0412042,
          15.8152825
        ]
      },
      "id": "node/5847883373"
    },
    {
      "type": "Feature",
      "properties": {
        "@id": "node/5847883376",
        "amenity": "atm",
        "currency:INR": "yes",
        "drive_through": "no",
        "name": "Axis bank",
        "operator": "Axis Bank"
      },
      "geometry": {
        "type": "Point",
        "coordinates": [
          78.041202,
          15.8153236
        ]
      },
      "id": "node/5847883376"
    },
    {
      "type": "Feature",
      "properties": {
        "@id": "node/5923333183",
        "amenity": "atm",
        "name": "Bank of Baroda"
      },
      "geometry": {
        "type": "Point",
        "coordinates": [
          79.5062476,
          13.637969
        ]
      },
      "id": "node/5923333183"
    },
    {
      "type": "Feature",
      "properties": {
        "@id": "node/5924101309",
        "amenity": "atm",
        "name": "Andhra Bank"
      },
      "geometry": {
        "type": "Point",
        "coordinates": [
          78.0345589,
          15.8319887
        ]
      },
      "id": "node/5924101309"
    },
    {
      "type": "Feature",
      "properties": {
        "@id": "node/6037285886",
        "amenity": "atm",
        "opening_hours": "24/7",
        "operator": "SBI BANK & ATM"
      },
      "geometry": {
        "type": "Point",
        "coordinates": [
          81.9585095,
          17.136978
        ]
      },
      "id": "node/6037285886"
    },
    {
      "type": "Feature",
      "properties": {
        "@id": "node/6037285887",
        "amenity": "atm",
        "operator": "Corporation Bank"
      },
      "geometry": {
        "type": "Point",
        "coordinates": [
          81.9600088,
          17.1371056
        ]
      },
      "id": "node/6037285887"
    },
    {
      "type": "Feature",
      "properties": {
        "@id": "node/6162678335",
        "amenity": "atm",
        "brand": "Andhra Bank",
        "brand:wikidata": "Q2003476",
        "check_date": "2024-06-18",
        "operator": "Andhra Bank",
        "operator:wikidata": "Q2003476"
      },
      "geometry": {
        "type": "Point",
        "coordinates": [
          80.6383561,
          16.5240972
        ]
      },
      "id": "node/6162678335"
    },
    {
      "type": "Feature",
      "properties": {
        "@id": "node/6176532458",
        "amenity": "atm",
        "brand": "State Bank of India",
        "brand:pa": "ਭਾਰਤੀ ਸਟੇਟ ਬੈਂਕ",
        "brand:ur": "اسٹیٹ بینک آف انڈیا",
        "brand:wikidata": "Q1340361",
        "brand:wikipedia": "en:State Bank of India",
        "name": "State Bank of India",
        "name:ar": "البنك المركزي الهندي",
        "name:pa": "ਭਾਰਤੀ ਸਟੇਟ ਬੈਂਕ",
        "name:ur": "اسٹیٹ بینک آف انڈیا",
        "operator": "State Bank of India",
        "operator:pa": "ਭਾਰਤੀ ਸਟੇਟ ਬੈਂਕ",
        "operator:ur": "اسٹیٹ بینک آف انڈیا",
        "operator:wikidata": "Q1340361",
        "operator:wikipedia": "en:State Bank of India",
        "short_name": "SBI"
      },
      "geometry": {
        "type": "Point",
        "coordinates": [
          78.0378706,
          15.8286414
        ]
      },
      "id": "node/6176532458"
    },
    {
      "type": "Feature",
      "properties": {
        "@id": "node/6202798685",
        "amenity": "atm",
        "brand": "State Bank of India",
        "brand:wikidata": "Q1340361",
        "cash_in": "yes",
        "check_date": "2025-07-11",
        "operator": "State Bank of India",
        "operator:wikidata": "Q1340361",
        "short_name": "SBI"
      },
      "geometry": {
        "type": "Point",
        "coordinates": [
          80.6871943,
          16.4832204
        ]
      },
      "id": "node/6202798685"
    },
    {
      "type": "Feature",
      "properties": {
        "@id": "node/6202804985",
        "amenity": "atm",
        "check_date": "2025-07-11",
        "operator": "Andhra Bank ATM"
      },
      "geometry": {
        "type": "Point",
        "coordinates": [
          80.700938,
          16.4785989
        ]
      },
      "id": "node/6202804985"
    },
    {
      "type": "Feature",
      "properties": {
        "@id": "node/6202830190",
        "amenity": "atm",
        "operator": "SBI ATM"
      },
      "geometry": {
        "type": "Point",
        "coordinates": [
          80.9971707,
          16.4339415
        ]
      },
      "id": "node/6202830190"
    },
    {
      "type": "Feature",
      "properties": {
        "@id": "node/6203240486",
        "amenity": "atm",
        "operator": "Andhra bank"
      },
      "geometry": {
        "type": "Point",
        "coordinates": [
          81.5022216,
          16.5418275
        ]
      },
      "id": "node/6203240486"
    },
    {
      "type": "Feature",
      "properties": {
        "@id": "node/6204699792",
        "amenity": "atm",
        "operator": "Indian Bank"
      },
      "geometry": {
        "type": "Point",
        "coordinates": [
          81.5033076,
          16.5419173
        ]
      },
      "id": "node/6204699792"
    },
    {
      "type": "Feature",
      "properties": {
        "@id": "node/6204712985",
        "amenity": "atm",
        "operator": "Axis Bank"
      },
      "geometry": {
        "type": "Point",
        "coordinates": [
          81.5015813,
          16.541799
        ]
      },
      "id": "node/6204712985"
    },
    {
      "type": "Feature",
      "properties": {
        "@id": "node/6204784987",
        "amenity": "atm",
        "operator": "SBI ATM"
      },
      "geometry": {
        "type": "Point",
        "coordinates": [
          81.500862,
          16.5416575
        ]
      },
      "id": "node/6204784987"
    },
    {
      "type": "Feature",
      "properties": {
        "@id": "node/6204854685",
        "amenity": "atm",
        "operator": "ATM"
      },
      "geometry": {
        "type": "Point",
        "coordinates": [
          81.4455823,
          16.3955878
        ]
      },
      "id": "node/6204854685"
    },
    {
      "type": "Feature",
      "properties": {
        "@id": "node/6207350493",
        "amenity": "atm",
        "operator": "Indi Cash ATM"
      },
      "geometry": {
        "type": "Point",
        "coordinates": [
          81.2925593,
          16.507051
        ]
      },
      "id": "node/6207350493"
    },
    {
      "type": "Feature",
      "properties": {
        "@id": "node/6207709285",
        "amenity": "atm",
        "brand": "State Bank of India",
        "brand:wikidata": "Q1340361",
        "check_date": "2025-07-11",
        "name": "State Bank of India",
        "operator": "State Bank of India",
        "operator:wikidata": "Q1340361",
        "short_name": "SBI"
      },
      "geometry": {
        "type": "Point",
        "coordinates": [
          80.5944698,
          16.5264032
        ]
      },
      "id": "node/6207709285"
    },
    {
      "type": "Feature",
      "properties": {
        "@id": "node/6231496928",
        "amenity": "atm",
        "brand": "Axis Bank",
        "brand:wikidata": "Q2003549",
        "name": "Axis Bank",
        "operator": "Axis Bank",
        "operator:wikidata": "Q2003549"
      },
      "geometry": {
        "type": "Point",
        "coordinates": [
          83.8942106,
          18.3070005
        ]
      },
      "id": "node/6231496928"
    },
    {
      "type": "Feature",
      "properties": {
        "@id": "node/6255631786",
        "amenity": "atm",
        "operator": "ICICI Bank"
      },
      "geometry": {
        "type": "Point",
        "coordinates": [
          80.4549935,
          16.2955506
        ]
      },
      "id": "node/6255631786"
    },
    {
      "type": "Feature",
      "properties": {
        "@id": "node/6257727686",
        "amenity": "atm",
        "operator": "IDBI Bank"
      },
      "geometry": {
        "type": "Point",
        "coordinates": [
          80.356473,
          15.8286651
        ]
      },
      "id": "node/6257727686"
    },
    {
      "type": "Feature",
      "properties": {
        "@id": "node/6334848788",
        "amenity": "atm"
      },
      "geometry": {
        "type": "Point",
        "coordinates": [
          81.6679701,
          17.0833254
        ]
      },
      "id": "node/6334848788"
    },
    {
      "type": "Feature",
      "properties": {
        "@id": "node/6334848789",
        "amenity": "atm"
      },
      "geometry": {
        "type": "Point",
        "coordinates": [
          81.6627851,
          17.0651988
        ]
      },
      "id": "node/6334848789"
    },
    {
      "type": "Feature",
      "properties": {
        "@id": "node/6334848790",
        "amenity": "atm"
      },
      "geometry": {
        "type": "Point",
        "coordinates": [
          81.6615782,
          17.0522688
        ]
      },
      "id": "node/6334848790"
    },
    {
      "type": "Feature",
      "properties": {
        "@id": "node/6334848791",
        "amenity": "atm",
        "operator": "Andhra Bank"
      },
      "geometry": {
        "type": "Point",
        "coordinates": [
          81.663783,
          17.1235585
        ]
      },
      "id": "node/6334848791"
    },
    {
      "type": "Feature",
      "properties": {
        "@id": "node/6334848792",
        "amenity": "atm",
        "operator": "State bank of India"
      },
      "geometry": {
        "type": "Point",
        "coordinates": [
          81.6646463,
          17.1271933
        ]
      },
      "id": "node/6334848792"
    },
    {
      "type": "Feature",
      "properties": {
        "@id": "node/6334971725",
        "amenity": "atm"
      },
      "geometry": {
        "type": "Point",
        "coordinates": [
          81.6892032,
          17.0275961
        ]
      },
      "id": "node/6334971725"
    },
    {
      "type": "Feature",
      "properties": {
        "@id": "node/6372271903",
        "amenity": "atm",
        "currency:rupiah": "yes",
        "drive_through": "yes",
        "operator": "Karnataka bank"
      },
      "geometry": {
        "type": "Point",
        "coordinates": [
          79.4228859,
          13.6323419
        ]
      },
      "id": "node/6372271903"
    },
    {
      "type": "Feature",
      "properties": {
        "@id": "node/6372271904",
        "amenity": "atm",
        "currency:rupiah": "yes",
        "drive_through": "yes",
        "operator": "State bank of India"
      },
      "geometry": {
        "type": "Point",
        "coordinates": [
          79.4228949,
          13.632344
        ]
      },
      "id": "node/6372271904"
    },
    {
      "type": "Feature",
      "properties": {
        "@id": "node/6435424427",
        "amenity": "atm",
        "brand": "HDFC Bank",
        "brand:wikidata": "Q631047",
        "cash_in": "no",
        "indoor": "yes",
        "name": "HDFC Bank",
        "operator": "HDFC Bank",
        "operator:wikidata": "Q631047",
        "short_name": "HDFC"
      },
      "geometry": {
        "type": "Point",
        "coordinates": [
          80.6450675,
          16.5069861
        ]
      },
      "id": "node/6435424427"
    },
    {
      "type": "Feature",
      "properties": {
        "@id": "node/6435479759",
        "amenity": "atm",
        "operator": "ICICI bank ATM"
      },
      "geometry": {
        "type": "Point",
        "coordinates": [
          83.268818,
          17.7355252
        ]
      },
      "id": "node/6435479759"
    },
    {
      "type": "Feature",
      "properties": {
        "@id": "node/6628898268",
        "amenity": "atm",
        "fee": "Statebank of india"
      },
      "geometry": {
        "type": "Point",
        "coordinates": [
          83.3160482,
          17.7120377
        ]
      },
      "id": "node/6628898268"
    },
    {
      "type": "Feature",
      "properties": {
        "@id": "node/6762277173",
        "addr:city": "Sri City",
        "addr:district": "Chittor",
        "addr:place": "KREA University - IFMR Campus",
        "addr:state": "Andhra Pradesh",
        "amenity": "atm",
        "brand": "ICICI Bank",
        "brand:wikidata": "Q1653258",
        "operator": "ICICI Bank",
        "operator:wikidata": "Q1653258",
        "wheelchair": "yes"
      },
      "geometry": {
        "type": "Point",
        "coordinates": [
          79.9997128,
          13.5493012
        ]
      },
      "id": "node/6762277173"
    },
    {
      "type": "Feature",
      "properties": {
        "@id": "node/6776267386",
        "amenity": "atm",
        "check_date": "2025-07-11"
      },
      "geometry": {
        "type": "Point",
        "coordinates": [
          80.7309722,
          16.5528364
        ]
      },
      "id": "node/6776267386"
    },
    {
      "type": "Feature",
      "properties": {
        "@id": "node/6780386031",
        "amenity": "atm",
        "name": "ICICI ATM",
        "opening_hours": "24/7"
      },
      "geometry": {
        "type": "Point",
        "coordinates": [
          80.617356,
          16.484938
        ]
      },
      "id": "node/6780386031"
    },
    {
      "type": "Feature",
      "properties": {
        "@id": "node/6868838166",
        "amenity": "atm",
        "operator": "BOB"
      },
      "geometry": {
        "type": "Point",
        "coordinates": [
          78.4343232,
          15.4544292
        ]
      },
      "id": "node/6868838166"
    },
    {
      "type": "Feature",
      "properties": {
        "@id": "node/6876080221",
        "amenity": "atm",
        "name": "SBI ATM"
      },
      "geometry": {
        "type": "Point",
        "coordinates": [
          78.0472304,
          15.8314812
        ]
      },
      "id": "node/6876080221"
    },
    {
      "type": "Feature",
      "properties": {
        "@id": "node/6919383585",
        "amenity": "atm",
        "operator": "SBI"
      },
      "geometry": {
        "type": "Point",
        "coordinates": [
          77.7200728,
          14.4125734
        ]
      },
      "id": "node/6919383585"
    },
    {
      "type": "Feature",
      "properties": {
        "@id": "node/6950562612",
        "amenity": "atm",
        "operator": "State Bank Of India"
      },
      "geometry": {
        "type": "Point",
        "coordinates": [
          80.9601066,
          16.3227052
        ]
      },
      "id": "node/6950562612"
    },
    {
      "type": "Feature",
      "properties": {
        "@id": "node/6953245529",
        "amenity": "atm",
        "currency:INR": "yes",
        "drive_through": "no",
        "name": "State Bank of India",
        "operator": "State Bank of India"
      },
      "geometry": {
        "type": "Point",
        "coordinates": [
          78.0399361,
          15.8062474
        ]
      },
      "id": "node/6953245529"
    },
    {
      "type": "Feature",
      "properties": {
        "@id": "node/6953394317",
        "amenity": "atm",
        "operator": "State Bank of India"
      },
      "geometry": {
        "type": "Point",
        "coordinates": [
          78.0456905,
          15.8288768
        ]
      },
      "id": "node/6953394317"
    },
    {
      "type": "Feature",
      "properties": {
        "@id": "node/6953566896",
        "amenity": "atm",
        "brand": "State Bank of India",
        "brand:pa": "ਭਾਰਤੀ ਸਟੇਟ ਬੈਂਕ",
        "brand:ur": "اسٹیٹ بینک آف انڈیا",
        "brand:wikidata": "Q1340361",
        "brand:wikipedia": "en:State Bank of India",
        "name": "State Bank of India",
        "name:ar": "البنك المركزي الهندي",
        "name:pa": "ਭਾਰਤੀ ਸਟੇਟ ਬੈਂਕ",
        "name:ur": "اسٹیٹ بینک آف انڈیا",
        "operator": "State Bank of India",
        "operator:pa": "ਭਾਰਤੀ ਸਟੇਟ ਬੈਂਕ",
        "operator:ur": "اسٹیٹ بینک آف انڈیا",
        "operator:wikidata": "Q1340361",
        "operator:wikipedia": "en:State Bank of India",
        "short_name": "SBI"
      },
      "geometry": {
        "type": "Point",
        "coordinates": [
          78.0421356,
          15.8186275
        ]
      },
      "id": "node/6953566896"
    },
    {
      "type": "Feature",
      "properties": {
        "@id": "node/6967303810",
        "amenity": "atm",
        "operator": "Andhra Bank"
      },
      "geometry": {
        "type": "Point",
        "coordinates": [
          78.0414755,
          15.8029087
        ]
      },
      "id": "node/6967303810"
    },
    {
      "type": "Feature",
      "properties": {
        "@id": "node/7088228648",
        "amenity": "atm",
        "currency:INR": "yes",
        "drive_through": "yes",
        "operator": "SBI"
      },
      "geometry": {
        "type": "Point",
        "coordinates": [
          82.2407992,
          16.9829966
        ]
      },
      "id": "node/7088228648"
    },
    {
      "type": "Feature",
      "properties": {
        "@id": "node/7112253686",
        "amenity": "atm",
        "brand": "Bank of India",
        "brand:wikidata": "Q2004439",
        "currency:INR": "yes",
        "drive_through": "yes",
        "name": "Bank of India ATM",
        "operator": "Bank of India",
        "operator:wikidata": "Q2004439"
      },
      "geometry": {
        "type": "Point",
        "coordinates": [
          81.530126,
          16.81105
        ]
      },
      "id": "node/7112253686"
    },
    {
      "type": "Feature",
      "properties": {
        "@id": "node/7112440686",
        "amenity": "atm",
        "name": "ING Vysya Bank ATM"
      },
      "geometry": {
        "type": "Point",
        "coordinates": [
          81.524783,
          16.816529
        ]
      },
      "id": "node/7112440686"
    },
    {
      "type": "Feature",
      "properties": {
        "@id": "node/7142206231",
        "amenity": "atm",
        "currency:INR": "yes",
        "description": "Andhra Bank ATM",
        "operator": "Andhra Bank ATM"
      },
      "geometry": {
        "type": "Point",
        "coordinates": [
          83.6621563,
          18.4659806
        ]
      },
      "id": "node/7142206231"
    },
    {
      "type": "Feature",
      "properties": {
        "@id": "node/7246512248",
        "amenity": "atm",
        "operator": "Karur vysya bank"
      },
      "geometry": {
        "type": "Point",
        "coordinates": [
          80.9928373,
          16.434334
        ]
      },
      "id": "node/7246512248"
    },
    {
      "type": "Feature",
      "properties": {
        "@id": "node/7611682185",
        "amenity": "atm",
        "cash_in": "yes",
        "operator": "Indicash Atm"
      },
      "geometry": {
        "type": "Point",
        "coordinates": [
          82.2280367,
          16.9356137
        ]
      },
      "id": "node/7611682185"
    },
    {
      "type": "Feature",
      "properties": {
        "@id": "node/7796282783",
        "amenity": "atm",
        "brand": "State Bank of India",
        "brand:wikidata": "Q1340361",
        "cash_in": "yes",
        "currency:INR": "yes",
        "drive_through": "yes",
        "operator": "State Bank of India",
        "operator:wikidata": "Q1340361"
      },
      "geometry": {
        "type": "Point",
        "coordinates": [
          80.5251043,
          16.5924616
        ]
      },
      "id": "node/7796282783"
    },
    {
      "type": "Feature",
      "properties": {
        "@id": "node/7947075841",
        "amenity": "atm",
        "name": "SBI Atm"
      },
      "geometry": {
        "type": "Point",
        "coordinates": [
          81.8788824,
          16.4954443
        ]
      },
      "id": "node/7947075841"
    },
    {
      "type": "Feature",
      "properties": {
        "@id": "node/7947090458",
        "amenity": "atm",
        "name": "SBI Atm"
      },
      "geometry": {
        "type": "Point",
        "coordinates": [
          81.8868492,
          16.4667899
        ]
      },
      "id": "node/7947090458"
    },
    {
      "type": "Feature",
      "properties": {
        "@id": "node/7947090463",
        "amenity": "atm",
        "name": "Indiam Bank Atm"
      },
      "geometry": {
        "type": "Point",
        "coordinates": [
          81.887279,
          16.4663175
        ]
      },
      "id": "node/7947090463"
    },
    {
      "type": "Feature",
      "properties": {
        "@id": "node/7947098660",
        "amenity": "atm",
        "name": "Union bank atm"
      },
      "geometry": {
        "type": "Point",
        "coordinates": [
          81.5161836,
          16.5440324
        ]
      },
      "id": "node/7947098660"
    },
    {
      "type": "Feature",
      "properties": {
        "@id": "node/7947098662",
        "amenity": "atm",
        "name": "Indian overseas bank atm"
      },
      "geometry": {
        "type": "Point",
        "coordinates": [
          81.514636,
          16.5438061
        ]
      },
      "id": "node/7947098662"
    },
    {
      "type": "Feature",
      "properties": {
        "@id": "node/7947098665",
        "amenity": "atm",
        "name": "lakshmi villas atm"
      },
      "geometry": {
        "type": "Point",
        "coordinates": [
          81.5138528,
          16.5432816
        ]
      },
      "id": "node/7947098665"
    },
    {
      "type": "Feature",
      "properties": {
        "@id": "node/7947193800",
        "amenity": "atm",
        "name": "Andhra Bank Atm"
      },
      "geometry": {
        "type": "Point",
        "coordinates": [
          81.5163392,
          16.5376738
        ]
      },
      "id": "node/7947193800"
    },
    {
      "type": "Feature",
      "properties": {
        "@id": "node/7947237116",
        "amenity": "atm",
        "name": "sbi bank atm"
      },
      "geometry": {
        "type": "Point",
        "coordinates": [
          81.5200728,
          16.5468427
        ]
      },
      "id": "node/7947237116"
    },
    {
      "type": "Feature",
      "properties": {
        "@id": "node/8113848763",
        "amenity": "atm",
        "brand": "State Bank of India",
        "brand:wikidata": "Q1340361",
        "network": "SBI",
        "operator": "State Bank of India",
        "operator:wikidata": "Q1340361"
      },
      "geometry": {
        "type": "Point",
        "coordinates": [
          83.4207682,
          18.7686051
        ]
      },
      "id": "node/8113848763"
    },
    {
      "type": "Feature",
      "properties": {
        "@id": "node/8113915781",
        "amenity": "atm",
        "brand": "Canara Bank",
        "brand:en": "Canara Bank",
        "brand:hi": "केनरा बैंक",
        "brand:kn": "ಕೆನರಾ ಬ್ಯಾಂಕ್",
        "brand:pa": "ਕੇਨਰਾ ਬੈਂਕ",
        "brand:pnb": "کینرا بینک",
        "brand:ur": "کینرا بینک",
        "brand:wikidata": "Q2003777",
        "name:en": "Canara Bank",
        "name:hi": "केनरा बैंक",
        "name:kn": "ಕೆನರಾ ಬ್ಯಾಂಕ್",
        "name:pa": "ਕੇਨਰਾ ਬੈਂਕ",
        "name:pnb": "کینرا بینک",
        "name:ur": "کینرا بینک",
        "operator": "Canara Bank",
        "operator:wikidata": "Q2003777"
      },
      "geometry": {
        "type": "Point",
        "coordinates": [
          83.4241828,
          18.774605
        ]
      },
      "id": "node/8113915781"
    },
    {
      "type": "Feature",
      "properties": {
        "@id": "node/8117755651",
        "amenity": "atm",
        "operator": "CANARA BANK ATM"
      },
      "geometry": {
        "type": "Point",
        "coordinates": [
          83.6629308,
          18.4493244
        ]
      },
      "id": "node/8117755651"
    },
    {
      "type": "Feature",
      "properties": {
        "@id": "node/8118834648",
        "amenity": "atm",
        "operator": "ICICI BANK ATM"
      },
      "geometry": {
        "type": "Point",
        "coordinates": [
          83.6635545,
          18.4486137
        ]
      },
      "id": "node/8118834648"
    },
    {
      "type": "Feature",
      "properties": {
        "@id": "node/8118834649",
        "amenity": "atm",
        "operator": "icici bank atm"
      },
      "geometry": {
        "type": "Point",
        "coordinates": [
          83.6640044,
          18.4488212
        ]
      },
      "id": "node/8118834649"
    },
    {
      "type": "Feature",
      "properties": {
        "@id": "node/8129271173",
        "amenity": "atm",
        "cash_in": "yes",
        "check_date": "2025-07-24"
      },
      "geometry": {
        "type": "Point",
        "coordinates": [
          80.6044236,
          16.4830408
        ]
      },
      "id": "node/8129271173"
    },
    {
      "type": "Feature",
      "properties": {
        "@id": "node/8422638050",
        "amenity": "atm",
        "name": "Hdfc Bank ATM"
      },
      "geometry": {
        "type": "Point",
        "coordinates": [
          81.5013349,
          16.5414124
        ]
      },
      "id": "node/8422638050"
    },
    {
      "type": "Feature",
      "properties": {
        "@id": "node/8985030915",
        "amenity": "atm",
        "brand": "Canara Bank",
        "brand:pa": "ਕੇਨਰਾ ਬੈਂਕ",
        "brand:ur": "کینرا بینک",
        "brand:wikidata": "Q2003777",
        "brand:wikipedia": "en:Canara Bank",
        "brand:wikipedia:pa": "ਕੇਨਰਾ ਬੈਂਕ",
        "name": "Canara Bank",
        "name:pa": "ਕੇਨਰਾ ਬੈਂਕ",
        "name:ur": "کینرا بینک"
      },
      "geometry": {
        "type": "Point",
        "coordinates": [
          79.4113832,
          13.6156375
        ]
      },
      "id": "node/8985030915"
    },
    {
      "type": "Feature",
      "properties": {
        "@id": "node/9020173962",
        "amenity": "atm",
        "brand": "Axis Bank",
        "brand:wikidata": "Q2003549",
        "operator": "Axis Bank",
        "operator:wikidata": "Q2003549"
      },
      "geometry": {
        "type": "Point",
        "coordinates": [
          83.1578305,
          17.6553899
        ]
      },
      "id": "node/9020173962"
    },
    {
      "type": "Feature",
      "properties": {
        "@id": "node/9371048121",
        "amenity": "atm",
        "currency:INR": "yes",
        "drive_through": "no",
        "operator": "Central Bank of India"
      },
      "geometry": {
        "type": "Point",
        "coordinates": [
          80.741519,
          16.178999
        ]
      },
      "id": "node/9371048121"
    },
    {
      "type": "Feature",
      "properties": {
        "@id": "node/9768666822",
        "amenity": "atm",
        "brand": "Punjab National Bank",
        "brand:wikidata": "Q2743499",
        "name": "Punjab National Bank",
        "operator": "Punjab National Bank",
        "operator:wikidata": "Q2743499"
      },
      "geometry": {
        "type": "Point",
        "coordinates": [
          80.6372042,
          16.2391609
        ]
      },
      "id": "node/9768666822"
    },
    {
      "type": "Feature",
      "properties": {
        "@id": "node/9772561607",
        "amenity": "atm",
        "operator": "State Bank of India ATM"
      },
      "geometry": {
        "type": "Point",
        "coordinates": [
          83.219232,
          17.7489455
        ]
      },
      "id": "node/9772561607"
    },
    {
      "type": "Feature",
      "properties": {
        "@id": "node/9886600157",
        "amenity": "atm",
        "brand": "State Bank of India",
        "brand:wikidata": "Q1340361",
        "name": "State Bank of India",
        "operator": "State Bank of India",
        "operator:wikidata": "Q1340361",
        "short_name": "SBI"
      },
      "geometry": {
        "type": "Point",
        "coordinates": [
          83.6076439,
          18.6861138
        ]
      },
      "id": "node/9886600157"
    },
    {
      "type": "Feature",
      "properties": {
        "@id": "node/9899732675",
        "addr:city": "Vijayawada",
        "addr:postcode": "520008",
        "addr:street": "Sri Ramachandra Nagar",
        "amenity": "atm",
        "brand": "State Bank of India",
        "brand:wikidata": "Q1340361",
        "check_date": "2025-07-11",
        "currency:INR": "yes",
        "level": "0",
        "name": "State Bank of India",
        "operator": "State Bank of India",
        "operator:wikidata": "Q1340361",
        "short_name": "SBI",
        "website": "https://sbi.co.in/",
        "wheelchair": "yes"
      },
      "geometry": {
        "type": "Point",
        "coordinates": [
          80.6764759,
          16.5163615
        ]
      },
      "id": "node/9899732675"
    },
    {
      "type": "Feature",
      "properties": {
        "@id": "node/9918920601",
        "amenity": "atm",
        "brand": "Axis Bank",
        "brand:wikidata": "Q2003549",
        "name": "Axis Bank",
        "operator": "Axis Bank",
        "operator:wikidata": "Q2003549"
      },
      "geometry": {
        "type": "Point",
        "coordinates": [
          83.892998,
          18.2950805
        ]
      },
      "id": "node/9918920601"
    },
    {
      "type": "Feature",
      "properties": {
        "@id": "node/9918963123",
        "amenity": "atm",
        "brand": "State Bank of India",
        "brand:wikidata": "Q1340361",
        "name": "State Bank of India",
        "operator": "State Bank of India",
        "operator:wikidata": "Q1340361",
        "short_name": "SBI"
      },
      "geometry": {
        "type": "Point",
        "coordinates": [
          83.8967117,
          18.2949105
        ]
      },
      "id": "node/9918963123"
    },
    {
      "type": "Feature",
      "properties": {
        "@id": "node/9919080305",
        "amenity": "atm",
        "brand": "State Bank of India",
        "brand:wikidata": "Q1340361",
        "name": "State Bank of India",
        "operator": "State Bank of India",
        "operator:wikidata": "Q1340361",
        "short_name": "SBI"
      },
      "geometry": {
        "type": "Point",
        "coordinates": [
          81.7760544,
          17.0345778
        ]
      },
      "id": "node/9919080305"
    },
    {
      "type": "Feature",
      "properties": {
        "@id": "node/9923791925",
        "amenity": "atm",
        "brand": "State Bank of India",
        "brand:wikidata": "Q1340361",
        "name": "State Bank of India",
        "operator": "State Bank of India",
        "operator:wikidata": "Q1340361",
        "short_name": "SBI"
      },
      "geometry": {
        "type": "Point",
        "coordinates": [
          81.692748,
          17.1801344
        ]
      },
      "id": "node/9923791925"
    },
    {
      "type": "Feature",
      "properties": {
        "@id": "node/10617507505",
        "amenity": "atm",
        "brand": "Bank of Baroda",
        "brand:wikidata": "Q2003797",
        "name": "Bank of Baroda",
        "operator": "Bank of Baroda",
        "operator:wikidata": "Q2003797"
      },
      "geometry": {
        "type": "Point",
        "coordinates": [
          81.1356305,
          16.185873
        ]
      },
      "id": "node/10617507505"
    },
    {
      "type": "Feature",
      "properties": {
        "@id": "node/10880566327",
        "amenity": "atm",
        "branch": "Axis bank",
        "brand": "Axis Bank",
        "brand:wikidata": "Q2003549",
        "currency:rupee": "yes",
        "name": "Axis Bank ATM",
        "operator": "Axis Bank",
        "operator:wikidata": "Q2003549"
      },
      "geometry": {
        "type": "Point",
        "coordinates": [
          83.2080391,
          17.8095703
        ]
      },
      "id": "node/10880566327"
    },
    {
      "type": "Feature",
      "properties": {
        "@id": "node/11245062715",
        "amenity": "atm",
        "operator": "SBI ATM"
      },
      "geometry": {
        "type": "Point",
        "coordinates": [
          84.1524089,
          18.5186649
        ]
      },
      "id": "node/11245062715"
    },
    {
      "type": "Feature",
      "properties": {
        "@id": "node/11359423549",
        "amenity": "atm",
        "branch": "Chirala",
        "cash_in": "yes",
        "currency:INR": "yes",
        "drive_through": "no",
        "network": "SBI",
        "operator": "State Bank of India TOWN BRANCH CHIRALA"
      },
      "geometry": {
        "type": "Point",
        "coordinates": [
          80.3546325,
          15.8262438
        ]
      },
      "id": "node/11359423549"
    },
    {
      "type": "Feature",
      "properties": {
        "@id": "node/11359549324",
        "amenity": "atm",
        "operator": "India One"
      },
      "geometry": {
        "type": "Point",
        "coordinates": [
          83.1860395,
          17.9076364
        ]
      },
      "id": "node/11359549324"
    },
    {
      "type": "Feature",
      "properties": {
        "@id": "node/11454822218",
        "amenity": "atm",
        "operator": "Indi Cash ATM"
      },
      "geometry": {
        "type": "Point",
        "coordinates": [
          80.518041,
          16.9885248
        ]
      },
      "id": "node/11454822218"
    },
    {
      "type": "Feature",
      "properties": {
        "@id": "node/11454822219",
        "amenity": "atm",
        "brand": "State Bank of India",
        "brand:wikidata": "Q1340361",
        "name": "SBI ATM",
        "operator": "State Bank of India",
        "operator:wikidata": "Q1340361",
        "short_name": "SBI"
      },
      "geometry": {
        "type": "Point",
        "coordinates": [
          80.5219658,
          16.9964313
        ]
      },
      "id": "node/11454822219"
    },
    {
      "type": "Feature",
      "properties": {
        "@id": "node/11459318714",
        "amenity": "atm",
        "operator": "India 1 ATM"
      },
      "geometry": {
        "type": "Point",
        "coordinates": [
          80.5182158,
          16.9883039
        ]
      },
      "id": "node/11459318714"
    },
    {
      "type": "Feature",
      "properties": {
        "@id": "node/11472878679",
        "amenity": "atm",
        "check_date": "2023-12-31",
        "currency:INR": "yes",
        "drive_through": "no",
        "operator": "India1"
      },
      "geometry": {
        "type": "Point",
        "coordinates": [
          80.5087645,
          15.8406977
        ]
      },
      "id": "node/11472878679"
    },
    {
      "type": "Feature",
      "properties": {
        "@id": "node/11472898359",
        "amenity": "atm",
        "brand": "Karur Vysya Bank",
        "brand:wikidata": "Q6373724",
        "check_date": "2024-06-19",
        "operator": "Karur Vysya Bank",
        "operator:wikidata": "Q6373724"
      },
      "geometry": {
        "type": "Point",
        "coordinates": [
          80.6323293,
          16.5144084
        ]
      },
      "id": "node/11472898359"
    },
    {
      "type": "Feature",
      "properties": {
        "@id": "node/11483113892",
        "amenity": "atm",
        "check_date": "2024-01-03",
        "operator": "India 1"
      },
      "geometry": {
        "type": "Point",
        "coordinates": [
          83.3568268,
          17.8251807
        ]
      },
      "id": "node/11483113892"
    },
    {
      "type": "Feature",
      "properties": {
        "@id": "node/11491422489",
        "addr:housenumber": "mvgr colloge",
        "addr:street": "Vijayram Nagar",
        "amenity": "atm",
        "brand": "Canara Bank",
        "brand:en": "Canara Bank",
        "brand:hi": "केनरा बैंक",
        "brand:kn": "ಕೆನರಾ ಬ್ಯಾಂಕ್",
        "brand:pa": "ਕੇਨਰਾ ਬੈਂਕ",
        "brand:pnb": "کینرا بینک",
        "brand:ur": "کینرا بینک",
        "brand:wikidata": "Q2003777",
        "cash_in": "no",
        "check_date": "2024-08-11",
        "covered": "yes",
        "currency:INR": "yes",
        "indoor": "yes",
        "lit": "yes",
        "name:en": "Canara Bank",
        "name:hi": "केनरा बैंक",
        "name:kn": "ಕೆನರಾ ಬ್ಯಾಂಕ್",
        "name:pa": "ਕੇਨਰਾ ਬੈਂਕ",
        "name:pnb": "کینرا بینک",
        "name:ur": "کینرا بینک",
        "operator": "Canara Bank",
        "operator:wikidata": "Q2003777"
      },
      "geometry": {
        "type": "Point",
        "coordinates": [
          83.4078269,
          18.0600791
        ]
      },
      "id": "node/11491422489"
    },
    {
      "type": "Feature",
      "properties": {
        "@id": "node/11491697140",
        "amenity": "atm",
        "check_date": "2024-01-05",
        "operator": "India1"
      },
      "geometry": {
        "type": "Point",
        "coordinates": [
          83.3988532,
          18.1081646
        ]
      },
      "id": "node/11491697140"
    },
    {
      "type": "Feature",
      "properties": {
        "@id": "node/11491697141",
        "amenity": "atm",
        "check_date": "2024-01-05",
        "operator": "SBI"
      },
      "geometry": {
        "type": "Point",
        "coordinates": [
          83.3989104,
          18.1085981
        ]
      },
      "id": "node/11491697141"
    },
    {
      "type": "Feature",
      "properties": {
        "@id": "node/11491734940",
        "amenity": "atm",
        "check_date": "2024-01-05",
        "operator": "India1"
      },
      "geometry": {
        "type": "Point",
        "coordinates": [
          83.3582414,
          18.0554786
        ]
      },
      "id": "node/11491734940"
    },
    {
      "type": "Feature",
      "properties": {
        "@id": "node/11494417151",
        "amenity": "atm",
        "brand": "Bank of Baroda",
        "brand:wikidata": "Q2003797",
        "check_date": "2024-01-06",
        "operator": "Bank of Baroda",
        "operator:wikidata": "Q2003797"
      },
      "geometry": {
        "type": "Point",
        "coordinates": [
          83.1861277,
          17.9078015
        ]
      },
      "id": "node/11494417151"
    },
    {
      "type": "Feature",
      "properties": {
        "@id": "node/11505242370",
        "amenity": "atm",
        "brand": "Union Bank of India",
        "brand:wikidata": "Q2004078",
        "check_date": "2024-01-10",
        "operator": "Union Bank of India",
        "operator:wikidata": "Q2004078"
      },
      "geometry": {
        "type": "Point",
        "coordinates": [
          83.389433,
          18.070471
        ]
      },
      "id": "node/11505242370"
    },
    {
      "type": "Feature",
      "properties": {
        "@id": "node/11505882727",
        "amenity": "atm",
        "check_date": "2024-01-10",
        "operator": "India1 ATM"
      },
      "geometry": {
        "type": "Point",
        "coordinates": [
          83.1858543,
          17.9028913
        ]
      },
      "id": "node/11505882727"
    },
    {
      "type": "Feature",
      "properties": {
        "@id": "node/11533318981",
        "amenity": "atm",
        "brand": "Indian Overseas Bank",
        "brand:wikidata": "Q2003611",
        "check_date": "2024-01-20",
        "operator": "Indian Overseas Bank",
        "operator:wikidata": "Q2003611"
      },
      "geometry": {
        "type": "Point",
        "coordinates": [
          82.9787151,
          17.5673927
        ]
      },
      "id": "node/11533318981"
    },
    {
      "type": "Feature",
      "properties": {
        "@id": "node/11542176264",
        "amenity": "atm",
        "brand": "State Bank of India",
        "brand:wikidata": "Q1340361",
        "check_date": "2024-01-23",
        "operator": "State Bank of India",
        "operator:wikidata": "Q1340361",
        "short_name": "SBI"
      },
      "geometry": {
        "type": "Point",
        "coordinates": [
          83.2396268,
          17.9927784
        ]
      },
      "id": "node/11542176264"
    },
    {
      "type": "Feature",
      "properties": {
        "@id": "node/11542176265",
        "amenity": "atm",
        "check_date": "2024-01-23",
        "operator": "India1 ATM"
      },
      "geometry": {
        "type": "Point",
        "coordinates": [
          83.2404283,
          17.9929334
        ]
      },
      "id": "node/11542176265"
    },
    {
      "type": "Feature",
      "properties": {
        "@id": "node/11542176266",
        "amenity": "atm",
        "brand": "Canara Bank",
        "brand:en": "Canara Bank",
        "brand:hi": "केनरा बैंक",
        "brand:kn": "ಕೆನರಾ ಬ್ಯಾಂಕ್",
        "brand:pa": "ਕੇਨਰਾ ਬੈਂਕ",
        "brand:pnb": "کینرا بینک",
        "brand:ur": "کینرا بینک",
        "brand:wikidata": "Q2003777",
        "check_date": "2024-01-23",
        "name:en": "Canara Bank",
        "name:hi": "केनरा बैंक",
        "name:kn": "ಕೆನರಾ ಬ್ಯಾಂಕ್",
        "name:pa": "ਕੇਨਰਾ ਬੈਂਕ",
        "name:pnb": "کینرا بینک",
        "name:ur": "کینرا بینک",
        "operator": "Canara Bank",
        "operator:wikidata": "Q2003777"
      },
      "geometry": {
        "type": "Point",
        "coordinates": [
          83.2405046,
          17.9929808
        ]
      },
      "id": "node/11542176266"
    },
    {
      "type": "Feature",
      "properties": {
        "@id": "node/11543150949",
        "amenity": "atm",
        "check_date": "2024-01-23",
        "operator": "India1 ATM"
      },
      "geometry": {
        "type": "Point",
        "coordinates": [
          83.3859106,
          18.083376
        ]
      },
      "id": "node/11543150949"
    },
    {
      "type": "Feature",
      "properties": {
        "@id": "node/11543276498",
        "amenity": "atm",
        "check_date": "2024-01-23",
        "operator": "India1 ATM"
      },
      "geometry": {
        "type": "Point",
        "coordinates": [
          83.2685235,
          18.0142376
        ]
      },
      "id": "node/11543276498"
    },
    {
      "type": "Feature",
      "properties": {
        "@id": "node/11559118575",
        "amenity": "atm",
        "check_date": "2024-01-28",
        "operator": "India1 ATM"
      },
      "geometry": {
        "type": "Point",
        "coordinates": [
          83.1706817,
          17.9805273
        ]
      },
      "id": "node/11559118575"
    },
    {
      "type": "Feature",
      "properties": {
        "@id": "node/11563320546",
        "amenity": "atm",
        "brand": "Union Bank of India",
        "brand:wikidata": "Q2004078",
        "check_date": "2024-01-29",
        "operator": "Union Bank of India",
        "operator:wikidata": "Q2004078"
      },
      "geometry": {
        "type": "Point",
        "coordinates": [
          83.293815,
          18.0456427
        ]
      },
      "id": "node/11563320546"
    },
    {
      "type": "Feature",
      "properties": {
        "@id": "node/11563404854",
        "amenity": "atm",
        "brand": "State Bank of India",
        "brand:wikidata": "Q1340361",
        "check_date": "2024-01-29",
        "operator": "State Bank of India",
        "operator:wikidata": "Q1340361",
        "short_name": "SBI"
      },
      "geometry": {
        "type": "Point",
        "coordinates": [
          83.3973014,
          18.1070095
        ]
      },
      "id": "node/11563404854"
    },
    {
      "type": "Feature",
      "properties": {
        "@id": "node/11568858426",
        "amenity": "atm",
        "brand": "State Bank of India",
        "brand:wikidata": "Q1340361",
        "check_date": "2024-01-30",
        "operator": "State Bank of India",
        "operator:wikidata": "Q1340361",
        "short_name": "SBI"
      },
      "geometry": {
        "type": "Point",
        "coordinates": [
          83.2072423,
          17.8111725
        ]
      },
      "id": "node/11568858426"
    },
    {
      "type": "Feature",
      "properties": {
        "@id": "node/11568880938",
        "amenity": "atm",
        "brand": "State Bank of India",
        "brand:wikidata": "Q1340361",
        "check_date": "2024-01-30",
        "operator": "State Bank of India",
        "operator:wikidata": "Q1340361",
        "short_name": "SBI"
      },
      "geometry": {
        "type": "Point",
        "coordinates": [
          83.2165815,
          17.7769475
        ]
      },
      "id": "node/11568880938"
    },
    {
      "type": "Feature",
      "properties": {
        "@id": "node/11568884065",
        "amenity": "atm",
        "brand": "State Bank of India",
        "brand:wikidata": "Q1340361",
        "check_date": "2024-01-30",
        "operator": "State Bank of India",
        "operator:wikidata": "Q1340361",
        "short_name": "SBI"
      },
      "geometry": {
        "type": "Point",
        "coordinates": [
          83.2675246,
          17.7359213
        ]
      },
      "id": "node/11568884065"
    },
    {
      "type": "Feature",
      "properties": {
        "@id": "node/11568906521",
        "amenity": "atm",
        "brand": "Axis Bank",
        "brand:wikidata": "Q2003549",
        "check_date": "2024-01-30",
        "operator": "Axis Bank",
        "operator:wikidata": "Q2003549"
      },
      "geometry": {
        "type": "Point",
        "coordinates": [
          83.2332732,
          17.743255
        ]
      },
      "id": "node/11568906521"
    },
    {
      "type": "Feature",
      "properties": {
        "@id": "node/11570555687",
        "amenity": "atm",
        "brand": "IndusInd Bank",
        "brand:wikidata": "Q2040323",
        "check_date": "2024-01-31",
        "operator": "IndusInd Bank",
        "operator:wikidata": "Q2040323"
      },
      "geometry": {
        "type": "Point",
        "coordinates": [
          80.6385601,
          16.5100122
        ]
      },
      "id": "node/11570555687"
    },
    {
      "type": "Feature",
      "properties": {
        "@id": "node/11570555692",
        "amenity": "atm",
        "brand": "Canara Bank",
        "brand:en": "Canara Bank",
        "brand:hi": "केनरा बैंक",
        "brand:kn": "ಕೆನರಾ ಬ್ಯಾಂಕ್",
        "brand:pa": "ਕੇਨਰਾ ਬੈਂਕ",
        "brand:pnb": "کینرا بینک",
        "brand:ur": "کینرا بینک",
        "brand:wikidata": "Q2003777",
        "check_date": "2024-01-31",
        "name:en": "Canara Bank",
        "name:hi": "केनरा बैंक",
        "name:kn": "ಕೆನರಾ ಬ್ಯಾಂಕ್",
        "name:pa": "ਕੇਨਰਾ ਬੈਂਕ",
        "name:pnb": "کینرا بینک",
        "name:ur": "کینرا بینک",
        "operator": "Canara Bank",
        "operator:wikidata": "Q2003777"
      },
      "geometry": {
        "type": "Point",
        "coordinates": [
          80.645622,
          16.5063813
        ]
      },
      "id": "node/11570555692"
    },
    {
      "type": "Feature",
      "properties": {
        "@id": "node/11575832870",
        "amenity": "atm",
        "brand": "Bank of Baroda",
        "brand:wikidata": "Q2003797",
        "cash_in": "yes",
        "check_date": "2025-07-11",
        "currency:INR": "yes",
        "drive_through": "no",
        "operator": "Bank of Baroda",
        "operator:wikidata": "Q2003797"
      },
      "geometry": {
        "type": "Point",
        "coordinates": [
          80.6481698,
          16.5040163
        ]
      },
      "id": "node/11575832870"
    },
    {
      "type": "Feature",
      "properties": {
        "@id": "node/11582038083",
        "amenity": "atm",
        "check_date": "2024-02-03",
        "operator": "Andhra Pradesh Bank"
      },
      "geometry": {
        "type": "Point",
        "coordinates": [
          80.6457745,
          16.5094027
        ]
      },
      "id": "node/11582038083"
    },
    {
      "type": "Feature",
      "properties": {
        "@id": "node/11582038086",
        "amenity": "atm",
        "check_date": "2024-02-03",
        "operator": "Coastal Bank"
      },
      "geometry": {
        "type": "Point",
        "coordinates": [
          80.6411737,
          16.509461
        ]
      },
      "id": "node/11582038086"
    },
    {
      "type": "Feature",
      "properties": {
        "@id": "node/11583276200",
        "amenity": "atm",
        "brand": "Punjab National Bank",
        "brand:wikidata": "Q2743499",
        "check_date": "2024-02-04",
        "name": "Punjab National Bank ATM",
        "operator": "Punjab National Bank",
        "operator:wikidata": "Q2743499"
      },
      "geometry": {
        "type": "Point",
        "coordinates": [
          80.6394285,
          16.5032136
        ]
      },
      "id": "node/11583276200"
    },
    {
      "type": "Feature",
      "properties": {
        "@id": "node/11583276209",
        "amenity": "atm",
        "brand": "Kotak Mahindra Bank",
        "brand:wikidata": "Q2040404",
        "check_date": "2024-02-04",
        "operator": "Kotak Mahindra Bank",
        "operator:wikidata": "Q2040404"
      },
      "geometry": {
        "type": "Point",
        "coordinates": [
          80.6394597,
          16.5032089
        ]
      },
      "id": "node/11583276209"
    },
    {
      "type": "Feature",
      "properties": {
        "@id": "node/11583276210",
        "amenity": "atm",
        "brand": "State Bank of India",
        "brand:wikidata": "Q1340361",
        "check_date": "2024-02-04",
        "operator": "State Bank of India",
        "operator:wikidata": "Q1340361",
        "short_name": "SBI"
      },
      "geometry": {
        "type": "Point",
        "coordinates": [
          80.6393681,
          16.5032261
        ]
      },
      "id": "node/11583276210"
    },
    {
      "type": "Feature",
      "properties": {
        "@id": "node/11583276214",
        "amenity": "atm",
        "brand": "Punjab National Bank",
        "brand:wikidata": "Q2743499",
        "check_date": "2024-02-04",
        "operator": "Punjab National Bank",
        "operator:wikidata": "Q2743499"
      },
      "geometry": {
        "type": "Point",
        "coordinates": [
          80.6391723,
          16.5028872
        ]
      },
      "id": "node/11583276214"
    },
    {
      "type": "Feature",
      "properties": {
        "@id": "node/11583276217",
        "amenity": "atm",
        "brand": "State Bank of India",
        "brand:wikidata": "Q1340361",
        "check_date": "2024-02-04",
        "operator": "State Bank of India",
        "operator:wikidata": "Q1340361",
        "short_name": "SBI"
      },
      "geometry": {
        "type": "Point",
        "coordinates": [
          80.6389576,
          16.5027638
        ]
      },
      "id": "node/11583276217"
    },
    {
      "type": "Feature",
      "properties": {
        "@id": "node/11583276229",
        "amenity": "atm",
        "check_date": "2024-02-04",
        "operator": "The Cosmos"
      },
      "geometry": {
        "type": "Point",
        "coordinates": [
          80.6384944,
          16.5016461
        ]
      },
      "id": "node/11583276229"
    },
    {
      "type": "Feature",
      "properties": {
        "@id": "node/11585567235",
        "amenity": "atm",
        "brand": "Bank of India",
        "brand:wikidata": "Q2004439",
        "check_date": "2024-02-05",
        "operator": "Bank of India",
        "operator:wikidata": "Q2004439"
      },
      "geometry": {
        "type": "Point",
        "coordinates": [
          83.2145637,
          17.7850437
        ]
      },
      "id": "node/11585567235"
    },
    {
      "type": "Feature",
      "properties": {
        "@id": "node/11585574895",
        "amenity": "atm",
        "brand": "Axis Bank",
        "brand:wikidata": "Q2003549",
        "check_date": "2024-02-05",
        "operator": "Axis Bank",
        "operator:wikidata": "Q2003549"
      },
      "geometry": {
        "type": "Point",
        "coordinates": [
          83.2512682,
          17.7399657
        ]
      },
      "id": "node/11585574895"
    },
    {
      "type": "Feature",
      "properties": {
        "@id": "node/11585574896",
        "amenity": "atm",
        "check_date": "2024-02-05",
        "operator": "India1"
      },
      "geometry": {
        "type": "Point",
        "coordinates": [
          83.2514441,
          17.7399561
        ]
      },
      "id": "node/11585574896"
    },
    {
      "type": "Feature",
      "properties": {
        "@id": "node/11585678470",
        "amenity": "atm",
        "brand": "ICICI Bank",
        "brand:wikidata": "Q1653258",
        "check_date": "2024-02-05",
        "operator": "ICICI Bank",
        "operator:wikidata": "Q1653258",
        "short_name": "ICICI"
      },
      "geometry": {
        "type": "Point",
        "coordinates": [
          83.2180041,
          17.7525112
        ]
      },
      "id": "node/11585678470"
    },
    {
      "type": "Feature",
      "properties": {
        "@id": "node/11585678474",
        "amenity": "atm",
        "check_date": "2024-02-05",
        "operator": "India1"
      },
      "geometry": {
        "type": "Point",
        "coordinates": [
          83.2170393,
          17.7616279
        ]
      },
      "id": "node/11585678474"
    },
    {
      "type": "Feature",
      "properties": {
        "@id": "node/11595124198",
        "amenity": "atm",
        "brand": "State Bank of India",
        "brand:wikidata": "Q1340361",
        "operator": "State Bank of India",
        "operator:wikidata": "Q1340361",
        "short_name": "SBI"
      },
      "geometry": {
        "type": "Point",
        "coordinates": [
          80.6160049,
          16.5090885
        ]
      },
      "id": "node/11595124198"
    },
    {
      "type": "Feature",
      "properties": {
        "@id": "node/11595124199",
        "amenity": "atm",
        "operator": "LVB ATM"
      },
      "geometry": {
        "type": "Point",
        "coordinates": [
          80.6159858,
          16.5089592
        ]
      },
      "id": "node/11595124199"
    },
    {
      "type": "Feature",
      "properties": {
        "@id": "node/11601247510",
        "amenity": "atm",
        "brand": "State Bank of India",
        "brand:wikidata": "Q1340361",
        "cash_in": "no",
        "check_date": "2024-02-09",
        "operator": "State Bank of India",
        "operator:wikidata": "Q1340361",
        "short_name": "SBI"
      },
      "geometry": {
        "type": "Point",
        "coordinates": [
          83.4007515,
          18.0531839
        ]
      },
      "id": "node/11601247510"
    },
    {
      "type": "Feature",
      "properties": {
        "@id": "node/11601290183",
        "amenity": "atm",
        "brand": "State Bank of India",
        "brand:wikidata": "Q1340361",
        "check_date": "2024-02-09",
        "operator": "State Bank of India",
        "operator:wikidata": "Q1340361",
        "short_name": "SBI"
      },
      "geometry": {
        "type": "Point",
        "coordinates": [
          83.3363417,
          18.0535471
        ]
      },
      "id": "node/11601290183"
    },
    {
      "type": "Feature",
      "properties": {
        "@id": "node/11602432221",
        "amenity": "atm",
        "brand": "Bank of Baroda",
        "brand:wikidata": "Q2003797",
        "check_date": "2024-02-09",
        "operator": "Bank of Baroda",
        "operator:wikidata": "Q2003797"
      },
      "geometry": {
        "type": "Point",
        "coordinates": [
          83.3994968,
          18.1081514
        ]
      },
      "id": "node/11602432221"
    },
    {
      "type": "Feature",
      "properties": {
        "@id": "node/11602548217",
        "amenity": "atm",
        "brand": "State Bank of India",
        "brand:wikidata": "Q1340361",
        "check_date": "2024-02-09",
        "operator": "State Bank of India",
        "operator:wikidata": "Q1340361",
        "short_name": "SBI"
      },
      "geometry": {
        "type": "Point",
        "coordinates": [
          83.216757,
          17.9530533
        ]
      },
      "id": "node/11602548217"
    },
    {
      "type": "Feature",
      "properties": {
        "@id": "node/11609359644",
        "amenity": "atm",
        "brand": "ICICI Bank",
        "brand:wikidata": "Q1653258",
        "check_date": "2024-02-11",
        "operator": "ICICI Bank",
        "operator:wikidata": "Q1653258",
        "short_name": "ICICI"
      },
      "geometry": {
        "type": "Point",
        "coordinates": [
          83.2159198,
          17.7781243
        ]
      },
      "id": "node/11609359644"
    },
    {
      "type": "Feature",
      "properties": {
        "@id": "node/11609359645",
        "amenity": "atm",
        "brand": "Axis Bank",
        "brand:wikidata": "Q2003549",
        "check_date": "2024-02-11",
        "operator": "Axis Bank",
        "operator:wikidata": "Q2003549"
      },
      "geometry": {
        "type": "Point",
        "coordinates": [
          83.2159285,
          17.778111
        ]
      },
      "id": "node/11609359645"
    },
    {
      "type": "Feature",
      "properties": {
        "@id": "node/11609443010",
        "amenity": "atm",
        "brand": "State Bank of India",
        "brand:wikidata": "Q1340361",
        "check_date": "2024-02-11",
        "operator": "State Bank of India",
        "operator:wikidata": "Q1340361",
        "short_name": "SBI"
      },
      "geometry": {
        "type": "Point",
        "coordinates": [
          83.2504578,
          17.7400921
        ]
      },
      "id": "node/11609443010"
    },
    {
      "type": "Feature",
      "properties": {
        "@id": "node/11609443011",
        "amenity": "atm",
        "brand": "ICICI Bank",
        "brand:wikidata": "Q1653258",
        "check_date": "2024-02-11",
        "operator": "ICICI Bank",
        "operator:wikidata": "Q1653258",
        "short_name": "ICICI"
      },
      "geometry": {
        "type": "Point",
        "coordinates": [
          83.250373,
          17.7400996
        ]
      },
      "id": "node/11609443011"
    },
    {
      "type": "Feature",
      "properties": {
        "@id": "node/11609616152",
        "amenity": "atm",
        "brand": "State Bank of India",
        "brand:wikidata": "Q1340361",
        "check_date": "2024-02-11",
        "operator": "State Bank of India",
        "operator:wikidata": "Q1340361",
        "short_name": "SBI"
      },
      "geometry": {
        "type": "Point",
        "coordinates": [
          83.3126072,
          17.724733
        ]
      },
      "id": "node/11609616152"
    },
    {
      "type": "Feature",
      "properties": {
        "@id": "node/11609644033",
        "amenity": "atm",
        "brand": "State Bank of India",
        "brand:wikidata": "Q1340361",
        "check_date": "2024-02-11",
        "operator": "State Bank of India",
        "operator:wikidata": "Q1340361",
        "short_name": "SBI"
      },
      "geometry": {
        "type": "Point",
        "coordinates": [
          83.3146688,
          17.7251159
        ]
      },
      "id": "node/11609644033"
    },
    {
      "type": "Feature",
      "properties": {
        "@id": "node/11610149586",
        "amenity": "atm",
        "brand": "State Bank of India",
        "brand:wikidata": "Q1340361",
        "check_date": "2024-02-11",
        "operator": "State Bank of India",
        "operator:wikidata": "Q1340361",
        "short_name": "SBI"
      },
      "geometry": {
        "type": "Point",
        "coordinates": [
          83.2173428,
          17.7686408
        ]
      },
      "id": "node/11610149586"
    },
    {
      "type": "Feature",
      "properties": {
        "@id": "node/11610187360",
        "amenity": "atm",
        "brand": "State Bank of India",
        "brand:wikidata": "Q1340361",
        "check_date": "2024-02-11",
        "operator": "State Bank of India",
        "operator:wikidata": "Q1340361",
        "short_name": "SBI"
      },
      "geometry": {
        "type": "Point",
        "coordinates": [
          83.3038451,
          17.7222379
        ]
      },
      "id": "node/11610187360"
    },
    {
      "type": "Feature",
      "properties": {
        "@id": "node/11610201175",
        "amenity": "atm",
        "brand": "State Bank of India",
        "brand:wikidata": "Q1340361",
        "check_date": "2024-02-11",
        "operator": "State Bank of India",
        "operator:wikidata": "Q1340361",
        "short_name": "SBI"
      },
      "geometry": {
        "type": "Point",
        "coordinates": [
          83.2532608,
          17.740123
        ]
      },
      "id": "node/11610201175"
    },
    {
      "type": "Feature",
      "properties": {
        "@id": "node/11610201177",
        "amenity": "atm",
        "brand": "State Bank of India",
        "brand:wikidata": "Q1340361",
        "check_date": "2024-02-11",
        "operator": "State Bank of India",
        "operator:wikidata": "Q1340361",
        "short_name": "SBI"
      },
      "geometry": {
        "type": "Point",
        "coordinates": [
          83.2493802,
          17.740658
        ]
      },
      "id": "node/11610201177"
    },
    {
      "type": "Feature",
      "properties": {
        "@id": "node/11610201178",
        "amenity": "atm",
        "brand": "HDFC Bank",
        "brand:wikidata": "Q631047",
        "check_date": "2024-02-11",
        "operator": "HDFC Bank",
        "operator:wikidata": "Q631047",
        "short_name": "HDFC"
      },
      "geometry": {
        "type": "Point",
        "coordinates": [
          83.2493302,
          17.7406708
        ]
      },
      "id": "node/11610201178"
    },
    {
      "type": "Feature",
      "properties": {
        "@id": "node/11610201189",
        "amenity": "atm",
        "brand": "Canara Bank",
        "brand:en": "Canara Bank",
        "brand:hi": "केनरा बैंक",
        "brand:kn": "ಕೆನರಾ ಬ್ಯಾಂಕ್",
        "brand:pa": "ਕੇਨਰਾ ਬੈਂਕ",
        "brand:pnb": "کینرا بینک",
        "brand:ur": "کینرا بینک",
        "brand:wikidata": "Q2003777",
        "check_date": "2024-02-11",
        "name:en": "Canara Bank",
        "name:hi": "केनरा बैंक",
        "name:kn": "ಕೆನರಾ ಬ್ಯಾಂಕ್",
        "name:pa": "ਕੇਨਰਾ ਬੈਂਕ",
        "name:pnb": "کینرا بینک",
        "name:ur": "کینرا بینک",
        "operator": "Canara Bank",
        "operator:wikidata": "Q2003777"
      },
      "geometry": {
        "type": "Point",
        "coordinates": [
          83.2294948,
          17.7440193
        ]
      },
      "id": "node/11610201189"
    },
    {
      "type": "Feature",
      "properties": {
        "@id": "node/11610201201",
        "amenity": "atm",
        "brand": "State Bank of India",
        "brand:wikidata": "Q1340361",
        "check_date": "2024-02-11",
        "operator": "State Bank of India",
        "operator:wikidata": "Q1340361",
        "short_name": "SBI"
      },
      "geometry": {
        "type": "Point",
        "coordinates": [
          83.2180663,
          17.7518555
        ]
      },
      "id": "node/11610201201"
    },
    {
      "type": "Feature",
      "properties": {
        "@id": "node/11611036344",
        "amenity": "atm",
        "brand": "State Bank of India",
        "brand:wikidata": "Q1340361",
        "operator": "State Bank of India",
        "operator:wikidata": "Q1340361",
        "short_name": "SBI"
      },
      "geometry": {
        "type": "Point",
        "coordinates": [
          83.3085697,
          17.7234032
        ]
      },
      "id": "node/11611036344"
    },
    {
      "type": "Feature",
      "properties": {
        "@id": "node/11627483442",
        "amenity": "atm",
        "check_date": "2024-02-13",
        "operator": "India1 ATM"
      },
      "geometry": {
        "type": "Point",
        "coordinates": [
          83.2931715,
          18.0457386
        ]
      },
      "id": "node/11627483442"
    },
    {
      "type": "Feature",
      "properties": {
        "@id": "node/11633604687",
        "amenity": "atm",
        "brand": "Karnataka Bank",
        "brand:wikidata": "Q2042632",
        "check_date": "2024-02-17",
        "operator": "Karnataka Bank",
        "operator:wikidata": "Q2042632"
      },
      "geometry": {
        "type": "Point",
        "coordinates": [
          83.9006312,
          18.4076221
        ]
      },
      "id": "node/11633604687"
    },
    {
      "type": "Feature",
      "properties": {
        "@id": "node/11633628888",
        "amenity": "atm",
        "brand": "State Bank of India",
        "brand:wikidata": "Q1340361",
        "check_date": "2024-02-17",
        "operator": "State Bank of India",
        "operator:wikidata": "Q1340361",
        "short_name": "SBI"
      },
      "geometry": {
        "type": "Point",
        "coordinates": [
          83.8946568,
          18.3480766
        ]
      },
      "id": "node/11633628888"
    },
    {
      "type": "Feature",
      "properties": {
        "@id": "node/11633711627",
        "amenity": "atm",
        "brand": "State Bank of India",
        "brand:wikidata": "Q1340361",
        "check_date": "2024-02-17",
        "operator": "State Bank of India",
        "operator:wikidata": "Q1340361",
        "short_name": "SBI"
      },
      "geometry": {
        "type": "Point",
        "coordinates": [
          83.8949193,
          18.3129807
        ]
      },
      "id": "node/11633711627"
    },
    {
      "type": "Feature",
      "properties": {
        "@id": "node/11633711629",
        "amenity": "atm",
        "brand": "Union Bank of India",
        "brand:wikidata": "Q2004078",
        "check_date": "2024-02-17",
        "operator": "Union Bank of India",
        "operator:wikidata": "Q2004078"
      },
      "geometry": {
        "type": "Point",
        "coordinates": [
          83.8946758,
          18.3124521
        ]
      },
      "id": "node/11633711629"
    },
    {
      "type": "Feature",
      "properties": {
        "@id": "node/11633711630",
        "amenity": "atm",
        "brand": "Axis Bank",
        "brand:wikidata": "Q2003549",
        "check_date": "2024-02-17",
        "operator": "Axis Bank",
        "operator:wikidata": "Q2003549"
      },
      "geometry": {
        "type": "Point",
        "coordinates": [
          83.8947162,
          18.3123962
        ]
      },
      "id": "node/11633711630"
    },
    {
      "type": "Feature",
      "properties": {
        "@id": "node/11633711636",
        "amenity": "atm",
        "brand": "Axis Bank",
        "brand:wikidata": "Q2003549",
        "check_date": "2024-02-17",
        "operator": "Axis Bank",
        "operator:wikidata": "Q2003549"
      },
      "geometry": {
        "type": "Point",
        "coordinates": [
          83.8948709,
          18.29791
        ]
      },
      "id": "node/11633711636"
    },
    {
      "type": "Feature",
      "properties": {
        "@id": "node/11633711653",
        "amenity": "atm",
        "brand": "Federal Bank",
        "brand:wikidata": "Q2044983",
        "check_date": "2024-02-17",
        "operator": "Federal Bank",
        "operator:wikidata": "Q2044983"
      },
      "geometry": {
        "type": "Point",
        "coordinates": [
          83.8948745,
          18.2996919
        ]
      },
      "id": "node/11633711653"
    },
    {
      "type": "Feature",
      "properties": {
        "@id": "node/11633711655",
        "amenity": "atm",
        "brand": "Karur Vysya Bank",
        "brand:wikidata": "Q6373724",
        "check_date": "2024-02-17",
        "operator": "Karur Vysya Bank",
        "operator:wikidata": "Q6373724"
      },
      "geometry": {
        "type": "Point",
        "coordinates": [
          83.8944858,
          18.2991976
        ]
      },
      "id": "node/11633711655"
    },
    {
      "type": "Feature",
      "properties": {
        "@id": "node/11634198260",
        "amenity": "atm",
        "check_date": "2024-02-17",
        "operator": "India1"
      },
      "geometry": {
        "type": "Point",
        "coordinates": [
          83.3965814,
          18.1077239
        ]
      },
      "id": "node/11634198260"
    },
    {
      "type": "Feature",
      "properties": {
        "@id": "node/11647371225",
        "amenity": "atm",
        "brand": "State Bank of India",
        "brand:wikidata": "Q1340361",
        "check_date": "2024-02-21",
        "operator": "State Bank of India",
        "operator:wikidata": "Q1340361",
        "short_name": "SBI"
      },
      "geometry": {
        "type": "Point",
        "coordinates": [
          83.2059802,
          17.701986
        ]
      },
      "id": "node/11647371225"
    },
    {
      "type": "Feature",
      "properties": {
        "@id": "node/11647433760",
        "amenity": "atm",
        "brand": "State Bank of India",
        "brand:wikidata": "Q1340361",
        "check_date": "2024-02-21",
        "operator": "State Bank of India",
        "operator:wikidata": "Q1340361",
        "short_name": "SBI"
      },
      "geometry": {
        "type": "Point",
        "coordinates": [
          82.877645,
          17.6080533
        ]
      },
      "id": "node/11647433760"
    },
    {
      "type": "Feature",
      "properties": {
        "@id": "node/11647511587",
        "amenity": "atm",
        "brand": "Canara Bank",
        "brand:en": "Canara Bank",
        "brand:hi": "केनरा बैंक",
        "brand:kn": "ಕೆನರಾ ಬ್ಯಾಂಕ್",
        "brand:pa": "ਕੇਨਰਾ ਬੈਂਕ",
        "brand:pnb": "کینرا بینک",
        "brand:ur": "کینرا بینک",
        "brand:wikidata": "Q2003777",
        "check_date": "2024-02-21",
        "name:en": "Canara Bank",
        "name:hi": "केनरा बैंक",
        "name:kn": "ಕೆನರಾ ಬ್ಯಾಂಕ್",
        "name:pa": "ਕੇਨਰਾ ਬੈਂਕ",
        "name:pnb": "کینرا بینک",
        "name:ur": "کینرا بینک",
        "operator": "Canara Bank",
        "operator:wikidata": "Q2003777"
      },
      "geometry": {
        "type": "Point",
        "coordinates": [
          82.4053839,
          17.2836354
        ]
      },
      "id": "node/11647511587"
    },
    {
      "type": "Feature",
      "properties": {
        "@id": "node/11647511588",
        "amenity": "atm",
        "check_date": "2024-02-21",
        "operator": "India1"
      },
      "geometry": {
        "type": "Point",
        "coordinates": [
          82.4038242,
          17.2804326
        ]
      },
      "id": "node/11647511588"
    },
    {
      "type": "Feature",
      "properties": {
        "@id": "node/11648414888",
        "amenity": "atm",
        "brand": "HDFC Bank",
        "brand:wikidata": "Q631047",
        "check_date": "2024-02-21",
        "operator": "HDFC Bank",
        "operator:wikidata": "Q631047",
        "short_name": "HDFC"
      },
      "geometry": {
        "type": "Point",
        "coordinates": [
          81.7799881,
          17.0003306
        ]
      },
      "id": "node/11648414888"
    },
    {
      "type": "Feature",
      "properties": {
        "@id": "node/11648414891",
        "amenity": "atm",
        "brand": "HDFC Bank",
        "brand:wikidata": "Q631047",
        "check_date": "2024-02-21",
        "operator": "HDFC Bank",
        "operator:wikidata": "Q631047",
        "short_name": "HDFC"
      },
      "geometry": {
        "type": "Point",
        "coordinates": [
          81.7783321,
          17.0109443
        ]
      },
      "id": "node/11648414891"
    },
    {
      "type": "Feature",
      "properties": {
        "@id": "node/11648586250",
        "amenity": "atm",
        "brand": "State Bank of India",
        "brand:wikidata": "Q1340361",
        "check_date": "2025-07-10",
        "operator": "State Bank of India",
        "operator:wikidata": "Q1340361",
        "short_name": "SBI"
      },
      "geometry": {
        "type": "Point",
        "coordinates": [
          80.6887383,
          16.5227304
        ]
      },
      "id": "node/11648586250"
    },
    {
      "type": "Feature",
      "properties": {
        "@id": "node/11662811971",
        "amenity": "atm",
        "brand": "Canara Bank",
        "brand:en": "Canara Bank",
        "brand:hi": "केनरा बैंक",
        "brand:kn": "ಕೆನರಾ ಬ್ಯಾಂಕ್",
        "brand:pa": "ਕੇਨਰਾ ਬੈਂਕ",
        "brand:pnb": "کینرا بینک",
        "brand:ur": "کینرا بینک",
        "brand:wikidata": "Q2003777",
        "cash_in": "no",
        "check_date": "2024-02-25",
        "currency:INR": "yes",
        "drive_through": "no",
        "name:en": "Canara Bank",
        "name:hi": "केनरा बैंक",
        "name:kn": "ಕೆನರಾ ಬ್ಯಾಂಕ್",
        "name:pa": "ਕੇਨਰਾ ਬੈਂਕ",
        "name:pnb": "کینرا بینک",
        "name:ur": "کینرا بینک",
        "operator": "Canara Bank",
        "operator:wikidata": "Q2003777"
      },
      "geometry": {
        "type": "Point",
        "coordinates": [
          80.6487332,
          16.5063258
        ]
      },
      "id": "node/11662811971"
    },
    {
      "type": "Feature",
      "properties": {
        "@id": "node/11671770863",
        "amenity": "atm",
        "brand": "Canara Bank",
        "brand:en": "Canara Bank",
        "brand:hi": "केनरा बैंक",
        "brand:kn": "ಕೆನರಾ ಬ್ಯಾಂಕ್",
        "brand:pa": "ਕੇਨਰਾ ਬੈਂਕ",
        "brand:pnb": "کینرا بینک",
        "brand:ur": "کینرا بینک",
        "brand:wikidata": "Q2003777",
        "check_date": "2024-06-19",
        "name:en": "Canara Bank",
        "name:hi": "केनरा बैंक",
        "name:kn": "ಕೆನರಾ ಬ್ಯಾಂಕ್",
        "name:pa": "ਕੇਨਰਾ ਬੈਂਕ",
        "name:pnb": "کینرا بینک",
        "name:ur": "کینرا بینک",
        "operator": "Canara Bank",
        "operator:wikidata": "Q2003777"
      },
      "geometry": {
        "type": "Point",
        "coordinates": [
          80.6317022,
          16.5140771
        ]
      },
      "id": "node/11671770863"
    },
    {
      "type": "Feature",
      "properties": {
        "@id": "node/11687222909",
        "amenity": "atm",
        "brand": "State Bank of India",
        "brand:wikidata": "Q1340361",
        "check_date": "2024-03-03",
        "operator": "State Bank of India",
        "operator:wikidata": "Q1340361",
        "short_name": "SBI"
      },
      "geometry": {
        "type": "Point",
        "coordinates": [
          80.4542862,
          16.2963594
        ]
      },
      "id": "node/11687222909"
    },
    {
      "type": "Feature",
      "properties": {
        "@id": "node/11687227888",
        "amenity": "atm",
        "check_date": "2024-03-03",
        "operator": "Hitachi"
      },
      "geometry": {
        "type": "Point",
        "coordinates": [
          80.4893774,
          16.341071
        ]
      },
      "id": "node/11687227888"
    },
    {
      "type": "Feature",
      "properties": {
        "@id": "node/11687250242",
        "amenity": "atm",
        "brand": "Axis Bank",
        "brand:wikidata": "Q2003549",
        "check_date": "2024-03-03",
        "operator": "Axis Bank",
        "operator:wikidata": "Q2003549"
      },
      "geometry": {
        "type": "Point",
        "coordinates": [
          80.5946449,
          16.446618
        ]
      },
      "id": "node/11687250242"
    },
    {
      "type": "Feature",
      "properties": {
        "@id": "node/11687288034",
        "amenity": "atm",
        "brand": "Hitachi",
        "brand:wikidata": "Q53238",
        "check_date": "2024-03-03",
        "operator": "Hitachi"
      },
      "geometry": {
        "type": "Point",
        "coordinates": [
          80.6161222,
          16.5088621
        ]
      },
      "id": "node/11687288034"
    },
    {
      "type": "Feature",
      "properties": {
        "@id": "node/11687288046",
        "amenity": "atm",
        "brand": "State Bank of India",
        "brand:wikidata": "Q1340361",
        "check_date": "2024-03-03",
        "operator": "State Bank of India",
        "operator:wikidata": "Q1340361",
        "short_name": "SBI"
      },
      "geometry": {
        "type": "Point",
        "coordinates": [
          80.6302043,
          16.5112477
        ]
      },
      "id": "node/11687288046"
    },
    {
      "type": "Feature",
      "properties": {
        "@id": "node/11690446184",
        "amenity": "atm",
        "brand": "State Bank of India",
        "brand:wikidata": "Q1340361",
        "operator": "State Bank of India",
        "operator:wikidata": "Q1340361",
        "short_name": "SBI"
      },
      "geometry": {
        "type": "Point",
        "coordinates": [
          83.3041649,
          17.7349278
        ]
      },
      "id": "node/11690446184"
    },
    {
      "type": "Feature",
      "properties": {
        "@id": "node/11691278517",
        "amenity": "atm",
        "brand": "Canara Bank",
        "brand:en": "Canara Bank",
        "brand:hi": "केनरा बैंक",
        "brand:kn": "ಕೆನರಾ ಬ್ಯಾಂಕ್",
        "brand:pa": "ਕੇਨਰਾ ਬੈਂਕ",
        "brand:pnb": "کینرا بینک",
        "brand:ur": "کینرا بینک",
        "brand:wikidata": "Q2003777",
        "check_date": "2025-07-10",
        "name": "CANARA BANK ATM",
        "name:en": "Canara Bank",
        "name:hi": "केनरा बैंक",
        "name:kn": "ಕೆನರಾ ಬ್ಯಾಂಕ್",
        "name:pa": "ਕੇਨਰਾ ਬੈਂਕ",
        "name:pnb": "کینرا بینک",
        "name:ur": "کینرا بینک",
        "operator": "Canara Bank",
        "operator:wikidata": "Q2003777"
      },
      "geometry": {
        "type": "Point",
        "coordinates": [
          80.6925781,
          16.5204305
        ]
      },
      "id": "node/11691278517"
    },
    {
      "type": "Feature",
      "properties": {
        "@id": "node/11691375855",
        "amenity": "atm",
        "check_date": "2025-07-10",
        "currency:INR": "yes",
        "network": "Axis Bank ATM"
      },
      "geometry": {
        "type": "Point",
        "coordinates": [
          80.6917432,
          16.5208359
        ]
      },
      "id": "node/11691375855"
    },
    {
      "type": "Feature",
      "properties": {
        "@id": "node/11691382010",
        "amenity": "atm",
        "check_date": "2025-07-10",
        "currency:INR": "yes",
        "network": "SBI"
      },
      "geometry": {
        "type": "Point",
        "coordinates": [
          80.6917136,
          16.5208584
        ]
      },
      "id": "node/11691382010"
    },
    {
      "type": "Feature",
      "properties": {
        "@id": "node/11697416891",
        "amenity": "atm",
        "brand": "Bank of Baroda",
        "brand:wikidata": "Q2003797",
        "check_date": "2024-06-18",
        "operator": "Bank of Baroda",
        "operator:wikidata": "Q2003797"
      },
      "geometry": {
        "type": "Point",
        "coordinates": [
          80.6379743,
          16.5227901
        ]
      },
      "id": "node/11697416891"
    },
    {
      "type": "Feature",
      "properties": {
        "@id": "node/11697416893",
        "amenity": "atm",
        "brand": "Union Bank of India",
        "brand:wikidata": "Q2004078",
        "check_date": "2024-06-18",
        "operator": "Union Bank of India",
        "operator:wikidata": "Q2004078"
      },
      "geometry": {
        "type": "Point",
        "coordinates": [
          80.6384877,
          16.5240734
        ]
      },
      "id": "node/11697416893"
    },
    {
      "type": "Feature",
      "properties": {
        "@id": "node/11697416904",
        "amenity": "atm",
        "brand": "HDFC Bank",
        "brand:wikidata": "Q631047",
        "check_date": "2024-03-06",
        "operator": "HDFC Bank",
        "operator:wikidata": "Q631047",
        "short_name": "HDFC"
      },
      "geometry": {
        "type": "Point",
        "coordinates": [
          80.6379187,
          16.5377165
        ]
      },
      "id": "node/11697416904"
    },
    {
      "type": "Feature",
      "properties": {
        "@id": "node/11697633215",
        "amenity": "atm",
        "brand": "Axis Bank",
        "brand:wikidata": "Q2003549",
        "check_date": "2024-03-06",
        "operator": "Axis Bank",
        "operator:wikidata": "Q2003549"
      },
      "geometry": {
        "type": "Point",
        "coordinates": [
          80.6424983,
          16.5148227
        ]
      },
      "id": "node/11697633215"
    },
    {
      "type": "Feature",
      "properties": {
        "@id": "node/11703280572",
        "amenity": "atm",
        "brand": "State Bank of India",
        "brand:wikidata": "Q1340361",
        "check_date": "2024-03-08",
        "operator": "State Bank of India",
        "operator:wikidata": "Q1340361",
        "short_name": "SBI"
      },
      "geometry": {
        "type": "Point",
        "coordinates": [
          83.2911525,
          17.7210501
        ]
      },
      "id": "node/11703280572"
    },
    {
      "type": "Feature",
      "properties": {
        "@id": "node/11703280573",
        "amenity": "atm",
        "brand": "Indian Overseas Bank",
        "brand:wikidata": "Q2003611",
        "check_date": "2024-03-08",
        "operator": "Indian Overseas Bank",
        "operator:wikidata": "Q2003611"
      },
      "geometry": {
        "type": "Point",
        "coordinates": [
          83.2911197,
          17.7210344
        ]
      },
      "id": "node/11703280573"
    },
    {
      "type": "Feature",
      "properties": {
        "@id": "node/11703280575",
        "amenity": "atm",
        "brand": "State Bank of India",
        "brand:wikidata": "Q1340361",
        "check_date": "2024-03-08",
        "operator": "State Bank of India",
        "operator:wikidata": "Q1340361",
        "short_name": "SBI"
      },
      "geometry": {
        "type": "Point",
        "coordinates": [
          83.2789182,
          17.7319933
        ]
      },
      "id": "node/11703280575"
    },
    {
      "type": "Feature",
      "properties": {
        "@id": "node/11703280576",
        "amenity": "atm",
        "brand": "India1 ATM",
        "brand:wikidata": "Q134601469",
        "check_date": "2024-03-08",
        "operator": "India1"
      },
      "geometry": {
        "type": "Point",
        "coordinates": [
          83.2789481,
          17.7320022
        ]
      },
      "id": "node/11703280576"
    },
    {
      "type": "Feature",
      "properties": {
        "@id": "node/11703280584",
        "amenity": "atm",
        "brand": "Canara Bank",
        "brand:en": "Canara Bank",
        "brand:hi": "केनरा बैंक",
        "brand:kn": "ಕೆನರಾ ಬ್ಯಾಂಕ್",
        "brand:pa": "ਕੇਨਰਾ ਬੈਂਕ",
        "brand:pnb": "کینرا بینک",
        "brand:ur": "کینرا بینک",
        "brand:wikidata": "Q2003777",
        "check_date": "2024-03-08",
        "name:en": "Canara Bank",
        "name:hi": "केनरा बैंक",
        "name:kn": "ಕೆನರಾ ಬ್ಯಾಂಕ್",
        "name:pa": "ਕੇਨਰਾ ਬੈਂਕ",
        "name:pnb": "کینرا بینک",
        "name:ur": "کینرا بینک",
        "operator": "Canara Bank",
        "operator:wikidata": "Q2003777"
      },
      "geometry": {
        "type": "Point",
        "coordinates": [
          83.266596,
          17.735845
        ]
      },
      "id": "node/11703280584"
    },
    {
      "type": "Feature",
      "properties": {
        "@id": "node/11703280597",
        "amenity": "atm",
        "check_date": "2024-03-08",
        "operator": "India1"
      },
      "geometry": {
        "type": "Point",
        "coordinates": [
          83.2272113,
          17.7438911
        ]
      },
      "id": "node/11703280597"
    },
    {
      "type": "Feature",
      "properties": {
        "@id": "node/11707300815",
        "amenity": "atm",
        "brand": "State Bank of India",
        "brand:wikidata": "Q1340361",
        "check_date": "2024-03-09",
        "operator": "State Bank of India",
        "operator:wikidata": "Q1340361",
        "short_name": "SBI"
      },
      "geometry": {
        "type": "Point",
        "coordinates": [
          83.4208666,
          18.1093016
        ]
      },
      "id": "node/11707300815"
    },
    {
      "type": "Feature",
      "properties": {
        "@id": "node/11707300818",
        "amenity": "atm",
        "check_date": "2024-03-09",
        "operator": "India1"
      },
      "geometry": {
        "type": "Point",
        "coordinates": [
          83.411285,
          18.0859064
        ]
      },
      "id": "node/11707300818"
    },
    {
      "type": "Feature",
      "properties": {
        "@id": "node/11738910163",
        "amenity": "atm",
        "check_date": "2024-03-17",
        "operator": "Hitachi"
      },
      "geometry": {
        "type": "Point",
        "coordinates": [
          83.3590218,
          17.83756
        ]
      },
      "id": "node/11738910163"
    },
    {
      "type": "Feature",
      "properties": {
        "@id": "node/11741089427",
        "amenity": "atm",
        "check_date": "2024-03-18",
        "operator": "India1"
      },
      "geometry": {
        "type": "Point",
        "coordinates": [
          83.2434876,
          17.7721517
        ]
      },
      "id": "node/11741089427"
    },
    {
      "type": "Feature",
      "properties": {
        "@id": "node/11741096309",
        "amenity": "atm",
        "brand": "State Bank of India",
        "brand:wikidata": "Q1340361",
        "check_date": "2024-03-18",
        "operator": "State Bank of India",
        "operator:wikidata": "Q1340361",
        "short_name": "SBI"
      },
      "geometry": {
        "type": "Point",
        "coordinates": [
          83.3578951,
          17.7836808
        ]
      },
      "id": "node/11741096309"
    },
    {
      "type": "Feature",
      "properties": {
        "@id": "node/11778473910",
        "amenity": "atm",
        "brand": "Axis Bank",
        "level": "0",
        "operator": "Axis Bank",
        "wheelchair": "no"
      },
      "geometry": {
        "type": "Point",
        "coordinates": [
          82.2323303,
          16.9530181
        ]
      },
      "id": "node/11778473910"
    },
    {
      "type": "Feature",
      "properties": {
        "@id": "node/11779950224",
        "amenity": "atm",
        "brand": "State Bank of India",
        "brand:wikidata": "Q1340361",
        "check_date": "2024-04-02",
        "operator": "State Bank of India",
        "operator:wikidata": "Q1340361",
        "short_name": "SBI"
      },
      "geometry": {
        "type": "Point",
        "coordinates": [
          81.5199007,
          16.5367542
        ]
      },
      "id": "node/11779950224"
    },
    {
      "type": "Feature",
      "properties": {
        "@id": "node/11787673644",
        "amenity": "atm",
        "name": "State bank of india"
      },
      "geometry": {
        "type": "Point",
        "coordinates": [
          82.236928,
          16.9728164
        ]
      },
      "id": "node/11787673644"
    },
    {
      "type": "Feature",
      "properties": {
        "@id": "node/11816052012",
        "amenity": "atm",
        "brand": "Kotak Mahindra Bank",
        "brand:wikidata": "Q2040404",
        "operator": "Kotak Mahindra Bank",
        "operator:wikidata": "Q2040404"
      },
      "geometry": {
        "type": "Point",
        "coordinates": [
          83.3405137,
          17.7323903
        ]
      },
      "id": "node/11816052012"
    },
    {
      "type": "Feature",
      "properties": {
        "@id": "node/11831483658",
        "amenity": "atm",
        "brand": "State Bank of India",
        "brand:wikidata": "Q1340361",
        "operator": "State Bank of India",
        "operator:wikidata": "Q1340361",
        "short_name": "SBI"
      },
      "geometry": {
        "type": "Point",
        "coordinates": [
          83.1899646,
          17.9014011
        ]
      },
      "id": "node/11831483658"
    },
    {
      "type": "Feature",
      "properties": {
        "@id": "node/11851269087",
        "amenity": "atm",
        "brand": "Union Bank of India",
        "brand:wikidata": "Q2004078",
        "operator": "Union Bank of India",
        "operator:wikidata": "Q2004078"
      },
      "geometry": {
        "type": "Point",
        "coordinates": [
          83.2535664,
          17.7400858
        ]
      },
      "id": "node/11851269087"
    },
    {
      "type": "Feature",
      "properties": {
        "@id": "node/11874836863",
        "amenity": "atm",
        "check_date": "2024-04-14",
        "operator": "India1"
      },
      "geometry": {
        "type": "Point",
        "coordinates": [
          83.3206431,
          17.736152
        ]
      },
      "id": "node/11874836863"
    },
    {
      "type": "Feature",
      "properties": {
        "@id": "node/11874836864",
        "amenity": "atm",
        "check_date": "2024-04-14",
        "operator": "indicash"
      },
      "geometry": {
        "type": "Point",
        "coordinates": [
          83.320609,
          17.7361452
        ]
      },
      "id": "node/11874836864"
    },
    {
      "type": "Feature",
      "properties": {
        "@id": "node/11891802876",
        "amenity": "atm",
        "check_date": "2024-05-08",
        "operator": "Hitachi"
      },
      "geometry": {
        "type": "Point",
        "coordinates": [
          82.0237459,
          17.4794199
        ]
      },
      "id": "node/11891802876"
    },
    {
      "type": "Feature",
      "properties": {
        "@id": "node/11924992976",
        "amenity": "atm",
        "brand": "State Bank of India",
        "brand:wikidata": "Q1340361",
        "cash_in": "yes",
        "currency:INR": "yes",
        "drive_through": "no",
        "name": "State Bank of India",
        "network": "State Bank of India",
        "operator": "State Bank of India",
        "operator:wikidata": "Q1340361",
        "short_name": "SBI"
      },
      "geometry": {
        "type": "Point",
        "coordinates": [
          79.794289,
          13.386291
        ]
      },
      "id": "node/11924992976"
    },
    {
      "type": "Feature",
      "properties": {
        "@id": "node/11924992977",
        "amenity": "atm",
        "cash_in": "yes",
        "currency:INR": "yes",
        "drive_through": "no",
        "network": "Hitaachi",
        "operator": "Hitaachi"
      },
      "geometry": {
        "type": "Point",
        "coordinates": [
          79.7939447,
          13.3883129
        ]
      },
      "id": "node/11924992977"
    },
    {
      "type": "Feature",
      "properties": {
        "@id": "node/11978019115",
        "amenity": "atm",
        "cash_in": "no",
        "currency:INR": "yes",
        "operator": "Andhra Bank"
      },
      "geometry": {
        "type": "Point",
        "coordinates": [
          80.9125122,
          16.0214056
        ]
      },
      "id": "node/11978019115"
    },
    {
      "type": "Feature",
      "properties": {
        "@id": "node/11978033014",
        "amenity": "atm",
        "currency:INR": "yes"
      },
      "geometry": {
        "type": "Point",
        "coordinates": [
          80.9127602,
          16.0216777
        ]
      },
      "id": "node/11978033014"
    },
    {
      "type": "Feature",
      "properties": {
        "@id": "node/11978903419",
        "amenity": "atm",
        "brand": "State Bank of India",
        "brand:wikidata": "Q1340361",
        "check_date": "2024-06-18",
        "name": "SBI ATM",
        "operator": "State Bank of India",
        "operator:wikidata": "Q1340361",
        "short_name": "SBI"
      },
      "geometry": {
        "type": "Point",
        "coordinates": [
          80.6377851,
          16.5216041
        ]
      },
      "id": "node/11978903419"
    },
    {
      "type": "Feature",
      "properties": {
        "@id": "node/11980538387",
        "amenity": "atm",
        "brand": "Indian Bank",
        "brand:wikidata": "Q2003789",
        "currency:INR": "yes",
        "operator": "Indian Bank",
        "operator:wikidata": "Q2003789"
      },
      "geometry": {
        "type": "Point",
        "coordinates": [
          80.9172366,
          16.0265721
        ]
      },
      "id": "node/11980538387"
    },
    {
      "type": "Feature",
      "properties": {
        "@id": "node/11980635709",
        "amenity": "atm",
        "brand": "State Bank of India",
        "brand:wikidata": "Q1340361",
        "currency:INR": "yes",
        "operator": "State Bank of India",
        "operator:wikidata": "Q1340361",
        "short_name": "SBI"
      },
      "geometry": {
        "type": "Point",
        "coordinates": [
          80.9176833,
          16.0270675
        ]
      },
      "id": "node/11980635709"
    },
    {
      "type": "Feature",
      "properties": {
        "@id": "node/11980854844",
        "amenity": "atm",
        "branch": "State bank of india",
        "brand": "Bapatla MLA",
        "check_date": "2024-06-14",
        "indoor": "yes",
        "operator": "ATM",
        "wheelchair": "yes"
      },
      "geometry": {
        "type": "Point",
        "coordinates": [
          80.4716786,
          15.9121219
        ]
      },
      "id": "node/11980854844"
    },
    {
      "type": "Feature",
      "properties": {
        "@id": "node/11982168142",
        "amenity": "atm",
        "check_date": "2024-06-15",
        "currency:INR": "yes",
        "drive_through": "yes"
      },
      "geometry": {
        "type": "Point",
        "coordinates": [
          81.8377697,
          16.7560235
        ]
      },
      "id": "node/11982168142"
    },
    {
      "type": "Feature",
      "properties": {
        "@id": "node/11982168155",
        "amenity": "atm",
        "brand": "Bank of Baroda",
        "brand:wikidata": "Q2003797",
        "check_date": "2024-06-15",
        "operator": "Bank of Baroda",
        "operator:wikidata": "Q2003797"
      },
      "geometry": {
        "type": "Point",
        "coordinates": [
          81.8428805,
          16.76248
        ]
      },
      "id": "node/11982168155"
    },
    {
      "type": "Feature",
      "properties": {
        "@id": "node/11982168156",
        "amenity": "atm",
        "brand": "Bank of India",
        "brand:wikidata": "Q2004439",
        "check_date": "2024-06-15",
        "operator": "Bank of India",
        "operator:wikidata": "Q2004439"
      },
      "geometry": {
        "type": "Point",
        "coordinates": [
          81.8431106,
          16.7621478
        ]
      },
      "id": "node/11982168156"
    },
    {
      "type": "Feature",
      "properties": {
        "@id": "node/11982632627",
        "amenity": "atm",
        "check_date": "2024-06-15"
      },
      "geometry": {
        "type": "Point",
        "coordinates": [
          83.3478626,
          17.8213187
        ]
      },
      "id": "node/11982632627"
    },
    {
      "type": "Feature",
      "properties": {
        "@id": "node/11982634285",
        "amenity": "atm",
        "check_date": "2024-06-15"
      },
      "geometry": {
        "type": "Point",
        "coordinates": [
          83.3550798,
          17.8234805
        ]
      },
      "id": "node/11982634285"
    },
    {
      "type": "Feature",
      "properties": {
        "@id": "node/11982982902",
        "amenity": "atm",
        "check_date": "2024-06-15"
      },
      "geometry": {
        "type": "Point",
        "coordinates": [
          78.0581565,
          15.7747044
        ]
      },
      "id": "node/11982982902"
    },
    {
      "type": "Feature",
      "properties": {
        "@id": "node/11983467059",
        "amenity": "atm",
        "check_date": "2024-06-15"
      },
      "geometry": {
        "type": "Point",
        "coordinates": [
          78.0379744,
          15.8114314
        ]
      },
      "id": "node/11983467059"
    },
    {
      "type": "Feature",
      "properties": {
        "@id": "node/11987175647",
        "amenity": "atm",
        "cash_in": "no",
        "check_date": "2024-06-17",
        "drive_through": "no"
      },
      "geometry": {
        "type": "Point",
        "coordinates": [
          80.7680505,
          16.433664
        ]
      },
      "id": "node/11987175647"
    },
    {
      "type": "Feature",
      "properties": {
        "@id": "node/11987182220",
        "amenity": "atm",
        "cash_in": "no",
        "check_date": "2024-06-17",
        "drive_through": "no",
        "operator": "Axis"
      },
      "geometry": {
        "type": "Point",
        "coordinates": [
          80.7678911,
          16.4342702
        ]
      },
      "id": "node/11987182220"
    },
    {
      "type": "Feature",
      "properties": {
        "@id": "node/11987182221",
        "amenity": "atm",
        "cash_in": "no",
        "check_date": "2024-06-17",
        "drive_through": "no",
        "operator": "STATE BANK OF INDIA"
      },
      "geometry": {
        "type": "Point",
        "coordinates": [
          80.7677396,
          16.4344603
        ]
      },
      "id": "node/11987182221"
    },
    {
      "type": "Feature",
      "properties": {
        "@id": "node/11989735227",
        "amenity": "atm"
      },
      "geometry": {
        "type": "Point",
        "coordinates": [
          80.5760656,
          16.4834066
        ]
      },
      "id": "node/11989735227"
    },
    {
      "type": "Feature",
      "properties": {
        "@id": "node/11993388846",
        "amenity": "atm",
        "cash_in": "no",
        "check_date": "2024-06-20"
      },
      "geometry": {
        "type": "Point",
        "coordinates": [
          80.4667553,
          15.9094556
        ]
      },
      "id": "node/11993388846"
    },
    {
      "type": "Feature",
      "properties": {
        "@id": "node/11993388856",
        "amenity": "atm",
        "brand": "Chase",
        "brand:wikidata": "Q524629",
        "cash_in": "no",
        "check_date": "2024-06-20",
        "operator": "Chase",
        "operator:wikidata": "Q524629"
      },
      "geometry": {
        "type": "Point",
        "coordinates": [
          80.4649211,
          15.9057554
        ]
      },
      "id": "node/11993388856"
    },
    {
      "type": "Feature",
      "properties": {
        "@id": "node/11993416873",
        "amenity": "atm",
        "check_date": "2024-06-20"
      },
      "geometry": {
        "type": "Point",
        "coordinates": [
          80.4694769,
          15.8997022
        ]
      },
      "id": "node/11993416873"
    },
    {
      "type": "Feature",
      "properties": {
        "@id": "node/11998358879",
        "amenity": "atm",
        "check_date": "2024-06-21"
      },
      "geometry": {
        "type": "Point",
        "coordinates": [
          78.4836584,
          15.4861841
        ]
      },
      "id": "node/11998358879"
    },
    {
      "type": "Feature",
      "properties": {
        "@id": "node/12007389244",
        "amenity": "atm",
        "brand": "State Bank of India",
        "brand:wikidata": "Q1340361",
        "check_date": "2024-06-23",
        "operator": "State Bank of India",
        "operator:wikidata": "Q1340361",
        "short_name": "SBI"
      },
      "geometry": {
        "type": "Point",
        "coordinates": [
          80.5256739,
          16.1985095
        ]
      },
      "id": "node/12007389244"
    },
    {
      "type": "Feature",
      "properties": {
        "@id": "node/12104196996",
        "amenity": "atm",
        "cash_in": "no",
        "check_date": "2024-08-11",
        "currency:INR": "yes",
        "drive_through": "no",
        "network": "India 1",
        "operator": "India 1 ATM"
      },
      "geometry": {
        "type": "Point",
        "coordinates": [
          83.4047978,
          18.0459069
        ]
      },
      "id": "node/12104196996"
    },
    {
      "type": "Feature",
      "properties": {
        "@id": "node/12160012515",
        "amenity": "atm",
        "brand": "Canara Bank",
        "brand:en": "Canara Bank",
        "brand:hi": "केनरा बैंक",
        "brand:kn": "ಕೆನರಾ ಬ್ಯಾಂಕ್",
        "brand:pa": "ਕੇਨਰਾ ਬੈਂਕ",
        "brand:pnb": "کینرا بینک",
        "brand:ur": "کینرا بینک",
        "brand:wikidata": "Q2003777",
        "check_date": "2024-09-06",
        "name:en": "Canara Bank",
        "name:hi": "केनरा बैंक",
        "name:kn": "ಕೆನರಾ ಬ್ಯಾಂಕ್",
        "name:pa": "ਕੇਨਰਾ ਬੈਂਕ",
        "name:pnb": "کینرا بینک",
        "name:ur": "کینرا بینک",
        "operator": "Canara Bank",
        "operator:wikidata": "Q2003777"
      },
      "geometry": {
        "type": "Point",
        "coordinates": [
          80.6698273,
          16.5154239
        ]
      },
      "id": "node/12160012515"
    },
    {
      "type": "Feature",
      "properties": {
        "@id": "node/12171291793",
        "amenity": "atm",
        "brand": "Andhra Bank",
        "brand:wikidata": "Q2003476",
        "cash_in": "yes",
        "name": "Union bank",
        "operator": "Andhra Bank",
        "operator:wikidata": "Q2003476"
      },
      "geometry": {
        "type": "Point",
        "coordinates": [
          81.0018134,
          16.4224941
        ]
      },
      "id": "node/12171291793"
    },
    {
      "type": "Feature",
      "properties": {
        "@id": "node/12193009497",
        "amenity": "atm",
        "brand": "State Bank of India",
        "brand:wikidata": "Q1340361",
        "name": "State Bank of India",
        "operator": "State Bank of India",
        "operator:wikidata": "Q1340361",
        "short_name": "SBI"
      },
      "geometry": {
        "type": "Point",
        "coordinates": [
          80.6059416,
          16.5326374
        ]
      },
      "id": "node/12193009497"
    },
    {
      "type": "Feature",
      "properties": {
        "@id": "node/12203546226",
        "amenity": "atm",
        "name": "Bank of India"
      },
      "geometry": {
        "type": "Point",
        "coordinates": [
          83.2145751,
          17.7851998
        ]
      },
      "id": "node/12203546226"
    },
    {
      "type": "Feature",
      "properties": {
        "@id": "node/12203557789",
        "amenity": "atm",
        "name": "India1"
      },
      "geometry": {
        "type": "Point",
        "coordinates": [
          83.2168151,
          17.7759176
        ]
      },
      "id": "node/12203557789"
    },
    {
      "type": "Feature",
      "properties": {
        "@id": "node/12213464236",
        "amenity": "atm",
        "brand": "HDFC Bank",
        "brand:wikidata": "Q631047",
        "operator": "HDFC Bank",
        "operator:wikidata": "Q631047",
        "short_name": "HDFC"
      },
      "geometry": {
        "type": "Point",
        "coordinates": [
          83.2091524,
          17.8056315
        ]
      },
      "id": "node/12213464236"
    },
    {
      "type": "Feature",
      "properties": {
        "@id": "node/12252285118",
        "amenity": "atm",
        "brand": "State Bank of India",
        "brand:wikidata": "Q1340361",
        "operator": "State Bank of India",
        "operator:wikidata": "Q1340361",
        "short_name": "SBI"
      },
      "geometry": {
        "type": "Point",
        "coordinates": [
          81.7775589,
          17.007655
        ]
      },
      "id": "node/12252285118"
    },
    {
      "type": "Feature",
      "properties": {
        "@id": "node/12252297166",
        "amenity": "atm"
      },
      "geometry": {
        "type": "Point",
        "coordinates": [
          82.5181413,
          17.4449295
        ]
      },
      "id": "node/12252297166"
    },
    {
      "type": "Feature",
      "properties": {
        "@id": "node/12254695774",
        "amenity": "atm"
      },
      "geometry": {
        "type": "Point",
        "coordinates": [
          81.1372992,
          16.1875552
        ]
      },
      "id": "node/12254695774"
    },
    {
      "type": "Feature",
      "properties": {
        "@id": "node/12254695775",
        "amenity": "atm",
        "operator": "INDIAN BANK ATM"
      },
      "geometry": {
        "type": "Point",
        "coordinates": [
          81.1045152,
          16.1599421
        ]
      },
      "id": "node/12254695775"
    },
    {
      "type": "Feature",
      "properties": {
        "@id": "node/12254695776",
        "amenity": "atm"
      },
      "geometry": {
        "type": "Point",
        "coordinates": [
          81.104652,
          16.1596518
        ]
      },
      "id": "node/12254695776"
    },
    {
      "type": "Feature",
      "properties": {
        "@id": "node/12254695780",
        "amenity": "atm"
      },
      "geometry": {
        "type": "Point",
        "coordinates": [
          81.1310551,
          16.1778373
        ]
      },
      "id": "node/12254695780"
    },
    {
      "type": "Feature",
      "properties": {
        "@id": "node/12254742367",
        "amenity": "atm",
        "brand": "State Bank of India",
        "brand:wikidata": "Q1340361",
        "operator": "State Bank of India",
        "operator:wikidata": "Q1340361",
        "short_name": "SBI"
      },
      "geometry": {
        "type": "Point",
        "coordinates": [
          81.1577184,
          16.1953119
        ]
      },
      "id": "node/12254742367"
    },
    {
      "type": "Feature",
      "properties": {
        "@id": "node/12258653584",
        "amenity": "atm",
        "check_date": "2024-10-17",
        "operator": "India1"
      },
      "geometry": {
        "type": "Point",
        "coordinates": [
          83.3985182,
          18.1093087
        ]
      },
      "id": "node/12258653584"
    },
    {
      "type": "Feature",
      "properties": {
        "@id": "node/12258732755",
        "amenity": "atm",
        "brand": "State Bank of India",
        "brand:wikidata": "Q1340361",
        "check_date": "2024-10-17",
        "operator": "State Bank of India",
        "operator:wikidata": "Q1340361",
        "short_name": "SBI"
      },
      "geometry": {
        "type": "Point",
        "coordinates": [
          83.39636,
          18.1115463
        ]
      },
      "id": "node/12258732755"
    },
    {
      "type": "Feature",
      "properties": {
        "@id": "node/12270857652",
        "amenity": "atm",
        "brand": "Union Bank",
        "cash_in": "yes",
        "currency:INR": "yes",
        "level": "0",
        "name": "Union Bank ATM",
        "opening_hours": "24/7",
        "operator": "Union Bank"
      },
      "geometry": {
        "type": "Point",
        "coordinates": [
          81.7831024,
          17.0070516
        ]
      },
      "id": "node/12270857652"
    },
    {
      "type": "Feature",
      "properties": {
        "@id": "node/12304141628",
        "amenity": "atm",
        "brand": "State Bank of India",
        "brand:wikidata": "Q1340361",
        "check_date": "2024-11-01",
        "operator": "State Bank of India",
        "operator:wikidata": "Q1340361",
        "short_name": "SBI"
      },
      "geometry": {
        "type": "Point",
        "coordinates": [
          83.3906723,
          18.1099849
        ]
      },
      "id": "node/12304141628"
    },
    {
      "type": "Feature",
      "properties": {
        "@id": "node/12383747002",
        "addr:city": "Vizianagaram",
        "addr:district": "Vizianagaram",
        "addr:housenumber": "57",
        "addr:postcode": "535002",
        "addr:street": "Vijaya Lakshmi Nagar",
        "amenity": "atm",
        "atm": "no",
        "branch": "Kothapeta",
        "brand": "Andhra Pradesh Grameena Vikas Bank",
        "brand:en": "Andhra Pradesh Grameena Vikas Bank",
        "brand:te": "ఆంధ్ర‌ప్ర‌దేశ్ గ్రామీణ వికాస్ బ్యాంక్",
        "brand:wikidata": "Q18109664",
        "currency:INR": "yes",
        "drive_through": "no",
        "internet_access": "wired",
        "name": "Andhra Pradesh Grameena Vikas Bank",
        "name:en": "Andhra Pradesh Grameena Vikas Bank",
        "name:te": "ఆంధ్ర‌ప్ర‌దేశ్ గ్రామీణ వికాస్ బ్యాంక్",
        "opening_hours": "Mo-Sa 09:00-18:00",
        "operator": "Andhra Pradesh Grameena Vikas Bank",
        "operator:wikidata": "Q18109664"
      },
      "geometry": {
        "type": "Point",
        "coordinates": [
          83.4178269,
          18.1227814
        ]
      },
      "id": "node/12383747002"
    },
    {
      "type": "Feature",
      "properties": {
        "@id": "node/12434974244",
        "amenity": "atm",
        "brand": "Karur Vysya Bank",
        "brand:wikidata": "Q6373724",
        "check_date": "2024-12-20",
        "operator": "Karur Vysya Bank",
        "operator:wikidata": "Q6373724"
      },
      "geometry": {
        "type": "Point",
        "coordinates": [
          80.6243743,
          16.5073154
        ]
      },
      "id": "node/12434974244"
    },
    {
      "type": "Feature",
      "properties": {
        "@id": "node/12531604363",
        "amenity": "atm",
        "name": "Kotak Mahindra ATM"
      },
      "geometry": {
        "type": "Point",
        "coordinates": [
          83.3130643,
          17.7347179
        ]
      },
      "id": "node/12531604363"
    },
    {
      "type": "Feature",
      "properties": {
        "@id": "node/12596260297",
        "amenity": "atm",
        "operator": "TATA Indicash atm"
      },
      "geometry": {
        "type": "Point",
        "coordinates": [
          80.1135979,
          15.5458518
        ]
      },
      "id": "node/12596260297"
    },
    {
      "type": "Feature",
      "properties": {
        "@id": "node/12596352686",
        "amenity": "atm",
        "operator": "India1 ATM"
      },
      "geometry": {
        "type": "Point",
        "coordinates": [
          80.0421623,
          15.5110537
        ]
      },
      "id": "node/12596352686"
    },
    {
      "type": "Feature",
      "properties": {
        "@id": "node/12596427222",
        "amenity": "atm",
        "operator": "indicash atm"
      },
      "geometry": {
        "type": "Point",
        "coordinates": [
          80.0417097,
          15.5119108
        ]
      },
      "id": "node/12596427222"
    },
    {
      "type": "Feature",
      "properties": {
        "@id": "node/12597205020",
        "amenity": "atm",
        "brand": "South Indian Bank",
        "brand:wikidata": "Q2044973",
        "check_date": "2025-07-10",
        "operator": "South Indian Bank",
        "operator:wikidata": "Q2044973"
      },
      "geometry": {
        "type": "Point",
        "coordinates": [
          80.6152611,
          16.5205561
        ]
      },
      "id": "node/12597205020"
    },
    {
      "type": "Feature",
      "properties": {
        "@id": "node/12597538218",
        "amenity": "atm",
        "check_date": "2025-02-17",
        "operator": "Hitachi"
      },
      "geometry": {
        "type": "Point",
        "coordinates": [
          79.4259987,
          13.6290789
        ]
      },
      "id": "node/12597538218"
    },
    {
      "type": "Feature",
      "properties": {
        "@id": "node/12597538219",
        "amenity": "atm",
        "brand": "State Bank of India",
        "brand:wikidata": "Q1340361",
        "check_date": "2025-02-17",
        "operator": "State Bank of India",
        "operator:wikidata": "Q1340361",
        "short_name": "SBI"
      },
      "geometry": {
        "type": "Point",
        "coordinates": [
          79.425994,
          13.6291627
        ]
      },
      "id": "node/12597538219"
    },
    {
      "type": "Feature",
      "properties": {
        "@id": "node/12597538221",
        "amenity": "atm",
        "brand": "Bank of Baroda",
        "brand:wikidata": "Q2003797",
        "check_date": "2025-02-17",
        "operator": "Bank of Baroda",
        "operator:wikidata": "Q2003797"
      },
      "geometry": {
        "type": "Point",
        "coordinates": [
          79.4260102,
          13.6290019
        ]
      },
      "id": "node/12597538221"
    },
    {
      "type": "Feature",
      "properties": {
        "@id": "node/12597538222",
        "amenity": "atm",
        "brand": "Tamilnad Mercantile Bank Limited",
        "brand:wikidata": "Q2044991",
        "check_date": "2025-02-17",
        "operator": "Tamilnad Mercantile Bank Limited",
        "operator:wikidata": "Q2044991"
      },
      "geometry": {
        "type": "Point",
        "coordinates": [
          79.4260015,
          13.6289556
        ]
      },
      "id": "node/12597538222"
    },
    {
      "type": "Feature",
      "properties": {
        "@id": "node/12597538223",
        "amenity": "atm",
        "check_date": "2025-02-17",
        "operator": "DCC Bank"
      },
      "geometry": {
        "type": "Point",
        "coordinates": [
          79.425975,
          13.6289253
        ]
      },
      "id": "node/12597538223"
    },
    {
      "type": "Feature",
      "properties": {
        "@id": "node/12597538224",
        "amenity": "atm",
        "brand": "Karur Vysya Bank",
        "brand:wikidata": "Q6373724",
        "check_date": "2025-02-17",
        "operator": "Karur Vysya Bank",
        "operator:wikidata": "Q6373724"
      },
      "geometry": {
        "type": "Point",
        "coordinates": [
          79.4260631,
          13.6292939
        ]
      },
      "id": "node/12597538224"
    },
    {
      "type": "Feature",
      "properties": {
        "@id": "node/12597548145",
        "amenity": "atm",
        "operator": "State Bank Of India ATM"
      },
      "geometry": {
        "type": "Point",
        "coordinates": [
          80.040546,
          15.5122965
        ]
      },
      "id": "node/12597548145"
    },
    {
      "type": "Feature",
      "properties": {
        "@id": "node/12600686234",
        "amenity": "atm",
        "check_date": "2025-02-19",
        "operator": "Indicash"
      },
      "geometry": {
        "type": "Point",
        "coordinates": [
          80.6290905,
          16.3264522
        ]
      },
      "id": "node/12600686234"
    },
    {
      "type": "Feature",
      "properties": {
        "@id": "node/12600686243",
        "amenity": "atm",
        "check_date": "2025-02-19",
        "operator": "India1"
      },
      "geometry": {
        "type": "Point",
        "coordinates": [
          80.6256266,
          16.327558
        ]
      },
      "id": "node/12600686243"
    },
    {
      "type": "Feature",
      "properties": {
        "@id": "node/12600686255",
        "amenity": "atm",
        "check_date": "2025-02-19",
        "operator": "Indicash"
      },
      "geometry": {
        "type": "Point",
        "coordinates": [
          80.6255141,
          16.3274065
        ]
      },
      "id": "node/12600686255"
    },
    {
      "type": "Feature",
      "properties": {
        "@id": "node/12614921675",
        "amenity": "atm",
        "brand": "Bank of India",
        "brand:wikidata": "Q2004439",
        "check_date": "2025-02-24",
        "operator": "Bank of India",
        "operator:wikidata": "Q2004439"
      },
      "geometry": {
        "type": "Point",
        "coordinates": [
          83.2865728,
          17.7215883
        ]
      },
      "id": "node/12614921675"
    },
    {
      "type": "Feature",
      "properties": {
        "@id": "node/12614929414",
        "amenity": "atm",
        "brand": "State Bank of India",
        "brand:wikidata": "Q1340361",
        "check_date": "2025-02-24",
        "operator": "State Bank of India",
        "operator:wikidata": "Q1340361",
        "short_name": "SBI"
      },
      "geometry": {
        "type": "Point",
        "coordinates": [
          83.2750008,
          17.7334673
        ]
      },
      "id": "node/12614929414"
    },
    {
      "type": "Feature",
      "properties": {
        "@id": "node/12696057172",
        "amenity": "atm",
        "operator": "HDFC ATM"
      },
      "geometry": {
        "type": "Point",
        "coordinates": [
          80.6172224,
          16.4488172
        ]
      },
      "id": "node/12696057172"
    },
    {
      "type": "Feature",
      "properties": {
        "@id": "node/12711965094",
        "amenity": "atm",
        "check_date": "2025-03-30",
        "operator": "Kanaka Mahalaxmi Cooperative Bank"
      },
      "geometry": {
        "type": "Point",
        "coordinates": [
          83.2281788,
          17.7442349
        ]
      },
      "id": "node/12711965094"
    },
    {
      "type": "Feature",
      "properties": {
        "@id": "node/12713010163",
        "amenity": "atm",
        "brand": "IndusInd Bank",
        "brand:wikidata": "Q2040323",
        "check_date": "2025-03-30",
        "operator": "IndusInd Bank",
        "operator:wikidata": "Q2040323"
      },
      "geometry": {
        "type": "Point",
        "coordinates": [
          83.2976957,
          17.7121223
        ]
      },
      "id": "node/12713010163"
    },
    {
      "type": "Feature",
      "properties": {
        "@id": "node/12837274564",
        "amenity": "atm",
        "brand": "Union Bank of India",
        "brand:wikidata": "Q2004078",
        "check_date": "2025-05-14",
        "operator": "Union Bank of India",
        "operator:wikidata": "Q2004078"
      },
      "geometry": {
        "type": "Point",
        "coordinates": [
          83.2032013,
          17.7214233
        ]
      },
      "id": "node/12837274564"
    },
    {
      "type": "Feature",
      "properties": {
        "@id": "node/12850765853",
        "amenity": "atm",
        "brand": "Andhra Bank",
        "brand:wikidata": "Q2003476",
        "name": "Andhra Bank ATM",
        "operator": "Andhra Bank",
        "operator:wikidata": "Q2003476"
      },
      "geometry": {
        "type": "Point",
        "coordinates": [
          80.6475677,
          16.5054451
        ]
      },
      "id": "node/12850765853"
    },
    {
      "type": "Feature",
      "properties": {
        "@id": "node/12851032193",
        "amenity": "atm",
        "brand": "Union Bank of India",
        "brand:wikidata": "Q2004078",
        "check_date": "2025-07-11",
        "name": "Union Bank of India",
        "operator": "Union Bank of India",
        "operator:wikidata": "Q2004078"
      },
      "geometry": {
        "type": "Point",
        "coordinates": [
          80.6390016,
          16.512903
        ]
      },
      "id": "node/12851032193"
    },
    {
      "type": "Feature",
      "properties": {
        "@id": "node/12852484411",
        "amenity": "atm",
        "check_date": "2025-05-21",
        "operator": "SBI"
      },
      "geometry": {
        "type": "Point",
        "coordinates": [
          80.6456527,
          16.5064361
        ]
      },
      "id": "node/12852484411"
    },
    {
      "type": "Feature",
      "properties": {
        "@id": "node/12854794685",
        "amenity": "atm"
      },
      "geometry": {
        "type": "Point",
        "coordinates": [
          80.637758,
          16.5299987
        ]
      },
      "id": "node/12854794685"
    },
    {
      "type": "Feature",
      "properties": {
        "@id": "node/12860696088",
        "amenity": "atm",
        "brand": "Canara Bank",
        "brand:en": "Canara Bank",
        "brand:hi": "केनरा बैंक",
        "brand:kn": "ಕೆನರಾ ಬ್ಯಾಂಕ್",
        "brand:pa": "ਕੇਨਰਾ ਬੈਂਕ",
        "brand:pnb": "کینرا بینک",
        "brand:ur": "کینرا بینک",
        "brand:wikidata": "Q2003777",
        "name": "Canara Bank",
        "operator": "Canara Bank",
        "operator:wikidata": "Q2003777"
      },
      "geometry": {
        "type": "Point",
        "coordinates": [
          80.4710075,
          15.9050662
        ]
      },
      "id": "node/12860696088"
    },
    {
      "type": "Feature",
      "properties": {
        "@id": "node/12860715141",
        "amenity": "atm",
        "brand": "Bank of India",
        "brand:wikidata": "Q2004439",
        "name": "Bank of India",
        "operator": "Bank of India",
        "operator:wikidata": "Q2004439"
      },
      "geometry": {
        "type": "Point",
        "coordinates": [
          80.4710263,
          15.9048766
        ]
      },
      "id": "node/12860715141"
    },
    {
      "type": "Feature",
      "properties": {
        "@id": "node/12860721968",
        "amenity": "atm",
        "brand": "State Bank of India",
        "brand:wikidata": "Q1340361",
        "name": "State Bank Of India",
        "operator": "State Bank of India",
        "operator:wikidata": "Q1340361"
      },
      "geometry": {
        "type": "Point",
        "coordinates": [
          80.4700929,
          15.9056504
        ]
      },
      "id": "node/12860721968"
    },
    {
      "type": "Feature",
      "properties": {
        "@id": "node/12862565972",
        "amenity": "atm",
        "operator": "sbi"
      },
      "geometry": {
        "type": "Point",
        "coordinates": [
          80.6318488,
          16.5213703
        ]
      },
      "id": "node/12862565972"
    },
    {
      "type": "Feature",
      "properties": {
        "@id": "node/12864003408",
        "amenity": "atm",
        "brand": "Indian Bank",
        "brand:wikidata": "Q2003789",
        "check_date": "2025-07-11",
        "name": "Indian Bank",
        "operator": "Indian Bank",
        "operator:wikidata": "Q2003789"
      },
      "geometry": {
        "type": "Point",
        "coordinates": [
          80.6575861,
          16.4976782
        ]
      },
      "id": "node/12864003408"
    },
    {
      "type": "Feature",
      "properties": {
        "@id": "node/12864711869",
        "amenity": "atm",
        "name": "HDFC"
      },
      "geometry": {
        "type": "Point",
        "coordinates": [
          83.2683455,
          17.6906514
        ]
      },
      "id": "node/12864711869"
    },
    {
      "type": "Feature",
      "properties": {
        "@id": "node/12921102465",
        "amenity": "atm",
        "brand": "SBI"
      },
      "geometry": {
        "type": "Point",
        "coordinates": [
          83.1706996,
          17.9798244
        ]
      },
      "id": "node/12921102465"
    },
    {
      "type": "Feature",
      "properties": {
        "@id": "node/12956372755",
        "amenity": "atm",
        "brand": "India1 ATM",
        "brand:wikidata": "Q134601469"
      },
      "geometry": {
        "type": "Point",
        "coordinates": [
          83.8822014,
          18.3048874
        ]
      },
      "id": "node/12956372755"
    },
    {
      "type": "Feature",
      "properties": {
        "@id": "node/12959378973",
        "amenity": "atm",
        "brand": "Axis Bank",
        "brand:wikidata": "Q2003549",
        "operator": "Axis Bank",
        "operator:wikidata": "Q2003549"
      },
      "geometry": {
        "type": "Point",
        "coordinates": [
          83.206862,
          17.8145389
        ]
      },
      "id": "node/12959378973"
    },
    {
      "type": "Feature",
      "properties": {
        "@id": "node/12959378976",
        "amenity": "atm",
        "brand": "State Bank of India",
        "brand:wikidata": "Q1340361",
        "operator": "State Bank of India",
        "operator:wikidata": "Q1340361"
      },
      "geometry": {
        "type": "Point",
        "coordinates": [
          83.2068933,
          17.8143868
        ]
      },
      "id": "node/12959378976"
    },
    {
      "type": "Feature",
      "properties": {
        "@id": "node/12986990346",
        "amenity": "atm",
        "brand": "State Bank of India",
        "brand:wikidata": "Q1340361",
        "operator": "State Bank of India",
        "operator:wikidata": "Q1340361"
      },
      "geometry": {
        "type": "Point",
        "coordinates": [
          83.3333918,
          17.7413984
        ]
      },
      "id": "node/12986990346"
    },
    {
      "type": "Feature",
      "properties": {
        "@id": "node/12991068274",
        "amenity": "atm",
        "brand": "State Bank of India",
        "brand:wikidata": "Q1340361",
        "cash_in": "yes",
        "check_date": "2025-07-11",
        "operator": "State Bank of India",
        "operator:wikidata": "Q1340361"
      },
      "geometry": {
        "type": "Point",
        "coordinates": [
          80.6741433,
          16.5018589
        ]
      },
      "id": "node/12991068274"
    },
    {
      "type": "Feature",
      "properties": {
        "@id": "node/12991110558",
        "amenity": "atm",
        "brand": "Union Bank of India",
        "brand:wikidata": "Q2004078",
        "cash_in": "yes",
        "check_date": "2025-07-10",
        "operator": "Union Bank of India",
        "operator:wikidata": "Q2004078"
      },
      "geometry": {
        "type": "Point",
        "coordinates": [
          80.673442,
          16.5003737
        ]
      },
      "id": "node/12991110558"
    },
    {
      "type": "Feature",
      "properties": {
        "@id": "node/12991132628",
        "amenity": "atm",
        "check_date": "2025-07-10",
        "operator": "State Bank Of India Atm"
      },
      "geometry": {
        "type": "Point",
        "coordinates": [
          80.7198253,
          16.5094888
        ]
      },
      "id": "node/12991132628"
    },
    {
      "type": "Feature",
      "properties": {
        "@id": "node/12991968804",
        "amenity": "atm",
        "check_date": "2025-07-10",
        "operator": "Union Bank Atm"
      },
      "geometry": {
        "type": "Point",
        "coordinates": [
          80.7199433,
          16.5095474
        ]
      },
      "id": "node/12991968804"
    },
    {
      "type": "Feature",
      "properties": {
        "@id": "node/12992006411",
        "amenity": "atm",
        "check_date": "2025-07-10"
      },
      "geometry": {
        "type": "Point",
        "coordinates": [
          80.6908326,
          16.4978838
        ]
      },
      "id": "node/12992006411"
    },
    {
      "type": "Feature",
      "properties": {
        "@id": "node/12992380291",
        "amenity": "atm",
        "cash_in": "yes",
        "check_date": "2025-07-10",
        "currency:INR": "yes",
        "drive_through": "yes",
        "operator": "HDFC ATM Machine"
      },
      "geometry": {
        "type": "Point",
        "coordinates": [
          80.6753417,
          16.4901808
        ]
      },
      "id": "node/12992380291"
    },
    {
      "type": "Feature",
      "properties": {
        "@id": "node/12993616162",
        "amenity": "atm",
        "check_date": "2025-07-11"
      },
      "geometry": {
        "type": "Point",
        "coordinates": [
          80.7199662,
          16.5096295
        ]
      },
      "id": "node/12993616162"
    },
    {
      "type": "Feature",
      "properties": {
        "@id": "node/12993618175",
        "amenity": "atm",
        "check_date": "2025-07-11",
        "operator": "SBI Bank"
      },
      "geometry": {
        "type": "Point",
        "coordinates": [
          80.7100402,
          16.4770993
        ]
      },
      "id": "node/12993618175"
    },
    {
      "type": "Feature",
      "properties": {
        "@id": "node/12993619159",
        "amenity": "atm",
        "check_date": "2025-07-11",
        "operator": "Sbi"
      },
      "geometry": {
        "type": "Point",
        "coordinates": [
          80.7054367,
          16.4768883
        ]
      },
      "id": "node/12993619159"
    },
    {
      "type": "Feature",
      "properties": {
        "@id": "node/12993623181",
        "amenity": "atm",
        "check_date": "2025-07-11"
      },
      "geometry": {
        "type": "Point",
        "coordinates": [
          80.7056517,
          16.4767967
        ]
      },
      "id": "node/12993623181"
    },
    {
      "type": "Feature",
      "properties": {
        "@id": "node/12993623912",
        "amenity": "atm",
        "check_date": "2025-07-11",
        "operator": "Union Bank Atm"
      },
      "geometry": {
        "type": "Point",
        "coordinates": [
          80.6668486,
          16.5233177
        ]
      },
      "id": "node/12993623912"
    },
    {
      "type": "Feature",
      "properties": {
        "@id": "node/12993648961",
        "amenity": "atm",
        "cash_in": "yes",
        "check_date": "2025-07-11",
        "currency:EUR": "yes",
        "drive_through": "yes",
        "operator": "Sbi Atm"
      },
      "geometry": {
        "type": "Point",
        "coordinates": [
          80.7093893,
          16.4775041
        ]
      },
      "id": "node/12993648961"
    },
    {
      "type": "Feature",
      "properties": {
        "@id": "node/12993648973",
        "amenity": "atm",
        "check_date": "2025-07-11",
        "operator": "Karur Vysya Bank"
      },
      "geometry": {
        "type": "Point",
        "coordinates": [
          80.7104273,
          16.4767422
        ]
      },
      "id": "node/12993648973"
    },
    {
      "type": "Feature",
      "properties": {
        "@id": "node/12993650959",
        "amenity": "atm",
        "cash_in": "yes",
        "check_date": "2025-07-11",
        "currency:EUR": "yes",
        "drive_through": "yes",
        "operator": "Sbi Atm"
      },
      "geometry": {
        "type": "Point",
        "coordinates": [
          80.7080362,
          16.4772662
        ]
      },
      "id": "node/12993650959"
    },
    {
      "type": "Feature",
      "properties": {
        "@id": "node/12993679566",
        "amenity": "atm",
        "cash_in": "yes",
        "check_date": "2025-07-11",
        "currency:EUR": "yes",
        "drive_through": "yes",
        "operator": "Kotak Bank"
      },
      "geometry": {
        "type": "Point",
        "coordinates": [
          80.709472,
          16.4762479
        ]
      },
      "id": "node/12993679566"
    },
    {
      "type": "Feature",
      "properties": {
        "@id": "node/12994241707",
        "amenity": "atm",
        "cash_in": "yes",
        "check_date": "2025-07-11",
        "network": "No",
        "operator": "Indian Atm"
      },
      "geometry": {
        "type": "Point",
        "coordinates": [
          80.7168677,
          16.4604603
        ]
      },
      "id": "node/12994241707"
    },
    {
      "type": "Feature",
      "properties": {
        "@id": "node/12994281350",
        "amenity": "atm",
        "check_date": "2025-07-11",
        "operator": "State Bank Atm"
      },
      "geometry": {
        "type": "Point",
        "coordinates": [
          80.7179895,
          16.4636499
        ]
      },
      "id": "node/12994281350"
    },
    {
      "type": "Feature",
      "properties": {
        "@id": "node/12994304043",
        "amenity": "atm",
        "check_date": "2025-07-11",
        "operator": "HDFC ATM"
      },
      "geometry": {
        "type": "Point",
        "coordinates": [
          80.6632192,
          16.5229193
        ]
      },
      "id": "node/12994304043"
    },
    {
      "type": "Feature",
      "properties": {
        "@id": "node/12995196406",
        "amenity": "atm",
        "cash_in": "yes",
        "check_date": "2025-07-12"
      },
      "geometry": {
        "type": "Point",
        "coordinates": [
          80.8015733,
          16.5392715
        ]
      },
      "id": "node/12995196406"
    },
    {
      "type": "Feature",
      "properties": {
        "@id": "node/12996687262",
        "amenity": "atm",
        "check_date": "2025-07-11",
        "operator": "State Bank Atm"
      },
      "geometry": {
        "type": "Point",
        "coordinates": [
          80.7179895,
          16.4636498
        ]
      },
      "id": "node/12996687262"
    },
    {
      "type": "Feature",
      "properties": {
        "@id": "node/12997324402",
        "amenity": "atm",
        "brand": "Bank of India",
        "brand:wikidata": "Q2004439",
        "check_date": "2025-07-13",
        "operator": "HDFC",
        "operator:wikidata": "Q2004439"
      },
      "geometry": {
        "type": "Point",
        "coordinates": [
          80.6155483,
          16.4760272
        ]
      },
      "id": "node/12997324402"
    },
    {
      "type": "Feature",
      "properties": {
        "@id": "node/12999358562",
        "amenity": "atm",
        "brand": "State Bank of India",
        "brand:wikidata": "Q1340361",
        "check_date": "2025-07-14",
        "operator": "State Bank of India",
        "operator:wikidata": "Q1340361",
        "short_name": "SBI"
      },
      "geometry": {
        "type": "Point",
        "coordinates": [
          80.6165545,
          16.5100986
        ]
      },
      "id": "node/12999358562"
    },
    {
      "type": "Feature",
      "properties": {
        "@id": "node/13001406945",
        "amenity": "atm",
        "brand": "HDFC Bank",
        "brand:wikidata": "Q631047",
        "operator": "HDFC Bank",
        "operator:wikidata": "Q631047"
      },
      "geometry": {
        "type": "Point",
        "coordinates": [
          80.6358405,
          16.5129084
        ]
      },
      "id": "node/13001406945"
    },
    {
      "type": "Feature",
      "properties": {
        "@id": "node/13085046751",
        "amenity": "atm",
        "brand": "HDFC Bank",
        "brand:wikidata": "Q631047",
        "operator": "HDFC Bank",
        "operator:wikidata": "Q631047"
      },
      "geometry": {
        "type": "Point",
        "coordinates": [
          83.3002399,
          17.7205291
        ]
      },
      "id": "node/13085046751"
    },
    {
      "type": "Feature",
      "properties": {
        "@id": "node/13086303143",
        "amenity": "atm",
        "brand": "Union Bank of India",
        "brand:wikidata": "Q2004078",
        "operator": "Union Bank of India",
        "operator:wikidata": "Q2004078"
      },
      "geometry": {
        "type": "Point",
        "coordinates": [
          81.5303238,
          16.8146356
        ]
      },
      "id": "node/13086303143"
    },
    {
      "type": "Feature",
      "properties": {
        "@id": "node/13088351805",
        "amenity": "atm"
      },
      "geometry": {
        "type": "Point",
        "coordinates": [
          81.366822,
          16.8109094
        ]
      },
      "id": "node/13088351805"
    },
    {
      "type": "Feature",
      "properties": {
        "@id": "node/13096498949",
        "amenity": "atm",
        "brand": "State Bank of India",
        "brand:wikidata": "Q1340361",
        "operator": "State Bank of India",
        "operator:wikidata": "Q1340361"
      },
      "geometry": {
        "type": "Point",
        "coordinates": [
          83.306502,
          17.7307368
        ]
      },
      "id": "node/13096498949"
    },
    {
      "type": "Feature",
      "properties": {
        "@id": "node/13096498970",
        "amenity": "atm",
        "brand": "Bank of Baroda",
        "brand:wikidata": "Q2003797",
        "operator": "Bank of Baroda",
        "operator:wikidata": "Q2003797"
      },
      "geometry": {
        "type": "Point",
        "coordinates": [
          83.3071705,
          17.7331908
        ]
      },
      "id": "node/13096498970"
    },
    {
      "type": "Feature",
      "properties": {
        "@id": "node/13109119271",
        "amenity": "atm",
        "brand": "ICICI Bank",
        "brand:wikidata": "Q1653258",
        "operator": "ICICI Bank",
        "operator:wikidata": "Q1653258"
      },
      "geometry": {
        "type": "Point",
        "coordinates": [
          83.3001448,
          17.7392832
        ]
      },
      "id": "node/13109119271"
    },
    {
      "type": "Feature",
      "properties": {
        "@id": "node/13109119281",
        "amenity": "atm",
        "brand": "State Bank of India",
        "brand:wikidata": "Q1340361",
        "operator": "State Bank of India",
        "operator:wikidata": "Q1340361"
      },
      "geometry": {
        "type": "Point",
        "coordinates": [
          83.3001272,
          17.7384859
        ]
      },
      "id": "node/13109119281"
    },
    {
      "type": "Feature",
      "properties": {
        "@id": "node/13175261588",
        "amenity": "atm",
        "brand": "State Bank of India",
        "brand:wikidata": "Q1340361",
        "operator": "State Bank of India",
        "operator:wikidata": "Q1340361"
      },
      "geometry": {
        "type": "Point",
        "coordinates": [
          83.3877969,
          18.1232207
        ]
      },
      "id": "node/13175261588"
    },
    {
      "type": "Feature",
      "properties": {
        "@id": "node/13175261593",
        "amenity": "atm",
        "brand": "India1 ATM",
        "brand:wikidata": "Q134601469"
      },
      "geometry": {
        "type": "Point",
        "coordinates": [
          83.3874408,
          18.1247218
        ]
      },
      "id": "node/13175261593"
    },
    {
      "type": "Feature",
      "properties": {
        "@id": "node/13179757876",
        "amenity": "atm",
        "brand": "State Bank of India",
        "brand:wikidata": "Q1340361",
        "operator": "State Bank of India",
        "operator:wikidata": "Q1340361"
      },
      "geometry": {
        "type": "Point",
        "coordinates": [
          83.400515,
          18.1181246
        ]
      },
      "id": "node/13179757876"
    },
    {
      "type": "Feature",
      "properties": {
        "@id": "node/13179763133",
        "amenity": "atm",
        "brand": "State Bank of India",
        "brand:wikidata": "Q1340361",
        "operator": "State Bank of India",
        "operator:wikidata": "Q1340361"
      },
      "geometry": {
        "type": "Point",
        "coordinates": [
          83.401677,
          18.1168718
        ]
      },
      "id": "node/13179763133"
    },
    {
      "type": "Feature",
      "properties": {
        "@id": "node/13182355076",
        "amenity": "atm",
        "brand": "India1 ATM",
        "brand:wikidata": "Q134601469"
      },
      "geometry": {
        "type": "Point",
        "coordinates": [
          83.410093,
          18.1129723
        ]
      },
      "id": "node/13182355076"
    },
    {
      "type": "Feature",
      "properties": {
        "@id": "node/13182355090",
        "amenity": "atm",
        "brand": "State Bank of India",
        "brand:wikidata": "Q1340361",
        "operator": "State Bank of India",
        "operator:wikidata": "Q1340361"
      },
      "geometry": {
        "type": "Point",
        "coordinates": [
          83.411064,
          18.1125882
        ]
      },
      "id": "node/13182355090"
    },
    {
      "type": "Feature",
      "properties": {
        "@id": "node/13280964197",
        "amenity": "atm",
        "brand": "State Bank of India",
        "brand:wikidata": "Q1340361",
        "operator": "State Bank of India",
        "operator:wikidata": "Q1340361"
      },
      "geometry": {
        "type": "Point",
        "coordinates": [
          83.0172752,
          17.6870102
        ]
      },
      "id": "node/13280964197"
    },
    {
      "type": "Feature",
      "properties": {
        "@id": "node/13281158413",
        "amenity": "atm"
      },
      "geometry": {
        "type": "Point",
        "coordinates": [
          83.0144407,
          17.6869958
        ]
      },
      "id": "node/13281158413"
    },
    {
      "type": "Feature",
      "properties": {
        "@id": "node/13281158452",
        "amenity": "atm",
        "brand": "Central Bank of India",
        "brand:wikidata": "Q2007090",
        "operator": "Central Bank of India",
        "operator:wikidata": "Q2007090"
      },
      "geometry": {
        "type": "Point",
        "coordinates": [
          83.0125114,
          17.6876038
        ]
      },
      "id": "node/13281158452"
    },
    {
      "type": "Feature",
      "properties": {
        "@id": "node/13281158455",
        "amenity": "atm",
        "brand": "Axis Bank",
        "brand:wikidata": "Q2003549",
        "operator": "Axis Bank",
        "operator:wikidata": "Q2003549"
      },
      "geometry": {
        "type": "Point",
        "coordinates": [
          83.0122239,
          17.6876628
        ]
      },
      "id": "node/13281158455"
    },
    {
      "type": "Feature",
      "properties": {
        "@id": "node/13281158466",
        "amenity": "atm",
        "brand": "Union Bank of India",
        "brand:wikidata": "Q2004078",
        "operator": "Union Bank of India",
        "operator:wikidata": "Q2004078"
      },
      "geometry": {
        "type": "Point",
        "coordinates": [
          83.0125878,
          17.6873098
        ]
      },
      "id": "node/13281158466"
    },
    {
      "type": "Feature",
      "properties": {
        "@id": "node/13316385308",
        "amenity": "atm",
        "brand": "State Bank of India",
        "brand:wikidata": "Q1340361",
        "operator": "State Bank of India",
        "operator:wikidata": "Q1340361"
      },
      "geometry": {
        "type": "Point",
        "coordinates": [
          83.2899586,
          17.7345955
        ]
      },
      "id": "node/13316385308"
    },
    {
      "type": "Feature",
      "properties": {
        "@id": "node/13316385334",
        "amenity": "atm",
        "brand": "State Bank of India",
        "brand:wikidata": "Q1340361",
        "operator": "State Bank of India",
        "operator:wikidata": "Q1340361"
      },
      "geometry": {
        "type": "Point",
        "coordinates": [
          83.3006379,
          17.7334908
        ]
      },
      "id": "node/13316385334"
    },
    {
      "type": "Feature",
      "properties": {
        "@id": "node/13316889183",
        "amenity": "atm",
        "brand": "State Bank of India",
        "brand:wikidata": "Q1340361",
        "operator": "State Bank of India",
        "operator:wikidata": "Q1340361"
      },
      "geometry": {
        "type": "Point",
        "coordinates": [
          83.3004384,
          17.726951
        ]
      },
      "id": "node/13316889183"
    },
    {
      "type": "Feature",
      "properties": {
        "@id": "node/13316892834",
        "amenity": "atm",
        "brand": "Kotak Mahindra Bank",
        "brand:wikidata": "Q2040404",
        "operator": "Kotak Mahindra Bank",
        "operator:wikidata": "Q2040404"
      },
      "geometry": {
        "type": "Point",
        "coordinates": [
          83.2993587,
          17.7299427
        ]
      },
      "id": "node/13316892834"
    },
    {
      "type": "Feature",
      "properties": {
        "@id": "node/13316892856",
        "amenity": "atm",
        "brand": "State Bank of India",
        "brand:wikidata": "Q1340361",
        "operator": "State Bank of India",
        "operator:wikidata": "Q1340361"
      },
      "geometry": {
        "type": "Point",
        "coordinates": [
          83.2995137,
          17.7316072
        ]
      },
      "id": "node/13316892856"
    },
    {
      "type": "Feature",
      "properties": {
        "@id": "node/13316892871",
        "amenity": "atm",
        "brand": "IndusInd Bank",
        "brand:wikidata": "Q2040323",
        "operator": "IndusInd Bank",
        "operator:wikidata": "Q2040323"
      },
      "geometry": {
        "type": "Point",
        "coordinates": [
          83.299497,
          17.732045
        ]
      },
      "id": "node/13316892871"
    },
    {
      "type": "Feature",
      "properties": {
        "@id": "node/13318612067",
        "amenity": "atm",
        "brand": "Union Bank of India",
        "brand:wikidata": "Q2004078",
        "operator": "Union Bank of India",
        "operator:wikidata": "Q2004078"
      },
      "geometry": {
        "type": "Point",
        "coordinates": [
          83.3176019,
          17.7113918
        ]
      },
      "id": "node/13318612067"
    },
    {
      "type": "Feature",
      "properties": {
        "@id": "node/13319047293",
        "amenity": "atm",
        "brand": "State Bank of India",
        "brand:wikidata": "Q1340361",
        "operator": "State Bank of India",
        "operator:wikidata": "Q1340361"
      },
      "geometry": {
        "type": "Point",
        "coordinates": [
          83.2566401,
          17.7493716
        ]
      },
      "id": "node/13319047293"
    },
    {
      "type": "Feature",
      "properties": {
        "@id": "node/13335625665",
        "amenity": "atm",
        "brand": "Canara Bank",
        "brand:en": "Canara Bank",
        "brand:hi": "केनरा बैंक",
        "brand:kn": "ಕೆನರಾ ಬ್ಯಾಂಕ್",
        "brand:pa": "ਕੇਨਰਾ ਬੈਂਕ",
        "brand:pnb": "کینرا بینک",
        "brand:ur": "کینرا بینک",
        "brand:wikidata": "Q2003777",
        "operator": "Canara Bank",
        "operator:wikidata": "Q2003777"
      },
      "geometry": {
        "type": "Point",
        "coordinates": [
          81.8552015,
          16.9078213
        ]
      },
      "id": "node/13335625665"
    },
    {
      "type": "Feature",
      "properties": {
        "@id": "node/13348317648",
        "amenity": "atm",
        "brand": "State Bank of India",
        "brand:wikidata": "Q1340361",
        "operator": "State Bank of India",
        "operator:wikidata": "Q1340361"
      },
      "geometry": {
        "type": "Point",
        "coordinates": [
          83.1127315,
          18.4799702
        ]
      },
      "id": "node/13348317648"
    },
    {
      "type": "Feature",
      "properties": {
        "@id": "node/13348317649",
        "amenity": "atm",
        "brand": "India1 ATM",
        "brand:wikidata": "Q134601469"
      },
      "geometry": {
        "type": "Point",
        "coordinates": [
          83.1127355,
          18.4800096
        ]
      },
      "id": "node/13348317649"
    },
    {
      "type": "Feature",
      "properties": {
        "@id": "node/13369517538",
        "amenity": "atm",
        "brand": "State Bank of India",
        "brand:wikidata": "Q1340361",
        "check_date": "2025-12-11",
        "operator": "State Bank of India",
        "operator:wikidata": "Q1340361"
      },
      "geometry": {
        "type": "Point",
        "coordinates": [
          83.0084255,
          17.6945641
        ]
      },
      "id": "node/13369517538"
    },
    {
      "type": "Feature",
      "properties": {
        "@id": "node/13408906305",
        "amenity": "atm",
        "brand": "India1 ATM",
        "brand:wikidata": "Q134601469",
        "check_date": "2025-12-26"
      },
      "geometry": {
        "type": "Point",
        "coordinates": [
          83.2762238,
          17.7329332
        ]
      },
      "id": "node/13408906305"
    },
    {
      "type": "Feature",
      "properties": {
        "@id": "node/13429886358",
        "amenity": "atm",
        "brand": "State Bank of India",
        "brand:wikidata": "Q1340361",
        "check_date": "2026-01-04",
        "operator": "State Bank of India",
        "operator:wikidata": "Q1340361"
      },
      "geometry": {
        "type": "Point",
        "coordinates": [
          83.2996292,
          17.7140404
        ]
      },
      "id": "node/13429886358"
    },
    {
      "type": "Feature",
      "properties": {
        "@id": "node/13436982220",
        "amenity": "atm",
        "brand": "UCO Bank",
        "brand:wikidata": "Q2005310",
        "operator": "UCO Bank",
        "operator:wikidata": "Q2005310"
      },
      "geometry": {
        "type": "Point",
        "coordinates": [
          79.7940108,
          13.3867706
        ]
      },
      "id": "node/13436982220"
    },
    {
      "type": "Feature",
      "properties": {
        "@id": "node/13440162374",
        "amenity": "atm",
        "brand": "Union Bank of India",
        "brand:wikidata": "Q2004078",
        "check_date": "2026-01-08",
        "operator": "Union Bank of India",
        "operator:wikidata": "Q2004078"
      },
      "geometry": {
        "type": "Point",
        "coordinates": [
          80.6381749,
          16.5154892
        ]
      },
      "id": "node/13440162374"
    },
    {
      "type": "Feature",
      "properties": {
        "@id": "node/13467472581",
        "amenity": "atm",
        "brand": "Karur Vysya Bank",
        "brand:wikidata": "Q6373724",
        "check_date": "2026-01-19",
        "operator": "Karur Vysya Bank",
        "operator:wikidata": "Q6373724"
      },
      "geometry": {
        "type": "Point",
        "coordinates": [
          83.3230747,
          17.7410852
        ]
      },
      "id": "node/13467472581"
    },
    {
      "type": "Feature",
      "properties": {
        "@id": "node/13529613367",
        "amenity": "atm",
        "brand": "State Bank of India",
        "brand:wikidata": "Q1340361",
        "check_date": "2026-02-06",
        "operator": "State Bank of India",
        "operator:wikidata": "Q1340361"
      },
      "geometry": {
        "type": "Point",
        "coordinates": [
          81.8066091,
          17.02571
        ]
      },
      "id": "node/13529613367"
    },
    {
      "type": "Feature",
      "properties": {
        "@id": "node/13543634294",
        "amenity": "atm",
        "brand": "India1 ATM",
        "brand:wikidata": "Q134601469",
        "check_date": "2026-02-10"
      },
      "geometry": {
        "type": "Point",
        "coordinates": [
          83.1696524,
          17.81101
        ]
      },
      "id": "node/13543634294"
    }
  ]
}