{
  "type": "FeatureCollection",
  "generator": "overpass-turbo",
  "copyright": "The data included in this document is from www.openstreetmap.org. The data is made available under ODbL.",
  "timestamp": "2026-02-15T08:04:07Z",
  "features": [
    {
      "type": "Feature",
      "properties": {
        "@id": "node/395733170",
        "amenity": "restaurant",
        "name": "Hill View Cottage Mess"
      },
      "geometry": {
        "type": "Point",
        "coordinates": [
          79.3485323,
          13.6741011
        ]
      },
      "id": "node/395733170"
    },
    {
      "type": "Feature",
      "properties": {
        "@id": "node/395733418",
        "amenity": "restaurant"
      },
      "geometry": {
        "type": "Point",
        "coordinates": [
          79.3512773,
          13.6783307
        ]
      },
      "id": "node/395733418"
    },
    {
      "type": "Feature",
      "properties": {
        "@id": "node/395733433",
        "amenity": "restaurant"
      },
      "geometry": {
        "type": "Point",
        "coordinates": [
          79.3497513,
          13.6809613
        ]
      },
      "id": "node/395733433"
    },
    {
      "type": "Feature",
      "properties": {
        "@id": "node/395733447",
        "amenity": "restaurant"
      },
      "geometry": {
        "type": "Point",
        "coordinates": [
          79.3499349,
          13.6849997
        ]
      },
      "id": "node/395733447"
    },
    {
      "type": "Feature",
      "properties": {
        "@id": "node/397731047",
        "amenity": "restaurant",
        "name": "Anna Dhanam"
      },
      "geometry": {
        "type": "Point",
        "coordinates": [
          79.3497593,
          13.682454
        ]
      },
      "id": "node/397731047"
    },
    {
      "type": "Feature",
      "properties": {
        "@id": "node/397987225",
        "amenity": "restaurant"
      },
      "geometry": {
        "type": "Point",
        "coordinates": [
          79.3455342,
          13.6841996
        ]
      },
      "id": "node/397987225"
    },
    {
      "type": "Feature",
      "properties": {
        "@id": "node/397987442",
        "amenity": "restaurant",
        "name": "TBC"
      },
      "geometry": {
        "type": "Point",
        "coordinates": [
          79.3435418,
          13.6778578
        ]
      },
      "id": "node/397987442"
    },
    {
      "type": "Feature",
      "properties": {
        "@id": "node/397987446",
        "amenity": "restaurant",
        "name": "SVGH"
      },
      "geometry": {
        "type": "Point",
        "coordinates": [
          79.340929,
          13.6792104
        ]
      },
      "id": "node/397987446"
    },
    {
      "type": "Feature",
      "properties": {
        "@id": "node/398040815",
        "amenity": "restaurant"
      },
      "geometry": {
        "type": "Point",
        "coordinates": [
          79.3436037,
          13.6846919
        ]
      },
      "id": "node/398040815"
    },
    {
      "type": "Feature",
      "properties": {
        "@id": "node/1474488177",
        "amenity": "restaurant",
        "diet:vegetarian": "only",
        "name": "Sri Sairam Tiffins & Meals"
      },
      "geometry": {
        "type": "Point",
        "coordinates": [
          83.3211329,
          17.7358516
        ]
      },
      "id": "node/1474488177"
    },
    {
      "type": "Feature",
      "properties": {
        "@id": "node/1475058178",
        "amenity": "restaurant",
        "name": "Babu Icecreams"
      },
      "geometry": {
        "type": "Point",
        "coordinates": [
          79.9850084,
          14.4542867
        ]
      },
      "id": "node/1475058178"
    },
    {
      "type": "Feature",
      "properties": {
        "@id": "node/1679696632",
        "amenity": "restaurant",
        "cuisine": "indian",
        "name": "Sri Venkata Sai Family Garden Restaurant"
      },
      "geometry": {
        "type": "Point",
        "coordinates": [
          80.1102963,
          16.9146502
        ]
      },
      "id": "node/1679696632"
    },
    {
      "type": "Feature",
      "properties": {
        "@id": "node/1725187814",
        "amenity": "restaurant",
        "check_date": "2024-02-04",
        "name": "New Misra Dhaba Hotel"
      },
      "geometry": {
        "type": "Point",
        "coordinates": [
          80.5591548,
          16.412709
        ]
      },
      "id": "node/1725187814"
    },
    {
      "type": "Feature",
      "properties": {
        "@id": "node/1825030693",
        "amenity": "restaurant",
        "name": "Garden Restaurant"
      },
      "geometry": {
        "type": "Point",
        "coordinates": [
          77.6309741,
          14.503082
        ]
      },
      "id": "node/1825030693"
    },
    {
      "type": "Feature",
      "properties": {
        "@id": "node/1825034246",
        "amenity": "restaurant",
        "name": "Manasa Restaurant"
      },
      "geometry": {
        "type": "Point",
        "coordinates": [
          77.604973,
          14.607524
        ]
      },
      "id": "node/1825034246"
    },
    {
      "type": "Feature",
      "properties": {
        "@id": "node/1871160758",
        "amenity": "restaurant",
        "cuisine": "indian",
        "name": "Punjabi Dhaba",
        "smoking": "yes"
      },
      "geometry": {
        "type": "Point",
        "coordinates": [
          79.9954065,
          14.8182271
        ]
      },
      "id": "node/1871160758"
    },
    {
      "type": "Feature",
      "properties": {
        "@id": "node/1871195863",
        "amenity": "restaurant",
        "cuisine": "indian",
        "name": "Kumar Restaurant"
      },
      "geometry": {
        "type": "Point",
        "coordinates": [
          79.994953,
          14.8119568
        ]
      },
      "id": "node/1871195863"
    },
    {
      "type": "Feature",
      "properties": {
        "@id": "node/1875563467",
        "amenity": "restaurant"
      },
      "geometry": {
        "type": "Point",
        "coordinates": [
          77.7380455,
          13.8377206
        ]
      },
      "id": "node/1875563467"
    },
    {
      "type": "Feature",
      "properties": {
        "@id": "node/1930543700",
        "amenity": "restaurant"
      },
      "geometry": {
        "type": "Point",
        "coordinates": [
          78.3449265,
          12.746079
        ]
      },
      "id": "node/1930543700"
    },
    {
      "type": "Feature",
      "properties": {
        "@id": "node/2124929582",
        "amenity": "restaurant",
        "name": "****** Dhaba"
      },
      "geometry": {
        "type": "Point",
        "coordinates": [
          79.0167801,
          13.1952324
        ]
      },
      "id": "node/2124929582"
    },
    {
      "type": "Feature",
      "properties": {
        "@id": "node/2304862244",
        "amenity": "restaurant",
        "name": "MTR"
      },
      "geometry": {
        "type": "Point",
        "coordinates": [
          77.4247662,
          15.9425626
        ]
      },
      "id": "node/2304862244"
    },
    {
      "type": "Feature",
      "properties": {
        "@id": "node/2304862264",
        "amenity": "restaurant",
        "name": "Udupi",
        "name:kn": "ಉಡುಪಿ"
      },
      "geometry": {
        "type": "Point",
        "coordinates": [
          77.4244604,
          15.9414794
        ]
      },
      "id": "node/2304862264"
    },
    {
      "type": "Feature",
      "properties": {
        "@id": "node/2321611754",
        "amenity": "restaurant",
        "name": "Minerva Grand"
      },
      "geometry": {
        "type": "Point",
        "coordinates": [
          79.4290669,
          13.6275545
        ]
      },
      "id": "node/2321611754"
    },
    {
      "type": "Feature",
      "properties": {
        "@id": "node/2332930463",
        "amenity": "restaurant",
        "cuisine": "regional",
        "name": "Foodland"
      },
      "geometry": {
        "type": "Point",
        "coordinates": [
          83.316728,
          17.7433132
        ]
      },
      "id": "node/2332930463"
    },
    {
      "type": "Feature",
      "properties": {
        "@id": "node/2332948104",
        "amenity": "restaurant",
        "name": "sai"
      },
      "geometry": {
        "type": "Point",
        "coordinates": [
          80.673442,
          16.0449596
        ]
      },
      "id": "node/2332948104"
    },
    {
      "type": "Feature",
      "properties": {
        "@id": "node/2332967215",
        "amenity": "restaurant",
        "name": "kms workshop"
      },
      "geometry": {
        "type": "Point",
        "coordinates": [
          79.9932067,
          14.4529097
        ]
      },
      "id": "node/2332967215"
    },
    {
      "type": "Feature",
      "properties": {
        "@id": "node/2352139134",
        "amenity": "restaurant",
        "cuisine": "indian",
        "name": "Princess Restaurant"
      },
      "geometry": {
        "type": "Point",
        "coordinates": [
          79.9812193,
          14.4468174
        ]
      },
      "id": "node/2352139134"
    },
    {
      "type": "Feature",
      "properties": {
        "@id": "node/2374440630",
        "amenity": "restaurant",
        "name": "Sairam Parlour"
      },
      "geometry": {
        "type": "Point",
        "coordinates": [
          83.303268,
          17.7263144
        ]
      },
      "id": "node/2374440630"
    },
    {
      "type": "Feature",
      "properties": {
        "@id": "node/2408119863",
        "amenity": "restaurant",
        "name": "River Bay",
        "tourism": "hotel"
      },
      "geometry": {
        "type": "Point",
        "coordinates": [
          81.7734858,
          16.991908
        ]
      },
      "id": "node/2408119863"
    },
    {
      "type": "Feature",
      "properties": {
        "@id": "node/2564044231",
        "addr:city": "Puttaparthi",
        "addr:postcode": "515134",
        "addr:street": "Chitravati Road",
        "amenity": "restaurant",
        "cuisine": "regional;pizza;italian;burger;chinese;sandwich;coffee_shop;indian;ice_cream",
        "delivery": "yes",
        "level": "1",
        "name": "Hanuman's Hill Rock Cafe & Restaurant",
        "opening_hours": "closed",
        "outdoor_seating": "yes",
        "phone": "+91 9177748883",
        "smoking": "outside",
        "takeaway": "yes",
        "tourism": "attraction",
        "website": "https://hanumanshillrock.com/",
        "wheelchair": "no"
      },
      "geometry": {
        "type": "Point",
        "coordinates": [
          77.8127137,
          14.1649632
        ]
      },
      "id": "node/2564044231"
    },
    {
      "type": "Feature",
      "properties": {
        "@id": "node/2599226287",
        "amenity": "restaurant",
        "name": "Thirupati Bhimas"
      },
      "geometry": {
        "type": "Point",
        "coordinates": [
          79.4193744,
          13.6291512
        ]
      },
      "id": "node/2599226287"
    },
    {
      "type": "Feature",
      "properties": {
        "@id": "node/2600868585",
        "addr:city": "vijayawada",
        "addr:postcode": "520002",
        "amenity": "restaurant",
        "name": "Raj Towers"
      },
      "geometry": {
        "type": "Point",
        "coordinates": [
          80.6280112,
          16.5135337
        ]
      },
      "id": "node/2600868585"
    },
    {
      "type": "Feature",
      "properties": {
        "@id": "node/2708531430",
        "addr:city": "Kurnool",
        "addr:postcode": "518001",
        "addr:street": "Abdhualah Khan Estate Lane",
        "amenity": "restaurant",
        "cuisine": "regional",
        "diet:vegetarian": "yes",
        "name": "Kalakura Hotel"
      },
      "geometry": {
        "type": "Point",
        "coordinates": [
          78.0390775,
          15.8290026
        ]
      },
      "id": "node/2708531430"
    },
    {
      "type": "Feature",
      "properties": {
        "@id": "node/2710846878",
        "amenity": "restaurant",
        "name": "Hotel Jayasree"
      },
      "geometry": {
        "type": "Point",
        "coordinates": [
          78.0354188,
          15.8274023
        ]
      },
      "id": "node/2710846878"
    },
    {
      "type": "Feature",
      "properties": {
        "@id": "node/2710853827",
        "amenity": "restaurant",
        "name": "Food World",
        "name:ur": "فوڈ ورلڈ"
      },
      "geometry": {
        "type": "Point",
        "coordinates": [
          78.0368677,
          15.8284041
        ]
      },
      "id": "node/2710853827"
    },
    {
      "type": "Feature",
      "properties": {
        "@id": "node/2714309373",
        "amenity": "restaurant",
        "name": "Hotel Janapriya"
      },
      "geometry": {
        "type": "Point",
        "coordinates": [
          78.0395184,
          15.8333391
        ]
      },
      "id": "node/2714309373"
    },
    {
      "type": "Feature",
      "properties": {
        "@id": "node/3029399869",
        "amenity": "restaurant",
        "name": "Ghar Dhaba"
      },
      "geometry": {
        "type": "Point",
        "coordinates": [
          77.6300528,
          15.0576981
        ]
      },
      "id": "node/3029399869"
    },
    {
      "type": "Feature",
      "properties": {
        "@id": "node/3076350007",
        "addr:full": "Opp. Railway Station, Alcot Gardens, Rajahmundry.",
        "amenity": "restaurant",
        "name": "Satya Srinivasa Resturant & Bar",
        "name:te": "సత్య శ్రీనివాస రెస్టారెంట్ & బార్"
      },
      "geometry": {
        "type": "Point",
        "coordinates": [
          81.7832882,
          16.9837598
        ]
      },
      "id": "node/3076350007"
    },
    {
      "type": "Feature",
      "properties": {
        "@id": "node/3076350008",
        "addr:full": "Near River Bay, Rajahmundry.",
        "amenity": "restaurant",
        "name": "Avakai"
      },
      "geometry": {
        "type": "Point",
        "coordinates": [
          81.7753597,
          16.9910979
        ]
      },
      "id": "node/3076350008"
    },
    {
      "type": "Feature",
      "properties": {
        "@id": "node/3076350009",
        "addr:full": "T Nagar, Rajahmundry.",
        "amenity": "restaurant",
        "name": "Udupi Akshaya Veg Restaurant"
      },
      "geometry": {
        "type": "Point",
        "coordinates": [
          81.7749878,
          16.9925356
        ]
      },
      "id": "node/3076350009"
    },
    {
      "type": "Feature",
      "properties": {
        "@id": "node/3076350010",
        "addr:full": "Beside Kumari Dheatre, T Nagar, Rajahmundry.",
        "amenity": "restaurant",
        "name": "Sitara Pure Veg Restaurant"
      },
      "geometry": {
        "type": "Point",
        "coordinates": [
          81.7715101,
          16.9965144
        ]
      },
      "id": "node/3076350010"
    },
    {
      "type": "Feature",
      "properties": {
        "@id": "node/3076350011",
        "addr:full": "Stadium Road, Rajahmundry.",
        "amenity": "restaurant",
        "description": "Restaurant & Bar",
        "name": "Sri Sudha Restaurant & Bar"
      },
      "geometry": {
        "type": "Point",
        "coordinates": [
          81.7773394,
          16.9968097
        ]
      },
      "id": "node/3076350011"
    },
    {
      "type": "Feature",
      "properties": {
        "@id": "node/3076350012",
        "addr:full": "Bandrakula Compelx, Near Saikrishna Theatre, Rajahmundry.",
        "amenity": "restaurant",
        "description": "Restaurant & Bar",
        "name": "Samrat Bar & Restaurant"
      },
      "geometry": {
        "type": "Point",
        "coordinates": [
          81.7755443,
          16.9969127
        ]
      },
      "id": "node/3076350012"
    },
    {
      "type": "Feature",
      "properties": {
        "@id": "node/3076350013",
        "addr:full": "Kumari Takis Road, T Nagar, Rajahmundry.",
        "amenity": "restaurant",
        "description": "Veg & Non-veg",
        "name": "J.k.restaurant"
      },
      "geometry": {
        "type": "Point",
        "coordinates": [
          81.7725282,
          16.9971763
        ]
      },
      "id": "node/3076350013"
    },
    {
      "type": "Feature",
      "properties": {
        "@id": "node/3076350014",
        "addr:full": "Rtc Complex Road, Rajahmundry.",
        "amenity": "restaurant",
        "description": "Restaurant & Bar",
        "name": "Menaka Reddy Restaurant & Bar"
      },
      "geometry": {
        "type": "Point",
        "coordinates": [
          81.7838442,
          16.9994869
        ]
      },
      "id": "node/3076350014"
    },
    {
      "type": "Feature",
      "properties": {
        "@id": "node/3076350015",
        "addr:full": "Near Baroda Bank, Kotagummam, Rajahmundry.",
        "amenity": "restaurant",
        "description": "Restaurant & Bar",
        "name": "Ajantha Restaurant & Bar"
      },
      "geometry": {
        "type": "Point",
        "coordinates": [
          81.7703103,
          17.0057163
        ]
      },
      "id": "node/3076350015"
    },
    {
      "type": "Feature",
      "properties": {
        "@id": "node/3076350016",
        "addr:full": "Kotagummam, Rajahhmudnry.",
        "amenity": "restaurant",
        "name": "Venkateswara Royal Dine Family Resturant"
      },
      "geometry": {
        "type": "Point",
        "coordinates": [
          81.7691278,
          17.0063028
        ]
      },
      "id": "node/3076350016"
    },
    {
      "type": "Feature",
      "properties": {
        "@id": "node/3076350017",
        "addr:full": "Beside Akhil Apartments,danavai Peta, Rajahmundry.",
        "amenity": "restaurant",
        "name": "Green Park Restaurant A/c"
      },
      "geometry": {
        "type": "Point",
        "coordinates": [
          81.7850343,
          17.006406
        ]
      },
      "id": "node/3076350017"
    },
    {
      "type": "Feature",
      "properties": {
        "@id": "node/3076350018",
        "addr:full": "Near Gandhi Park, Danvaipeta, Rajahmundry.",
        "amenity": "restaurant",
        "name": "Sri Surya Restaurant"
      },
      "geometry": {
        "type": "Point",
        "coordinates": [
          81.7831519,
          17.0066901
        ]
      },
      "id": "node/3076350018"
    },
    {
      "type": "Feature",
      "properties": {
        "@id": "node/3076350019",
        "addr:full": "Near Sub Collctor Office, Rajahmundry.",
        "amenity": "restaurant",
        "name": "Chandra Restaurent"
      },
      "geometry": {
        "type": "Point",
        "coordinates": [
          81.7726775,
          17.0073087
        ]
      },
      "id": "node/3076350019"
    },
    {
      "type": "Feature",
      "properties": {
        "@id": "node/3076350020",
        "addr:full": "A.v.a.road, Rajahmundry.",
        "amenity": "restaurant",
        "description": "Restaurant & Bar",
        "name": "Savera"
      },
      "geometry": {
        "type": "Point",
        "coordinates": [
          81.7937246,
          17.0092936
        ]
      },
      "id": "node/3076350020"
    },
    {
      "type": "Feature",
      "properties": {
        "@id": "node/3076350021",
        "addr:full": "Devichowk, Rajahmundry.",
        "amenity": "restaurant",
        "name": "Swati Restaurent"
      },
      "geometry": {
        "type": "Point",
        "coordinates": [
          81.7762218,
          17.0096162
        ]
      },
      "id": "node/3076350021"
    },
    {
      "type": "Feature",
      "properties": {
        "@id": "node/3076350022",
        "addr:full": "Devichowk, Rajahmundry.",
        "amenity": "restaurant",
        "bar": "no",
        "diet:vegetarian": "yes",
        "level": "0",
        "name": "Hotel Satya",
        "outdoor_seating": "no",
        "payment:cash": "yes",
        "phone": "09440110101"
      },
      "geometry": {
        "type": "Point",
        "coordinates": [
          81.7766024,
          17.0103379
        ]
      },
      "id": "node/3076350022"
    },
    {
      "type": "Feature",
      "properties": {
        "@id": "node/3076350023",
        "addr:full": "Lalacheruvu Junction, Rajahmundry.",
        "amenity": "restaurant",
        "name": "Vijayananda Resturant",
        "phone": "9848506969,9885296496"
      },
      "geometry": {
        "type": "Point",
        "coordinates": [
          81.8071359,
          17.0266266
        ]
      },
      "id": "node/3076350023"
    },
    {
      "type": "Feature",
      "properties": {
        "@id": "node/3243965525",
        "amenity": "restaurant",
        "cuisine": "regional",
        "name": "Hotel Kohinoor Biryani Point"
      },
      "geometry": {
        "type": "Point",
        "coordinates": [
          80.6365768,
          16.5373394
        ]
      },
      "id": "node/3243965525"
    },
    {
      "type": "Feature",
      "properties": {
        "@id": "node/3329696915",
        "amenity": "restaurant",
        "name": "Srikanya Comfort"
      },
      "geometry": {
        "type": "Point",
        "coordinates": [
          81.768275,
          17.0089126
        ]
      },
      "id": "node/3329696915"
    },
    {
      "type": "Feature",
      "properties": {
        "@id": "node/3476027250",
        "amenity": "restaurant",
        "name": "Rasamai",
        "name:en": "Canteen",
        "opening_hours": "Mo-Sa 08:30-16:30",
        "operator": "MVGR College of Engineering",
        "smoking": "no"
      },
      "geometry": {
        "type": "Point",
        "coordinates": [
          83.4049201,
          18.0617081
        ]
      },
      "id": "node/3476027250"
    },
    {
      "type": "Feature",
      "properties": {
        "@id": "node/3520996321",
        "amenity": "restaurant",
        "name": "Food Plaza"
      },
      "geometry": {
        "type": "Point",
        "coordinates": [
          80.1552814,
          16.0716038
        ]
      },
      "id": "node/3520996321"
    },
    {
      "type": "Feature",
      "properties": {
        "@id": "node/3640908196",
        "amenity": "restaurant",
        "name": "Nandi"
      },
      "geometry": {
        "type": "Point",
        "coordinates": [
          79.6756147,
          13.7328927
        ]
      },
      "id": "node/3640908196"
    },
    {
      "type": "Feature",
      "properties": {
        "@id": "node/3991602817",
        "amenity": "restaurant",
        "cuisine": "indian",
        "name": "Ramya Foods"
      },
      "geometry": {
        "type": "Point",
        "coordinates": [
          80.0484873,
          15.4915777
        ]
      },
      "id": "node/3991602817"
    },
    {
      "type": "Feature",
      "properties": {
        "@id": "node/3991618841",
        "amenity": "restaurant",
        "cuisine": "indian",
        "name": "KB Restaurant"
      },
      "geometry": {
        "type": "Point",
        "coordinates": [
          80.0488579,
          15.4928025
        ]
      },
      "id": "node/3991618841"
    },
    {
      "type": "Feature",
      "properties": {
        "@id": "node/4052542463",
        "amenity": "restaurant",
        "cuisine": "indian",
        "name": "Kamat",
        "outdoor_seating": "yes"
      },
      "geometry": {
        "type": "Point",
        "coordinates": [
          83.318374,
          17.7218843
        ]
      },
      "id": "node/4052542463"
    },
    {
      "type": "Feature",
      "properties": {
        "@id": "node/4064434113",
        "amenity": "restaurant",
        "name": "ISMAIL"
      },
      "geometry": {
        "type": "Point",
        "coordinates": [
          80.0487909,
          15.4953179
        ]
      },
      "id": "node/4064434113"
    },
    {
      "type": "Feature",
      "properties": {
        "@id": "node/4066539816",
        "amenity": "restaurant",
        "name": "K Hotel"
      },
      "geometry": {
        "type": "Point",
        "coordinates": [
          80.6684515,
          16.5159323
        ]
      },
      "id": "node/4066539816"
    },
    {
      "type": "Feature",
      "properties": {
        "@id": "node/4109460430",
        "amenity": "restaurant",
        "brand": "Pizza Hut",
        "brand:wikidata": "Q191615",
        "cuisine": "pizza",
        "delivery": "yes",
        "name": "Pizza Hut",
        "takeaway": "yes"
      },
      "geometry": {
        "type": "Point",
        "coordinates": [
          83.3053084,
          17.7264696
        ]
      },
      "id": "node/4109460430"
    },
    {
      "type": "Feature",
      "properties": {
        "@id": "node/4119129903",
        "addr:city": "Guntur",
        "addr:district": "Guntur",
        "addr:housenumber": "6th lane",
        "addr:postcode": "522002",
        "addr:street": "Brodipet 6Th Line",
        "amenity": "restaurant",
        "cuisine": "south_indian;panner_rice_bowl;idly;dosas",
        "diet:vegetarian": "yes",
        "internet_access": "yes",
        "name": "amogham",
        "opening_hours": "Mo-Su 10:00-22:00",
        "phone": "08632333349"
      },
      "geometry": {
        "type": "Point",
        "coordinates": [
          80.4376381,
          16.3042615
        ]
      },
      "id": "node/4119129903"
    },
    {
      "type": "Feature",
      "properties": {
        "@id": "node/4134825592",
        "addr:street": "Vidyanagar",
        "amenity": "restaurant",
        "cuisine": "chinese;burger;sandwich;noodles;pizza;ice_cream;kebab",
        "name": "Modern Pizza Worldd",
        "opening_hours": "Mo-Su 10:00-22:00",
        "phone": "08632333350"
      },
      "geometry": {
        "type": "Point",
        "coordinates": [
          80.4271223,
          16.3155136
        ]
      },
      "id": "node/4134825592"
    },
    {
      "type": "Feature",
      "properties": {
        "@id": "node/4170005290",
        "amenity": "restaurant"
      },
      "geometry": {
        "type": "Point",
        "coordinates": [
          78.7298559,
          13.2025799
        ]
      },
      "id": "node/4170005290"
    },
    {
      "type": "Feature",
      "properties": {
        "@id": "node/4299440807",
        "amenity": "restaurant",
        "name": "Zeeshan Restaurant"
      },
      "geometry": {
        "type": "Point",
        "coordinates": [
          83.3014693,
          17.7118301
        ]
      },
      "id": "node/4299440807"
    },
    {
      "type": "Feature",
      "properties": {
        "@id": "node/4299440808",
        "amenity": "restaurant",
        "name": "Alpha"
      },
      "geometry": {
        "type": "Point",
        "coordinates": [
          83.3017677,
          17.7121827
        ]
      },
      "id": "node/4299440808"
    },
    {
      "type": "Feature",
      "properties": {
        "@id": "node/4299599249",
        "amenity": "restaurant",
        "name": "Alkapuri"
      },
      "geometry": {
        "type": "Point",
        "coordinates": [
          83.2997229,
          17.7129302
        ]
      },
      "id": "node/4299599249"
    },
    {
      "type": "Feature",
      "properties": {
        "@id": "node/4299599251",
        "amenity": "restaurant",
        "name": "Nelluru Vaari Mess"
      },
      "geometry": {
        "type": "Point",
        "coordinates": [
          83.3015243,
          17.7153833
        ]
      },
      "id": "node/4299599251"
    },
    {
      "type": "Feature",
      "properties": {
        "@id": "node/4299599255",
        "amenity": "restaurant",
        "name": "manjeera"
      },
      "geometry": {
        "type": "Point",
        "coordinates": [
          83.3010053,
          17.7151419
        ]
      },
      "id": "node/4299599255"
    },
    {
      "type": "Feature",
      "properties": {
        "@id": "node/4300022391",
        "amenity": "restaurant",
        "name": "Eleven"
      },
      "geometry": {
        "type": "Point",
        "coordinates": [
          83.3175507,
          17.7241818
        ]
      },
      "id": "node/4300022391"
    },
    {
      "type": "Feature",
      "properties": {
        "@id": "node/4305483196",
        "amenity": "restaurant",
        "name": "Flying Spaghetti Monster"
      },
      "geometry": {
        "type": "Point",
        "coordinates": [
          83.3148642,
          17.7212175
        ]
      },
      "id": "node/4305483196"
    },
    {
      "type": "Feature",
      "properties": {
        "@id": "node/4315250794",
        "addr:street": "Beside Gundlakamma Project Arch, NH-5 Gundlapalli, Prakasam Dt",
        "amenity": "restaurant",
        "email": "xpressdhaba@gmail.com",
        "name": "XPress Dhaba A/C",
        "phone": "+917893399655"
      },
      "geometry": {
        "type": "Point",
        "coordinates": [
          80.0148915,
          15.6533069
        ]
      },
      "id": "node/4315250794"
    },
    {
      "type": "Feature",
      "properties": {
        "@id": "node/4358878912",
        "amenity": "restaurant",
        "cuisine": "pizza;indian",
        "email": "Gopalrao.ampolu@gmail.com",
        "internet_access": "wlan",
        "name": "madhrams restorent",
        "opening_hours": "24/7",
        "operator": "Gopalrao",
        "phone": "8106166598"
      },
      "geometry": {
        "type": "Point",
        "coordinates": [
          81.6795954,
          16.7562255
        ]
      },
      "id": "node/4358878912"
    },
    {
      "type": "Feature",
      "properties": {
        "@id": "node/4446150426",
        "addr:city": "Kadapa",
        "addr:postcode": "516001",
        "addr:street": "Almaspet",
        "amenity": "restaurant",
        "name": "Andhra spice",
        "opening_hours": "10:00-22:30",
        "phone": "+91 98859 84763",
        "smoking": "no",
        "takeaway": "yes",
        "website": "www.andhraspice.com"
      },
      "geometry": {
        "type": "Point",
        "coordinates": [
          78.8223388,
          14.4717008
        ]
      },
      "id": "node/4446150426"
    },
    {
      "type": "Feature",
      "properties": {
        "@id": "node/4446178887",
        "addr:city": "kadapa",
        "addr:housenumber": "20/1152",
        "addr:postcode": "516001",
        "addr:street": "Cooperative Colony, Madras Road",
        "amenity": "restaurant",
        "name": "Mayura Gardenia",
        "opening_hours": "12:00-15:30, 18:30-22:00",
        "phone": "+91 85622 43060",
        "smoking": "no",
        "takeaway": "yes"
      },
      "geometry": {
        "type": "Point",
        "coordinates": [
          78.8299237,
          14.478186
        ]
      },
      "id": "node/4446178887"
    },
    {
      "type": "Feature",
      "properties": {
        "@id": "node/4446189586",
        "addr:city": "Kadapa",
        "addr:housenumber": "123/1C1",
        "addr:postcode": "516003",
        "addr:street": "R.S.Road, Y.M.Palli",
        "amenity": "restaurant",
        "name": "Manasa Inn",
        "opening_hours": "00:00-24:00",
        "phone": "+91 85622 58999",
        "smoking": "no",
        "takeaway": "yes",
        "website": "www.manasainnkadapa.com"
      },
      "geometry": {
        "type": "Point",
        "coordinates": [
          78.823064,
          14.4622422
        ]
      },
      "id": "node/4446189586"
    },
    {
      "type": "Feature",
      "properties": {
        "@id": "node/4446245539",
        "addr:city": "Kadapa",
        "addr:postcode": "516001",
        "addr:street": "Simhapuri Colony, Near RTC Bus stand, Next to Joy Allukas Showroom",
        "amenity": "restaurant",
        "delivery": "yes",
        "name": "KFC Restaurant",
        "opening_hours": "11:00-23:00",
        "phone": "+91 98495 66233",
        "smoking": "no",
        "takeaway": "yes",
        "website": "kfc.co.in"
      },
      "geometry": {
        "type": "Point",
        "coordinates": [
          78.8330247,
          14.4653539
        ]
      },
      "id": "node/4446245539"
    },
    {
      "type": "Feature",
      "properties": {
        "@id": "node/4446268727",
        "addr:city": "Kadapa",
        "addr:postcode": "516002",
        "addr:street": "N.G.O Colony, Madras Road",
        "amenity": "restaurant",
        "name": "Sushanth Motels & Restaurant",
        "opening_hours": "12:00-23:59",
        "phone": "+91 8562 253444",
        "takeaway": "yes"
      },
      "geometry": {
        "type": "Point",
        "coordinates": [
          78.854216,
          14.4681125
        ]
      },
      "id": "node/4446268727"
    },
    {
      "type": "Feature",
      "properties": {
        "@id": "node/4446280213",
        "addr:city": "kadapa",
        "addr:housenumber": "20/489",
        "addr:postcode": "516001",
        "addr:street": "Madras Road",
        "amenity": "restaurant",
        "name": "Empire Multi Cuisine Restaurant",
        "opening_hours": "12:00-23:00",
        "phone": "+91 98499 13171",
        "smoking": "no",
        "takeaway": "yes"
      },
      "geometry": {
        "type": "Point",
        "coordinates": [
          78.8246877,
          14.4787247
        ]
      },
      "id": "node/4446280213"
    },
    {
      "type": "Feature",
      "properties": {
        "@id": "node/4446285302",
        "addr:city": "kadapa",
        "addr:postcode": "516001",
        "addr:street": "Near Krishna Threatre Circle, Ganagapeta",
        "amenity": "restaurant",
        "name": "Hotel Shahi Darbar",
        "opening_hours": "07:30-23:30",
        "phone": "+91 98854 83786",
        "smoking": "no",
        "takeaway": "yes"
      },
      "geometry": {
        "type": "Point",
        "coordinates": [
          78.8258636,
          14.4785383
        ]
      },
      "id": "node/4446285302"
    },
    {
      "type": "Feature",
      "properties": {
        "@id": "node/4446292239",
        "addr:city": "Kadapa",
        "addr:housenumber": "10",
        "addr:postcode": "516001",
        "addr:street": "Ground floor, Rims Road Opp Bus Stand",
        "amenity": "restaurant",
        "brand": "Domino's",
        "brand:ks": "ڈومینوز",
        "brand:pa": "ਡੋਮੀਨੋਜ਼",
        "brand:ur": "ڈومینوز",
        "brand:wikidata": "Q839466",
        "brand:wikipedia": "en:Domino's Pizza",
        "delivery": "yes",
        "name": "Domino's",
        "name:ks": "ڈومینوز",
        "name:pa": "ਡੋਮੀਨੋਜ਼",
        "name:ur": "ڈومینوز",
        "opening_hours": "11:00-23:00",
        "phone": "+91 85622 21888",
        "smoking": "no",
        "takeaway": "yes"
      },
      "geometry": {
        "type": "Point",
        "coordinates": [
          78.8321874,
          14.4643307
        ]
      },
      "id": "node/4446292239"
    },
    {
      "type": "Feature",
      "properties": {
        "@id": "node/4446303912",
        "addr:city": "Tirupati",
        "addr:postcode": "517502",
        "addr:street": "Thatithopu",
        "amenity": "restaurant",
        "name": "Vanam Restaurant",
        "opening_hours": "07:00-21:00",
        "phone": "+91 99590 00605"
      },
      "geometry": {
        "type": "Point",
        "coordinates": [
          79.3646973,
          13.6236005
        ]
      },
      "id": "node/4446303912"
    },
    {
      "type": "Feature",
      "properties": {
        "@id": "node/4446320322",
        "addr:city": "Tirupati",
        "addr:postcode": "517501",
        "addr:street": "Yalamuri Complex, Tuda Road",
        "amenity": "restaurant",
        "name": "Hyderabad House",
        "opening_hours": "00:00-24:00",
        "phone": "+91 877 222 3324",
        "smoking": "no",
        "takeaway": "yes",
        "website": "www.hyderabadhouse.com"
      },
      "geometry": {
        "type": "Point",
        "coordinates": [
          79.4246821,
          13.6349955
        ]
      },
      "id": "node/4446320322"
    },
    {
      "type": "Feature",
      "properties": {
        "@id": "node/4446329145",
        "addr:city": "Tirupati",
        "addr:postcode": "517501",
        "addr:street": "Reddy&Reddy Colony Road",
        "amenity": "restaurant",
        "name": "Andhra Spice",
        "opening_hours": "10:00-22:30",
        "phone": "+91 98480 21000",
        "takeaway": "yes"
      },
      "geometry": {
        "type": "Point",
        "coordinates": [
          79.4189265,
          13.6332117
        ]
      },
      "id": "node/4446329145"
    },
    {
      "type": "Feature",
      "properties": {
        "@id": "node/4446337235",
        "addr:city": "Tirupati",
        "addr:postcode": "517501",
        "addr:street": "Renigunta Road, Near Railway Station Flyover",
        "amenity": "restaurant",
        "name": "Blue Fox",
        "opening_hours": "11:00-23:00",
        "phone": "+ 91 80080 02312",
        "smoking": "no",
        "takeaway": "yes",
        "website": "www.bluefoxrestaurant.com"
      },
      "geometry": {
        "type": "Point",
        "coordinates": [
          79.4287298,
          13.6266428
        ]
      },
      "id": "node/4446337235"
    },
    {
      "type": "Feature",
      "properties": {
        "@id": "node/4446345063",
        "addr:city": "Tirupati",
        "addr:housenumber": "18",
        "addr:postcode": "517501",
        "addr:street": "AIR Bypass Road, New Balaji Colony",
        "amenity": "restaurant",
        "name": "The Hangout (NYPFC)",
        "opening_hours": "10:00-22:30",
        "phone": "+91 877 600 2020",
        "smoking": "no",
        "takeaway": "yes",
        "website": "www.thehangoutcafe.co"
      },
      "geometry": {
        "type": "Point",
        "coordinates": [
          79.4112716,
          13.6218972
        ]
      },
      "id": "node/4446345063"
    },
    {
      "type": "Feature",
      "properties": {
        "@id": "node/4446350778",
        "addr:city": "Tirupati",
        "addr:housenumber": "127",
        "addr:postcode": "517501",
        "addr:street": "T.P.Area, Opp Vishnu Nivas Building",
        "amenity": "restaurant",
        "name": "Hotel Sree Saravana Bhavan",
        "opening_hours": "05:30-11:00",
        "phone": "+91 96422 00064",
        "smoking": "no",
        "takeaway": "yes"
      },
      "geometry": {
        "type": "Point",
        "coordinates": [
          79.4219427,
          13.6300373
        ]
      },
      "id": "node/4446350778"
    },
    {
      "type": "Feature",
      "properties": {
        "@id": "node/4446356735",
        "addr:city": "Tirumala",
        "addr:postcode": "517504",
        "addr:street": "Beside Narayanagiri Guest House",
        "amenity": "restaurant",
        "name": "Saarangi Fine Dine Restaurant",
        "opening_hours": "06:30-23:30",
        "phone": "+91 877 227 7119",
        "website": "www.saarangitirumala.com"
      },
      "geometry": {
        "type": "Point",
        "coordinates": [
          79.3417504,
          13.6799883
        ]
      },
      "id": "node/4446356735"
    },
    {
      "type": "Feature",
      "properties": {
        "@id": "node/4446363951",
        "addr:city": "Tirupati",
        "addr:postcode": "517501",
        "addr:street": "AIR Bypass Rd, Ashok Nagar",
        "amenity": "restaurant",
        "name": "Carrots Restaurant",
        "opening_hours": "12:00-10:30",
        "phone": "+91 877 224 4873",
        "smoking": "no",
        "takeaway": "yes"
      },
      "geometry": {
        "type": "Point",
        "coordinates": [
          79.419385,
          13.6227852
        ]
      },
      "id": "node/4446363951"
    },
    {
      "type": "Feature",
      "properties": {
        "@id": "node/4446383292",
        "addr:city": "Tirupati",
        "addr:housenumber": "18-1-60/A",
        "addr:postcode": "517501",
        "addr:street": "KT Road, Star Plaza, Above Reliance Footprint",
        "amenity": "restaurant",
        "name": "Apple Lounge",
        "opening_hours": "11:00-23:00",
        "phone": "+91 877 656 1999",
        "smoking": "no",
        "takeaway": "yes",
        "website": "www.applelounge.co.in"
      },
      "geometry": {
        "type": "Point",
        "coordinates": [
          79.4185339,
          13.6451285
        ]
      },
      "id": "node/4446383292"
    },
    {
      "type": "Feature",
      "properties": {
        "@id": "node/4446392860",
        "addr:city": "Tirupati",
        "addr:postcode": "517501",
        "addr:street": "Opposite to Tamil Nad Merchantile Bank, AIR Bypass Rd",
        "amenity": "restaurant",
        "name": "Chillies Restaurant",
        "opening_hours": "09:00-23:00",
        "phone": "+91 877 645 7888",
        "smoking": "no",
        "takeaway": "yes"
      },
      "geometry": {
        "type": "Point",
        "coordinates": [
          79.4230082,
          13.6230616
        ]
      },
      "id": "node/4446392860"
    },
    {
      "type": "Feature",
      "properties": {
        "@id": "node/4446404162",
        "addr:city": "Tirupati",
        "addr:postcode": "517501",
        "addr:street": "Korramenugunta",
        "amenity": "restaurant",
        "name": "Yalamuri Bar And Restaurant"
      },
      "geometry": {
        "type": "Point",
        "coordinates": [
          79.4304903,
          13.6222899
        ]
      },
      "id": "node/4446404162"
    },
    {
      "type": "Feature",
      "properties": {
        "@id": "node/4446410559",
        "addr:city": "Tirupati",
        "addr:housenumber": "4-4-515",
        "addr:postcode": "517501",
        "addr:street": "Nehru Street,",
        "amenity": "restaurant",
        "name": "Harika Bar And Restaurant",
        "opening_hours": "11:00-21:30",
        "phone": "+91 94410 04317"
      },
      "geometry": {
        "type": "Point",
        "coordinates": [
          79.4119654,
          13.6361984
        ]
      },
      "id": "node/4446410559"
    },
    {
      "type": "Feature",
      "properties": {
        "@id": "node/4446413971",
        "addr:city": "Tirupati",
        "addr:postcode": "517501",
        "addr:street": "K.T.Road",
        "amenity": "restaurant",
        "cuisine": "chinese;indian",
        "diet:vegetarian": "only",
        "name": "Sunlight Veg Restaurant",
        "opening_hours": "10:00-23:00",
        "phone": "+91 877 329 9666",
        "smoking": "no",
        "takeaway": "yes"
      },
      "geometry": {
        "type": "Point",
        "coordinates": [
          79.4183175,
          13.6505264
        ]
      },
      "id": "node/4446413971"
    },
    {
      "type": "Feature",
      "properties": {
        "@id": "node/4446434741",
        "addr:city": "Tirupati",
        "addr:street": "K.T.Road",
        "amenity": "restaurant",
        "name": "Manal Restaurant",
        "opening_hours": "12:00-23:00"
      },
      "geometry": {
        "type": "Point",
        "coordinates": [
          79.4196474,
          13.6467356
        ]
      },
      "id": "node/4446434741"
    },
    {
      "type": "Feature",
      "properties": {
        "@id": "node/4446443631",
        "addr:city": "Tirupati",
        "addr:postcode": "517501",
        "addr:street": "Tata Nagar",
        "amenity": "restaurant",
        "name": "Punjabi Dhaba",
        "opening_hours": "10:00-23:00",
        "phone": "+91 9394804827",
        "takeaway": "yes"
      },
      "geometry": {
        "type": "Point",
        "coordinates": [
          79.4253019,
          13.6287048
        ]
      },
      "id": "node/4446443631"
    },
    {
      "type": "Feature",
      "properties": {
        "@id": "node/4446457855",
        "addr:city": "Tirupati",
        "addr:postcode": "517501",
        "addr:street": "AIR Bypass Rd, New Balaji Colony",
        "amenity": "restaurant",
        "name": "Natures kitchen",
        "opening_hours": "09:00-21:00",
        "phone": "+91 9393605550",
        "takeaway": "yes"
      },
      "geometry": {
        "type": "Point",
        "coordinates": [
          79.4171497,
          13.6153935
        ]
      },
      "id": "node/4446457855"
    },
    {
      "type": "Feature",
      "properties": {
        "@id": "node/4446461132",
        "addr:city": "Tirupati",
        "addr:housenumber": "18-1-421",
        "addr:postcode": "517501",
        "addr:street": "City Center Complex, K.T. Road, Near Bhavani Nagar Bus Stop",
        "amenity": "restaurant",
        "name": "SFC Restaurant",
        "opening_hours": "10:30-23:00",
        "phone": "+91 93939 66510",
        "smoking": "no",
        "takeaway": "yes",
        "website": "https://southernfriedchicken.com/"
      },
      "geometry": {
        "type": "Point",
        "coordinates": [
          79.4306379,
          13.6236886
        ]
      },
      "id": "node/4446461132"
    },
    {
      "type": "Feature",
      "properties": {
        "@id": "node/4446470826",
        "addr:city": "Tirupati",
        "addr:postcode": "517501",
        "addr:street": "Tiruchanoor Road, Fortune Select Grand Ridge",
        "amenity": "restaurant",
        "diet:vegetarian": "only",
        "fixme": "Seems not the right website for this restaurant. Can someone check this?",
        "name": "Rainbow Vegetarian Restaurant",
        "opening_hours": "11:00-23:00",
        "phone": "+91 877 222 1818",
        "smoking": "no",
        "takeaway": "yes",
        "website": "https://www.grandridgehotel.com/"
      },
      "geometry": {
        "type": "Point",
        "coordinates": [
          79.4407677,
          13.6139463
        ]
      },
      "id": "node/4446470826"
    },
    {
      "type": "Feature",
      "properties": {
        "@id": "node/4446477057",
        "addr:city": "Tirupati",
        "addr:postcode": "517501",
        "addr:street": "V.V.Mahal Road, Reddy and Reddy's Colony",
        "amenity": "restaurant",
        "name": "Manasa Fast Food"
      },
      "geometry": {
        "type": "Point",
        "coordinates": [
          79.4188104,
          13.6371288
        ]
      },
      "id": "node/4446477057"
    },
    {
      "type": "Feature",
      "properties": {
        "@id": "node/4446487701",
        "addr:city": "Tirupati",
        "addr:postcode": "517501",
        "addr:street": "K.T.Road",
        "amenity": "restaurant",
        "name": "Manju Foods Family Restaurant",
        "opening_hours": "09:00-22:00",
        "phone": "+91 99496 53899",
        "smoking": "no",
        "takeaway": "yes"
      },
      "geometry": {
        "type": "Point",
        "coordinates": [
          79.4199634,
          13.6390546
        ]
      },
      "id": "node/4446487701"
    },
    {
      "type": "Feature",
      "properties": {
        "@id": "node/4446495494",
        "addr:city": "Tirupati",
        "addr:housenumber": "13-6-600/44/162-B",
        "addr:postcode": "517501",
        "addr:street": "P.K Lay-Out,Opp Srinivasam Complex",
        "amenity": "restaurant",
        "name": "Hotel MAHAVEER",
        "opening_hours": "09:00-23:00",
        "phone": "+91 98850 29618",
        "takeaway": "yes"
      },
      "geometry": {
        "type": "Point",
        "coordinates": [
          79.4273739,
          13.6318821
        ]
      },
      "id": "node/4446495494"
    },
    {
      "type": "Feature",
      "properties": {
        "@id": "node/4446510118",
        "addr:city": "Tirupati",
        "addr:postcode": "517501",
        "addr:street": "Beside Central Bus Station T P area, Korramenugunta",
        "amenity": "restaurant",
        "name": "Andhra Spice Residency",
        "opening_hours": "12:00-23:00",
        "phone": "+91 877 664 0999"
      },
      "geometry": {
        "type": "Point",
        "coordinates": [
          79.4247277,
          13.6291791
        ]
      },
      "id": "node/4446510118"
    },
    {
      "type": "Feature",
      "properties": {
        "@id": "node/4446517435",
        "addr:city": "Tirupati",
        "addr:housenumber": "13-6-771/20",
        "addr:postcode": "517501",
        "addr:street": "opp. APSRTC Bus Stand, Ashok Nagar",
        "amenity": "restaurant",
        "name": "Ginger Hotel",
        "opening_hours": "07:00-22:30",
        "phone": "+91 877 228 3333",
        "smoking": "no",
        "website": "https://www.gingerhotels.com/"
      },
      "geometry": {
        "type": "Point",
        "coordinates": [
          79.4290123,
          13.6277484
        ]
      },
      "id": "node/4446517435"
    },
    {
      "type": "Feature",
      "properties": {
        "@id": "node/4446522199",
        "addr:city": "Tirupati",
        "addr:postcode": "517501",
        "addr:street": "Tata Nagar",
        "amenity": "restaurant",
        "name": "Dakshin",
        "opening_hours": "06:00-23:00",
        "phone": "+91 97000 30051",
        "website": "https://www.hotelplrgrand.com/"
      },
      "geometry": {
        "type": "Point",
        "coordinates": [
          79.4227032,
          13.6307242
        ]
      },
      "id": "node/4446522199"
    },
    {
      "type": "Feature",
      "properties": {
        "@id": "node/4446533770",
        "addr:city": "Tirupati",
        "addr:housenumber": "19-9-7C2",
        "addr:postcode": "517501",
        "addr:street": "Old Tiruchanur Road, Sankarambadi Circle, Laxmipuram",
        "amenity": "restaurant",
        "name": "Papa John's",
        "opening_hours": "11:00-23:00",
        "phone": "+91 877 223 9456",
        "website": "www.papajohnspizza.in"
      },
      "geometry": {
        "type": "Point",
        "coordinates": [
          79.4304344,
          13.6231939
        ]
      },
      "id": "node/4446533770"
    },
    {
      "type": "Feature",
      "properties": {
        "@id": "node/4446542908",
        "addr:city": "Tirupati",
        "addr:street": "Reddy&Reddy Colony Road",
        "amenity": "restaurant",
        "brand": "KFC",
        "brand:pa": "ਕੇਐਫਸੀ",
        "brand:ur": "کینٹکی فرائیڈ چکن",
        "brand:wikidata": "Q524757",
        "brand:wikipedia": "en:KFC",
        "brand:wikipedia:pa": "ਕੇਐਫਸੀ",
        "brand:wikipedia:ur": "کینٹکی فرائیڈ چکن",
        "name": "KFC",
        "name:pa": "ਕੇਐਫਸੀ",
        "name:ur": "کینٹکی فرائیڈ چکن",
        "opening_hours": "11:00-23:00",
        "phone": "+91 95819 84455",
        "website": "www.online.kfc.co.in"
      },
      "geometry": {
        "type": "Point",
        "coordinates": [
          79.4214097,
          13.6369253
        ]
      },
      "id": "node/4446542908"
    },
    {
      "type": "Feature",
      "properties": {
        "@id": "node/4446575081",
        "addr:city": "Tirupati",
        "addr:postcode": "517501",
        "addr:street": "Nandi circle OPP kapileswara temple, Near NGOS Colony",
        "amenity": "restaurant",
        "name": "Hotel Sri Nandhi Restaurant",
        "opening_hours": "09:00-22:00",
        "phone": "+91 95502 10456",
        "website": "http://vilekhari.blogspot.in/2016/06/hotel-sri-nandi-restaurant-tirupati.html"
      },
      "geometry": {
        "type": "Point",
        "coordinates": [
          79.4206324,
          13.653086
        ]
      },
      "id": "node/4446575081"
    },
    {
      "type": "Feature",
      "properties": {
        "@id": "node/4446596002",
        "addr:city": "Tirupati",
        "addr:street": "Tata Nagar",
        "amenity": "restaurant",
        "name": "Sravana Bhavan",
        "name:te": "శ్రవణ భవన్",
        "phone": "+91 98256 18445"
      },
      "geometry": {
        "type": "Point",
        "coordinates": [
          79.4270493,
          13.6301807
        ]
      },
      "id": "node/4446596002"
    },
    {
      "type": "Feature",
      "properties": {
        "@id": "node/4446602505",
        "addr:city": "Rayachoti",
        "addr:postcode": "516269",
        "addr:street": "Bungalow",
        "amenity": "restaurant",
        "name": "Swaad Restaurant",
        "opening_hours": "00:00-24:00",
        "phone": "+91 90304 31144"
      },
      "geometry": {
        "type": "Point",
        "coordinates": [
          78.7519552,
          14.0573402
        ]
      },
      "id": "node/4446602505"
    },
    {
      "type": "Feature",
      "properties": {
        "@id": "node/4446606717",
        "addr:city": "Rayachoti",
        "addr:postcode": "516269",
        "addr:street": "Upstairs New Bombay Lodge, S N Colony, 1st Floor",
        "amenity": "restaurant",
        "name": "Vihari Family Restaurants",
        "opening_hours": "12:00-16:00, 18:00-22:00",
        "phone": "+91 9441416219"
      },
      "geometry": {
        "type": "Point",
        "coordinates": [
          78.751326,
          14.0560556
        ]
      },
      "id": "node/4446606717"
    },
    {
      "type": "Feature",
      "properties": {
        "@id": "node/4446613986",
        "addr:city": "Rayachoti",
        "addr:housenumber": "47-111",
        "addr:postcode": "516269",
        "addr:street": "Near Bharathi Vidya Mandir High School, Bose Nagar",
        "amenity": "restaurant",
        "name": "Sudha Hotel",
        "opening_hours": "09:30-18:30",
        "phone": "+91 9440143784"
      },
      "geometry": {
        "type": "Point",
        "coordinates": [
          78.7481747,
          14.0549886
        ]
      },
      "id": "node/4446613986"
    },
    {
      "type": "Feature",
      "properties": {
        "@id": "node/4446620405",
        "addr:city": "Rayachoti",
        "addr:postcode": "516269",
        "addr:street": "Prabhakar Nursing Home",
        "amenity": "restaurant",
        "name": "ravis cafe",
        "opening_hours": "00:00-24:00",
        "phone": "+91 8561 251454"
      },
      "geometry": {
        "type": "Point",
        "coordinates": [
          78.7482429,
          14.0578458
        ]
      },
      "id": "node/4446620405"
    },
    {
      "type": "Feature",
      "properties": {
        "@id": "node/4446631466",
        "addr:city": "Rayachoti",
        "addr:housenumber": "38/88/80",
        "addr:postcode": "516269",
        "addr:street": "Chittoor Road",
        "amenity": "restaurant",
        "name": "Jahnavi Restaurant & Bar",
        "opening_hours": "09:30-21:00",
        "phone": "+91 9000029610"
      },
      "geometry": {
        "type": "Point",
        "coordinates": [
          78.7514331,
          14.0536007
        ]
      },
      "id": "node/4446631466"
    },
    {
      "type": "Feature",
      "properties": {
        "@id": "node/4446637290",
        "addr:city": "Rajampet",
        "addr:housenumber": "34",
        "addr:postcode": "516115",
        "addr:street": "Chalapthi Complex, Old Bus Stand",
        "amenity": "restaurant",
        "name": "Hampi Family Restaurant",
        "opening_hours": "12:00-16:00, 19:00-22:30",
        "phone": "+91 85652 48884"
      },
      "geometry": {
        "type": "Point",
        "coordinates": [
          79.1633451,
          14.1946145
        ]
      },
      "id": "node/4446637290"
    },
    {
      "type": "Feature",
      "properties": {
        "@id": "node/4446645573",
        "addr:city": "Vijayawada",
        "addr:housenumber": "40-1-29",
        "addr:postcode": "520010",
        "addr:street": "Mahatma Gandhi Rd, Sidhartha Nagar, Labbipet",
        "amenity": "restaurant",
        "check_date": "2025-07-11",
        "name": "Rasoie",
        "opening_hours": "12:00-15:30, 19:00-22:30",
        "phone": "+91 866 666 8585"
      },
      "geometry": {
        "type": "Point",
        "coordinates": [
          80.6461647,
          16.5011762
        ]
      },
      "id": "node/4446645573"
    },
    {
      "type": "Feature",
      "properties": {
        "@id": "node/4446653455",
        "addr:city": "Vijayawada",
        "addr:housenumber": "40-7-9",
        "addr:postcode": "520010",
        "addr:street": "mogalrajapuram road, Jammi Chettu St, Sidhartha Nagar, Labbipet",
        "amenity": "restaurant",
        "name": "RR Durbar",
        "opening_hours": "11:00-23:00",
        "phone": "+91 8712 11 00 11",
        "website": "https://www.rrdurbar.com/"
      },
      "geometry": {
        "type": "Point",
        "coordinates": [
          80.6444278,
          16.5054916
        ]
      },
      "id": "node/4446653455"
    },
    {
      "type": "Feature",
      "properties": {
        "@id": "node/4446656966",
        "addr:city": "Vijayawada",
        "addr:postcode": "520002",
        "addr:street": "Prakasam Road, Governorpet",
        "amenity": "restaurant",
        "name": "Cross Roads Restaurant",
        "name:te": "క్రాస్ రోడ్స్ రెస్టారంట్",
        "opening_hours": "11:00-22:30",
        "phone": "+91 866 257 2424"
      },
      "geometry": {
        "type": "Point",
        "coordinates": [
          80.6263574,
          16.5117596
        ]
      },
      "id": "node/4446656966"
    },
    {
      "type": "Feature",
      "properties": {
        "@id": "node/4446676580",
        "addr:city": "Vijayawada",
        "addr:housenumber": "36-11-7/A",
        "addr:postcode": "520010",
        "addr:street": "Shanti Nagar 1st Line, Jammi Chettu Center, Mughal Raj Puram",
        "amenity": "restaurant",
        "name": "TFL",
        "opening_hours": "10:00-23:00",
        "phone": "+91 866 248 4969",
        "website": "https://www.thefoodlounge.in/"
      },
      "geometry": {
        "type": "Point",
        "coordinates": [
          80.6433307,
          16.5050941
        ]
      },
      "id": "node/4446676580"
    },
    {
      "type": "Feature",
      "properties": {
        "@id": "node/4446680042",
        "addr:city": "Vijayawada",
        "addr:housenumber": "13-801",
        "addr:postcode": "520001",
        "addr:street": "Seethangara Other End Of Prakasam Barage, Tadepalli(Mandal)",
        "amenity": "restaurant",
        "check_date": "2024-02-25",
        "name": "Lotus The Food City",
        "opening_hours": "11:00-23:30",
        "phone": "+91 99663 05554"
      },
      "geometry": {
        "type": "Point",
        "coordinates": [
          80.6478161,
          16.5062287
        ]
      },
      "id": "node/4446680042"
    },
    {
      "type": "Feature",
      "properties": {
        "@id": "node/4446684665",
        "addr:city": "Vijayawada",
        "addr:postcode": "520010",
        "addr:street": "Guru Nanak Colony Road, State Bank Colony, Benz Circle",
        "amenity": "restaurant",
        "check_date": "2025-07-11",
        "name": "Southern Spice",
        "opening_hours": "11:00-22:00",
        "phone": "+91 9885033344",
        "website": "www.southernspice.co.in",
        "wheelchair": "yes"
      },
      "geometry": {
        "type": "Point",
        "coordinates": [
          80.6466932,
          16.5031158
        ]
      },
      "id": "node/4446684665"
    },
    {
      "type": "Feature",
      "properties": {
        "@id": "node/4446694613",
        "addr:city": "Vijayawada",
        "addr:housenumber": "49-1-67",
        "addr:postcode": "520003",
        "addr:street": "Nageswara Rao Pantulu Rd, Gandhi Nagar",
        "amenity": "restaurant",
        "name": "Babai Hotel",
        "opening_hours": "06:30-13:30, 06:00-23:00",
        "phone": "+91 9441244848",
        "website": "www.rajadhanicartravels.com"
      },
      "geometry": {
        "type": "Point",
        "coordinates": [
          80.6254176,
          16.5173354
        ]
      },
      "id": "node/4446694613"
    },
    {
      "type": "Feature",
      "properties": {
        "@id": "node/4577007781",
        "amenity": "restaurant",
        "capacity": "25",
        "cuisine": "indian",
        "description": "Different types of fast food and tiffs, soft drinks are available and cafe also",
        "name": "Orange Restaurant",
        "opening_hours": "08:00-22:00",
        "outdoor_seating": "yes",
        "smoking": "outside",
        "takeaway": "yes"
      },
      "geometry": {
        "type": "Point",
        "coordinates": [
          78.9085465,
          16.0713343
        ]
      },
      "id": "node/4577007781"
    },
    {
      "type": "Feature",
      "properties": {
        "@id": "node/4579196225",
        "amenity": "restaurant",
        "capacity": "50",
        "description": "it is very famous restaurant in sundipenta.it provide  clean and quality food survice.",
        "name": "Apple Family Restaurant"
      },
      "geometry": {
        "type": "Point",
        "coordinates": [
          78.908389,
          16.0736474
        ]
      },
      "id": "node/4579196225"
    },
    {
      "type": "Feature",
      "properties": {
        "@id": "node/4585142451",
        "amenity": "restaurant",
        "description": "This Hotel is constructed in the year 1996 .Timings are 6am to 10pm",
        "name": "khadar hotel"
      },
      "geometry": {
        "type": "Point",
        "coordinates": [
          78.9131035,
          16.0787583
        ]
      },
      "id": "node/4585142451"
    },
    {
      "type": "Feature",
      "properties": {
        "@id": "node/4590611105",
        "addr:city": "srisailam project",
        "addr:postcode": "518102",
        "addr:street": "in front of ITDA office",
        "amenity": "restaurant",
        "capacity": "50",
        "name": "Alima tiffin center",
        "opening_hours": "09:00-20:00",
        "outdoor_seating": "yes",
        "smoking": "no",
        "takeaway": "only"
      },
      "geometry": {
        "type": "Point",
        "coordinates": [
          78.9051958,
          16.0769858
        ]
      },
      "id": "node/4590611105"
    },
    {
      "type": "Feature",
      "properties": {
        "@id": "node/4601344277",
        "amenity": "restaurant",
        "name": "Eat Street"
      },
      "geometry": {
        "type": "Point",
        "coordinates": [
          79.9980691,
          13.5305809
        ]
      },
      "id": "node/4601344277"
    },
    {
      "type": "Feature",
      "properties": {
        "@id": "node/4611129517",
        "amenity": "restaurant",
        "name": "Deccan Fried Chicken"
      },
      "geometry": {
        "type": "Point",
        "coordinates": [
          83.2100102,
          17.8004017
        ]
      },
      "id": "node/4611129517"
    },
    {
      "type": "Feature",
      "properties": {
        "@id": "node/4671093021",
        "addr:city": "Rayadurg",
        "addr:postcode": "515865",
        "addr:street": "Laxmi Bazar I Road near petrolbunk",
        "amenity": "restaurant",
        "name": "Ruchi's Restaurent"
      },
      "geometry": {
        "type": "Point",
        "coordinates": [
          76.8551319,
          14.6975492
        ]
      },
      "id": "node/4671093021"
    },
    {
      "type": "Feature",
      "properties": {
        "@id": "node/4711638312",
        "amenity": "restaurant",
        "cuisine": "indian",
        "name": "punnami hotel"
      },
      "geometry": {
        "type": "Point",
        "coordinates": [
          79.5458169,
          13.4601066
        ]
      },
      "id": "node/4711638312"
    },
    {
      "type": "Feature",
      "properties": {
        "@id": "node/4711638313",
        "amenity": "restaurant"
      },
      "geometry": {
        "type": "Point",
        "coordinates": [
          79.5497838,
          13.4490304
        ]
      },
      "id": "node/4711638313"
    },
    {
      "type": "Feature",
      "properties": {
        "@id": "node/4711638314",
        "amenity": "restaurant",
        "cuisine": "regional",
        "name": "swarna plots"
      },
      "geometry": {
        "type": "Point",
        "coordinates": [
          79.5496426,
          13.4520339
        ]
      },
      "id": "node/4711638314"
    },
    {
      "type": "Feature",
      "properties": {
        "@id": "node/4797198329",
        "addr:city": "kavali",
        "addr:postcode": "524201",
        "addr:street": "Vysya Colony",
        "amenity": "restaurant",
        "capacity": "50",
        "cuisine": "regional",
        "name": "Gopi Reddy Dabha",
        "takeaway": "yes"
      },
      "geometry": {
        "type": "Point",
        "coordinates": [
          79.9923071,
          14.8973716
        ]
      },
      "id": "node/4797198329"
    },
    {
      "type": "Feature",
      "properties": {
        "@id": "node/4799376683",
        "addr:city": "kakinada",
        "addr:postcode": "533003",
        "addr:street": "dwaraka nagar",
        "amenity": "restaurant",
        "cuisine": "South_Indian_tiffin,_tea_and_coffee",
        "name": "kokila restaurant",
        "opening_hours": "18 hours",
        "takeaway": "yes"
      },
      "geometry": {
        "type": "Point",
        "coordinates": [
          82.2398284,
          16.9694826
        ]
      },
      "id": "node/4799376683"
    },
    {
      "type": "Feature",
      "properties": {
        "@id": "node/4799426947",
        "addr:city": "kakinada",
        "addr:postcode": "533003",
        "addr:street": "Srinagar",
        "amenity": "restaurant",
        "name": "SURESH CHICKEN CENTRE",
        "takeaway": "only"
      },
      "geometry": {
        "type": "Point",
        "coordinates": [
          82.2401496,
          16.9709053
        ]
      },
      "id": "node/4799426947"
    },
    {
      "type": "Feature",
      "properties": {
        "@id": "node/4801580987",
        "addr:city": "KAKINADA",
        "addr:postcode": "533003",
        "addr:street": "BHANUGUDI JUNCTION",
        "amenity": "restaurant",
        "name": "YATI RESTAURANT",
        "opening_hours": "11 HOURS"
      },
      "geometry": {
        "type": "Point",
        "coordinates": [
          82.2363542,
          16.9727322
        ]
      },
      "id": "node/4801580987"
    },
    {
      "type": "Feature",
      "properties": {
        "@id": "node/4801580995",
        "addr:city": "kakinada",
        "addr:postcode": "533003",
        "amenity": "restaurant",
        "name": "GREEN PARK"
      },
      "geometry": {
        "type": "Point",
        "coordinates": [
          82.2381854,
          16.9698606
        ]
      },
      "id": "node/4801580995"
    },
    {
      "type": "Feature",
      "properties": {
        "@id": "node/4896511350",
        "amenity": "restaurant",
        "name": "kinnera mess"
      },
      "geometry": {
        "type": "Point",
        "coordinates": [
          83.3047732,
          17.7369086
        ]
      },
      "id": "node/4896511350"
    },
    {
      "type": "Feature",
      "properties": {
        "@id": "node/4896511358",
        "amenity": "restaurant",
        "name": "Madhura inn restaurant & function hall"
      },
      "geometry": {
        "type": "Point",
        "coordinates": [
          83.3043675,
          17.7332822
        ]
      },
      "id": "node/4896511358"
    },
    {
      "type": "Feature",
      "properties": {
        "@id": "node/4965290727",
        "amenity": "restaurant",
        "name": "Guntur Mess"
      },
      "geometry": {
        "type": "Point",
        "coordinates": [
          83.2426004,
          17.6889118
        ]
      },
      "id": "node/4965290727"
    },
    {
      "type": "Feature",
      "properties": {
        "@id": "node/5000367332",
        "amenity": "restaurant",
        "name": "Rajadhani Punjabi Dhaba"
      },
      "geometry": {
        "type": "Point",
        "coordinates": [
          77.7312626,
          13.8443481
        ]
      },
      "id": "node/5000367332"
    },
    {
      "type": "Feature",
      "properties": {
        "@id": "node/5007138252",
        "amenity": "restaurant",
        "cuisine": "regional;chinese;italian",
        "name": "gongura restaurant",
        "smoking": "outside",
        "takeaway": "yes"
      },
      "geometry": {
        "type": "Point",
        "coordinates": [
          83.2387016,
          17.7460013
        ]
      },
      "id": "node/5007138252"
    },
    {
      "type": "Feature",
      "properties": {
        "@id": "node/5007138360",
        "amenity": "restaurant",
        "name": "venkatadri vantillu",
        "opening_hours": "Mo-Su 10:00-22:00",
        "outdoor_seating": "no",
        "smoking": "no",
        "takeaway": "only"
      },
      "geometry": {
        "type": "Point",
        "coordinates": [
          83.2366431,
          17.7446743
        ]
      },
      "id": "node/5007138360"
    },
    {
      "type": "Feature",
      "properties": {
        "@id": "node/5052041042",
        "amenity": "restaurant",
        "name": "Ramu Hotel and Venkateswara Kirana"
      },
      "geometry": {
        "type": "Point",
        "coordinates": [
          81.5279332,
          16.5411941
        ]
      },
      "id": "node/5052041042"
    },
    {
      "type": "Feature",
      "properties": {
        "@id": "node/5310040239",
        "amenity": "restaurant",
        "cuisine": "regional",
        "name": "Chinmai restaurent"
      },
      "geometry": {
        "type": "Point",
        "coordinates": [
          80.5779355,
          16.4263866
        ]
      },
      "id": "node/5310040239"
    },
    {
      "type": "Feature",
      "properties": {
        "@id": "node/5440388543",
        "addr:city": "Guntur",
        "addr:housenumber": "bakers fun",
        "addr:postcode": "522007",
        "addr:street": "Lakshmipuram Main Road",
        "amenity": "restaurant",
        "cuisine": "regional;pizza;burger",
        "name": "bakers fun"
      },
      "geometry": {
        "type": "Point",
        "coordinates": [
          80.4282085,
          16.310838
        ]
      },
      "id": "node/5440388543"
    },
    {
      "type": "Feature",
      "properties": {
        "@id": "node/5444387722",
        "amenity": "restaurant",
        "name": "Alpha"
      },
      "geometry": {
        "type": "Point",
        "coordinates": [
          80.0454607,
          16.2345584
        ]
      },
      "id": "node/5444387722"
    },
    {
      "type": "Feature",
      "properties": {
        "@id": "node/5444423321",
        "amenity": "restaurant",
        "name": "Navayuga residency"
      },
      "geometry": {
        "type": "Point",
        "coordinates": [
          80.0486351,
          16.2233476
        ]
      },
      "id": "node/5444423321"
    },
    {
      "type": "Feature",
      "properties": {
        "@id": "node/5444441823",
        "amenity": "restaurant",
        "name": "Mahesh chicken"
      },
      "geometry": {
        "type": "Point",
        "coordinates": [
          80.0501887,
          16.2256464
        ]
      },
      "id": "node/5444441823"
    },
    {
      "type": "Feature",
      "properties": {
        "@id": "node/5444441929",
        "amenity": "restaurant",
        "name": "Bilal Dhum Biriyani"
      },
      "geometry": {
        "type": "Point",
        "coordinates": [
          80.0509553,
          16.2271819
        ]
      },
      "id": "node/5444441929"
    },
    {
      "type": "Feature",
      "properties": {
        "@id": "node/5444447023",
        "amenity": "restaurant",
        "name": "Vinus"
      },
      "geometry": {
        "type": "Point",
        "coordinates": [
          80.0506118,
          16.2264476
        ]
      },
      "id": "node/5444447023"
    },
    {
      "type": "Feature",
      "properties": {
        "@id": "node/5444471722",
        "amenity": "restaurant",
        "name": "RK restaurant"
      },
      "geometry": {
        "type": "Point",
        "coordinates": [
          80.0416824,
          16.2389938
        ]
      },
      "id": "node/5444471722"
    },
    {
      "type": "Feature",
      "properties": {
        "@id": "node/5444513021",
        "addr:postcode": "522601",
        "addr:street": "99 wings restaurant",
        "amenity": "restaurant",
        "name": "99wings",
        "opening_hours": "Mo-Su 09:00-18:00"
      },
      "geometry": {
        "type": "Point",
        "coordinates": [
          80.0459273,
          16.234245
        ]
      },
      "id": "node/5444513021"
    },
    {
      "type": "Feature",
      "properties": {
        "@id": "node/5444917439",
        "amenity": "restaurant",
        "name": "Hani restaurant"
      },
      "geometry": {
        "type": "Point",
        "coordinates": [
          80.0464938,
          16.2352948
        ]
      },
      "id": "node/5444917439"
    },
    {
      "type": "Feature",
      "properties": {
        "@id": "node/5445028129",
        "amenity": "restaurant",
        "name": "Ravi Shankar restaurant"
      },
      "geometry": {
        "type": "Point",
        "coordinates": [
          80.0549997,
          16.2401151
        ]
      },
      "id": "node/5445028129"
    },
    {
      "type": "Feature",
      "properties": {
        "@id": "node/5445282421",
        "amenity": "restaurant",
        "name": "Sp family punjabi dabha roti special"
      },
      "geometry": {
        "type": "Point",
        "coordinates": [
          80.0312354,
          16.244058
        ]
      },
      "id": "node/5445282421"
    },
    {
      "type": "Feature",
      "properties": {
        "@id": "node/5445301298",
        "amenity": "restaurant",
        "name": "Monny punjabi dabha"
      },
      "geometry": {
        "type": "Point",
        "coordinates": [
          79.9488318,
          16.3384859
        ]
      },
      "id": "node/5445301298"
    },
    {
      "type": "Feature",
      "properties": {
        "@id": "node/5445305444",
        "amenity": "restaurant",
        "name": "Vaishnavi family restaurant veg ,nonveg"
      },
      "geometry": {
        "type": "Point",
        "coordinates": [
          79.9501763,
          16.3524677
        ]
      },
      "id": "node/5445305444"
    },
    {
      "type": "Feature",
      "properties": {
        "@id": "node/5445307430",
        "amenity": "restaurant",
        "name": "Velela family restaurant and function hall"
      },
      "geometry": {
        "type": "Point",
        "coordinates": [
          79.9104407,
          16.4664248
        ]
      },
      "id": "node/5445307430"
    },
    {
      "type": "Feature",
      "properties": {
        "@id": "node/5447407138",
        "amenity": "restaurant",
        "capacity": "200",
        "name": "Canteen open place",
        "opening_hours": "Mo-Su 09:00-21:00",
        "outdoor_seating": "yes",
        "smoking": "no"
      },
      "geometry": {
        "type": "Point",
        "coordinates": [
          80.0571631,
          16.1986626
        ]
      },
      "id": "node/5447407138"
    },
    {
      "type": "Feature",
      "properties": {
        "@id": "node/5447542459",
        "addr:street": "Rajakawada, Barampet, Narasaraopet, Andhra Pradesh 522601",
        "amenity": "restaurant",
        "internet_access": "wlan",
        "name": "Jamindar function plaza"
      },
      "geometry": {
        "type": "Point",
        "coordinates": [
          80.0530404,
          16.238239
        ]
      },
      "id": "node/5447542459"
    },
    {
      "type": "Feature",
      "properties": {
        "@id": "node/5447635121",
        "amenity": "restaurant",
        "name": "Rk restaurant, brudhavan"
      },
      "geometry": {
        "type": "Point",
        "coordinates": [
          80.0426582,
          16.2406413
        ]
      },
      "id": "node/5447635121"
    },
    {
      "type": "Feature",
      "properties": {
        "@id": "node/5630362868",
        "amenity": "restaurant",
        "name": "Linde"
      },
      "geometry": {
        "type": "Point",
        "coordinates": [
          80.4247882,
          16.3750278
        ]
      },
      "id": "node/5630362868"
    },
    {
      "type": "Feature",
      "properties": {
        "@id": "node/5640852821",
        "addr:street": "Raagam mastan rao Road",
        "amenity": "restaurant",
        "name": "Saiteja Tiffin centre"
      },
      "geometry": {
        "type": "Point",
        "coordinates": [
          80.6488353,
          16.5265467
        ]
      },
      "id": "node/5640852821"
    },
    {
      "type": "Feature",
      "properties": {
        "@id": "node/5640986421",
        "addr:postcode": "522201",
        "addr:street": "Masjid Street",
        "amenity": "restaurant",
        "name": "Manikanta Mess"
      },
      "geometry": {
        "type": "Point",
        "coordinates": [
          80.6114421,
          16.4483703
        ]
      },
      "id": "node/5640986421"
    },
    {
      "type": "Feature",
      "properties": {
        "@id": "node/5641006321",
        "addr:street": "Masjid Centre",
        "amenity": "restaurant",
        "name": "Shaik merasa restaurant",
        "opening_hours": "Mo-Su 08:00-21:00",
        "phone": "9848748665"
      },
      "geometry": {
        "type": "Point",
        "coordinates": [
          80.6116041,
          16.4470731
        ]
      },
      "id": "node/5641006321"
    },
    {
      "type": "Feature",
      "properties": {
        "@id": "node/5641316923",
        "addr:street": "Vaddeswram main street",
        "amenity": "restaurant",
        "name": "Hotel TAJ",
        "phone": "9703149197"
      },
      "geometry": {
        "type": "Point",
        "coordinates": [
          80.6108665,
          16.4489224
        ]
      },
      "id": "node/5641316923"
    },
    {
      "type": "Feature",
      "properties": {
        "@id": "node/5648587423",
        "amenity": "restaurant",
        "name": "Sri Durga Bhavani Tiffin Centre"
      },
      "geometry": {
        "type": "Point",
        "coordinates": [
          80.616919,
          16.4630008
        ]
      },
      "id": "node/5648587423"
    },
    {
      "type": "Feature",
      "properties": {
        "@id": "node/5760203494",
        "amenity": "restaurant",
        "name": "Hospital Canteen"
      },
      "geometry": {
        "type": "Point",
        "coordinates": [
          81.0938859,
          16.6961982
        ]
      },
      "id": "node/5760203494"
    },
    {
      "type": "Feature",
      "properties": {
        "@id": "node/5760203505",
        "amenity": "restaurant",
        "name": "Grand Aryas Food Court"
      },
      "geometry": {
        "type": "Point",
        "coordinates": [
          81.093623,
          16.7099015
        ]
      },
      "id": "node/5760203505"
    },
    {
      "type": "Feature",
      "properties": {
        "@id": "node/5760311246",
        "amenity": "restaurant",
        "cuisine": "chicken",
        "name": "Swathi Restaurant"
      },
      "geometry": {
        "type": "Point",
        "coordinates": [
          80.032163,
          13.5914448
        ]
      },
      "id": "node/5760311246"
    },
    {
      "type": "Feature",
      "properties": {
        "@id": "node/5760311279",
        "amenity": "restaurant",
        "name": "Dhaba"
      },
      "geometry": {
        "type": "Point",
        "coordinates": [
          80.0073794,
          13.7140756
        ]
      },
      "id": "node/5760311279"
    },
    {
      "type": "Feature",
      "properties": {
        "@id": "node/5760311282",
        "amenity": "restaurant",
        "name": "Dhaba"
      },
      "geometry": {
        "type": "Point",
        "coordinates": [
          79.9951619,
          14.8084064
        ]
      },
      "id": "node/5760311282"
    },
    {
      "type": "Feature",
      "properties": {
        "@id": "node/5760311289",
        "amenity": "restaurant",
        "cuisine": "indian",
        "name": "Dhaba",
        "operator": "Punjabi, Biriyani",
        "wheelchair": "yes"
      },
      "geometry": {
        "type": "Point",
        "coordinates": [
          80.0487967,
          15.5328509
        ]
      },
      "id": "node/5760311289"
    },
    {
      "type": "Feature",
      "properties": {
        "@id": "node/5809118651",
        "amenity": "restaurant",
        "name": "Maa Kitchen"
      },
      "geometry": {
        "type": "Point",
        "coordinates": [
          83.2208551,
          17.7577154
        ]
      },
      "id": "node/5809118651"
    },
    {
      "type": "Feature",
      "properties": {
        "@id": "node/5827270870",
        "amenity": "restaurant",
        "cuisine": "andhra",
        "delivery": "no",
        "name": "Rajavila",
        "outdoor_seating": "no",
        "smoking": "no",
        "takeaway": "no"
      },
      "geometry": {
        "type": "Point",
        "coordinates": [
          78.0378416,
          15.8288281
        ]
      },
      "id": "node/5827270870"
    },
    {
      "type": "Feature",
      "properties": {
        "@id": "node/5917313892",
        "amenity": "restaurant",
        "name": "Adhyar Anand Bhavan"
      },
      "geometry": {
        "type": "Point",
        "coordinates": [
          79.9791938,
          14.4451245
        ]
      },
      "id": "node/5917313892"
    },
    {
      "type": "Feature",
      "properties": {
        "@id": "node/5923289654",
        "amenity": "restaurant",
        "name": "Anna Canteen"
      },
      "geometry": {
        "type": "Point",
        "coordinates": [
          79.6998018,
          13.7532854
        ]
      },
      "id": "node/5923289654"
    },
    {
      "type": "Feature",
      "properties": {
        "@id": "node/5926554744",
        "amenity": "restaurant",
        "name": "Pushpak"
      },
      "geometry": {
        "type": "Point",
        "coordinates": [
          78.0402551,
          15.8131662
        ]
      },
      "id": "node/5926554744"
    },
    {
      "type": "Feature",
      "properties": {
        "@id": "node/5940033565",
        "amenity": "restaurant",
        "name": "Dhaba"
      },
      "geometry": {
        "type": "Point",
        "coordinates": [
          77.888676,
          15.4497316
        ]
      },
      "id": "node/5940033565"
    },
    {
      "type": "Feature",
      "properties": {
        "@id": "node/6018935848",
        "access": "customers",
        "amenity": "restaurant",
        "cuisine": "japanese",
        "female": "yes",
        "male": "yes",
        "name": "India and Japanese Cusine Restaurent"
      },
      "geometry": {
        "type": "Point",
        "coordinates": [
          80.035096,
          13.5817312
        ]
      },
      "id": "node/6018935848"
    },
    {
      "type": "Feature",
      "properties": {
        "@id": "node/6018935863",
        "amenity": "restaurant",
        "name": "Mango Resorts"
      },
      "geometry": {
        "type": "Point",
        "coordinates": [
          80.0104961,
          13.52412
        ]
      },
      "id": "node/6018935863"
    },
    {
      "type": "Feature",
      "properties": {
        "@id": "node/6040742754",
        "amenity": "restaurant",
        "name": "Nandini Garden"
      },
      "geometry": {
        "type": "Point",
        "coordinates": [
          77.5897093,
          14.6325427
        ]
      },
      "id": "node/6040742754"
    },
    {
      "type": "Feature",
      "properties": {
        "@id": "node/6040742831",
        "amenity": "restaurant",
        "name": "Dolphins"
      },
      "geometry": {
        "type": "Point",
        "coordinates": [
          77.6083957,
          14.5942127
        ]
      },
      "id": "node/6040742831"
    },
    {
      "type": "Feature",
      "properties": {
        "@id": "node/6147077586",
        "amenity": "restaurant",
        "check_date": "2025-07-11",
        "name": "Mittai"
      },
      "geometry": {
        "type": "Point",
        "coordinates": [
          80.6570038,
          16.4982781
        ]
      },
      "id": "node/6147077586"
    },
    {
      "type": "Feature",
      "properties": {
        "@id": "node/6174963059",
        "amenity": "restaurant",
        "name": "Sagar"
      },
      "geometry": {
        "type": "Point",
        "coordinates": [
          78.040713,
          15.8097362
        ]
      },
      "id": "node/6174963059"
    },
    {
      "type": "Feature",
      "properties": {
        "@id": "node/6183060985",
        "addr:street": "Amaravathi road Tadepali",
        "amenity": "restaurant",
        "name": "Viceroy garden restaurant and bar"
      },
      "geometry": {
        "type": "Point",
        "coordinates": [
          80.6123789,
          16.4816755
        ]
      },
      "id": "node/6183060985"
    },
    {
      "type": "Feature",
      "properties": {
        "@id": "node/6183065285",
        "addr:postcode": "522501",
        "addr:street": "Amaravathi road, Tadeppali",
        "amenity": "restaurant",
        "name": "Srinivasa Restaurant and bar"
      },
      "geometry": {
        "type": "Point",
        "coordinates": [
          80.6116433,
          16.4818152
        ]
      },
      "id": "node/6183065285"
    },
    {
      "type": "Feature",
      "properties": {
        "@id": "node/6202684385",
        "amenity": "restaurant",
        "name": "Babai Hotel"
      },
      "geometry": {
        "type": "Point",
        "coordinates": [
          80.6265381,
          16.5171916
        ]
      },
      "id": "node/6202684385"
    },
    {
      "type": "Feature",
      "properties": {
        "@id": "node/6202784091",
        "amenity": "restaurant",
        "name": "Havelli Resturant"
      },
      "geometry": {
        "type": "Point",
        "coordinates": [
          80.7530132,
          16.4458363
        ]
      },
      "id": "node/6202784091"
    },
    {
      "type": "Feature",
      "properties": {
        "@id": "node/6202941086",
        "amenity": "restaurant",
        "name": "Sri Varmas Kitchen"
      },
      "geometry": {
        "type": "Point",
        "coordinates": [
          81.2877003,
          16.504664
        ]
      },
      "id": "node/6202941086"
    },
    {
      "type": "Feature",
      "properties": {
        "@id": "node/6204650585",
        "amenity": "restaurant",
        "name": "Vijaya cateen"
      },
      "geometry": {
        "type": "Point",
        "coordinates": [
          81.5095155,
          16.542223
        ]
      },
      "id": "node/6204650585"
    },
    {
      "type": "Feature",
      "properties": {
        "@id": "node/6205644487",
        "amenity": "restaurant",
        "name": "Abhiruchi"
      },
      "geometry": {
        "type": "Point",
        "coordinates": [
          81.5165389,
          16.5445184
        ]
      },
      "id": "node/6205644487"
    },
    {
      "type": "Feature",
      "properties": {
        "@id": "node/6205648186",
        "amenity": "restaurant",
        "name": "Barkaas resturant"
      },
      "geometry": {
        "type": "Point",
        "coordinates": [
          81.5174081,
          16.5445735
        ]
      },
      "id": "node/6205648186"
    },
    {
      "type": "Feature",
      "properties": {
        "@id": "node/6205651285",
        "amenity": "restaurant",
        "name": "Sri  Abhiruchi"
      },
      "geometry": {
        "type": "Point",
        "coordinates": [
          81.5169541,
          16.5443286
        ]
      },
      "id": "node/6205651285"
    },
    {
      "type": "Feature",
      "properties": {
        "@id": "node/6207258186",
        "amenity": "restaurant",
        "name": "Food Court"
      },
      "geometry": {
        "type": "Point",
        "coordinates": [
          81.51267,
          16.5430547
        ]
      },
      "id": "node/6207258186"
    },
    {
      "type": "Feature",
      "properties": {
        "@id": "node/6207604688",
        "amenity": "restaurant",
        "check_date": "2025-07-11",
        "diet:vegetarian": "yes",
        "internet_access": "wlan",
        "internet_access:fee": "customers",
        "name": "Shridi Sai Fast Food"
      },
      "geometry": {
        "type": "Point",
        "coordinates": [
          80.6661966,
          16.4924185
        ]
      },
      "id": "node/6207604688"
    },
    {
      "type": "Feature",
      "properties": {
        "@id": "node/6297034785",
        "addr:street": "Gundimeda center",
        "amenity": "restaurant",
        "name": "Bhatii nagabushanam store"
      },
      "geometry": {
        "type": "Point",
        "coordinates": [
          80.6325192,
          16.4461305
        ]
      },
      "id": "node/6297034785"
    },
    {
      "type": "Feature",
      "properties": {
        "@id": "node/6315600463",
        "addr:city": "TUNI",
        "addr:postcode": "TUNI",
        "addr:street": "TUNI TOWN ROAD",
        "amenity": "restaurant",
        "name": "rayadu venttaillu",
        "opening_hours": "Mo-Su 10:00-22:00"
      },
      "geometry": {
        "type": "Point",
        "coordinates": [
          82.538235,
          17.3573414
        ]
      },
      "id": "node/6315600463"
    },
    {
      "type": "Feature",
      "properties": {
        "@id": "node/6562452523",
        "amenity": "restaurant",
        "name": "Shivashanthi Restaurant"
      },
      "geometry": {
        "type": "Point",
        "coordinates": [
          83.3011842,
          17.7121488
        ]
      },
      "id": "node/6562452523"
    },
    {
      "type": "Feature",
      "properties": {
        "@id": "node/6562453313",
        "amenity": "restaurant",
        "name": "Helapuri"
      },
      "geometry": {
        "type": "Point",
        "coordinates": [
          83.3016479,
          17.711948
        ]
      },
      "id": "node/6562453313"
    },
    {
      "type": "Feature",
      "properties": {
        "@id": "node/6596109147",
        "amenity": "restaurant",
        "name": "sumith"
      },
      "geometry": {
        "type": "Point",
        "coordinates": [
          83.9012257,
          18.2930199
        ]
      },
      "id": "node/6596109147"
    },
    {
      "type": "Feature",
      "properties": {
        "@id": "node/6628876746",
        "amenity": "restaurant",
        "name": "Baskinrobins"
      },
      "geometry": {
        "type": "Point",
        "coordinates": [
          83.314632,
          17.7126305
        ]
      },
      "id": "node/6628876746"
    },
    {
      "type": "Feature",
      "properties": {
        "@id": "node/6629055102",
        "amenity": "restaurant",
        "name": "Simply south tiffins",
        "name:te": "సింప్లీ సౌత్ టిఫిన్స్"
      },
      "geometry": {
        "type": "Point",
        "coordinates": [
          83.3113275,
          17.7101163
        ]
      },
      "id": "node/6629055102"
    },
    {
      "type": "Feature",
      "properties": {
        "@id": "node/6629074903",
        "amenity": "restaurant",
        "name": "sai siddhartha biryani house"
      },
      "geometry": {
        "type": "Point",
        "coordinates": [
          83.3103619,
          17.7090943
        ]
      },
      "id": "node/6629074903"
    },
    {
      "type": "Feature",
      "properties": {
        "@id": "node/6629076522",
        "amenity": "restaurant",
        "name": "SKML noodles point"
      },
      "geometry": {
        "type": "Point",
        "coordinates": [
          83.3114777,
          17.7144701
        ]
      },
      "id": "node/6629076522"
    },
    {
      "type": "Feature",
      "properties": {
        "@id": "node/6792285534",
        "addr:city": "visakhaptnam",
        "addr:district": "andhra pradesh",
        "addr:housenumber": "530048",
        "addr:street": "Visakhapatnam - Anandapuram Main Road",
        "amenity": "restaurant",
        "diet:non-vegetarian": "yes",
        "diet:vegetarian": "yes",
        "name": "Babai Hotel"
      },
      "geometry": {
        "type": "Point",
        "coordinates": [
          83.3562687,
          17.8250924
        ]
      },
      "id": "node/6792285534"
    },
    {
      "type": "Feature",
      "properties": {
        "@id": "node/6835279453",
        "addr:city": "Puttaparthi",
        "addr:postcode": "515134",
        "addr:street": "Chitravati Road",
        "amenity": "restaurant",
        "bar": "yes",
        "cuisine": "regional;coffee_shop",
        "name": "Sathya Sai Restaurant",
        "opening_hours": "Mo-Su 09:00-21:00"
      },
      "geometry": {
        "type": "Point",
        "coordinates": [
          77.8148293,
          14.1665644
        ]
      },
      "id": "node/6835279453"
    },
    {
      "type": "Feature",
      "properties": {
        "@id": "node/6876080228",
        "amenity": "restaurant",
        "name": "Parotta"
      },
      "geometry": {
        "type": "Point",
        "coordinates": [
          78.0471525,
          15.8322983
        ]
      },
      "id": "node/6876080228"
    },
    {
      "type": "Feature",
      "properties": {
        "@id": "node/6935495977",
        "amenity": "restaurant",
        "name": "club canteen"
      },
      "geometry": {
        "type": "Point",
        "coordinates": [
          78.0381478,
          15.8355993
        ]
      },
      "id": "node/6935495977"
    },
    {
      "type": "Feature",
      "properties": {
        "@id": "node/6935539618",
        "amenity": "restaurant",
        "check_date": "2024-06-21",
        "name": "Blue Moon"
      },
      "geometry": {
        "type": "Point",
        "coordinates": [
          78.0318705,
          15.834274
        ]
      },
      "id": "node/6935539618"
    },
    {
      "type": "Feature",
      "properties": {
        "@id": "node/6950621271",
        "amenity": "restaurant",
        "name": "Modern Biryani House"
      },
      "geometry": {
        "type": "Point",
        "coordinates": [
          80.9590463,
          16.3234208
        ]
      },
      "id": "node/6950621271"
    },
    {
      "type": "Feature",
      "properties": {
        "@id": "node/7088108635",
        "amenity": "restaurant",
        "name": "RK family restaurant"
      },
      "geometry": {
        "type": "Point",
        "coordinates": [
          81.1431564,
          16.1858979
        ]
      },
      "id": "node/7088108635"
    },
    {
      "type": "Feature",
      "properties": {
        "@id": "node/7112283185",
        "amenity": "restaurant",
        "name": "Food Central"
      },
      "geometry": {
        "type": "Point",
        "coordinates": [
          81.528944,
          16.811843
        ]
      },
      "id": "node/7112283185"
    },
    {
      "type": "Feature",
      "properties": {
        "@id": "node/7173972085",
        "amenity": "restaurant",
        "name": "Idli Street"
      },
      "geometry": {
        "type": "Point",
        "coordinates": [
          80.4426324,
          16.3035085
        ]
      },
      "id": "node/7173972085"
    },
    {
      "type": "Feature",
      "properties": {
        "@id": "node/7234495478",
        "addr:city": "visakhaparnam",
        "addr:housenumber": "1st floor",
        "addr:postcode": "530012",
        "addr:street": "Sheela Nagar Road",
        "amenity": "restaurant",
        "capacity": "100",
        "cuisine": "regional;indian;chinese;american;greek;italian;asian",
        "email": "info@hotelarina.in",
        "internet_access": "yes",
        "name": "Hotel Arina",
        "opening_hours": "Mo-Su 11:00-23:00",
        "phone": "+91 08912571888",
        "reservation": "yes",
        "takeaway": "yes"
      },
      "geometry": {
        "type": "Point",
        "coordinates": [
          83.20336,
          17.718636
        ]
      },
      "id": "node/7234495478"
    },
    {
      "type": "Feature",
      "properties": {
        "@id": "node/7244018902",
        "amenity": "restaurant",
        "name": "raja dhaba"
      },
      "geometry": {
        "type": "Point",
        "coordinates": [
          81.6565732,
          16.425134
        ]
      },
      "id": "node/7244018902"
    },
    {
      "type": "Feature",
      "properties": {
        "@id": "node/7244172165",
        "amenity": "restaurant"
      },
      "geometry": {
        "type": "Point",
        "coordinates": [
          80.4347929,
          16.3086976
        ]
      },
      "id": "node/7244172165"
    },
    {
      "type": "Feature",
      "properties": {
        "@id": "node/7246755125",
        "amenity": "restaurant",
        "name": "ismail restaurant ongole"
      },
      "geometry": {
        "type": "Point",
        "coordinates": [
          80.0401897,
          15.5128869
        ]
      },
      "id": "node/7246755125"
    },
    {
      "type": "Feature",
      "properties": {
        "@id": "node/7550502829",
        "addr:city": "RAJAHMUNDRY",
        "addr:housenumber": "THADITHOTA",
        "addr:postcode": "533103",
        "addr:street": "AYAPANAGAR",
        "amenity": "restaurant",
        "name": "HOTEL SHELTON",
        "opening_hours": "24/7"
      },
      "geometry": {
        "type": "Point",
        "coordinates": [
          81.7846966,
          16.9988595
        ]
      },
      "id": "node/7550502829"
    },
    {
      "type": "Feature",
      "properties": {
        "@id": "node/7611783105",
        "amenity": "restaurant",
        "name": "Hotel kaveri grand"
      },
      "geometry": {
        "type": "Point",
        "coordinates": [
          80.0416509,
          15.5127926
        ]
      },
      "id": "node/7611783105"
    },
    {
      "type": "Feature",
      "properties": {
        "@id": "node/7829657984",
        "amenity": "restaurant",
        "check_date": "2025-07-11",
        "diet:vegetarian": "yes",
        "internet_access": "wlan",
        "internet_access:fee": "no",
        "name": "Silver Spoon"
      },
      "geometry": {
        "type": "Point",
        "coordinates": [
          80.665058,
          16.5035566
        ]
      },
      "id": "node/7829657984"
    },
    {
      "type": "Feature",
      "properties": {
        "@id": "node/7845940638",
        "amenity": "restaurant",
        "name": "Baskin Robbins"
      },
      "geometry": {
        "type": "Point",
        "coordinates": [
          80.0402856,
          15.358191
        ]
      },
      "id": "node/7845940638"
    },
    {
      "type": "Feature",
      "properties": {
        "@id": "node/7845940639",
        "amenity": "restaurant",
        "name": "Hotel N5 Food Plaza"
      },
      "geometry": {
        "type": "Point",
        "coordinates": [
          80.0400255,
          15.3582098
        ]
      },
      "id": "node/7845940639"
    },
    {
      "type": "Feature",
      "properties": {
        "@id": "node/7938865705",
        "amenity": "restaurant",
        "name": "ganesh teffin centre"
      },
      "geometry": {
        "type": "Point",
        "coordinates": [
          81.5128617,
          16.5434873
        ]
      },
      "id": "node/7938865705"
    },
    {
      "type": "Feature",
      "properties": {
        "@id": "node/7938888350",
        "amenity": "restaurant",
        "name": "DNR College canteen"
      },
      "geometry": {
        "type": "Point",
        "coordinates": [
          81.5203947,
          16.5363805
        ]
      },
      "id": "node/7938888350"
    },
    {
      "type": "Feature",
      "properties": {
        "@id": "node/7939007533",
        "amenity": "restaurant",
        "name": "Spice Magic"
      },
      "geometry": {
        "type": "Point",
        "coordinates": [
          81.5202203,
          16.5455545
        ]
      },
      "id": "node/7939007533"
    },
    {
      "type": "Feature",
      "properties": {
        "@id": "node/7939098207",
        "amenity": "restaurant",
        "name": "vindhu"
      },
      "geometry": {
        "type": "Point",
        "coordinates": [
          81.5174898,
          16.5472489
        ]
      },
      "id": "node/7939098207"
    },
    {
      "type": "Feature",
      "properties": {
        "@id": "node/7947171206",
        "amenity": "restaurant",
        "name": "bhimavaram hub"
      },
      "geometry": {
        "type": "Point",
        "coordinates": [
          81.4983523,
          16.5428445
        ]
      },
      "id": "node/7947171206"
    },
    {
      "type": "Feature",
      "properties": {
        "@id": "node/7947171211",
        "amenity": "restaurant",
        "name": "SRKR college canteen"
      },
      "geometry": {
        "type": "Point",
        "coordinates": [
          81.495599,
          16.5453339
        ]
      },
      "id": "node/7947171211"
    },
    {
      "type": "Feature",
      "properties": {
        "@id": "node/7947171213",
        "amenity": "restaurant",
        "name": "Sitaya grand"
      },
      "geometry": {
        "type": "Point",
        "coordinates": [
          81.4950103,
          16.5429782
        ]
      },
      "id": "node/7947171213"
    },
    {
      "type": "Feature",
      "properties": {
        "@id": "node/7947193795",
        "amenity": "restaurant",
        "check_date": "2024-04-02",
        "mobile": "+919949211191",
        "name": "Vempa Raju Gari Vantillu",
        "name:te": "వెంప రాజు‌ గారి వంటిల్లు",
        "operation": "takeway",
        "outdoor_seating": "no",
        "reservation": "no",
        "source": "survey",
        "takeaway": "yes"
      },
      "geometry": {
        "type": "Point",
        "coordinates": [
          81.5126136,
          16.5418495
        ]
      },
      "id": "node/7947193795"
    },
    {
      "type": "Feature",
      "properties": {
        "@id": "node/7947193796",
        "amenity": "restaurant",
        "name": "Divya Jyothi Mess"
      },
      "geometry": {
        "type": "Point",
        "coordinates": [
          81.5123212,
          16.5415615
        ]
      },
      "id": "node/7947193796"
    },
    {
      "type": "Feature",
      "properties": {
        "@id": "node/7947230968",
        "amenity": "restaurant",
        "name": "chandrika restaurant"
      },
      "geometry": {
        "type": "Point",
        "coordinates": [
          81.5164626,
          16.5438473
        ]
      },
      "id": "node/7947230968"
    },
    {
      "type": "Feature",
      "properties": {
        "@id": "node/8110822701",
        "addr:city": "Guntur",
        "addr:postcode": "522002",
        "addr:street": "Arundelpet 2/1 th street",
        "amenity": "restaurant",
        "cuisine": "indian;chinese",
        "diet:non-vegetarian": "yes",
        "diet:vegan": "yes",
        "diet:vegetarian": "yes",
        "name": "Hotel Naga sai",
        "opening_hours": "Mo-Su 07:00-23:00"
      },
      "geometry": {
        "type": "Point",
        "coordinates": [
          80.440559,
          16.3019469
        ]
      },
      "id": "node/8110822701"
    },
    {
      "type": "Feature",
      "properties": {
        "@id": "node/8111025092",
        "addr:city": "Guntur",
        "addr:postcode": "522002",
        "addr:street": "Arundelp pet 4th line",
        "amenity": "restaurant",
        "cuisine": "cake",
        "diet:non-vegetarian": "yes",
        "diet:vegetarian": "yes",
        "name": "Iceburg enterprices",
        "opening_hours": "Mo-Su 09:00-21:00"
      },
      "geometry": {
        "type": "Point",
        "coordinates": [
          80.443968,
          16.3044492
        ]
      },
      "id": "node/8111025092"
    },
    {
      "type": "Feature",
      "properties": {
        "@id": "node/8111166390",
        "addr:city": "Guntur",
        "addr:postcode": "522002",
        "addr:street": "Donka Road",
        "amenity": "restaurant",
        "cuisine": "indian;sandwich;chinese",
        "diet:non-vegetarian": "yes",
        "diet:vegan": "yes",
        "diet:vegetarian": "yes",
        "name": "Hotel Jaya Grand",
        "opening_hours": "Mo-Su 07:00-22:00"
      },
      "geometry": {
        "type": "Point",
        "coordinates": [
          80.4424408,
          16.3066794
        ]
      },
      "id": "node/8111166390"
    },
    {
      "type": "Feature",
      "properties": {
        "@id": "node/8115058868",
        "amenity": "restaurant",
        "name": "ROYAL GARDEN DHABA"
      },
      "geometry": {
        "type": "Point",
        "coordinates": [
          83.6404076,
          18.4522831
        ]
      },
      "id": "node/8115058868"
    },
    {
      "type": "Feature",
      "properties": {
        "@id": "node/8116992503",
        "amenity": "restaurant",
        "name": "Green land family resturant"
      },
      "geometry": {
        "type": "Point",
        "coordinates": [
          81.6824484,
          16.7627984
        ]
      },
      "id": "node/8116992503"
    },
    {
      "type": "Feature",
      "properties": {
        "@id": "node/8116996333",
        "amenity": "restaurant",
        "name": "Teja hotel A/C"
      },
      "geometry": {
        "type": "Point",
        "coordinates": [
          81.6740205,
          16.7560817
        ]
      },
      "id": "node/8116996333"
    },
    {
      "type": "Feature",
      "properties": {
        "@id": "node/8118834668",
        "amenity": "restaurant",
        "name": "SPICY DHABA"
      },
      "geometry": {
        "type": "Point",
        "coordinates": [
          83.6796648,
          18.4450355
        ]
      },
      "id": "node/8118834668"
    },
    {
      "type": "Feature",
      "properties": {
        "@id": "node/8386483966",
        "amenity": "restaurant",
        "name": "John tiffin center"
      },
      "geometry": {
        "type": "Point",
        "coordinates": [
          80.6469306,
          16.5270211
        ]
      },
      "id": "node/8386483966"
    },
    {
      "type": "Feature",
      "properties": {
        "@id": "node/8387034102",
        "amenity": "restaurant",
        "name": "U.S.Pizza.Co"
      },
      "geometry": {
        "type": "Point",
        "coordinates": [
          81.0974606,
          16.71303
        ]
      },
      "id": "node/8387034102"
    },
    {
      "type": "Feature",
      "properties": {
        "@id": "node/8422636005",
        "amenity": "restaurant",
        "name": "Biryani's"
      },
      "geometry": {
        "type": "Point",
        "coordinates": [
          81.5120865,
          16.5422634
        ]
      },
      "id": "node/8422636005"
    },
    {
      "type": "Feature",
      "properties": {
        "@id": "node/8708990447",
        "addr:city": "Vijayawada",
        "addr:housenumber": "Raghavendra Theatre Rd",
        "addr:postcode": "520003",
        "addr:street": "Ayodhya Nagar",
        "amenity": "restaurant",
        "cuisine": "bakery;dessert;ice_cream",
        "diet:vegan": "yes",
        "diet:vegetarian": "yes",
        "name": "VIjaya Sri Bakery and Sweets",
        "opening_hours": "Mo-Su 10:00-22:00"
      },
      "geometry": {
        "type": "Point",
        "coordinates": [
          80.6275021,
          16.5180834
        ]
      },
      "id": "node/8708990447"
    },
    {
      "type": "Feature",
      "properties": {
        "@id": "node/8984940002",
        "addr:street": "gollapalli",
        "amenity": "restaurant",
        "cuisine": "regional",
        "diet:vegetarian": "yes",
        "name": "abhi hotel"
      },
      "geometry": {
        "type": "Point",
        "coordinates": [
          78.2798824,
          14.9717512
        ]
      },
      "id": "node/8984940002"
    },
    {
      "type": "Feature",
      "properties": {
        "@id": "node/9062071917",
        "amenity": "restaurant",
        "cuisine": "indian",
        "name": "Helapuri",
        "phone": "9700616298",
        "website": "http://www.helapuri.biryaniorder.com"
      },
      "geometry": {
        "type": "Point",
        "coordinates": [
          83.400477,
          18.1083687
        ]
      },
      "id": "node/9062071917"
    },
    {
      "type": "Feature",
      "properties": {
        "@id": "node/9112845989",
        "addr:city": "Tirupati",
        "addr:housenumber": "14-2-174",
        "addr:postcode": "517501",
        "addr:street": "TP AREA ,NEAR RAILWAY STATION",
        "amenity": "restaurant",
        "cuisine": "coffee_shop;regional;chinese;sandwich;chicken;kebab;indian;asian",
        "diet:dairy_free": "yes",
        "diet:meat": "yes",
        "diet:non-vegetarian": "yes",
        "diet:vegetarian": "yes",
        "name": "IMPERIAL SPICE RESTAURANT",
        "opening_hours": "24/7",
        "phone": "+91 877 295 2277",
        "website": "https://www.mghoteliris.com"
      },
      "geometry": {
        "type": "Point",
        "coordinates": [
          79.4236211,
          13.6289957
        ]
      },
      "id": "node/9112845989"
    },
    {
      "type": "Feature",
      "properties": {
        "@id": "node/9112885639",
        "amenity": "restaurant",
        "name": "MG IRIS HOTEL"
      },
      "geometry": {
        "type": "Point",
        "coordinates": [
          79.4236221,
          13.6289413
        ]
      },
      "id": "node/9112885639"
    },
    {
      "type": "Feature",
      "properties": {
        "@id": "node/9211741970",
        "amenity": "restaurant",
        "name": "Guru Nanak Punjabi Dhaba"
      },
      "geometry": {
        "type": "Point",
        "coordinates": [
          77.60509,
          14.60876
        ]
      },
      "id": "node/9211741970"
    },
    {
      "type": "Feature",
      "properties": {
        "@id": "node/9419959343",
        "amenity": "restaurant"
      },
      "geometry": {
        "type": "Point",
        "coordinates": [
          78.587449,
          13.1910843
        ]
      },
      "id": "node/9419959343"
    },
    {
      "type": "Feature",
      "properties": {
        "@id": "node/9460253020",
        "amenity": "restaurant",
        "name": "Pizza Hut"
      },
      "geometry": {
        "type": "Point",
        "coordinates": [
          81.5023095,
          16.5418448
        ]
      },
      "id": "node/9460253020"
    },
    {
      "type": "Feature",
      "properties": {
        "@id": "node/9460253021",
        "amenity": "restaurant",
        "brand": "KFC",
        "brand:pa": "ਕੇਐਫਸੀ",
        "brand:ur": "کینٹکی فرائیڈ چکن",
        "brand:wikidata": "Q524757",
        "brand:wikipedia": "en:KFC",
        "brand:wikipedia:pa": "ਕੇਐਫਸੀ",
        "brand:wikipedia:ur": "کینٹکی فرائیڈ چکن",
        "name": "KFC",
        "name:pa": "ਕੇਐਫਸੀ",
        "name:ur": "کینٹکی فرائیڈ چکن"
      },
      "geometry": {
        "type": "Point",
        "coordinates": [
          81.5023524,
          16.5418422
        ]
      },
      "id": "node/9460253021"
    },
    {
      "type": "Feature",
      "properties": {
        "@id": "node/9605434901",
        "amenity": "restaurant"
      },
      "geometry": {
        "type": "Point",
        "coordinates": [
          82.2801466,
          17.1481395
        ]
      },
      "id": "node/9605434901"
    },
    {
      "type": "Feature",
      "properties": {
        "@id": "node/9606264694",
        "amenity": "restaurant",
        "cuisine": "indian"
      },
      "geometry": {
        "type": "Point",
        "coordinates": [
          82.2765772,
          17.1434021
        ]
      },
      "id": "node/9606264694"
    },
    {
      "type": "Feature",
      "properties": {
        "@id": "node/9719806398",
        "amenity": "restaurant",
        "name": "Hotel Nainika",
        "opening_hours": "Mo-Sa 07:00-12:00"
      },
      "geometry": {
        "type": "Point",
        "coordinates": [
          81.7400431,
          17.4518149
        ]
      },
      "id": "node/9719806398"
    },
    {
      "type": "Feature",
      "properties": {
        "@id": "node/9728711257",
        "amenity": "restaurant",
        "name": "helapuri"
      },
      "geometry": {
        "type": "Point",
        "coordinates": [
          83.4000478,
          18.1078528
        ]
      },
      "id": "node/9728711257"
    },
    {
      "type": "Feature",
      "properties": {
        "@id": "node/9757060899",
        "amenity": "restaurant",
        "description": "Hotel mayura, meals, venue, rooms.",
        "name": "Hotel mayura"
      },
      "geometry": {
        "type": "Point",
        "coordinates": [
          83.4010577,
          18.1081211
        ]
      },
      "id": "node/9757060899"
    },
    {
      "type": "Feature",
      "properties": {
        "@id": "node/9794141793",
        "amenity": "restaurant",
        "name": "Chinnamma hotel and mess"
      },
      "geometry": {
        "type": "Point",
        "coordinates": [
          80.3481985,
          16.4186101
        ]
      },
      "id": "node/9794141793"
    },
    {
      "type": "Feature",
      "properties": {
        "@id": "node/9884443354",
        "addr:city": "MANDAPETA",
        "addr:postcode": "533338",
        "addr:street": "Mandapeta - Jonnada Road",
        "amenity": "restaurant",
        "cuisine": "chicken;indian;pizza",
        "name": "KRISHNA KALYANI FAMILY RESTAURANT",
        "opening_hours": "Mo-Su 10:00-22:00",
        "phone": "+919949677977"
      },
      "geometry": {
        "type": "Point",
        "coordinates": [
          81.9255379,
          16.8596012
        ]
      },
      "id": "node/9884443354"
    },
    {
      "type": "Feature",
      "properties": {
        "@id": "node/9918603333",
        "addr:city": "Srikakulam",
        "addr:postcode": "532001",
        "addr:street": "Rama laxmana Junction",
        "amenity": "restaurant",
        "name": "New Relax Inn"
      },
      "geometry": {
        "type": "Point",
        "coordinates": [
          83.9046085,
          18.2986237
        ]
      },
      "id": "node/9918603333"
    },
    {
      "type": "Feature",
      "properties": {
        "@id": "node/9918603334",
        "addr:city": "Srikakulam",
        "addr:postcode": "532001",
        "addr:street": "Rama laxmana Junction",
        "amenity": "restaurant",
        "name": "SVD Hotel"
      },
      "geometry": {
        "type": "Point",
        "coordinates": [
          83.9051648,
          18.2993137
        ]
      },
      "id": "node/9918603334"
    },
    {
      "type": "Feature",
      "properties": {
        "@id": "node/9918920587",
        "amenity": "restaurant",
        "name": "JMR Flavours"
      },
      "geometry": {
        "type": "Point",
        "coordinates": [
          83.894026,
          18.2960836
        ]
      },
      "id": "node/9918920587"
    },
    {
      "type": "Feature",
      "properties": {
        "@id": "node/9919080304",
        "amenity": "restaurant",
        "name": "Bilal biryani"
      },
      "geometry": {
        "type": "Point",
        "coordinates": [
          81.7764217,
          17.0346567
        ]
      },
      "id": "node/9919080304"
    },
    {
      "type": "Feature",
      "properties": {
        "@id": "node/9919080311",
        "amenity": "restaurant"
      },
      "geometry": {
        "type": "Point",
        "coordinates": [
          81.7754353,
          17.0330033
        ]
      },
      "id": "node/9919080311"
    },
    {
      "type": "Feature",
      "properties": {
        "@id": "node/9923791931",
        "amenity": "restaurant",
        "name": "Jk family restarunt"
      },
      "geometry": {
        "type": "Point",
        "coordinates": [
          81.6936475,
          17.1801857
        ]
      },
      "id": "node/9923791931"
    },
    {
      "type": "Feature",
      "properties": {
        "@id": "node/9924615986",
        "amenity": "restaurant",
        "name": "Mayura restaurant"
      },
      "geometry": {
        "type": "Point",
        "coordinates": [
          81.695532,
          17.1788779
        ]
      },
      "id": "node/9924615986"
    },
    {
      "type": "Feature",
      "properties": {
        "@id": "node/10105879462",
        "amenity": "restaurant",
        "cuisine": "barbecue",
        "name": "Seven days"
      },
      "geometry": {
        "type": "Point",
        "coordinates": [
          80.6558128,
          16.4974467
        ]
      },
      "id": "node/10105879462"
    },
    {
      "type": "Feature",
      "properties": {
        "@id": "node/10138837802",
        "amenity": "restaurant",
        "name": "Durga Vilas"
      },
      "geometry": {
        "type": "Point",
        "coordinates": [
          81.4724499,
          16.984953
        ]
      },
      "id": "node/10138837802"
    },
    {
      "type": "Feature",
      "properties": {
        "@id": "node/10171081078",
        "amenity": "restaurant",
        "name": "Suruchi Food Court"
      },
      "geometry": {
        "type": "Point",
        "coordinates": [
          82.233984,
          16.9512562
        ]
      },
      "id": "node/10171081078"
    },
    {
      "type": "Feature",
      "properties": {
        "@id": "node/10213545485",
        "amenity": "restaurant"
      },
      "geometry": {
        "type": "Point",
        "coordinates": [
          80.9628882,
          16.3261422
        ]
      },
      "id": "node/10213545485"
    },
    {
      "type": "Feature",
      "properties": {
        "@id": "node/10264368789",
        "amenity": "restaurant",
        "name": "Lakshmi vilas Restaurant"
      },
      "geometry": {
        "type": "Point",
        "coordinates": [
          82.6124569,
          17.6649458
        ]
      },
      "id": "node/10264368789"
    },
    {
      "type": "Feature",
      "properties": {
        "@id": "node/10277147160",
        "amenity": "restaurant",
        "name": "Sri Varsha Grand"
      },
      "geometry": {
        "type": "Point",
        "coordinates": [
          78.6650515,
          13.1897547
        ]
      },
      "id": "node/10277147160"
    },
    {
      "type": "Feature",
      "properties": {
        "@id": "node/10285532077",
        "amenity": "restaurant",
        "name": "Radha Hotel"
      },
      "geometry": {
        "type": "Point",
        "coordinates": [
          79.1895309,
          13.479898
        ]
      },
      "id": "node/10285532077"
    },
    {
      "type": "Feature",
      "properties": {
        "@id": "node/10285532078",
        "amenity": "restaurant",
        "name": "Hotel Deccan Delicious"
      },
      "geometry": {
        "type": "Point",
        "coordinates": [
          79.1893886,
          13.4798339
        ]
      },
      "id": "node/10285532078"
    },
    {
      "type": "Feature",
      "properties": {
        "@id": "node/10296444919",
        "amenity": "restaurant",
        "name": "Kritunga Restaurant",
        "source": "gps",
        "toilets": "yes"
      },
      "geometry": {
        "type": "Point",
        "coordinates": [
          78.025656,
          15.7702212
        ]
      },
      "id": "node/10296444919"
    },
    {
      "type": "Feature",
      "properties": {
        "@id": "node/10296494761",
        "amenity": "restaurant",
        "name": "Pardise Restaurant"
      },
      "geometry": {
        "type": "Point",
        "coordinates": [
          77.5813267,
          14.6588978
        ]
      },
      "id": "node/10296494761"
    },
    {
      "type": "Feature",
      "properties": {
        "@id": "node/10300976180",
        "amenity": "restaurant",
        "name": "Arabica"
      },
      "geometry": {
        "type": "Point",
        "coordinates": [
          83.3387927,
          17.7264206
        ]
      },
      "id": "node/10300976180"
    },
    {
      "type": "Feature",
      "properties": {
        "@id": "node/10300976197",
        "amenity": "restaurant",
        "name": "Paradise"
      },
      "geometry": {
        "type": "Point",
        "coordinates": [
          83.3330963,
          17.7195637
        ]
      },
      "id": "node/10300976197"
    },
    {
      "type": "Feature",
      "properties": {
        "@id": "node/10300976236",
        "amenity": "restaurant",
        "name": "Cabrilos"
      },
      "geometry": {
        "type": "Point",
        "coordinates": [
          83.3154924,
          17.7111181
        ]
      },
      "id": "node/10300976236"
    },
    {
      "type": "Feature",
      "properties": {
        "@id": "node/10301760641",
        "addr:city": "Tenali",
        "addr:housenumber": "Shop No: 19, YGR Complex, Opp. Laxmi Theatre",
        "addr:postcode": "522201",
        "addr:street": "Prakasam Road",
        "air_conditioning": "yes",
        "amenity": "restaurant",
        "cuisine": "indian;chinese",
        "delivery": "yes",
        "description": "Veg and Non-Veg Biryanis, Pulkas, Chinese Food, Snacks Meals, Veg and Non-Veg Curries, Soups, Beverages, Breakfast, Dosas available with dining. Online Home Delivery Available.",
        "diet:healthy": "yes",
        "diet:meat": "yes",
        "diet:non-vegetarian": "yes",
        "diet:vegetarian": "yes",
        "name": "Srinidhi Veg & Non-Veg Family Restaurant",
        "opening_hours": "Mo-Su 06:00-22:00",
        "outdoor_seating": "yes",
        "payment:cash": "yes",
        "payment:credit_cards": "yes",
        "payment:debit_cards": "yes",
        "payment:paytm": "yes",
        "payment:upi": "yes",
        "payment:wallets": "yes",
        "phone": "+91 81219 36569",
        "website": "https://srinidhirestaurant.com"
      },
      "geometry": {
        "type": "Point",
        "coordinates": [
          80.6458275,
          16.2430118
        ]
      },
      "id": "node/10301760641"
    },
    {
      "type": "Feature",
      "properties": {
        "@id": "node/10648062574",
        "air_conditioning": "no",
        "amenity": "restaurant",
        "check_date": "2023-02-12",
        "cuisine": "indian",
        "internet_access": "no",
        "mapillary": "https://mapillary.com/map/im/715422366915413",
        "microbrewery": "no",
        "name": "Mourya tasty foods",
        "outdoor_seating": "no",
        "payment:cash": "yes",
        "payment:upi": "yes",
        "source": "local knowledge",
        "takeaway": "yes"
      },
      "geometry": {
        "type": "Point",
        "coordinates": [
          80.4347481,
          16.3104692
        ]
      },
      "id": "node/10648062574"
    },
    {
      "type": "Feature",
      "properties": {
        "@id": "node/10806632144",
        "amenity": "restaurant",
        "name": "saams jail restaurent"
      },
      "geometry": {
        "type": "Point",
        "coordinates": [
          81.7839839,
          16.9772851
        ]
      },
      "id": "node/10806632144"
    },
    {
      "type": "Feature",
      "properties": {
        "@id": "node/10831260455",
        "addr:city": "Tadepalligudem",
        "addr:street": "Seshamahal Road",
        "amenity": "restaurant",
        "cuisine": "indian;fast_food",
        "diet:chicken": "yes",
        "diet:halal": "yes",
        "diet:meat": "yes",
        "diet:non-vegetarian": "yes",
        "diet:vegetarian": "yes",
        "name": "GK Food Paradise",
        "phone": "7799099543"
      },
      "geometry": {
        "type": "Point",
        "coordinates": [
          81.5298718,
          16.814058
        ]
      },
      "id": "node/10831260455"
    },
    {
      "type": "Feature",
      "properties": {
        "@id": "node/10836292101",
        "amenity": "restaurant",
        "name": "Chandamama Dhaba"
      },
      "geometry": {
        "type": "Point",
        "coordinates": [
          78.2380839,
          14.3995059
        ]
      },
      "id": "node/10836292101"
    },
    {
      "type": "Feature",
      "properties": {
        "@id": "node/10836314274",
        "amenity": "restaurant"
      },
      "geometry": {
        "type": "Point",
        "coordinates": [
          83.8946001,
          18.2948001
        ]
      },
      "id": "node/10836314274"
    },
    {
      "type": "Feature",
      "properties": {
        "@id": "node/10836314294",
        "amenity": "restaurant"
      },
      "geometry": {
        "type": "Point",
        "coordinates": [
          83.8973079,
          18.2947097
        ]
      },
      "id": "node/10836314294"
    },
    {
      "type": "Feature",
      "properties": {
        "@id": "node/10836315723",
        "amenity": "restaurant"
      },
      "geometry": {
        "type": "Point",
        "coordinates": [
          83.8961308,
          18.2952518
        ]
      },
      "id": "node/10836315723"
    },
    {
      "type": "Feature",
      "properties": {
        "@id": "node/10836315732",
        "amenity": "restaurant",
        "name": "Mandi Croods"
      },
      "geometry": {
        "type": "Point",
        "coordinates": [
          83.8808881,
          18.3044701
        ]
      },
      "id": "node/10836315732"
    },
    {
      "type": "Feature",
      "properties": {
        "@id": "node/10836315810",
        "amenity": "restaurant"
      },
      "geometry": {
        "type": "Point",
        "coordinates": [
          83.9027193,
          18.2781585
        ]
      },
      "id": "node/10836315810"
    },
    {
      "type": "Feature",
      "properties": {
        "@id": "node/10881759083",
        "amenity": "restaurant",
        "name": "durga restaurant"
      },
      "geometry": {
        "type": "Point",
        "coordinates": [
          80.6228507,
          16.47908
        ]
      },
      "id": "node/10881759083"
    },
    {
      "type": "Feature",
      "properties": {
        "@id": "node/10892732628",
        "addr:city": "visakhapatnam",
        "addr:housenumber": "6-16, Shanthi nagar, opposite to ION digiral Zone.",
        "addr:postcode": "531178",
        "addr:street": "Pendurthi",
        "amenity": "restaurant",
        "cuisine": "chicken;dessert;regional",
        "diet:non-vegetarian": "yes",
        "name": "VFC V3 Fried chicken",
        "opening_hours": "Mo-Su 08:00-23:00"
      },
      "geometry": {
        "type": "Point",
        "coordinates": [
          83.2081242,
          17.8076169
        ]
      },
      "id": "node/10892732628"
    },
    {
      "type": "Feature",
      "properties": {
        "@id": "node/10892734253",
        "addr:city": "visakhapatnam",
        "addr:housenumber": "9-100, Araku - Vis0akhapatnam Rd, Ratnagiri Nagar, N.A.D.VUDA Layout,",
        "addr:postcode": "530051",
        "addr:street": "Pendurthi,",
        "amenity": "restaurant",
        "cuisine": "chicken;regional;indian;fish;dessert",
        "diet:non-vegetarian": "yes",
        "diet:vegetarian": "yes",
        "name": "Food club",
        "opening_hours": "Mo-Su 10:00-22:00"
      },
      "geometry": {
        "type": "Point",
        "coordinates": [
          83.2082848,
          17.8088443
        ]
      },
      "id": "node/10892734253"
    },
    {
      "type": "Feature",
      "properties": {
        "@id": "node/10892776827",
        "addr:city": "visakhapatnam",
        "addr:housenumber": "police station, 1-93, Sarada Nagar, Karmika Nagar, Pendurthi,",
        "addr:postcode": "531173",
        "addr:street": "Pendurthi,",
        "amenity": "restaurant",
        "cuisine": "regional;chicken;kebab;fish;indian",
        "diet:non-vegetarian": "yes",
        "diet:vegetarian": "yes",
        "name": "Celebrations Restaurant",
        "opening_hours": "Mo-Su 10:00-22:00"
      },
      "geometry": {
        "type": "Point",
        "coordinates": [
          83.2083207,
          17.8087407
        ]
      },
      "id": "node/10892776827"
    },
    {
      "type": "Feature",
      "properties": {
        "@id": "node/10902853912",
        "addr:city": "Visakhapatnam.",
        "addr:housenumber": "Doggavani palem colany,",
        "addr:postcode": "531173",
        "amenity": "restaurant",
        "cuisine": "regional",
        "diet:vegetarian": "yes",
        "name": "Sri ramanjaneya foods",
        "opening_hours": "Mo-Su 09:00-21:00",
        "website": "https://sri-ramanjaneya-foods.business.site/?utm_source=gmb&utm_medium=referral"
      },
      "geometry": {
        "type": "Point",
        "coordinates": [
          83.2044675,
          17.8097234
        ]
      },
      "id": "node/10902853912"
    },
    {
      "type": "Feature",
      "properties": {
        "@id": "node/11017633334",
        "amenity": "restaurant",
        "cuisine": "indian",
        "name": "Vamsi family train restuarant"
      },
      "geometry": {
        "type": "Point",
        "coordinates": [
          80.0007782,
          14.9673935
        ]
      },
      "id": "node/11017633334"
    },
    {
      "type": "Feature",
      "properties": {
        "@id": "node/11021323011",
        "amenity": "restaurant",
        "cuisine": "indian",
        "name": "PS5 restuarant"
      },
      "geometry": {
        "type": "Point",
        "coordinates": [
          80.1433055,
          16.050749
        ]
      },
      "id": "node/11021323011"
    },
    {
      "type": "Feature",
      "properties": {
        "@id": "node/11082564953",
        "amenity": "restaurant",
        "name": "sri vasuda restaurant"
      },
      "geometry": {
        "type": "Point",
        "coordinates": [
          81.7849521,
          17.0291897
        ]
      },
      "id": "node/11082564953"
    },
    {
      "type": "Feature",
      "properties": {
        "@id": "node/11123874789",
        "addr:street": "Mandadam",
        "amenity": "restaurant",
        "description": "Cheap, mildly flavored biryani vendor",
        "name": "Bilal Biryani",
        "opening_hours": "Mo-Su 11:30-08:30"
      },
      "geometry": {
        "type": "Point",
        "coordinates": [
          80.5215045,
          16.521237
        ]
      },
      "id": "node/11123874789"
    },
    {
      "type": "Feature",
      "properties": {
        "@id": "node/11148499487",
        "amenity": "restaurant",
        "name": "Korean Restaurant"
      },
      "geometry": {
        "type": "Point",
        "coordinates": [
          77.6052987,
          14.0708379
        ]
      },
      "id": "node/11148499487"
    },
    {
      "type": "Feature",
      "properties": {
        "@id": "node/11359549321",
        "amenity": "restaurant",
        "name": "Athidi Restaurant"
      },
      "geometry": {
        "type": "Point",
        "coordinates": [
          83.1861571,
          17.9079093
        ]
      },
      "id": "node/11359549321"
    },
    {
      "type": "Feature",
      "properties": {
        "@id": "node/11359571714",
        "amenity": "restaurant",
        "name": "SSL Food House",
        "opening_hours": "Mo-Su 07:00-09:00"
      },
      "geometry": {
        "type": "Point",
        "coordinates": [
          83.1861043,
          17.9075392
        ]
      },
      "id": "node/11359571714"
    },
    {
      "type": "Feature",
      "properties": {
        "@id": "node/11359840163",
        "amenity": "restaurant",
        "cuisine": "indian",
        "name": "Amaravati Restuarant",
        "operator": "Shyam's Group"
      },
      "geometry": {
        "type": "Point",
        "coordinates": [
          79.8821103,
          14.1045591
        ]
      },
      "id": "node/11359840163"
    },
    {
      "type": "Feature",
      "properties": {
        "@id": "node/11360935651",
        "amenity": "restaurant",
        "cuisine": "indian",
        "name": "Lakshmi Sai Meals"
      },
      "geometry": {
        "type": "Point",
        "coordinates": [
          79.9122482,
          16.4649335
        ]
      },
      "id": "node/11360935651"
    },
    {
      "type": "Feature",
      "properties": {
        "@id": "node/11365426407",
        "amenity": "restaurant",
        "name": "pizza world"
      },
      "geometry": {
        "type": "Point",
        "coordinates": [
          80.4440362,
          16.3045248
        ]
      },
      "id": "node/11365426407"
    },
    {
      "type": "Feature",
      "properties": {
        "@id": "node/11383252243",
        "addr:city": "Palakol",
        "addr:district": "WEST GODAVARI",
        "addr:housenumber": "Srinivasa Theater, Main Rd,",
        "addr:postcode": "534260",
        "addr:street": "APSRTC Bus Stand Road",
        "air_conditioning": "yes",
        "amenity": "restaurant",
        "capacity": "150",
        "contact:facebook": "https://www.facebook.com/profile.php?id=100094680897222",
        "cuisine": "regional;chinese;pizza;italian;burger;chicken;kebab;indian;asian;american;ice_cream;french;seafood;fish;juice;chocolate;pasta;salad;dessert;donut;steak_house;pancake",
        "delivery": "yes",
        "diet:chicken": "yes",
        "diet:fish": "yes",
        "diet:healthy": "yes",
        "diet:local": "yes",
        "diet:meat": "yes",
        "diet:non-vegetarian": "yes",
        "diet:seafood": "yes",
        "diet:vegan": "yes",
        "diet:vegetarian": "yes",
        "email": "sharavanaasdelight@gmail.com",
        "name": "SHARAVANAA's DELIGHT the family kitchen",
        "opening_hours": "Mo-Su 11:00-23:00",
        "outdoor_seating": "yes",
        "payment:american_express": "yes",
        "payment:app": "yes",
        "payment:cash": "yes",
        "payment:contactless": "yes",
        "payment:credit_cards": "yes",
        "payment:debit_cards": "yes",
        "payment:google_pay": "yes",
        "payment:maestro": "yes",
        "payment:mastercard": "yes",
        "payment:notes": "yes",
        "payment:visa": "yes",
        "payment:visa_debit": "yes",
        "phone": "+916262565677",
        "reservation": "yes",
        "smoking": "no",
        "takeaway": "yes",
        "toilets": "yes"
      },
      "geometry": {
        "type": "Point",
        "coordinates": [
          81.7266397,
          16.5149732
        ]
      },
      "id": "node/11383252243"
    },
    {
      "type": "Feature",
      "properties": {
        "@id": "node/11454997614",
        "amenity": "restaurant",
        "name": "Manikanta Tiffen & Lunch"
      },
      "geometry": {
        "type": "Point",
        "coordinates": [
          80.5213791,
          16.9956089
        ]
      },
      "id": "node/11454997614"
    },
    {
      "type": "Feature",
      "properties": {
        "@id": "node/11483113887",
        "amenity": "restaurant",
        "check_date": "2024-01-11",
        "name": "Urban Treats Ruchi Family Restaurant"
      },
      "geometry": {
        "type": "Point",
        "coordinates": [
          83.3562943,
          17.8253473
        ]
      },
      "id": "node/11483113887"
    },
    {
      "type": "Feature",
      "properties": {
        "@id": "node/11484739249",
        "amenity": "restaurant",
        "name": "mfill"
      },
      "geometry": {
        "type": "Point",
        "coordinates": [
          78.9285031,
          15.3783935
        ]
      },
      "id": "node/11484739249"
    },
    {
      "type": "Feature",
      "properties": {
        "@id": "node/11491697137",
        "amenity": "restaurant",
        "check_date": "2024-01-05",
        "name": "SVR Hotel"
      },
      "geometry": {
        "type": "Point",
        "coordinates": [
          83.3992959,
          18.1081638
        ]
      },
      "id": "node/11491697137"
    },
    {
      "type": "Feature",
      "properties": {
        "@id": "node/11504837534",
        "amenity": "restaurant",
        "check_date": "2024-02-09",
        "name": "Hotel Raani",
        "ref:vatin": "37ZEZPY095IKIZG"
      },
      "geometry": {
        "type": "Point",
        "coordinates": [
          83.3859836,
          18.0836511
        ]
      },
      "id": "node/11504837534"
    },
    {
      "type": "Feature",
      "properties": {
        "@id": "node/11505397850",
        "amenity": "restaurant",
        "check_date": "2024-01-10",
        "internet_access": "no",
        "name": "99 The Royal Biryani House",
        "opening_hours": "Mo-Su 07:00-22:00",
        "payment:cards": "no",
        "payment:cash": "yes",
        "payment:credit_cards": "no",
        "payment:debit_cards": "no",
        "wheelchair": "limited"
      },
      "geometry": {
        "type": "Point",
        "coordinates": [
          83.4074419,
          18.0587809
        ]
      },
      "id": "node/11505397850"
    },
    {
      "type": "Feature",
      "properties": {
        "@id": "node/11505882729",
        "amenity": "restaurant",
        "check_date": "2024-01-10",
        "name": "Danasri Hotel"
      },
      "geometry": {
        "type": "Point",
        "coordinates": [
          83.1854931,
          17.9030512
        ]
      },
      "id": "node/11505882729"
    },
    {
      "type": "Feature",
      "properties": {
        "@id": "node/11507998511",
        "amenity": "restaurant",
        "check_date": "2024-01-11",
        "name": "Nawabs Biryani"
      },
      "geometry": {
        "type": "Point",
        "coordinates": [
          83.3567741,
          17.8240869
        ]
      },
      "id": "node/11507998511"
    },
    {
      "type": "Feature",
      "properties": {
        "@id": "node/11507998519",
        "amenity": "restaurant",
        "check_date": "2024-01-11",
        "name": "Treet Food Court"
      },
      "geometry": {
        "type": "Point",
        "coordinates": [
          83.3562356,
          17.8252237
        ]
      },
      "id": "node/11507998519"
    },
    {
      "type": "Feature",
      "properties": {
        "@id": "node/11510022571",
        "amenity": "restaurant",
        "name": "Shree Maa Danteswari Family Dhaba"
      },
      "geometry": {
        "type": "Point",
        "coordinates": [
          81.4046506,
          17.8174189
        ]
      },
      "id": "node/11510022571"
    },
    {
      "type": "Feature",
      "properties": {
        "@id": "node/11533311302",
        "amenity": "restaurant",
        "check_date": "2024-01-20",
        "name": "Village Kitchen"
      },
      "geometry": {
        "type": "Point",
        "coordinates": [
          82.9756378,
          17.597528
        ]
      },
      "id": "node/11533311302"
    },
    {
      "type": "Feature",
      "properties": {
        "@id": "node/11542178770",
        "amenity": "restaurant",
        "check_date": "2024-01-23",
        "name": "DJ Dhaba"
      },
      "geometry": {
        "type": "Point",
        "coordinates": [
          83.2158726,
          17.9510465
        ]
      },
      "id": "node/11542178770"
    },
    {
      "type": "Feature",
      "properties": {
        "@id": "node/11543097447",
        "amenity": "restaurant",
        "check_date": "2024-01-23",
        "name": "Amogha",
        "name:te": "అమొగా"
      },
      "geometry": {
        "type": "Point",
        "coordinates": [
          83.40406,
          18.0467871
        ]
      },
      "id": "node/11543097447"
    },
    {
      "type": "Feature",
      "properties": {
        "@id": "node/11564287222",
        "amenity": "restaurant",
        "name": "Aliyas non veg pickles"
      },
      "geometry": {
        "type": "Point",
        "coordinates": [
          79.4025627,
          13.6220899
        ]
      },
      "id": "node/11564287222"
    },
    {
      "type": "Feature",
      "properties": {
        "@id": "node/11568843821",
        "amenity": "restaurant",
        "check_date": "2024-01-30",
        "name": "Srinivasa Hotel"
      },
      "geometry": {
        "type": "Point",
        "coordinates": [
          83.1855765,
          17.8963585
        ]
      },
      "id": "node/11568843821"
    },
    {
      "type": "Feature",
      "properties": {
        "@id": "node/11568843830",
        "amenity": "restaurant",
        "check_date": "2024-01-30",
        "name": "The Capital Grill"
      },
      "geometry": {
        "type": "Point",
        "coordinates": [
          83.1902331,
          17.873521
        ]
      },
      "id": "node/11568843830"
    },
    {
      "type": "Feature",
      "properties": {
        "@id": "node/11568850049",
        "amenity": "restaurant",
        "check_date": "2024-01-30",
        "name": "Bakasura Hotel"
      },
      "geometry": {
        "type": "Point",
        "coordinates": [
          83.1979626,
          17.8445308
        ]
      },
      "id": "node/11568850049"
    },
    {
      "type": "Feature",
      "properties": {
        "@id": "node/11568858415",
        "amenity": "restaurant",
        "check_date": "2024-01-30",
        "name": "Alekhya Biryani"
      },
      "geometry": {
        "type": "Point",
        "coordinates": [
          83.2048884,
          17.8218709
        ]
      },
      "id": "node/11568858415"
    },
    {
      "type": "Feature",
      "properties": {
        "@id": "node/11572978865",
        "amenity": "restaurant",
        "check_date": "2024-01-31",
        "name": "Sai Silver Biryani"
      },
      "geometry": {
        "type": "Point",
        "coordinates": [
          80.6453962,
          16.506499
        ]
      },
      "id": "node/11572978865"
    },
    {
      "type": "Feature",
      "properties": {
        "@id": "node/11573018971",
        "amenity": "restaurant",
        "check_date": "2024-01-31",
        "name": "Under The Woods"
      },
      "geometry": {
        "type": "Point",
        "coordinates": [
          80.6437606,
          16.5073155
        ]
      },
      "id": "node/11573018971"
    },
    {
      "type": "Feature",
      "properties": {
        "@id": "node/11573979325",
        "amenity": "restaurant",
        "check_date": "2024-01-31",
        "name": "Bejawada Bhawan"
      },
      "geometry": {
        "type": "Point",
        "coordinates": [
          80.6271106,
          16.5077029
        ]
      },
      "id": "node/11573979325"
    },
    {
      "type": "Feature",
      "properties": {
        "@id": "node/11575620615",
        "amenity": "restaurant",
        "check_date": "2024-02-01",
        "name": "Kadiyapattanam  Hotel"
      },
      "geometry": {
        "type": "Point",
        "coordinates": [
          80.6443422,
          16.505433
        ]
      },
      "id": "node/11575620615"
    },
    {
      "type": "Feature",
      "properties": {
        "@id": "node/11581118988",
        "amenity": "restaurant",
        "check_date": "2024-02-03",
        "name": "Andhra Spice Restaurant"
      },
      "geometry": {
        "type": "Point",
        "coordinates": [
          80.6439562,
          16.5043324
        ]
      },
      "id": "node/11581118988"
    },
    {
      "type": "Feature",
      "properties": {
        "@id": "node/11582038087",
        "amenity": "restaurant",
        "check_date": "2024-02-03",
        "name": "Madurai Vilas"
      },
      "geometry": {
        "type": "Point",
        "coordinates": [
          80.6399481,
          16.505909
        ]
      },
      "id": "node/11582038087"
    },
    {
      "type": "Feature",
      "properties": {
        "@id": "node/11583144722",
        "amenity": "restaurant",
        "check_date": "2024-02-04",
        "name": "Arabian Mandi"
      },
      "geometry": {
        "type": "Point",
        "coordinates": [
          80.6436716,
          16.5035494
        ]
      },
      "id": "node/11583144722"
    },
    {
      "type": "Feature",
      "properties": {
        "@id": "node/11583144723",
        "amenity": "restaurant",
        "check_date": "2024-02-04",
        "name": "Ragada Wale"
      },
      "geometry": {
        "type": "Point",
        "coordinates": [
          80.6433916,
          16.5035043
        ]
      },
      "id": "node/11583144723"
    },
    {
      "type": "Feature",
      "properties": {
        "@id": "node/11583144731",
        "amenity": "restaurant",
        "check_date": "2024-02-04",
        "name": "Wota Shawarma"
      },
      "geometry": {
        "type": "Point",
        "coordinates": [
          80.6434226,
          16.5027545
        ]
      },
      "id": "node/11583144731"
    },
    {
      "type": "Feature",
      "properties": {
        "@id": "node/11583144733",
        "amenity": "restaurant",
        "check_date": "2024-02-04",
        "name": "Fiesta"
      },
      "geometry": {
        "type": "Point",
        "coordinates": [
          80.6432649,
          16.5024534
        ]
      },
      "id": "node/11583144733"
    },
    {
      "type": "Feature",
      "properties": {
        "@id": "node/11583576874",
        "amenity": "restaurant",
        "check_date": "2024-02-04",
        "name": "Hello Idly"
      },
      "geometry": {
        "type": "Point",
        "coordinates": [
          80.6190665,
          16.4826702
        ]
      },
      "id": "node/11583576874"
    },
    {
      "type": "Feature",
      "properties": {
        "@id": "node/11583576876",
        "amenity": "restaurant",
        "brand": "Pizza Hut",
        "brand:wikidata": "Q191615",
        "check_date": "2024-02-04",
        "cuisine": "pizza",
        "name": "Pizza Hut"
      },
      "geometry": {
        "type": "Point",
        "coordinates": [
          80.6187236,
          16.4820247
        ]
      },
      "id": "node/11583576876"
    },
    {
      "type": "Feature",
      "properties": {
        "@id": "node/11583576878",
        "amenity": "restaurant",
        "check_date": "2024-02-04",
        "name": "Paradise"
      },
      "geometry": {
        "type": "Point",
        "coordinates": [
          80.6187884,
          16.4820077
        ]
      },
      "id": "node/11583576878"
    },
    {
      "type": "Feature",
      "properties": {
        "@id": "node/11583576885",
        "amenity": "restaurant",
        "check_date": "2024-02-04",
        "name": "Murugan Hotel"
      },
      "geometry": {
        "type": "Point",
        "coordinates": [
          80.6179727,
          16.4799933
        ]
      },
      "id": "node/11583576885"
    },
    {
      "type": "Feature",
      "properties": {
        "@id": "node/11585567660",
        "amenity": "restaurant",
        "check_date": "2024-02-04",
        "name": "Alfa Arabian Restaurant"
      },
      "geometry": {
        "type": "Point",
        "coordinates": [
          80.5619835,
          16.4187422
        ]
      },
      "id": "node/11585567660"
    },
    {
      "type": "Feature",
      "properties": {
        "@id": "node/11585567662",
        "amenity": "restaurant",
        "check_date": "2024-02-04",
        "name": "Sir royal Dawat"
      },
      "geometry": {
        "type": "Point",
        "coordinates": [
          80.5599872,
          16.4153028
        ]
      },
      "id": "node/11585567662"
    },
    {
      "type": "Feature",
      "properties": {
        "@id": "node/11586123033",
        "amenity": "restaurant",
        "name": "PVPSIT Canteen"
      },
      "geometry": {
        "type": "Point",
        "coordinates": [
          80.6932469,
          16.4867136
        ]
      },
      "id": "node/11586123033"
    },
    {
      "type": "Feature",
      "properties": {
        "@id": "node/11586139373",
        "amenity": "restaurant",
        "name": "Tuba"
      },
      "geometry": {
        "type": "Point",
        "coordinates": [
          80.6457951,
          16.500409
        ]
      },
      "id": "node/11586139373"
    },
    {
      "type": "Feature",
      "properties": {
        "@id": "node/11586158745",
        "amenity": "restaurant",
        "name": "Barbeque"
      },
      "geometry": {
        "type": "Point",
        "coordinates": [
          80.6537796,
          16.4985967
        ]
      },
      "id": "node/11586158745"
    },
    {
      "type": "Feature",
      "properties": {
        "@id": "node/11586159924",
        "amenity": "restaurant",
        "name": "Sweet Magic"
      },
      "geometry": {
        "type": "Point",
        "coordinates": [
          80.648474,
          16.4996159
        ]
      },
      "id": "node/11586159924"
    },
    {
      "type": "Feature",
      "properties": {
        "@id": "node/11586852059",
        "amenity": "restaurant",
        "cuisine": "regional",
        "diet:halal": "yes",
        "diet:non-vegetarian": "yes",
        "name": "Bismillah Briyani Point"
      },
      "geometry": {
        "type": "Point",
        "coordinates": [
          80.5719086,
          16.4300511
        ]
      },
      "id": "node/11586852059"
    },
    {
      "type": "Feature",
      "properties": {
        "@id": "node/11586858992",
        "amenity": "restaurant",
        "cuisine": "indian",
        "diet:non-vegetarian": "yes",
        "diet:vegetarian": "yes",
        "name": "Saregama Restaurent And Lodge"
      },
      "geometry": {
        "type": "Point",
        "coordinates": [
          80.5763103,
          16.4267301
        ]
      },
      "id": "node/11586858992"
    },
    {
      "type": "Feature",
      "properties": {
        "@id": "node/11586875123",
        "amenity": "restaurant",
        "name": "Hotel Bhageeradha"
      },
      "geometry": {
        "type": "Point",
        "coordinates": [
          80.5764021,
          16.4275437
        ]
      },
      "id": "node/11586875123"
    },
    {
      "type": "Feature",
      "properties": {
        "@id": "node/11591600481",
        "amenity": "restaurant",
        "name": "Canteen"
      },
      "geometry": {
        "type": "Point",
        "coordinates": [
          78.2331517,
          15.2991424
        ]
      },
      "id": "node/11591600481"
    },
    {
      "type": "Feature",
      "properties": {
        "@id": "node/11591604701",
        "amenity": "restaurant",
        "name": "Bismillah Biryani Point"
      },
      "geometry": {
        "type": "Point",
        "coordinates": [
          80.617266,
          16.48161
        ]
      },
      "id": "node/11591604701"
    },
    {
      "type": "Feature",
      "properties": {
        "@id": "node/11591639917",
        "amenity": "restaurant",
        "name": "vr restaurant"
      },
      "geometry": {
        "type": "Point",
        "coordinates": [
          80.4317969,
          16.3796633
        ]
      },
      "id": "node/11591639917"
    },
    {
      "type": "Feature",
      "properties": {
        "@id": "node/11591641017",
        "amenity": "restaurant",
        "name": "Navyatha Tiffin and Fast Food Center"
      },
      "geometry": {
        "type": "Point",
        "coordinates": [
          80.6178889,
          16.4794223
        ]
      },
      "id": "node/11591641017"
    },
    {
      "type": "Feature",
      "properties": {
        "@id": "node/11601450286",
        "amenity": "restaurant",
        "check_date": "2025-07-11",
        "name": "Hotel Vimaan"
      },
      "geometry": {
        "type": "Point",
        "coordinates": [
          80.7336361,
          16.511195
        ]
      },
      "id": "node/11601450286"
    },
    {
      "type": "Feature",
      "properties": {
        "@id": "node/11609359602",
        "amenity": "restaurant",
        "check_date": "2024-02-11",
        "name": "KGN Restaurant"
      },
      "geometry": {
        "type": "Point",
        "coordinates": [
          83.1878613,
          17.8836904
        ]
      },
      "id": "node/11609359602"
    },
    {
      "type": "Feature",
      "properties": {
        "@id": "node/11609359604",
        "amenity": "restaurant",
        "check_date": "2024-02-11",
        "name": "Ambica Dhaba"
      },
      "geometry": {
        "type": "Point",
        "coordinates": [
          83.1896285,
          17.8748282
        ]
      },
      "id": "node/11609359604"
    },
    {
      "type": "Feature",
      "properties": {
        "@id": "node/11609359633",
        "amenity": "restaurant",
        "check_date": "2024-02-11",
        "name": "Paakashala Restaurant"
      },
      "geometry": {
        "type": "Point",
        "coordinates": [
          83.2102647,
          17.7998399
        ]
      },
      "id": "node/11609359633"
    },
    {
      "type": "Feature",
      "properties": {
        "@id": "node/11609580968",
        "amenity": "restaurant",
        "brand": "Restaurante Popular",
        "check_date": "2024-02-11",
        "internet_access": "wlan",
        "internet_access:fee": "customers",
        "name": "Donne Biryani House Restaurant",
        "opening_hours": "11:00-23:00",
        "payment:cash": "yes",
        "payment:credit_cards": "yes",
        "payment:debit_cards": "yes"
      },
      "geometry": {
        "type": "Point",
        "coordinates": [
          83.305777,
          17.7249978
        ]
      },
      "id": "node/11609580968"
    },
    {
      "type": "Feature",
      "properties": {
        "@id": "node/11609610101",
        "amenity": "restaurant",
        "check_date": "2024-02-11",
        "name": "Amritsar Haveli"
      },
      "geometry": {
        "type": "Point",
        "coordinates": [
          83.3099803,
          17.7234725
        ]
      },
      "id": "node/11609610101"
    },
    {
      "type": "Feature",
      "properties": {
        "@id": "node/11609614340",
        "addr:floor": "1",
        "amenity": "restaurant",
        "check_date": "2024-02-11",
        "level": "1",
        "name": "Biriyanis Lounge Restarant"
      },
      "geometry": {
        "type": "Point",
        "coordinates": [
          83.303254,
          17.725587
        ]
      },
      "id": "node/11609614340"
    },
    {
      "type": "Feature",
      "properties": {
        "@id": "node/11609620809",
        "amenity": "restaurant",
        "check_date": "2024-02-11",
        "name": "Rajdhani Multi cuisine"
      },
      "geometry": {
        "type": "Point",
        "coordinates": [
          83.3032252,
          17.7256929
        ]
      },
      "id": "node/11609620809"
    },
    {
      "type": "Feature",
      "properties": {
        "@id": "node/11609629747",
        "amenity": "restaurant",
        "check_date": "2024-02-11",
        "internet_access": "no",
        "name": "Majils Darbar",
        "payment:cash": "yes",
        "payment:credit_cards": "yes",
        "payment:debit_cards": "yes",
        "wheelchair": "no"
      },
      "geometry": {
        "type": "Point",
        "coordinates": [
          83.3036875,
          17.7256404
        ]
      },
      "id": "node/11609629747"
    },
    {
      "type": "Feature",
      "properties": {
        "@id": "node/11609635730",
        "amenity": "restaurant",
        "check_date": "2024-02-11",
        "name": "The Invitation 365"
      },
      "geometry": {
        "type": "Point",
        "coordinates": [
          83.318478,
          17.7240756
        ]
      },
      "id": "node/11609635730"
    },
    {
      "type": "Feature",
      "properties": {
        "@id": "node/11609636102",
        "amenity": "restaurant",
        "check_date": "2024-02-11",
        "name": "The Invitation 365"
      },
      "geometry": {
        "type": "Point",
        "coordinates": [
          83.3182068,
          17.723802
        ]
      },
      "id": "node/11609636102"
    },
    {
      "type": "Feature",
      "properties": {
        "@id": "node/11609643792",
        "amenity": "restaurant",
        "check_date": "2024-02-11",
        "name": "Tandoori Treats"
      },
      "geometry": {
        "type": "Point",
        "coordinates": [
          83.3167223,
          17.7252861
        ]
      },
      "id": "node/11609643792"
    },
    {
      "type": "Feature",
      "properties": {
        "@id": "node/11609725161",
        "addr:floor": "1",
        "amenity": "restaurant",
        "check_date": "2024-02-11",
        "level": "1",
        "name": "Kritunga"
      },
      "geometry": {
        "type": "Point",
        "coordinates": [
          83.3039546,
          17.7262237
        ]
      },
      "id": "node/11609725161"
    },
    {
      "type": "Feature",
      "properties": {
        "@id": "node/11609727545",
        "addr:floor": "G",
        "amenity": "restaurant",
        "check_date": "2024-02-11",
        "level": "1",
        "name": "Sree Kamat"
      },
      "geometry": {
        "type": "Point",
        "coordinates": [
          83.3039449,
          17.726071
        ]
      },
      "id": "node/11609727545"
    },
    {
      "type": "Feature",
      "properties": {
        "@id": "node/11610149581",
        "amenity": "restaurant",
        "check_date": "2024-02-11",
        "name": "Sai Parlour Tiffins"
      },
      "geometry": {
        "type": "Point",
        "coordinates": [
          83.2173214,
          17.766173
        ]
      },
      "id": "node/11610149581"
    },
    {
      "type": "Feature",
      "properties": {
        "@id": "node/11610201179",
        "amenity": "restaurant",
        "check_date": "2024-02-11",
        "name": "Celebrations"
      },
      "geometry": {
        "type": "Point",
        "coordinates": [
          83.247516,
          17.7406766
        ]
      },
      "id": "node/11610201179"
    },
    {
      "type": "Feature",
      "properties": {
        "@id": "node/11610201183",
        "addr:city": "Visakhapatnam",
        "addr:district": "Visakhapatnam",
        "addr:postcode": "530027",
        "addr:street": "Near NAD Junction , below Flyover , NAD Post",
        "amenity": "restaurant",
        "check_date": "2024-02-11",
        "cuisine": "indian",
        "name": "Hotel Prabha"
      },
      "geometry": {
        "type": "Point",
        "coordinates": [
          83.2352378,
          17.7431242
        ]
      },
      "id": "node/11610201183"
    },
    {
      "type": "Feature",
      "properties": {
        "@id": "node/11613192521",
        "addr:floor": "1",
        "amenity": "restaurant",
        "check_date": "2024-02-11",
        "cuisine": "jain",
        "diet:vegan": "yes",
        "diet:vegetarian": "yes",
        "level": "3",
        "name": "Masaledaar Desi Rasoi",
        "payment:cash": "yes",
        "payment:credit_cards": "yes",
        "payment:debit_cards": "yes",
        "wheelchair": "yes"
      },
      "geometry": {
        "type": "Point",
        "coordinates": [
          83.3036399,
          17.7253366
        ]
      },
      "id": "node/11613192521"
    },
    {
      "type": "Feature",
      "properties": {
        "@id": "node/11613192522",
        "addr:floor": "4",
        "amenity": "restaurant",
        "check_date": "2024-02-11",
        "level": "3",
        "name": "Absolute Barbecues",
        "payment:cash": "yes",
        "payment:credit_cards": "yes",
        "payment:debit_cards": "yes",
        "wheelchair": "yes"
      },
      "geometry": {
        "type": "Point",
        "coordinates": [
          83.3036774,
          17.7254213
        ]
      },
      "id": "node/11613192522"
    },
    {
      "type": "Feature",
      "properties": {
        "@id": "node/11633147661",
        "amenity": "restaurant",
        "check_date": "2024-02-17",
        "name": "Sai Ram Mess"
      },
      "geometry": {
        "type": "Point",
        "coordinates": [
          83.185992,
          17.8974314
        ]
      },
      "id": "node/11633147661"
    },
    {
      "type": "Feature",
      "properties": {
        "@id": "node/11634025199",
        "amenity": "restaurant",
        "check_date": "2024-02-17",
        "name": "Green Park"
      },
      "geometry": {
        "type": "Point",
        "coordinates": [
          83.8852471,
          18.3039305
        ]
      },
      "id": "node/11634025199"
    },
    {
      "type": "Feature",
      "properties": {
        "@id": "node/11634025200",
        "amenity": "restaurant",
        "check_date": "2024-02-17",
        "name": "Dine House"
      },
      "geometry": {
        "type": "Point",
        "coordinates": [
          83.8838172,
          18.304417
        ]
      },
      "id": "node/11634025200"
    },
    {
      "type": "Feature",
      "properties": {
        "@id": "node/11634025203",
        "amenity": "restaurant",
        "check_date": "2024-02-17",
        "name": "Jalsa Restaurant"
      },
      "geometry": {
        "type": "Point",
        "coordinates": [
          83.8692071,
          18.2958371
        ]
      },
      "id": "node/11634025203"
    },
    {
      "type": "Feature",
      "properties": {
        "@id": "node/11647277519",
        "amenity": "restaurant",
        "check_date": "2024-02-21",
        "name": "Babai Biryani"
      },
      "geometry": {
        "type": "Point",
        "coordinates": [
          83.307157,
          17.73597
        ]
      },
      "id": "node/11647277519"
    },
    {
      "type": "Feature",
      "properties": {
        "@id": "node/11647371231",
        "amenity": "restaurant",
        "check_date": "2024-02-21",
        "name": "Hotel Alpha"
      },
      "geometry": {
        "type": "Point",
        "coordinates": [
          83.203902,
          17.6850483
        ]
      },
      "id": "node/11647371231"
    },
    {
      "type": "Feature",
      "properties": {
        "@id": "node/11647444831",
        "amenity": "restaurant",
        "check_date": "2024-02-21",
        "name": "Singh Bihar Dhaba"
      },
      "geometry": {
        "type": "Point",
        "coordinates": [
          82.9493103,
          17.6649566
        ]
      },
      "id": "node/11647444831"
    },
    {
      "type": "Feature",
      "properties": {
        "@id": "node/11647444836",
        "amenity": "restaurant",
        "check_date": "2024-02-21",
        "name": "Punjabi Dhaba"
      },
      "geometry": {
        "type": "Point",
        "coordinates": [
          82.9318987,
          17.656068
        ]
      },
      "id": "node/11647444836"
    },
    {
      "type": "Feature",
      "properties": {
        "@id": "node/11647444839",
        "amenity": "restaurant",
        "check_date": "2024-02-21"
      },
      "geometry": {
        "type": "Point",
        "coordinates": [
          82.9061252,
          17.6439048
        ]
      },
      "id": "node/11647444839"
    },
    {
      "type": "Feature",
      "properties": {
        "@id": "node/11647507628",
        "amenity": "restaurant",
        "check_date": "2024-02-21",
        "name": "Hotel Green Park"
      },
      "geometry": {
        "type": "Point",
        "coordinates": [
          82.4478649,
          17.3083721
        ]
      },
      "id": "node/11647507628"
    },
    {
      "type": "Feature",
      "properties": {
        "@id": "node/11647507630",
        "amenity": "restaurant",
        "check_date": "2026-02-06",
        "name": "Vyra"
      },
      "geometry": {
        "type": "Point",
        "coordinates": [
          82.4490818,
          17.3090314
        ]
      },
      "id": "node/11647507630"
    },
    {
      "type": "Feature",
      "properties": {
        "@id": "node/11647511582",
        "amenity": "restaurant",
        "check_date": "2024-02-21",
        "name": "One Annavaram"
      },
      "geometry": {
        "type": "Point",
        "coordinates": [
          82.4178839,
          17.2955407
        ]
      },
      "id": "node/11647511582"
    },
    {
      "type": "Feature",
      "properties": {
        "@id": "node/11647785353",
        "amenity": "restaurant",
        "check_date": "2024-02-21",
        "name": "Nikhil Family Restaurant"
      },
      "geometry": {
        "type": "Point",
        "coordinates": [
          82.3628441,
          17.2409267
        ]
      },
      "id": "node/11647785353"
    },
    {
      "type": "Feature",
      "properties": {
        "@id": "node/11647853086",
        "amenity": "restaurant",
        "check_date": "2024-02-21",
        "name": "Kshatriya"
      },
      "geometry": {
        "type": "Point",
        "coordinates": [
          82.2045887,
          17.2294215
        ]
      },
      "id": "node/11647853086"
    },
    {
      "type": "Feature",
      "properties": {
        "@id": "node/11647855022",
        "amenity": "restaurant",
        "check_date": "2024-02-21",
        "name": "Baba Ramdev Restaurant"
      },
      "geometry": {
        "type": "Point",
        "coordinates": [
          82.0087205,
          17.1539945
        ]
      },
      "id": "node/11647855022"
    },
    {
      "type": "Feature",
      "properties": {
        "@id": "node/11648189543",
        "amenity": "restaurant",
        "check_date": "2024-02-21",
        "name": "Eat Pyramid"
      },
      "geometry": {
        "type": "Point",
        "coordinates": [
          81.8952776,
          17.0782107
        ]
      },
      "id": "node/11648189543"
    },
    {
      "type": "Feature",
      "properties": {
        "@id": "node/11648189550",
        "amenity": "restaurant",
        "check_date": "2024-02-21",
        "name": "Family Restaurant"
      },
      "geometry": {
        "type": "Point",
        "coordinates": [
          81.8824071,
          17.0672166
        ]
      },
      "id": "node/11648189550"
    },
    {
      "type": "Feature",
      "properties": {
        "@id": "node/11648414899",
        "amenity": "restaurant",
        "check_date": "2024-02-21",
        "name": "Rudra"
      },
      "geometry": {
        "type": "Point",
        "coordinates": [
          81.7746809,
          17.0488814
        ]
      },
      "id": "node/11648414899"
    },
    {
      "type": "Feature",
      "properties": {
        "@id": "node/11648556380",
        "amenity": "restaurant",
        "check_date": "2024-02-21",
        "name": "Sri Surya"
      },
      "geometry": {
        "type": "Point",
        "coordinates": [
          81.0212784,
          16.6748274
        ]
      },
      "id": "node/11648556380"
    },
    {
      "type": "Feature",
      "properties": {
        "@id": "node/11648556382",
        "amenity": "restaurant",
        "check_date": "2024-02-21",
        "name": "Relax Food Court"
      },
      "geometry": {
        "type": "Point",
        "coordinates": [
          81.0105926,
          16.6666539
        ]
      },
      "id": "node/11648556382"
    },
    {
      "type": "Feature",
      "properties": {
        "@id": "node/11648556384",
        "amenity": "restaurant",
        "check_date": "2024-02-21",
        "name": "Sri Gowri Sankara"
      },
      "geometry": {
        "type": "Point",
        "coordinates": [
          81.005967,
          16.6614849
        ]
      },
      "id": "node/11648556384"
    },
    {
      "type": "Feature",
      "properties": {
        "@id": "node/11648586246",
        "amenity": "restaurant",
        "check_date": "2025-07-11",
        "name": "Tiffin"
      },
      "geometry": {
        "type": "Point",
        "coordinates": [
          80.6931066,
          16.5200976
        ]
      },
      "id": "node/11648586246"
    },
    {
      "type": "Feature",
      "properties": {
        "@id": "node/11652965030",
        "amenity": "restaurant",
        "check_date": "2025-07-11",
        "name": "Casserole"
      },
      "geometry": {
        "type": "Point",
        "coordinates": [
          80.5955706,
          16.5281826
        ]
      },
      "id": "node/11652965030"
    },
    {
      "type": "Feature",
      "properties": {
        "@id": "node/11652990813",
        "amenity": "restaurant",
        "check_date": "2024-02-21",
        "name": "Sweet Magic"
      },
      "geometry": {
        "type": "Point",
        "coordinates": [
          80.6699968,
          16.5146006
        ]
      },
      "id": "node/11652990813"
    },
    {
      "type": "Feature",
      "properties": {
        "@id": "node/11662034238",
        "amenity": "restaurant",
        "check_date": "2024-02-24",
        "name": "Navya"
      },
      "geometry": {
        "type": "Point",
        "coordinates": [
          80.6192098,
          16.4451249
        ]
      },
      "id": "node/11662034238"
    },
    {
      "type": "Feature",
      "properties": {
        "@id": "node/11662034239",
        "addr:city": "guntur",
        "addr:district": "NTR",
        "addr:postcode": "522303",
        "addr:street": "Klef Road",
        "amenity": "restaurant",
        "check_date": "2024-02-24",
        "cuisine": "all;best_of_time_chicken_freied_rice;takeaway;dine-in",
        "name": "Ruchi Food Corner",
        "opening_hours": "Mo-Su 09:00-22:00"
      },
      "geometry": {
        "type": "Point",
        "coordinates": [
          80.6195604,
          16.4442943
        ]
      },
      "id": "node/11662034239"
    },
    {
      "type": "Feature",
      "properties": {
        "@id": "node/11662795774",
        "addr:postcode": "520010",
        "amenity": "restaurant",
        "check_date": "2024-02-25",
        "name": "Nan king",
        "name:en": "Nan King",
        "outdoor_seating": "no",
        "payment:cash": "yes",
        "payment:credit_cards": "yes",
        "payment:debit_cards": "yes",
        "phone": "+91 73484 85858",
        "reservation": "yes"
      },
      "geometry": {
        "type": "Point",
        "coordinates": [
          80.6464567,
          16.5060058
        ]
      },
      "id": "node/11662795774"
    },
    {
      "type": "Feature",
      "properties": {
        "@id": "node/11664626236",
        "amenity": "restaurant",
        "check_date": "2024-02-25",
        "name": "Sri Satya Sai Hotel"
      },
      "geometry": {
        "type": "Point",
        "coordinates": [
          80.6473821,
          16.5057979
        ]
      },
      "id": "node/11664626236"
    },
    {
      "type": "Feature",
      "properties": {
        "@id": "node/11671770860",
        "amenity": "restaurant",
        "check_date": "2024-06-19",
        "name": "Muzeeb Biryani Point"
      },
      "geometry": {
        "type": "Point",
        "coordinates": [
          80.6316533,
          16.5143722
        ]
      },
      "id": "node/11671770860"
    },
    {
      "type": "Feature",
      "properties": {
        "@id": "node/11687222898",
        "amenity": "restaurant",
        "check_date": "2024-06-15",
        "name": "Madhuvan Food Plaza"
      },
      "geometry": {
        "type": "Point",
        "coordinates": [
          80.4560496,
          16.296397
        ]
      },
      "id": "node/11687222898"
    },
    {
      "type": "Feature",
      "properties": {
        "@id": "node/11687222906",
        "amenity": "restaurant",
        "check_date": "2024-03-03",
        "name": "Atif Khan Biryani House"
      },
      "geometry": {
        "type": "Point",
        "coordinates": [
          80.4509709,
          16.296951
        ]
      },
      "id": "node/11687222906"
    },
    {
      "type": "Feature",
      "properties": {
        "@id": "node/11687222912",
        "amenity": "restaurant",
        "check_date": "2024-03-03",
        "name": "The Galaxy Tiffins & Meals"
      },
      "geometry": {
        "type": "Point",
        "coordinates": [
          80.4553983,
          16.2963335
        ]
      },
      "id": "node/11687222912"
    },
    {
      "type": "Feature",
      "properties": {
        "@id": "node/11687227893",
        "amenity": "restaurant",
        "check_date": "2024-03-03",
        "name": "NR Dhaba Restaurant"
      },
      "geometry": {
        "type": "Point",
        "coordinates": [
          80.5142516,
          16.3745417
        ]
      },
      "id": "node/11687227893"
    },
    {
      "type": "Feature",
      "properties": {
        "@id": "node/11687227896",
        "amenity": "restaurant",
        "check_date": "2024-03-03",
        "name": "Amalobhavi"
      },
      "geometry": {
        "type": "Point",
        "coordinates": [
          80.5217766,
          16.3775318
        ]
      },
      "id": "node/11687227896"
    },
    {
      "type": "Feature",
      "properties": {
        "@id": "node/11687227899",
        "amenity": "restaurant",
        "check_date": "2024-03-03",
        "name": "Celebrations Restaurant"
      },
      "geometry": {
        "type": "Point",
        "coordinates": [
          80.5258875,
          16.3802425
        ]
      },
      "id": "node/11687227899"
    },
    {
      "type": "Feature",
      "properties": {
        "@id": "node/11687250229",
        "amenity": "restaurant",
        "check_date": "2024-03-03",
        "name": "Hotel Surya"
      },
      "geometry": {
        "type": "Point",
        "coordinates": [
          80.5591145,
          16.411488
        ]
      },
      "id": "node/11687250229"
    },
    {
      "type": "Feature",
      "properties": {
        "@id": "node/11687250235",
        "amenity": "restaurant",
        "check_date": "2024-03-03",
        "name": "Baba Ram Dev Dhaba"
      },
      "geometry": {
        "type": "Point",
        "coordinates": [
          80.5757789,
          16.4240617
        ]
      },
      "id": "node/11687250235"
    },
    {
      "type": "Feature",
      "properties": {
        "@id": "node/11688050175",
        "amenity": "restaurant",
        "name": "Eaters Stop Restaurant 4th Town"
      },
      "geometry": {
        "type": "Point",
        "coordinates": [
          83.3041844,
          17.7387366
        ]
      },
      "id": "node/11688050175"
    },
    {
      "type": "Feature",
      "properties": {
        "@id": "node/11688050193",
        "amenity": "restaurant",
        "name": "Coffee And Kitchen"
      },
      "geometry": {
        "type": "Point",
        "coordinates": [
          83.3060877,
          17.7417274
        ]
      },
      "id": "node/11688050193"
    },
    {
      "type": "Feature",
      "properties": {
        "@id": "node/11688050194",
        "amenity": "restaurant",
        "name": "Abhiruchi Tiffin Center"
      },
      "geometry": {
        "type": "Point",
        "coordinates": [
          83.3058933,
          17.7417089
        ]
      },
      "id": "node/11688050194"
    },
    {
      "type": "Feature",
      "properties": {
        "@id": "node/11688050195",
        "amenity": "restaurant",
        "name": "Nanak Bakery"
      },
      "geometry": {
        "type": "Point",
        "coordinates": [
          83.3080835,
          17.7371438
        ]
      },
      "id": "node/11688050195"
    },
    {
      "type": "Feature",
      "properties": {
        "@id": "node/11690446170",
        "amenity": "restaurant",
        "name": "B'treats"
      },
      "geometry": {
        "type": "Point",
        "coordinates": [
          83.3071621,
          17.7422461
        ]
      },
      "id": "node/11690446170"
    },
    {
      "type": "Feature",
      "properties": {
        "@id": "node/11690446183",
        "amenity": "restaurant",
        "name": "New Deepak Punjabi Dhaba"
      },
      "geometry": {
        "type": "Point",
        "coordinates": [
          83.3045788,
          17.7357544
        ]
      },
      "id": "node/11690446183"
    },
    {
      "type": "Feature",
      "properties": {
        "@id": "node/11690446205",
        "amenity": "restaurant",
        "name": "Real Deepak Punjab Dhaba"
      },
      "geometry": {
        "type": "Point",
        "coordinates": [
          83.3099326,
          17.7378816
        ]
      },
      "id": "node/11690446205"
    },
    {
      "type": "Feature",
      "properties": {
        "@id": "node/11690449428",
        "amenity": "restaurant",
        "name": "The Shawarma Co"
      },
      "geometry": {
        "type": "Point",
        "coordinates": [
          83.2997632,
          17.7400837
        ]
      },
      "id": "node/11690449428"
    },
    {
      "type": "Feature",
      "properties": {
        "@id": "node/11690643053",
        "amenity": "restaurant",
        "name": "paradise biryani"
      },
      "geometry": {
        "type": "Point",
        "coordinates": [
          83.880834,
          18.3894036
        ]
      },
      "id": "node/11690643053"
    },
    {
      "type": "Feature",
      "properties": {
        "@id": "node/11690650919",
        "amenity": "restaurant",
        "name": "Moonlight Dhaba"
      },
      "geometry": {
        "type": "Point",
        "coordinates": [
          82.9961301,
          17.7248242
        ]
      },
      "id": "node/11690650919"
    },
    {
      "type": "Feature",
      "properties": {
        "@id": "node/11690663684",
        "amenity": "restaurant",
        "cuisine": "pizza"
      },
      "geometry": {
        "type": "Point",
        "coordinates": [
          83.8798295,
          18.3872968
        ]
      },
      "id": "node/11690663684"
    },
    {
      "type": "Feature",
      "properties": {
        "@id": "node/11690663692",
        "amenity": "restaurant",
        "cuisine": "steak_house"
      },
      "geometry": {
        "type": "Point",
        "coordinates": [
          83.8817374,
          18.3884451
        ]
      },
      "id": "node/11690663692"
    },
    {
      "type": "Feature",
      "properties": {
        "@id": "node/11691066697",
        "amenity": "restaurant"
      },
      "geometry": {
        "type": "Point",
        "coordinates": [
          80.0247383,
          15.2612666
        ]
      },
      "id": "node/11691066697"
    },
    {
      "type": "Feature",
      "properties": {
        "@id": "node/11691305480",
        "addr:city": "Vijayawada",
        "addr:district": "Krishna",
        "amenity": "restaurant",
        "check_date": "2025-07-11",
        "cuisine": "indian",
        "diet:local": "yes",
        "name": "Sri Venkateswara Mess"
      },
      "geometry": {
        "type": "Point",
        "coordinates": [
          80.6925464,
          16.5203619
        ]
      },
      "id": "node/11691305480"
    },
    {
      "type": "Feature",
      "properties": {
        "@id": "node/11691341904",
        "addr:city": "vijayawada",
        "addr:district": "Krishna",
        "amenity": "restaurant",
        "check_date": "2025-07-11",
        "name": "Zaatar Arabian Mandi"
      },
      "geometry": {
        "type": "Point",
        "coordinates": [
          80.6940828,
          16.5200294
        ]
      },
      "id": "node/11691341904"
    },
    {
      "type": "Feature",
      "properties": {
        "@id": "node/11694051855",
        "amenity": "restaurant",
        "check_date": "2024-03-05",
        "name": "N16 Food Court"
      },
      "geometry": {
        "type": "Point",
        "coordinates": [
          80.0705766,
          15.8881739
        ]
      },
      "id": "node/11694051855"
    },
    {
      "type": "Feature",
      "properties": {
        "@id": "node/11694143029",
        "amenity": "restaurant",
        "check_date": "2024-03-05",
        "name": "RK Meals & Fast Food"
      },
      "geometry": {
        "type": "Point",
        "coordinates": [
          80.1651702,
          16.094554
        ]
      },
      "id": "node/11694143029"
    },
    {
      "type": "Feature",
      "properties": {
        "@id": "node/11694143030",
        "amenity": "restaurant",
        "check_date": "2024-03-05",
        "name": "Sri Surya Family Restaurant"
      },
      "geometry": {
        "type": "Point",
        "coordinates": [
          80.1652028,
          16.0947034
        ]
      },
      "id": "node/11694143030"
    },
    {
      "type": "Feature",
      "properties": {
        "@id": "node/11694143031",
        "amenity": "restaurant",
        "check_date": "2024-03-05",
        "mobile": "+919848345335",
        "name": "Hotel Gowri Shankar"
      },
      "geometry": {
        "type": "Point",
        "coordinates": [
          80.1652804,
          16.0948115
        ]
      },
      "id": "node/11694143031"
    },
    {
      "type": "Feature",
      "properties": {
        "@id": "node/11696444314",
        "amenity": "restaurant",
        "check_date": "2024-03-05",
        "name": "Hotel Subhani"
      },
      "geometry": {
        "type": "Point",
        "coordinates": [
          80.4148739,
          16.2939001
        ]
      },
      "id": "node/11696444314"
    },
    {
      "type": "Feature",
      "properties": {
        "@id": "node/11696444315",
        "amenity": "restaurant",
        "check_date": "2024-03-05",
        "name": "Taj Hotel"
      },
      "geometry": {
        "type": "Point",
        "coordinates": [
          80.4074222,
          16.2949792
        ]
      },
      "id": "node/11696444315"
    },
    {
      "type": "Feature",
      "properties": {
        "@id": "node/11697416887",
        "amenity": "restaurant",
        "check_date": "2024-06-19",
        "name": "Food In"
      },
      "geometry": {
        "type": "Point",
        "coordinates": [
          80.6381994,
          16.5190827
        ]
      },
      "id": "node/11697416887"
    },
    {
      "type": "Feature",
      "properties": {
        "@id": "node/11703280591",
        "amenity": "restaurant",
        "check_date": "2024-03-08",
        "name": "Red Velvet"
      },
      "geometry": {
        "type": "Point",
        "coordinates": [
          83.247286,
          17.740738
        ]
      },
      "id": "node/11703280591"
    },
    {
      "type": "Feature",
      "properties": {
        "@id": "node/11707300820",
        "air_conditioning": "no",
        "amenity": "restaurant",
        "bar": "no",
        "check_date": "2024-08-11",
        "cuisine": "indian",
        "diet:vegetarian": "yes",
        "internet_access": "no",
        "name": "Sri Vijaya Food Court",
        "opening_hours": "07:00-21:00",
        "payment:cards": "no",
        "payment:cash": "yes",
        "payment:credit_cards": "no",
        "payment:debit_cards": "no",
        "payment:upi": "yes",
        "wheelchair": "limited"
      },
      "geometry": {
        "type": "Point",
        "coordinates": [
          83.4085572,
          18.0614368
        ]
      },
      "id": "node/11707300820"
    },
    {
      "type": "Feature",
      "properties": {
        "@id": "node/11710999284",
        "amenity": "restaurant",
        "check_date": "2024-03-10",
        "name": "Sri Akshara Family Restaurant"
      },
      "geometry": {
        "type": "Point",
        "coordinates": [
          83.4387856,
          18.1459343
        ]
      },
      "id": "node/11710999284"
    },
    {
      "type": "Feature",
      "properties": {
        "@id": "node/11710999285",
        "amenity": "restaurant",
        "check_date": "2024-03-10",
        "name": "Gowrav Family Restaurant & Dhaba"
      },
      "geometry": {
        "type": "Point",
        "coordinates": [
          83.432717,
          18.138252
        ]
      },
      "id": "node/11710999285"
    },
    {
      "type": "Feature",
      "properties": {
        "@id": "node/11710999303",
        "amenity": "restaurant",
        "check_date": "2024-03-10",
        "name": "Meet & Eat"
      },
      "geometry": {
        "type": "Point",
        "coordinates": [
          83.4016234,
          18.1082088
        ]
      },
      "id": "node/11710999303"
    },
    {
      "type": "Feature",
      "properties": {
        "@id": "node/11718448160",
        "amenity": "restaurant",
        "name": "bucket biriyani"
      },
      "geometry": {
        "type": "Point",
        "coordinates": [
          83.3114725,
          17.727333
        ]
      },
      "id": "node/11718448160"
    },
    {
      "type": "Feature",
      "properties": {
        "@id": "node/11718730890",
        "amenity": "restaurant",
        "name": "Tycoon"
      },
      "geometry": {
        "type": "Point",
        "coordinates": [
          83.317058,
          17.7254922
        ]
      },
      "id": "node/11718730890"
    },
    {
      "type": "Feature",
      "properties": {
        "@id": "node/11720578054",
        "amenity": "restaurant",
        "name": "Red pepper"
      },
      "geometry": {
        "type": "Point",
        "coordinates": [
          83.3130516,
          17.7348593
        ]
      },
      "id": "node/11720578054"
    },
    {
      "type": "Feature",
      "properties": {
        "@id": "node/11729931171",
        "amenity": "restaurant",
        "cuisine": "indian",
        "diet:chicken": "yes",
        "diet:non-vegetarian": "yes",
        "diet:seafood": "yes",
        "name": "Murali Restaurant",
        "opening_hours": "08:00-22:00"
      },
      "geometry": {
        "type": "Point",
        "coordinates": [
          78.4849609,
          15.4688376
        ]
      },
      "id": "node/11729931171"
    },
    {
      "type": "Feature",
      "properties": {
        "@id": "node/11734791038",
        "amenity": "restaurant",
        "check_date": "2024-03-15",
        "name": "Savitramma Tiffins",
        "name:te": "సవిత్రమ్మ టిఫ్ఫిన్"
      },
      "geometry": {
        "type": "Point",
        "coordinates": [
          83.4124719,
          18.1160244
        ]
      },
      "id": "node/11734791038"
    },
    {
      "type": "Feature",
      "properties": {
        "@id": "node/11738750017",
        "amenity": "restaurant",
        "check_date": "2024-03-16",
        "name": "Mandi Croods"
      },
      "geometry": {
        "type": "Point",
        "coordinates": [
          83.4128727,
          18.1123293
        ]
      },
      "id": "node/11738750017"
    },
    {
      "type": "Feature",
      "properties": {
        "@id": "node/11738870962",
        "amenity": "restaurant",
        "check_date": "2024-03-17",
        "name": "Madhura"
      },
      "geometry": {
        "type": "Point",
        "coordinates": [
          83.41704,
          17.9195292
        ]
      },
      "id": "node/11738870962"
    },
    {
      "type": "Feature",
      "properties": {
        "@id": "node/11738937673",
        "amenity": "restaurant",
        "check_date": "2024-03-17",
        "name": "Kamat"
      },
      "geometry": {
        "type": "Point",
        "coordinates": [
          83.3770966,
          17.8834107
        ]
      },
      "id": "node/11738937673"
    },
    {
      "type": "Feature",
      "properties": {
        "@id": "node/11738937674",
        "amenity": "restaurant",
        "check_date": "2024-03-17",
        "name": "Food Plaza"
      },
      "geometry": {
        "type": "Point",
        "coordinates": [
          83.3763233,
          17.8819073
        ]
      },
      "id": "node/11738937674"
    },
    {
      "type": "Feature",
      "properties": {
        "@id": "node/11738939277",
        "amenity": "restaurant",
        "check_date": "2024-03-17",
        "name": "Zeeshan"
      },
      "geometry": {
        "type": "Point",
        "coordinates": [
          83.3528357,
          17.8043638
        ]
      },
      "id": "node/11738939277"
    },
    {
      "type": "Feature",
      "properties": {
        "@id": "node/11738939278",
        "amenity": "restaurant",
        "check_date": "2024-03-17",
        "name": "Element E7 Restrobar"
      },
      "geometry": {
        "type": "Point",
        "coordinates": [
          83.3530204,
          17.8045659
        ]
      },
      "id": "node/11738939278"
    },
    {
      "type": "Feature",
      "properties": {
        "@id": "node/11738939280",
        "amenity": "restaurant",
        "brand": "Pizza Hut",
        "brand:wikidata": "Q191615",
        "check_date": "2024-03-17",
        "cuisine": "pizza",
        "name": "Pizza Hut"
      },
      "geometry": {
        "type": "Point",
        "coordinates": [
          83.3536058,
          17.8025089
        ]
      },
      "id": "node/11738939280"
    },
    {
      "type": "Feature",
      "properties": {
        "@id": "node/11740544055",
        "amenity": "restaurant",
        "check_date": "2024-03-17",
        "name": "Somaa"
      },
      "geometry": {
        "type": "Point",
        "coordinates": [
          83.3542709,
          17.7782046
        ]
      },
      "id": "node/11740544055"
    },
    {
      "type": "Feature",
      "properties": {
        "@id": "node/11740567975",
        "amenity": "restaurant",
        "check_date": "2024-03-17",
        "name": "Hotel Muntaj"
      },
      "geometry": {
        "type": "Point",
        "coordinates": [
          83.3277855,
          17.744045
        ]
      },
      "id": "node/11740567975"
    },
    {
      "type": "Feature",
      "properties": {
        "@id": "node/11740884424",
        "amenity": "restaurant",
        "check_date": "2024-03-18",
        "name": "Kritunga"
      },
      "geometry": {
        "type": "Point",
        "coordinates": [
          83.3534138,
          17.8020126
        ]
      },
      "id": "node/11740884424"
    },
    {
      "type": "Feature",
      "properties": {
        "@id": "node/11741089429",
        "amenity": "restaurant",
        "check_date": "2024-03-18",
        "name": "Hotel Sitara Grand"
      },
      "geometry": {
        "type": "Point",
        "coordinates": [
          83.2384029,
          17.7712985
        ]
      },
      "id": "node/11741089429"
    },
    {
      "type": "Feature",
      "properties": {
        "@id": "node/11747192051",
        "amenity": "restaurant",
        "check_date": "2024-03-20",
        "name": "Dhaba"
      },
      "geometry": {
        "type": "Point",
        "coordinates": [
          83.226023,
          17.9743413
        ]
      },
      "id": "node/11747192051"
    },
    {
      "type": "Feature",
      "properties": {
        "@id": "node/11747192054",
        "amenity": "restaurant",
        "check_date": "2024-03-20",
        "name": "Sajahan Tiffin Center"
      },
      "geometry": {
        "type": "Point",
        "coordinates": [
          83.2404694,
          17.9928678
        ]
      },
      "id": "node/11747192054"
    },
    {
      "type": "Feature",
      "properties": {
        "@id": "node/11748074291",
        "amenity": "restaurant",
        "check_date": "2024-03-20",
        "name": "Salt & Pepper"
      },
      "geometry": {
        "type": "Point",
        "coordinates": [
          83.4002374,
          18.0527238
        ]
      },
      "id": "node/11748074291"
    },
    {
      "type": "Feature",
      "properties": {
        "@id": "node/11748292670",
        "amenity": "restaurant",
        "check_date": "2024-03-20",
        "name": "Star Annapurna"
      },
      "geometry": {
        "type": "Point",
        "coordinates": [
          83.1888914,
          17.9004135
        ]
      },
      "id": "node/11748292670"
    },
    {
      "type": "Feature",
      "properties": {
        "@id": "node/11766187288",
        "amenity": "restaurant",
        "name": "restorant"
      },
      "geometry": {
        "type": "Point",
        "coordinates": [
          80.5873577,
          16.5346049
        ]
      },
      "id": "node/11766187288"
    },
    {
      "type": "Feature",
      "properties": {
        "@id": "node/11770958150",
        "amenity": "restaurant",
        "check_date": "2024-03-24",
        "name": "Aswini Family Restaurant"
      },
      "geometry": {
        "type": "Point",
        "coordinates": [
          83.4260816,
          17.9633495
        ]
      },
      "id": "node/11770958150"
    },
    {
      "type": "Feature",
      "properties": {
        "@id": "node/11778362318",
        "amenity": "restaurant",
        "check_date": "2025-07-24",
        "diet:vegetarian": "yes",
        "name": "Delight Dhaba"
      },
      "geometry": {
        "type": "Point",
        "coordinates": [
          80.5757165,
          16.4520606
        ]
      },
      "id": "node/11778362318"
    },
    {
      "type": "Feature",
      "properties": {
        "@id": "node/11779384494",
        "amenity": "restaurant",
        "check_date": "2024-04-02",
        "name": "Hotel K"
      },
      "geometry": {
        "type": "Point",
        "coordinates": [
          80.94912,
          16.3375535
        ]
      },
      "id": "node/11779384494"
    },
    {
      "type": "Feature",
      "properties": {
        "@id": "node/11787328825",
        "amenity": "restaurant",
        "name": "7 Spices"
      },
      "geometry": {
        "type": "Point",
        "coordinates": [
          81.6367288,
          16.537099
        ]
      },
      "id": "node/11787328825"
    },
    {
      "type": "Feature",
      "properties": {
        "@id": "node/11788394261",
        "amenity": "restaurant",
        "check_date": "2024-04-03",
        "name": "Hello  Idly"
      },
      "geometry": {
        "type": "Point",
        "coordinates": [
          81.4977354,
          16.5418603
        ]
      },
      "id": "node/11788394261"
    },
    {
      "type": "Feature",
      "properties": {
        "@id": "node/11793760572",
        "amenity": "restaurant",
        "name": "Grand Alpha"
      },
      "geometry": {
        "type": "Point",
        "coordinates": [
          83.2312221,
          17.7434774
        ]
      },
      "id": "node/11793760572"
    },
    {
      "type": "Feature",
      "properties": {
        "@id": "node/11800229810",
        "amenity": "restaurant",
        "name": "Sri Sai Ram Parlour"
      },
      "geometry": {
        "type": "Point",
        "coordinates": [
          83.3059027,
          17.7254689
        ]
      },
      "id": "node/11800229810"
    },
    {
      "type": "Feature",
      "properties": {
        "@id": "node/11816052001",
        "amenity": "restaurant",
        "name": "Dine Destiny"
      },
      "geometry": {
        "type": "Point",
        "coordinates": [
          83.3391847,
          17.7277209
        ]
      },
      "id": "node/11816052001"
    },
    {
      "type": "Feature",
      "properties": {
        "@id": "node/11816052019",
        "amenity": "restaurant",
        "name": "Gismat Mandi"
      },
      "geometry": {
        "type": "Point",
        "coordinates": [
          83.3406169,
          17.7337883
        ]
      },
      "id": "node/11816052019"
    },
    {
      "type": "Feature",
      "properties": {
        "@id": "node/11816060089",
        "amenity": "restaurant",
        "name": "Imperial Spice"
      },
      "geometry": {
        "type": "Point",
        "coordinates": [
          83.3442904,
          17.7433579
        ]
      },
      "id": "node/11816060089"
    },
    {
      "type": "Feature",
      "properties": {
        "@id": "node/11851269522",
        "amenity": "restaurant",
        "name": "Mandi Restaurant"
      },
      "geometry": {
        "type": "Point",
        "coordinates": [
          83.2381724,
          17.742226
        ]
      },
      "id": "node/11851269522"
    },
    {
      "type": "Feature",
      "properties": {
        "@id": "node/11874836868",
        "amenity": "restaurant",
        "brand": "Pizza Hut",
        "brand:wikidata": "Q191615",
        "check_date": "2024-05-02",
        "cuisine": "pizza",
        "name": "Pizza Hut"
      },
      "geometry": {
        "type": "Point",
        "coordinates": [
          83.3185057,
          17.7342188
        ]
      },
      "id": "node/11874836868"
    },
    {
      "type": "Feature",
      "properties": {
        "@id": "node/11885322574",
        "amenity": "restaurant",
        "check_date": "2024-05-07",
        "name": "Eco Food Park"
      },
      "geometry": {
        "type": "Point",
        "coordinates": [
          81.3818201,
          16.9284897
        ]
      },
      "id": "node/11885322574"
    },
    {
      "type": "Feature",
      "properties": {
        "@id": "node/11885359744",
        "amenity": "restaurant",
        "check_date": "2024-05-07",
        "name": "Anjana Grand"
      },
      "geometry": {
        "type": "Point",
        "coordinates": [
          81.5144055,
          17.0062539
        ]
      },
      "id": "node/11885359744"
    },
    {
      "type": "Feature",
      "properties": {
        "@id": "node/11885377674",
        "amenity": "restaurant",
        "check_date": "2024-05-07",
        "name": "Panchatantra"
      },
      "geometry": {
        "type": "Point",
        "coordinates": [
          81.4894541,
          16.9917917
        ]
      },
      "id": "node/11885377674"
    },
    {
      "type": "Feature",
      "properties": {
        "@id": "node/11891802872",
        "amenity": "restaurant",
        "check_date": "2024-05-08"
      },
      "geometry": {
        "type": "Point",
        "coordinates": [
          82.0192713,
          17.4745992
        ]
      },
      "id": "node/11891802872"
    },
    {
      "type": "Feature",
      "properties": {
        "@id": "node/11891802873",
        "amenity": "restaurant",
        "check_date": "2024-05-08",
        "name": "Daawat"
      },
      "geometry": {
        "type": "Point",
        "coordinates": [
          82.0211604,
          17.474338
        ]
      },
      "id": "node/11891802873"
    },
    {
      "type": "Feature",
      "properties": {
        "@id": "node/11892733971",
        "amenity": "restaurant",
        "check_date": "2024-05-09",
        "name": "Hotel RR Grand"
      },
      "geometry": {
        "type": "Point",
        "coordinates": [
          80.6195981,
          17.0902592
        ]
      },
      "id": "node/11892733971"
    },
    {
      "type": "Feature",
      "properties": {
        "@id": "node/11963680844",
        "amenity": "restaurant",
        "check_date": "2024-06-08",
        "name": "Parameshwaram Paradise"
      },
      "geometry": {
        "type": "Point",
        "coordinates": [
          83.5032968,
          18.0343501
        ]
      },
      "id": "node/11963680844"
    },
    {
      "type": "Feature",
      "properties": {
        "@id": "node/11963734655",
        "amenity": "restaurant",
        "check_date": "2024-06-08",
        "name": "Hosanna Tea Time"
      },
      "geometry": {
        "type": "Point",
        "coordinates": [
          82.8396601,
          17.5483809
        ]
      },
      "id": "node/11963734655"
    },
    {
      "type": "Feature",
      "properties": {
        "@id": "node/11964518454",
        "amenity": "restaurant",
        "check_date": "2024-06-08",
        "name": "Vintage Spices"
      },
      "geometry": {
        "type": "Point",
        "coordinates": [
          83.3533741,
          17.8026924
        ]
      },
      "id": "node/11964518454"
    },
    {
      "type": "Feature",
      "properties": {
        "@id": "node/11974286353",
        "amenity": "restaurant",
        "check_date": "2024-06-12",
        "name": "Punnami Family Restaurant"
      },
      "geometry": {
        "type": "Point",
        "coordinates": [
          81.0930323,
          16.7096907
        ]
      },
      "id": "node/11974286353"
    },
    {
      "type": "Feature",
      "properties": {
        "@id": "node/11974799396",
        "amenity": "restaurant"
      },
      "geometry": {
        "type": "Point",
        "coordinates": [
          80.6444915,
          16.5050636
        ]
      },
      "id": "node/11974799396"
    },
    {
      "type": "Feature",
      "properties": {
        "@id": "node/11978891524",
        "amenity": "restaurant",
        "check_date": "2024-06-18",
        "name": "Falooda and Ice creams"
      },
      "geometry": {
        "type": "Point",
        "coordinates": [
          80.6377165,
          16.5212835
        ]
      },
      "id": "node/11978891524"
    },
    {
      "type": "Feature",
      "properties": {
        "@id": "node/11980463658",
        "amenity": "restaurant",
        "check_date": "2024-06-18",
        "name": "Panthulugari Idly Hotel"
      },
      "geometry": {
        "type": "Point",
        "coordinates": [
          80.6378875,
          16.5226033
        ]
      },
      "id": "node/11980463658"
    },
    {
      "type": "Feature",
      "properties": {
        "@id": "node/11980488208",
        "amenity": "restaurant",
        "check_date": "2024-06-18",
        "name": "Chill out ice cream and pizza"
      },
      "geometry": {
        "type": "Point",
        "coordinates": [
          80.6381012,
          16.5231138
        ]
      },
      "id": "node/11980488208"
    },
    {
      "type": "Feature",
      "properties": {
        "@id": "node/11980498798",
        "addr:city": "AVANIGADDA",
        "addr:district": "Krishna",
        "addr:postcode": "521121",
        "addr:street": "Koduru Road",
        "amenity": "restaurant",
        "cuisine": "regional;chicken;fish",
        "name": "SRI SRINIVASA A/C REASTUARANT"
      },
      "geometry": {
        "type": "Point",
        "coordinates": [
          80.9171059,
          16.0263381
        ]
      },
      "id": "node/11980498798"
    },
    {
      "type": "Feature",
      "properties": {
        "@id": "node/11982168151",
        "amenity": "restaurant",
        "brand": "Restaurante Popular",
        "check_date": "2024-06-15",
        "name": "Vindhu Restaurant"
      },
      "geometry": {
        "type": "Point",
        "coordinates": [
          81.8375519,
          16.7547784
        ]
      },
      "id": "node/11982168151"
    },
    {
      "type": "Feature",
      "properties": {
        "@id": "node/11982836346",
        "amenity": "restaurant",
        "check_date": "2024-06-15",
        "name": "Taj"
      },
      "geometry": {
        "type": "Point",
        "coordinates": [
          78.163965,
          14.1010753
        ]
      },
      "id": "node/11982836346"
    },
    {
      "type": "Feature",
      "properties": {
        "@id": "node/11982982903",
        "amenity": "restaurant",
        "check_date": "2024-06-15"
      },
      "geometry": {
        "type": "Point",
        "coordinates": [
          78.056085,
          15.7754396
        ]
      },
      "id": "node/11982982903"
    },
    {
      "type": "Feature",
      "properties": {
        "@id": "node/11983467066",
        "amenity": "restaurant",
        "check_date": "2024-06-15"
      },
      "geometry": {
        "type": "Point",
        "coordinates": [
          78.038406,
          15.8123795
        ]
      },
      "id": "node/11983467066"
    },
    {
      "type": "Feature",
      "properties": {
        "@id": "node/11992504362",
        "amenity": "restaurant",
        "check_date": "2024-06-19",
        "cuisine": "pizza",
        "name": "Eagles pizza"
      },
      "geometry": {
        "type": "Point",
        "coordinates": [
          80.6379628,
          16.5212793
        ]
      },
      "id": "node/11992504362"
    },
    {
      "type": "Feature",
      "properties": {
        "@id": "node/11998123414",
        "amenity": "restaurant",
        "check_date": "2024-06-21",
        "name": "Abhiruchi Restaurant"
      },
      "geometry": {
        "type": "Point",
        "coordinates": [
          78.1635651,
          14.1006225
        ]
      },
      "id": "node/11998123414"
    },
    {
      "type": "Feature",
      "properties": {
        "@id": "node/11998456988",
        "amenity": "restaurant",
        "check_date": "2024-06-21",
        "name": "Victory Garden"
      },
      "geometry": {
        "type": "Point",
        "coordinates": [
          81.8412419,
          16.761705
        ]
      },
      "id": "node/11998456988"
    },
    {
      "type": "Feature",
      "properties": {
        "@id": "node/11998496225",
        "amenity": "restaurant",
        "check_date": "2024-06-21",
        "name": "S R F C Fried Chicken"
      },
      "geometry": {
        "type": "Point",
        "coordinates": [
          81.8403762,
          16.7629434
        ]
      },
      "id": "node/11998496225"
    },
    {
      "type": "Feature",
      "properties": {
        "@id": "node/11998496226",
        "amenity": "restaurant",
        "check_date": "2024-06-21",
        "name": "Reddy Biryani"
      },
      "geometry": {
        "type": "Point",
        "coordinates": [
          81.8442608,
          16.7627858
        ]
      },
      "id": "node/11998496226"
    },
    {
      "type": "Feature",
      "properties": {
        "@id": "node/11998928697",
        "amenity": "restaurant",
        "check_date": "2025-07-11",
        "name": "Kings Cuisine"
      },
      "geometry": {
        "type": "Point",
        "coordinates": [
          80.6454637,
          16.5020699
        ]
      },
      "id": "node/11998928697"
    },
    {
      "type": "Feature",
      "properties": {
        "@id": "node/11998980363",
        "amenity": "restaurant",
        "check_date": "2024-06-21",
        "name": "Amrutha Kitchen"
      },
      "geometry": {
        "type": "Point",
        "coordinates": [
          80.6425499,
          16.5013732
        ]
      },
      "id": "node/11998980363"
    },
    {
      "type": "Feature",
      "properties": {
        "@id": "node/12000070543",
        "amenity": "restaurant",
        "check_date": "2024-06-22",
        "name": "Madhuri Restaurant"
      },
      "geometry": {
        "type": "Point",
        "coordinates": [
          78.163295,
          14.1008117
        ]
      },
      "id": "node/12000070543"
    },
    {
      "type": "Feature",
      "properties": {
        "@id": "node/12000070544",
        "amenity": "restaurant",
        "check_date": "2024-06-22",
        "internet_access": "wlan",
        "internet_access:fee": "customers",
        "name": "Arabeiq Restaurant",
        "payment:cash": "yes",
        "payment:credit_cards": "yes",
        "payment:debit_cards": "yes"
      },
      "geometry": {
        "type": "Point",
        "coordinates": [
          78.1633366,
          14.1008007
        ]
      },
      "id": "node/12000070544"
    },
    {
      "type": "Feature",
      "properties": {
        "@id": "node/12000070545",
        "amenity": "restaurant",
        "check_date": "2024-06-22",
        "name": "SSS Restaurant"
      },
      "geometry": {
        "type": "Point",
        "coordinates": [
          78.1632273,
          14.1007407
        ]
      },
      "id": "node/12000070545"
    },
    {
      "type": "Feature",
      "properties": {
        "@id": "node/12001851673",
        "amenity": "restaurant",
        "check_date": "2024-06-23",
        "name": "Lakshmi Madhavi Hotel"
      },
      "geometry": {
        "type": "Point",
        "coordinates": [
          80.4326355,
          16.2712665
        ]
      },
      "id": "node/12001851673"
    },
    {
      "type": "Feature",
      "properties": {
        "@id": "node/12001964899",
        "amenity": "restaurant",
        "check_date": "2024-06-23",
        "name": "Subhani Hotel"
      },
      "geometry": {
        "type": "Point",
        "coordinates": [
          80.4320182,
          16.2919843
        ]
      },
      "id": "node/12001964899"
    },
    {
      "type": "Feature",
      "properties": {
        "@id": "node/12001964901",
        "amenity": "restaurant",
        "check_date": "2024-06-23",
        "name": "SSS Tiffin Center"
      },
      "geometry": {
        "type": "Point",
        "coordinates": [
          80.4317658,
          16.2919695
        ]
      },
      "id": "node/12001964901"
    },
    {
      "type": "Feature",
      "properties": {
        "@id": "node/12001964908",
        "amenity": "restaurant",
        "check_date": "2024-06-23",
        "name": "Zamindar Dhaba"
      },
      "geometry": {
        "type": "Point",
        "coordinates": [
          80.3948009,
          16.2801968
        ]
      },
      "id": "node/12001964908"
    },
    {
      "type": "Feature",
      "properties": {
        "@id": "node/12024802905",
        "amenity": "restaurant",
        "name": "Cool and spicy"
      },
      "geometry": {
        "type": "Point",
        "coordinates": [
          79.9923851,
          14.9087719
        ]
      },
      "id": "node/12024802905"
    },
    {
      "type": "Feature",
      "properties": {
        "@id": "node/12027549432",
        "amenity": "restaurant",
        "name": "C Square Banquet hall"
      },
      "geometry": {
        "type": "Point",
        "coordinates": [
          80.721636,
          16.4705054
        ]
      },
      "id": "node/12027549432"
    },
    {
      "type": "Feature",
      "properties": {
        "@id": "node/12042137802",
        "amenity": "restaurant",
        "check_date": "2024-06-26",
        "name": "Mandicroods"
      },
      "geometry": {
        "type": "Point",
        "coordinates": [
          80.6623065,
          16.5048445
        ]
      },
      "id": "node/12042137802"
    },
    {
      "type": "Feature",
      "properties": {
        "@id": "node/12042137804",
        "amenity": "restaurant",
        "check_date": "2024-07-08",
        "name": "Honey Biryani"
      },
      "geometry": {
        "type": "Point",
        "coordinates": [
          80.6376229,
          16.5081406
        ]
      },
      "id": "node/12042137804"
    },
    {
      "type": "Feature",
      "properties": {
        "@id": "node/12045814669",
        "addr:housenumber": "7/18",
        "addr:street": "Park Street",
        "amenity": "restaurant",
        "name": "UTTI's Kitchen"
      },
      "geometry": {
        "type": "Point",
        "coordinates": [
          78.801813,
          14.5657204
        ]
      },
      "id": "node/12045814669"
    },
    {
      "type": "Feature",
      "properties": {
        "@id": "node/12047093411",
        "addr:city": "Kakinada",
        "addr:district": "Kakinada",
        "amenity": "restaurant",
        "cuisine": "dessert;regional",
        "diet:vegetarian": "yes",
        "name": "Sri Lakshmi Ganapati Sweets"
      },
      "geometry": {
        "type": "Point",
        "coordinates": [
          82.2156048,
          16.9621606
        ]
      },
      "id": "node/12047093411"
    },
    {
      "type": "Feature",
      "properties": {
        "@id": "node/12066035952",
        "amenity": "restaurant",
        "cuisine": "indian",
        "name": "Hotel Hindustan Grand",
        "name:te": "హోటల్ హిందూస్తాన్ గ్రాండ్",
        "opening_hours": "Mo-Su 11:00-23:30",
        "phone": "+918518243789"
      },
      "geometry": {
        "type": "Point",
        "coordinates": [
          78.0489973,
          15.831994
        ]
      },
      "id": "node/12066035952"
    },
    {
      "type": "Feature",
      "properties": {
        "@id": "node/12102657652",
        "amenity": "restaurant",
        "check_date": "2024-07-28",
        "name": "Hotel Alfa"
      },
      "geometry": {
        "type": "Point",
        "coordinates": [
          80.4559221,
          16.297325
        ]
      },
      "id": "node/12102657652"
    },
    {
      "type": "Feature",
      "properties": {
        "@id": "node/12102657654",
        "amenity": "restaurant",
        "check_date": "2024-07-28",
        "name": "Rone Punjabi Dhaba Restaurant"
      },
      "geometry": {
        "type": "Point",
        "coordinates": [
          80.4695064,
          16.3160624
        ]
      },
      "id": "node/12102657654"
    },
    {
      "type": "Feature",
      "properties": {
        "@id": "node/12104199802",
        "addr:city": "Vizianagaram",
        "addr:district": "Vizianagaram",
        "addr:postcode": "535005",
        "addr:street": "ayinada",
        "amenity": "restaurant",
        "check_date": "2024-08-11",
        "cuisine": "regional",
        "diet:non-vegetarian": "yes",
        "diet:vegetarian": "yes",
        "name": "The Royal Biryani House",
        "operator": "Owner",
        "phone": "+91 94912 66644"
      },
      "geometry": {
        "type": "Point",
        "coordinates": [
          83.4050408,
          18.0473271
        ]
      },
      "id": "node/12104199802"
    },
    {
      "type": "Feature",
      "properties": {
        "@id": "node/12104314148",
        "addr:city": "Visakhapatnam (Outskirts)",
        "addr:district": "Visakhapatnam (Urban)",
        "addr:postcode": "530040",
        "addr:street": "between Adarsh Nagar 4th- Adarsh Nagar 45th Street",
        "amenity": "restaurant",
        "cuisine": "curries",
        "diet:non-vegetarian": "yes",
        "diet:vegetarian": "yes",
        "name": "Curry Point",
        "opening_hours": "Mo-Su 11:00-23:00"
      },
      "geometry": {
        "type": "Point",
        "coordinates": [
          83.3308384,
          17.763326
        ]
      },
      "id": "node/12104314148"
    },
    {
      "type": "Feature",
      "properties": {
        "@id": "node/12104365498",
        "amenity": "restaurant",
        "check_date": "2024-08-11",
        "name": "Rambabu Curry Point"
      },
      "geometry": {
        "type": "Point",
        "coordinates": [
          83.4054004,
          18.0491775
        ]
      },
      "id": "node/12104365498"
    },
    {
      "type": "Feature",
      "properties": {
        "@id": "node/12109625052",
        "amenity": "restaurant",
        "name": "Transit Mess"
      },
      "geometry": {
        "type": "Point",
        "coordinates": [
          79.5948954,
          13.7075616
        ]
      },
      "id": "node/12109625052"
    },
    {
      "type": "Feature",
      "properties": {
        "@id": "node/12123783167",
        "addr:city": "Machilipatnam",
        "addr:district": "Krishna",
        "addr:postcode": "521001",
        "addr:street": "four road centre",
        "amenity": "restaurant",
        "name": "Amigos"
      },
      "geometry": {
        "type": "Point",
        "coordinates": [
          81.1334555,
          16.1818306
        ]
      },
      "id": "node/12123783167"
    },
    {
      "type": "Feature",
      "properties": {
        "@id": "node/12123784145",
        "amenity": "restaurant",
        "name": "Naidu gari kunda biryani"
      },
      "geometry": {
        "type": "Point",
        "coordinates": [
          81.1358514,
          16.1842415
        ]
      },
      "id": "node/12123784145"
    },
    {
      "type": "Feature",
      "properties": {
        "@id": "node/12167476374",
        "amenity": "restaurant",
        "name": "Institutional"
      },
      "geometry": {
        "type": "Point",
        "coordinates": [
          80.4293193,
          16.3168891
        ]
      },
      "id": "node/12167476374"
    },
    {
      "type": "Feature",
      "properties": {
        "@id": "node/12171280221",
        "addr:city": "Machilipatnam",
        "addr:district": "Krishna",
        "addr:postcode": "521001",
        "addr:street": "Jawarpet",
        "amenity": "restaurant",
        "name": "Maganti Mess"
      },
      "geometry": {
        "type": "Point",
        "coordinates": [
          81.1279078,
          16.1762094
        ]
      },
      "id": "node/12171280221"
    },
    {
      "type": "Feature",
      "properties": {
        "@id": "node/12171280222",
        "addr:city": "Machilipatnam",
        "addr:district": "Krishna",
        "addr:postcode": "521001",
        "addr:street": "Jawarpet",
        "amenity": "restaurant",
        "name": "Sri Tanvita Tiffin Center"
      },
      "geometry": {
        "type": "Point",
        "coordinates": [
          81.1280071,
          16.1761073
        ]
      },
      "id": "node/12171280222"
    },
    {
      "type": "Feature",
      "properties": {
        "@id": "node/12171315315",
        "amenity": "restaurant",
        "name": "sri satya deva family dhaba"
      },
      "geometry": {
        "type": "Point",
        "coordinates": [
          81.8317033,
          17.1595985
        ]
      },
      "id": "node/12171315315"
    },
    {
      "type": "Feature",
      "properties": {
        "@id": "node/12171315387",
        "addr:city": "rajahmundry",
        "addr:postcode": "533101",
        "addr:street": "Jawaharlal Nehru Road",
        "amenity": "restaurant",
        "name": "risitha grand"
      },
      "geometry": {
        "type": "Point",
        "coordinates": [
          81.8088799,
          17.0078171
        ]
      },
      "id": "node/12171315387"
    },
    {
      "type": "Feature",
      "properties": {
        "@id": "node/12171315392",
        "addr:city": "rajahmundry",
        "addr:postcode": "533101",
        "addr:street": "Jawaharlal Nehru Road",
        "amenity": "restaurant",
        "name": "iron hill"
      },
      "geometry": {
        "type": "Point",
        "coordinates": [
          81.8014159,
          17.0071339
        ]
      },
      "id": "node/12171315392"
    },
    {
      "type": "Feature",
      "properties": {
        "@id": "node/12174205263",
        "amenity": "restaurant",
        "name": "Raju gari biryani point"
      },
      "geometry": {
        "type": "Point",
        "coordinates": [
          81.128131,
          16.1833709
        ]
      },
      "id": "node/12174205263"
    },
    {
      "type": "Feature",
      "properties": {
        "@id": "node/12174205266",
        "amenity": "restaurant",
        "name": "Sri Annapurna Tea &Tiffins"
      },
      "geometry": {
        "type": "Point",
        "coordinates": [
          81.1292075,
          16.1820206
        ]
      },
      "id": "node/12174205266"
    },
    {
      "type": "Feature",
      "properties": {
        "@id": "node/12174205268",
        "amenity": "restaurant",
        "name": "Sri Hotel Ganesh Bhawan Coffee Club"
      },
      "geometry": {
        "type": "Point",
        "coordinates": [
          81.1292399,
          16.1822541
        ]
      },
      "id": "node/12174205268"
    },
    {
      "type": "Feature",
      "properties": {
        "@id": "node/12174205283",
        "amenity": "restaurant",
        "name": "Mangapathi Biryani Point"
      },
      "geometry": {
        "type": "Point",
        "coordinates": [
          81.1296234,
          16.1809834
        ]
      },
      "id": "node/12174205283"
    },
    {
      "type": "Feature",
      "properties": {
        "@id": "node/12189020469",
        "amenity": "restaurant",
        "name": "Sri Bhimas Hotel",
        "opening_hours": "Mo-Su 06:00-00:30"
      },
      "geometry": {
        "type": "Point",
        "coordinates": [
          82.9333024,
          17.6575615
        ]
      },
      "id": "node/12189020469"
    },
    {
      "type": "Feature",
      "properties": {
        "@id": "node/12189104968",
        "amenity": "restaurant",
        "check_date": "2024-09-21",
        "name": "Klub F5"
      },
      "geometry": {
        "type": "Point",
        "coordinates": [
          80.6497809,
          16.5040354
        ]
      },
      "id": "node/12189104968"
    },
    {
      "type": "Feature",
      "properties": {
        "@id": "node/12189182982",
        "amenity": "restaurant",
        "check_date": "2024-09-21",
        "name": "Alankar Restaurant"
      },
      "geometry": {
        "type": "Point",
        "coordinates": [
          80.6542502,
          16.501672
        ]
      },
      "id": "node/12189182982"
    },
    {
      "type": "Feature",
      "properties": {
        "@id": "node/12189817811",
        "amenity": "restaurant",
        "name": "Sri Lakshmi Sanhita Family Restaurant",
        "phone": "+917993835999"
      },
      "geometry": {
        "type": "Point",
        "coordinates": [
          81.4562351,
          16.9748012
        ]
      },
      "id": "node/12189817811"
    },
    {
      "type": "Feature",
      "properties": {
        "@id": "node/12189822958",
        "amenity": "restaurant",
        "name": "Arabian Mandi"
      },
      "geometry": {
        "type": "Point",
        "coordinates": [
          80.6487758,
          16.5018683
        ]
      },
      "id": "node/12189822958"
    },
    {
      "type": "Feature",
      "properties": {
        "@id": "node/12193020399",
        "amenity": "restaurant",
        "check_date": "2025-07-10",
        "name": "Syed"
      },
      "geometry": {
        "type": "Point",
        "coordinates": [
          80.6147289,
          16.5213257
        ]
      },
      "id": "node/12193020399"
    },
    {
      "type": "Feature",
      "properties": {
        "@id": "node/12193047446",
        "amenity": "restaurant",
        "check_date": "2025-07-10",
        "name": "Milap's Punjabi Hotel"
      },
      "geometry": {
        "type": "Point",
        "coordinates": [
          80.6154086,
          16.5207458
        ]
      },
      "id": "node/12193047446"
    },
    {
      "type": "Feature",
      "properties": {
        "@id": "node/12193050917",
        "amenity": "restaurant",
        "name": "Ahaa Biryani"
      },
      "geometry": {
        "type": "Point",
        "coordinates": [
          80.6062227,
          16.532824
        ]
      },
      "id": "node/12193050917"
    },
    {
      "type": "Feature",
      "properties": {
        "@id": "node/12203568403",
        "amenity": "restaurant",
        "name": "Moghals Biryani House"
      },
      "geometry": {
        "type": "Point",
        "coordinates": [
          83.2072421,
          17.811093
        ]
      },
      "id": "node/12203568403"
    },
    {
      "type": "Feature",
      "properties": {
        "@id": "node/12213910833",
        "amenity": "restaurant",
        "name": "Kritunga"
      },
      "geometry": {
        "type": "Point",
        "coordinates": [
          83.2095155,
          17.8022346
        ]
      },
      "id": "node/12213910833"
    },
    {
      "type": "Feature",
      "properties": {
        "@id": "node/12213910852",
        "amenity": "restaurant",
        "name": "Ghumaghumalu",
        "name:te": "ఘుమఘుమలు"
      },
      "geometry": {
        "type": "Point",
        "coordinates": [
          83.20959,
          17.8019941
        ]
      },
      "id": "node/12213910852"
    },
    {
      "type": "Feature",
      "properties": {
        "@id": "node/12213910866",
        "amenity": "restaurant",
        "name": "Mayuri"
      },
      "geometry": {
        "type": "Point",
        "coordinates": [
          83.2098346,
          17.8007745
        ]
      },
      "id": "node/12213910866"
    },
    {
      "type": "Feature",
      "properties": {
        "@id": "node/12213911047",
        "amenity": "restaurant",
        "name": "Hey Delicisus"
      },
      "geometry": {
        "type": "Point",
        "coordinates": [
          83.2093386,
          17.8029816
        ]
      },
      "id": "node/12213911047"
    },
    {
      "type": "Feature",
      "properties": {
        "@id": "node/12229244204",
        "amenity": "restaurant",
        "name": "Sri Abhi Ruchi Family restaurant"
      },
      "geometry": {
        "type": "Point",
        "coordinates": [
          83.1853895,
          17.8975134
        ]
      },
      "id": "node/12229244204"
    },
    {
      "type": "Feature",
      "properties": {
        "@id": "node/12251755660",
        "amenity": "restaurant",
        "name": "Taj Biryani Palace"
      },
      "geometry": {
        "type": "Point",
        "coordinates": [
          81.776982,
          17.0063643
        ]
      },
      "id": "node/12251755660"
    },
    {
      "type": "Feature",
      "properties": {
        "@id": "node/12251755661",
        "amenity": "restaurant",
        "name": "Alif Biryani"
      },
      "geometry": {
        "type": "Point",
        "coordinates": [
          81.7764116,
          17.0064891
        ]
      },
      "id": "node/12251755661"
    },
    {
      "type": "Feature",
      "properties": {
        "@id": "node/12251969154",
        "amenity": "restaurant",
        "building": "yes",
        "name": "RK paradise"
      },
      "geometry": {
        "type": "Point",
        "coordinates": [
          81.1370366,
          16.1867084
        ]
      },
      "id": "node/12251969154"
    },
    {
      "type": "Feature",
      "properties": {
        "@id": "node/12251969190",
        "amenity": "restaurant"
      },
      "geometry": {
        "type": "Point",
        "coordinates": [
          81.1456833,
          16.1883835
        ]
      },
      "id": "node/12251969190"
    },
    {
      "type": "Feature",
      "properties": {
        "@id": "node/12252212633",
        "amenity": "restaurant",
        "name": "Peacock bar and restaurent"
      },
      "geometry": {
        "type": "Point",
        "coordinates": [
          81.132444,
          16.1842769
        ]
      },
      "id": "node/12252212633"
    },
    {
      "type": "Feature",
      "properties": {
        "@id": "node/12252212646",
        "amenity": "restaurant",
        "name": "VVS Grand Fusion"
      },
      "geometry": {
        "type": "Point",
        "coordinates": [
          81.1330395,
          16.1834375
        ]
      },
      "id": "node/12252212646"
    },
    {
      "type": "Feature",
      "properties": {
        "@id": "node/12252285197",
        "amenity": "restaurant",
        "name": "RA THINDHAM"
      },
      "geometry": {
        "type": "Point",
        "coordinates": [
          81.7846022,
          16.9982488
        ]
      },
      "id": "node/12252285197"
    },
    {
      "type": "Feature",
      "properties": {
        "@id": "node/12254524763",
        "amenity": "restaurant",
        "name": "Nakshatra food court restaurant"
      },
      "geometry": {
        "type": "Point",
        "coordinates": [
          81.1365556,
          16.1830175
        ]
      },
      "id": "node/12254524763"
    },
    {
      "type": "Feature",
      "properties": {
        "@id": "node/12255318564",
        "amenity": "restaurant",
        "name": "Suruchi Tiffins"
      },
      "geometry": {
        "type": "Point",
        "coordinates": [
          81.7822642,
          17.0056949
        ]
      },
      "id": "node/12255318564"
    },
    {
      "type": "Feature",
      "properties": {
        "@id": "node/12257325026",
        "amenity": "restaurant",
        "name": "R.K Mess"
      },
      "geometry": {
        "type": "Point",
        "coordinates": [
          81.1398763,
          16.1836639
        ]
      },
      "id": "node/12257325026"
    },
    {
      "type": "Feature",
      "properties": {
        "@id": "node/12257325027",
        "amenity": "restaurant",
        "name": "Vanaja Mess"
      },
      "geometry": {
        "type": "Point",
        "coordinates": [
          81.1400564,
          16.1837875
        ]
      },
      "id": "node/12257325027"
    },
    {
      "type": "Feature",
      "properties": {
        "@id": "node/12257832861",
        "amenity": "restaurant"
      },
      "geometry": {
        "type": "Point",
        "coordinates": [
          82.3843258,
          17.5313791
        ]
      },
      "id": "node/12257832861"
    },
    {
      "type": "Feature",
      "properties": {
        "@id": "node/12258360402",
        "amenity": "restaurant",
        "name": "Mythri Grand Restaurant",
        "opening_hours": "Mo-Su 07:00-23:00"
      },
      "geometry": {
        "type": "Point",
        "coordinates": [
          81.781518,
          17.0066688
        ]
      },
      "id": "node/12258360402"
    },
    {
      "type": "Feature",
      "properties": {
        "@id": "node/12258653581",
        "amenity": "restaurant",
        "check_date": "2024-10-17",
        "name": "Rishi Food Court"
      },
      "geometry": {
        "type": "Point",
        "coordinates": [
          83.3988419,
          18.1088592
        ]
      },
      "id": "node/12258653581"
    },
    {
      "type": "Feature",
      "properties": {
        "@id": "node/12258653583",
        "amenity": "restaurant",
        "check_date": "2024-10-17",
        "name": "Hotel Devi"
      },
      "geometry": {
        "type": "Point",
        "coordinates": [
          83.3986553,
          18.1093504
        ]
      },
      "id": "node/12258653583"
    },
    {
      "type": "Feature",
      "properties": {
        "@id": "node/12258653594",
        "amenity": "restaurant",
        "check_date": "2024-10-17",
        "name": "Northern Circars"
      },
      "geometry": {
        "type": "Point",
        "coordinates": [
          83.3977865,
          18.1099645
        ]
      },
      "id": "node/12258653594"
    },
    {
      "type": "Feature",
      "properties": {
        "@id": "node/12258674471",
        "amenity": "restaurant",
        "check_date": "2024-10-17",
        "name": "Sri Srinivasa Restaurant",
        "phone": "+91 81217 10057"
      },
      "geometry": {
        "type": "Point",
        "coordinates": [
          83.3975481,
          18.1107239
        ]
      },
      "id": "node/12258674471"
    },
    {
      "type": "Feature",
      "properties": {
        "@id": "node/12258674479",
        "amenity": "restaurant",
        "check_date": "2024-10-17",
        "name": "Lakshmi"
      },
      "geometry": {
        "type": "Point",
        "coordinates": [
          83.3976103,
          18.1111061
        ]
      },
      "id": "node/12258674479"
    },
    {
      "type": "Feature",
      "properties": {
        "@id": "node/12258674480",
        "amenity": "restaurant",
        "check_date": "2024-10-17",
        "name": "SRKH Restaurant"
      },
      "geometry": {
        "type": "Point",
        "coordinates": [
          83.3976402,
          18.1112487
        ]
      },
      "id": "node/12258674480"
    },
    {
      "type": "Feature",
      "properties": {
        "@id": "node/12258704752",
        "amenity": "restaurant",
        "check_date": "2024-10-17",
        "name": "Rail Coach Restaurant"
      },
      "geometry": {
        "type": "Point",
        "coordinates": [
          83.3972124,
          18.1115858
        ]
      },
      "id": "node/12258704752"
    },
    {
      "type": "Feature",
      "properties": {
        "@id": "node/12259935874",
        "amenity": "restaurant",
        "name": "Grand Kitchen"
      },
      "geometry": {
        "type": "Point",
        "coordinates": [
          83.3921965,
          18.1008515
        ]
      },
      "id": "node/12259935874"
    },
    {
      "type": "Feature",
      "properties": {
        "@id": "node/12260551801",
        "amenity": "restaurant",
        "name": "JOWOS, The Zone of Momos",
        "opening_hours": "Mo-Su 10:00-22:00",
        "phone": "09464184804",
        "website": "https://www.jowosmomos.com/"
      },
      "geometry": {
        "type": "Point",
        "coordinates": [
          81.7821662,
          17.0068345
        ]
      },
      "id": "node/12260551801"
    },
    {
      "type": "Feature",
      "properties": {
        "@id": "node/12260551901",
        "amenity": "restaurant",
        "check_date": "2024-10-20",
        "cuisine": "pizza",
        "internet_access": "no",
        "name": "Domino's Pizza",
        "opening_hours": "Mo-Su 10:00-22:00",
        "payment:cash": "yes",
        "payment:credit_cards": "yes",
        "payment:debit_cards": "yes",
        "phone": "18002081234",
        "website": "https://www.dominos.co.in/store-locations/?src=local_gmb&utm_source=Google_GMB&utm_medium=GMB_SEO_urls_website"
      },
      "geometry": {
        "type": "Point",
        "coordinates": [
          81.7830053,
          17.0081735
        ]
      },
      "id": "node/12260551901"
    },
    {
      "type": "Feature",
      "properties": {
        "@id": "node/12260612701",
        "amenity": "restaurant",
        "name": "The Millets",
        "phone": "08886148369"
      },
      "geometry": {
        "type": "Point",
        "coordinates": [
          81.7804146,
          17.0069767
        ]
      },
      "id": "node/12260612701"
    },
    {
      "type": "Feature",
      "properties": {
        "@id": "node/12271471901",
        "amenity": "restaurant",
        "name": "Venky's Delight",
        "phone": "08832556556"
      },
      "geometry": {
        "type": "Point",
        "coordinates": [
          81.7808692,
          17.0113745
        ]
      },
      "id": "node/12271471901"
    },
    {
      "type": "Feature",
      "properties": {
        "@id": "node/12271480402",
        "amenity": "restaurant",
        "name": "Srikanya Inn",
        "opening_hours": "Mo-Su 11:00-23:00",
        "phone": "08832427777"
      },
      "geometry": {
        "type": "Point",
        "coordinates": [
          81.7908261,
          17.0012917
        ]
      },
      "id": "node/12271480402"
    },
    {
      "type": "Feature",
      "properties": {
        "@id": "node/12271485901",
        "amenity": "restaurant",
        "name": "Deccan Fried Chicken",
        "opening_hours": "Mo-Su 10:00-23:00",
        "phone": "09989436768"
      },
      "geometry": {
        "type": "Point",
        "coordinates": [
          81.7879913,
          17.0056908
        ]
      },
      "id": "node/12271485901"
    },
    {
      "type": "Feature",
      "properties": {
        "@id": "node/12271486001",
        "amenity": "restaurant",
        "name": "Food Ex Family Restaurant",
        "phone": "07032422666"
      },
      "geometry": {
        "type": "Point",
        "coordinates": [
          81.7747566,
          16.9939423
        ]
      },
      "id": "node/12271486001"
    },
    {
      "type": "Feature",
      "properties": {
        "@id": "node/12271486002",
        "amenity": "restaurant",
        "name": "Godavari Ruchulu",
        "opening_hours": "Mo-Su 06:00-22:30",
        "phone": "09849523495"
      },
      "geometry": {
        "type": "Point",
        "coordinates": [
          81.796956,
          16.9847959
        ]
      },
      "id": "node/12271486002"
    },
    {
      "type": "Feature",
      "properties": {
        "@id": "node/12271486003",
        "amenity": "restaurant",
        "name": "Eat N Play",
        "opening_hours": "Mo-Su 11:00-23:00",
        "phone": "07993994999",
        "website": "http://www.eatnplay.in/"
      },
      "geometry": {
        "type": "Point",
        "coordinates": [
          81.7816623,
          17.0117539
        ]
      },
      "id": "node/12271486003"
    },
    {
      "type": "Feature",
      "properties": {
        "@id": "node/12271486101",
        "amenity": "restaurant",
        "name": "Annapurna Mess",
        "opening_hours": "Mo-Su 10:30-23:00",
        "phone": "09849167722"
      },
      "geometry": {
        "type": "Point",
        "coordinates": [
          81.7850395,
          17.0077
        ]
      },
      "id": "node/12271486101"
    },
    {
      "type": "Feature",
      "properties": {
        "@id": "node/12271486102",
        "amenity": "restaurant",
        "name": "Sridevi Restaurant & Bar",
        "opening_hours": "Mo-Su 09:30-23:00"
      },
      "geometry": {
        "type": "Point",
        "coordinates": [
          81.786841,
          17.0312739
        ]
      },
      "id": "node/12271486102"
    },
    {
      "type": "Feature",
      "properties": {
        "@id": "node/12271486103",
        "amenity": "restaurant",
        "name": "Eswar Savera Restaurant & Bar",
        "opening_hours": "Mo-Su 10:00-23:00",
        "phone": "07357396227"
      },
      "geometry": {
        "type": "Point",
        "coordinates": [
          81.7962219,
          17.0111111
        ]
      },
      "id": "node/12271486103"
    },
    {
      "type": "Feature",
      "properties": {
        "@id": "node/12271486104",
        "amenity": "restaurant",
        "name": "Star Biryani Darbar",
        "opening_hours": "Mo-Su 11:00-23:54"
      },
      "geometry": {
        "type": "Point",
        "coordinates": [
          81.7805621,
          17.0081467
        ]
      },
      "id": "node/12271486104"
    },
    {
      "type": "Feature",
      "properties": {
        "@id": "node/12271486105",
        "amenity": "restaurant",
        "name": "Pizza Day",
        "opening_hours": "Mo-Su 10:00-22:30",
        "phone": "09700424444"
      },
      "geometry": {
        "type": "Point",
        "coordinates": [
          81.7825682,
          17.0097148
        ]
      },
      "id": "node/12271486105"
    },
    {
      "type": "Feature",
      "properties": {
        "@id": "node/12271486108",
        "amenity": "restaurant",
        "name": "Kumars Kitchen",
        "opening_hours": "Mo-Su 11:30-23:00"
      },
      "geometry": {
        "type": "Point",
        "coordinates": [
          81.7803677,
          17.008725
        ]
      },
      "id": "node/12271486108"
    },
    {
      "type": "Feature",
      "properties": {
        "@id": "node/12271486201",
        "amenity": "restaurant",
        "name": "Hotel Vijaya Amrutha Syamala Center",
        "opening_hours": "Mo-Su 07:30-22:00",
        "phone": "08832577755"
      },
      "geometry": {
        "type": "Point",
        "coordinates": [
          81.7746947,
          16.9950347
        ]
      },
      "id": "node/12271486201"
    },
    {
      "type": "Feature",
      "properties": {
        "@id": "node/12271486202",
        "amenity": "restaurant",
        "name": "Hotel Prashanthi",
        "opening_hours": "Mo-Su 06:00-23:00",
        "phone": "09885559689"
      },
      "geometry": {
        "type": "Point",
        "coordinates": [
          81.7833534,
          16.983809
        ]
      },
      "id": "node/12271486202"
    },
    {
      "type": "Feature",
      "properties": {
        "@id": "node/12309029620",
        "amenity": "restaurant",
        "cuisine": "indian",
        "name": "Hotel Saravana Bhavan",
        "toilets": "yes",
        "toilets:access": "yes"
      },
      "geometry": {
        "type": "Point",
        "coordinates": [
          79.1165674,
          13.4159841
        ]
      },
      "id": "node/12309029620"
    },
    {
      "type": "Feature",
      "properties": {
        "@id": "node/12311458528",
        "amenity": "restaurant"
      },
      "geometry": {
        "type": "Point",
        "coordinates": [
          81.8427851,
          17.0446857
        ]
      },
      "id": "node/12311458528"
    },
    {
      "type": "Feature",
      "properties": {
        "@id": "node/12313120350",
        "amenity": "restaurant"
      },
      "geometry": {
        "type": "Point",
        "coordinates": [
          81.8466934,
          17.0491402
        ]
      },
      "id": "node/12313120350"
    },
    {
      "type": "Feature",
      "properties": {
        "@id": "node/12313136217",
        "amenity": "restaurant"
      },
      "geometry": {
        "type": "Point",
        "coordinates": [
          81.850215,
          17.0483675
        ]
      },
      "id": "node/12313136217"
    },
    {
      "type": "Feature",
      "properties": {
        "@id": "node/12313136230",
        "amenity": "restaurant"
      },
      "geometry": {
        "type": "Point",
        "coordinates": [
          81.8475918,
          17.0472965
        ]
      },
      "id": "node/12313136230"
    },
    {
      "type": "Feature",
      "properties": {
        "@id": "node/12313161622",
        "amenity": "restaurant"
      },
      "geometry": {
        "type": "Point",
        "coordinates": [
          81.8370776,
          16.7625958
        ]
      },
      "id": "node/12313161622"
    },
    {
      "type": "Feature",
      "properties": {
        "@id": "node/12313161649",
        "amenity": "restaurant"
      },
      "geometry": {
        "type": "Point",
        "coordinates": [
          81.8393204,
          16.7628391
        ]
      },
      "id": "node/12313161649"
    },
    {
      "type": "Feature",
      "properties": {
        "@id": "node/12313161662",
        "amenity": "restaurant"
      },
      "geometry": {
        "type": "Point",
        "coordinates": [
          81.8381133,
          16.7623814
        ]
      },
      "id": "node/12313161662"
    },
    {
      "type": "Feature",
      "properties": {
        "@id": "node/12313199308",
        "amenity": "restaurant"
      },
      "geometry": {
        "type": "Point",
        "coordinates": [
          81.8391756,
          16.763629
        ]
      },
      "id": "node/12313199308"
    },
    {
      "type": "Feature",
      "properties": {
        "@id": "node/12313199322",
        "amenity": "restaurant"
      },
      "geometry": {
        "type": "Point",
        "coordinates": [
          81.8375856,
          16.7625159
        ]
      },
      "id": "node/12313199322"
    },
    {
      "type": "Feature",
      "properties": {
        "@id": "node/12313428214",
        "amenity": "restaurant"
      },
      "geometry": {
        "type": "Point",
        "coordinates": [
          81.7768678,
          17.0055039
        ]
      },
      "id": "node/12313428214"
    },
    {
      "type": "Feature",
      "properties": {
        "@id": "node/12313428215",
        "amenity": "restaurant"
      },
      "geometry": {
        "type": "Point",
        "coordinates": [
          81.7773935,
          17.0051756
        ]
      },
      "id": "node/12313428215"
    },
    {
      "type": "Feature",
      "properties": {
        "@id": "node/12313428286",
        "amenity": "restaurant"
      },
      "geometry": {
        "type": "Point",
        "coordinates": [
          81.7770266,
          17.00522
        ]
      },
      "id": "node/12313428286"
    },
    {
      "type": "Feature",
      "properties": {
        "@id": "node/12313442728",
        "amenity": "restaurant"
      },
      "geometry": {
        "type": "Point",
        "coordinates": [
          81.8468773,
          17.0441665
        ]
      },
      "id": "node/12313442728"
    },
    {
      "type": "Feature",
      "properties": {
        "@id": "node/12313446542",
        "amenity": "restaurant"
      },
      "geometry": {
        "type": "Point",
        "coordinates": [
          81.8509645,
          17.0409979
        ]
      },
      "id": "node/12313446542"
    },
    {
      "type": "Feature",
      "properties": {
        "@id": "node/12313446543",
        "amenity": "restaurant"
      },
      "geometry": {
        "type": "Point",
        "coordinates": [
          81.8508466,
          17.0387711
        ]
      },
      "id": "node/12313446543"
    },
    {
      "type": "Feature",
      "properties": {
        "@id": "node/12313449834",
        "amenity": "restaurant"
      },
      "geometry": {
        "type": "Point",
        "coordinates": [
          81.8415707,
          17.0413132
        ]
      },
      "id": "node/12313449834"
    },
    {
      "type": "Feature",
      "properties": {
        "@id": "node/12313522347",
        "amenity": "restaurant"
      },
      "geometry": {
        "type": "Point",
        "coordinates": [
          82.5799889,
          17.2864719
        ]
      },
      "id": "node/12313522347"
    },
    {
      "type": "Feature",
      "properties": {
        "@id": "node/12313709416",
        "amenity": "restaurant"
      },
      "geometry": {
        "type": "Point",
        "coordinates": [
          82.5601971,
          17.2765284
        ]
      },
      "id": "node/12313709416"
    },
    {
      "type": "Feature",
      "properties": {
        "@id": "node/12313764333",
        "amenity": "restaurant"
      },
      "geometry": {
        "type": "Point",
        "coordinates": [
          78.4792615,
          15.2676877
        ]
      },
      "id": "node/12313764333"
    },
    {
      "type": "Feature",
      "properties": {
        "@id": "node/12313764381",
        "amenity": "restaurant"
      },
      "geometry": {
        "type": "Point",
        "coordinates": [
          78.4789932,
          15.2667072
        ]
      },
      "id": "node/12313764381"
    },
    {
      "type": "Feature",
      "properties": {
        "@id": "node/12313953484",
        "amenity": "restaurant"
      },
      "geometry": {
        "type": "Point",
        "coordinates": [
          78.4757467,
          15.247499
        ]
      },
      "id": "node/12313953484"
    },
    {
      "type": "Feature",
      "properties": {
        "@id": "node/12313953539",
        "amenity": "restaurant"
      },
      "geometry": {
        "type": "Point",
        "coordinates": [
          78.4767243,
          15.2466174
        ]
      },
      "id": "node/12313953539"
    },
    {
      "type": "Feature",
      "properties": {
        "@id": "node/12316733866",
        "amenity": "restaurant"
      },
      "geometry": {
        "type": "Point",
        "coordinates": [
          81.8447981,
          17.0446721
        ]
      },
      "id": "node/12316733866"
    },
    {
      "type": "Feature",
      "properties": {
        "@id": "node/12316733890",
        "amenity": "restaurant"
      },
      "geometry": {
        "type": "Point",
        "coordinates": [
          81.8450673,
          17.0437987
        ]
      },
      "id": "node/12316733890"
    },
    {
      "type": "Feature",
      "properties": {
        "@id": "node/12317238835",
        "amenity": "restaurant"
      },
      "geometry": {
        "type": "Point",
        "coordinates": [
          80.2745005,
          15.6930572
        ]
      },
      "id": "node/12317238835"
    },
    {
      "type": "Feature",
      "properties": {
        "@id": "node/12317425882",
        "amenity": "restaurant"
      },
      "geometry": {
        "type": "Point",
        "coordinates": [
          82.5130522,
          17.361117
        ]
      },
      "id": "node/12317425882"
    },
    {
      "type": "Feature",
      "properties": {
        "@id": "node/12317606705",
        "amenity": "restaurant"
      },
      "geometry": {
        "type": "Point",
        "coordinates": [
          82.5191129,
          17.3538629
        ]
      },
      "id": "node/12317606705"
    },
    {
      "type": "Feature",
      "properties": {
        "@id": "node/12317841428",
        "amenity": "restaurant"
      },
      "geometry": {
        "type": "Point",
        "coordinates": [
          82.5085764,
          17.3513225
        ]
      },
      "id": "node/12317841428"
    },
    {
      "type": "Feature",
      "properties": {
        "@id": "node/12317914553",
        "amenity": "restaurant"
      },
      "geometry": {
        "type": "Point",
        "coordinates": [
          82.5065964,
          17.3517643
        ]
      },
      "id": "node/12317914553"
    },
    {
      "type": "Feature",
      "properties": {
        "@id": "node/12399009151",
        "amenity": "restaurant",
        "check_date": "2024-12-06",
        "name": "Godavari Tiffins"
      },
      "geometry": {
        "type": "Point",
        "coordinates": [
          80.5797344,
          16.5433312
        ]
      },
      "id": "node/12399009151"
    },
    {
      "type": "Feature",
      "properties": {
        "@id": "node/12408965120",
        "amenity": "restaurant",
        "check_date": "2024-12-10",
        "name": "Subbayya Gari Hotel"
      },
      "geometry": {
        "type": "Point",
        "coordinates": [
          80.6301553,
          16.5119967
        ]
      },
      "id": "node/12408965120"
    },
    {
      "type": "Feature",
      "properties": {
        "@id": "node/12408965123",
        "amenity": "restaurant",
        "check_date": "2024-12-10",
        "name": "Good Morning"
      },
      "geometry": {
        "type": "Point",
        "coordinates": [
          80.6289369,
          16.5123808
        ]
      },
      "id": "node/12408965123"
    },
    {
      "type": "Feature",
      "properties": {
        "@id": "node/12409370159",
        "amenity": "restaurant",
        "check_date": "2024-12-10",
        "name": "Green Bucket Biryani"
      },
      "geometry": {
        "type": "Point",
        "coordinates": [
          80.6291182,
          16.514101
        ]
      },
      "id": "node/12409370159"
    },
    {
      "type": "Feature",
      "properties": {
        "@id": "node/12422552968",
        "amenity": "restaurant",
        "check_date": "2024-12-14",
        "name": "Mamata Restaurant"
      },
      "geometry": {
        "type": "Point",
        "coordinates": [
          80.6209044,
          16.5120628
        ]
      },
      "id": "node/12422552968"
    },
    {
      "type": "Feature",
      "properties": {
        "@id": "node/12434974248",
        "amenity": "restaurant",
        "check_date": "2024-12-20",
        "name": "Military Hotels"
      },
      "geometry": {
        "type": "Point",
        "coordinates": [
          80.624644,
          16.5071393
        ]
      },
      "id": "node/12434974248"
    },
    {
      "type": "Feature",
      "properties": {
        "@id": "node/12439001142",
        "amenity": "restaurant",
        "check_date": "2025-07-11",
        "name": "Khaleel Bhai Family Restaurant"
      },
      "geometry": {
        "type": "Point",
        "coordinates": [
          80.5672878,
          16.5576643
        ]
      },
      "id": "node/12439001142"
    },
    {
      "type": "Feature",
      "properties": {
        "@id": "node/12439001143",
        "amenity": "restaurant",
        "check_date": "2025-07-11",
        "name": "Mishra Family Dhaba"
      },
      "geometry": {
        "type": "Point",
        "coordinates": [
          80.5675855,
          16.5576103
        ]
      },
      "id": "node/12439001143"
    },
    {
      "type": "Feature",
      "properties": {
        "@id": "node/12439001146",
        "amenity": "restaurant",
        "name": "Lakshmi Ganesh Family Restaurant"
      },
      "geometry": {
        "type": "Point",
        "coordinates": [
          80.576178,
          16.5477169
        ]
      },
      "id": "node/12439001146"
    },
    {
      "type": "Feature",
      "properties": {
        "@id": "node/12439001148",
        "amenity": "restaurant",
        "check_date": "2025-07-16",
        "name": "7 Spices"
      },
      "geometry": {
        "type": "Point",
        "coordinates": [
          80.5774976,
          16.546331
        ]
      },
      "id": "node/12439001148"
    },
    {
      "type": "Feature",
      "properties": {
        "@id": "node/12451140415",
        "amenity": "restaurant",
        "name": "Lucky Arabian Mandi"
      },
      "geometry": {
        "type": "Point",
        "coordinates": [
          83.2200535,
          17.7481234
        ]
      },
      "id": "node/12451140415"
    },
    {
      "type": "Feature",
      "properties": {
        "@id": "node/12470766284",
        "amenity": "restaurant",
        "name": "The Arabian Kitchen"
      },
      "geometry": {
        "type": "Point",
        "coordinates": [
          83.2683058,
          17.7357615
        ]
      },
      "id": "node/12470766284"
    },
    {
      "type": "Feature",
      "properties": {
        "@id": "node/12531578970",
        "amenity": "restaurant",
        "name": "Arabian Nights",
        "phone": "+919492289899"
      },
      "geometry": {
        "type": "Point",
        "coordinates": [
          83.3231332,
          17.7384623
        ]
      },
      "id": "node/12531578970"
    },
    {
      "type": "Feature",
      "properties": {
        "@id": "node/12531578972",
        "amenity": "restaurant",
        "name": "Waltair Spice"
      },
      "geometry": {
        "type": "Point",
        "coordinates": [
          83.3361188,
          17.7367818
        ]
      },
      "id": "node/12531578972"
    },
    {
      "type": "Feature",
      "properties": {
        "@id": "node/12531587077",
        "amenity": "restaurant",
        "name": "Hotel Anupama"
      },
      "geometry": {
        "type": "Point",
        "coordinates": [
          83.3271471,
          17.7283239
        ]
      },
      "id": "node/12531587077"
    },
    {
      "type": "Feature",
      "properties": {
        "@id": "node/12531598636",
        "amenity": "restaurant",
        "name": "Hotel Amrutham"
      },
      "geometry": {
        "type": "Point",
        "coordinates": [
          83.3212245,
          17.7365395
        ]
      },
      "id": "node/12531598636"
    },
    {
      "type": "Feature",
      "properties": {
        "@id": "node/12531598712",
        "amenity": "restaurant",
        "name": "Waltair Grills"
      },
      "geometry": {
        "type": "Point",
        "coordinates": [
          83.3386035,
          17.7320334
        ]
      },
      "id": "node/12531598712"
    },
    {
      "type": "Feature",
      "properties": {
        "@id": "node/12582257296",
        "amenity": "restaurant",
        "check_date": "2025-02-12",
        "name": "New Punjabi Family Dhaba"
      },
      "geometry": {
        "type": "Point",
        "coordinates": [
          79.5129745,
          13.5916964
        ]
      },
      "id": "node/12582257296"
    },
    {
      "type": "Feature",
      "properties": {
        "@id": "node/12582267350",
        "amenity": "restaurant",
        "check_date": "2025-02-12",
        "name": "Karuna Bhavan"
      },
      "geometry": {
        "type": "Point",
        "coordinates": [
          79.5073647,
          13.6152846
        ]
      },
      "id": "node/12582267350"
    },
    {
      "type": "Feature",
      "properties": {
        "@id": "node/12582295054",
        "amenity": "restaurant",
        "check_date": "2025-02-12",
        "name": "Nellore Ruchulu"
      },
      "geometry": {
        "type": "Point",
        "coordinates": [
          79.4713923,
          13.6155963
        ]
      },
      "id": "node/12582295054"
    },
    {
      "type": "Feature",
      "properties": {
        "@id": "node/12589724173",
        "amenity": "restaurant",
        "cuisine": "indian;coffee_shop",
        "diet:local": "yes",
        "diet:non-vegetarian": "yes",
        "diet:vegetarian": "yes",
        "name": "Vivaha Bojanambu",
        "opening_hours": "Mo-Su 09:00-21:00"
      },
      "geometry": {
        "type": "Point",
        "coordinates": [
          80.4559507,
          16.2972804
        ]
      },
      "id": "node/12589724173"
    },
    {
      "type": "Feature",
      "properties": {
        "@id": "node/12589728346",
        "addr:city": "TENALI",
        "addr:district": "Guntur",
        "addr:postcode": "522201",
        "addr:street": "Tenali - Mangalagiri Road",
        "amenity": "restaurant",
        "name": "MAMATHA BAR AND RESTUARENT"
      },
      "geometry": {
        "type": "Point",
        "coordinates": [
          80.6438203,
          16.2428744
        ]
      },
      "id": "node/12589728346"
    },
    {
      "type": "Feature",
      "properties": {
        "@id": "node/12589787390",
        "addr:city": "guntur",
        "addr:district": "Guntur",
        "addr:housenumber": "123",
        "addr:postcode": "522003",
        "addr:street": "Guntur - Chirala Road",
        "amenity": "restaurant",
        "cuisine": "kebab",
        "diet:non-vegetarian": "yes",
        "name": "Sai restaurant",
        "opening_hours": "Mo-Fr 09:00-17:00"
      },
      "geometry": {
        "type": "Point",
        "coordinates": [
          80.4521147,
          16.2902875
        ]
      },
      "id": "node/12589787390"
    },
    {
      "type": "Feature",
      "properties": {
        "@id": "node/12589796155",
        "amenity": "restaurant",
        "name": "GODAVARI RESTAURANT"
      },
      "geometry": {
        "type": "Point",
        "coordinates": [
          80.4749769,
          15.9064898
        ]
      },
      "id": "node/12589796155"
    },
    {
      "type": "Feature",
      "properties": {
        "@id": "node/12589796642",
        "addr:city": "Guntur",
        "addr:district": "Guntur",
        "addr:housenumber": "123",
        "addr:postcode": "522002",
        "addr:street": "RTC Bus stand",
        "amenity": "restaurant",
        "cuisine": "chicken",
        "diet:non-vegetarian": "yes",
        "name": "AK Restuarant",
        "opening_hours": "Mo-Fr 09:00-17:00"
      },
      "geometry": {
        "type": "Point",
        "coordinates": [
          80.4540845,
          16.2963826
        ]
      },
      "id": "node/12589796642"
    },
    {
      "type": "Feature",
      "properties": {
        "@id": "node/12589800192",
        "addr:city": "Guntur Municipal Corporation",
        "addr:district": "Guntur",
        "addr:housenumber": "123",
        "addr:postcode": "522001",
        "addr:street": "Grand Trunk Road",
        "amenity": "restaurant",
        "cuisine": "indian;breakfast",
        "diet:vegetarian": "yes",
        "name": "Madhuvan Restaurant",
        "opening_hours": "Mo-Fr 09:00-17:00"
      },
      "geometry": {
        "type": "Point",
        "coordinates": [
          80.4508389,
          16.2933582
        ]
      },
      "id": "node/12589800192"
    },
    {
      "type": "Feature",
      "properties": {
        "@id": "node/12594956574",
        "amenity": "restaurant",
        "check_date": "2025-02-12",
        "name": "Springs Restaurant"
      },
      "geometry": {
        "type": "Point",
        "coordinates": [
          79.4425827,
          13.6115341
        ]
      },
      "id": "node/12594956574"
    },
    {
      "type": "Feature",
      "properties": {
        "@id": "node/12595539152",
        "amenity": "restaurant"
      },
      "geometry": {
        "type": "Point",
        "coordinates": [
          80.6621612,
          16.5111831
        ]
      },
      "id": "node/12595539152"
    },
    {
      "type": "Feature",
      "properties": {
        "@id": "node/12596092955",
        "amenity": "restaurant"
      },
      "geometry": {
        "type": "Point",
        "coordinates": [
          82.2401845,
          16.9710053
        ]
      },
      "id": "node/12596092955"
    },
    {
      "type": "Feature",
      "properties": {
        "@id": "node/12596163844",
        "amenity": "restaurant"
      },
      "geometry": {
        "type": "Point",
        "coordinates": [
          82.2398134,
          16.9694488
        ]
      },
      "id": "node/12596163844"
    },
    {
      "type": "Feature",
      "properties": {
        "@id": "node/12596225700",
        "amenity": "restaurant",
        "name": "firdouse"
      },
      "geometry": {
        "type": "Point",
        "coordinates": [
          78.8236238,
          14.4766017
        ]
      },
      "id": "node/12596225700"
    },
    {
      "type": "Feature",
      "properties": {
        "@id": "node/12596244508",
        "amenity": "restaurant",
        "name": "shree krishna"
      },
      "geometry": {
        "type": "Point",
        "coordinates": [
          78.8235838,
          14.4765088
        ]
      },
      "id": "node/12596244508"
    },
    {
      "type": "Feature",
      "properties": {
        "@id": "node/12596383261",
        "amenity": "restaurant",
        "name": "Ramya Meals"
      },
      "geometry": {
        "type": "Point",
        "coordinates": [
          80.0423019,
          15.5121817
        ]
      },
      "id": "node/12596383261"
    },
    {
      "type": "Feature",
      "properties": {
        "@id": "node/12596397177",
        "amenity": "restaurant",
        "name": "Amaravathi Food &Beverage Zone"
      },
      "geometry": {
        "type": "Point",
        "coordinates": [
          80.6162062,
          16.509096
        ]
      },
      "id": "node/12596397177"
    },
    {
      "type": "Feature",
      "properties": {
        "@id": "node/12596431840",
        "amenity": "restaurant",
        "name": "manasa inn"
      },
      "geometry": {
        "type": "Point",
        "coordinates": [
          78.8241974,
          14.4670231
        ]
      },
      "id": "node/12596431840"
    },
    {
      "type": "Feature",
      "properties": {
        "@id": "node/12596435758",
        "amenity": "restaurant",
        "name": "Sri srinivasa Bar and Restaurent"
      },
      "geometry": {
        "type": "Point",
        "coordinates": [
          80.0421163,
          15.5122571
        ]
      },
      "id": "node/12596435758"
    },
    {
      "type": "Feature",
      "properties": {
        "@id": "node/12596444604",
        "amenity": "restaurant",
        "name": "andhra spice"
      },
      "geometry": {
        "type": "Point",
        "coordinates": [
          78.8240402,
          14.4692491
        ]
      },
      "id": "node/12596444604"
    },
    {
      "type": "Feature",
      "properties": {
        "@id": "node/12596556627",
        "amenity": "restaurant",
        "name": "firdouse family restaurent"
      },
      "geometry": {
        "type": "Point",
        "coordinates": [
          78.8219459,
          14.4779561
        ]
      },
      "id": "node/12596556627"
    },
    {
      "type": "Feature",
      "properties": {
        "@id": "node/12596571591",
        "amenity": "restaurant",
        "name": "rossaya restaurent"
      },
      "geometry": {
        "type": "Point",
        "coordinates": [
          78.8217332,
          14.4784419
        ]
      },
      "id": "node/12596571591"
    },
    {
      "type": "Feature",
      "properties": {
        "@id": "node/12597538215",
        "amenity": "restaurant",
        "check_date": "2025-02-17",
        "name": "Manasa Fast Food"
      },
      "geometry": {
        "type": "Point",
        "coordinates": [
          79.4315989,
          13.6258045
        ]
      },
      "id": "node/12597538215"
    },
    {
      "type": "Feature",
      "properties": {
        "@id": "node/12597538216",
        "amenity": "restaurant",
        "check_date": "2025-02-17",
        "name": "Krishna Fast Food"
      },
      "geometry": {
        "type": "Point",
        "coordinates": [
          79.4318734,
          13.6257741
        ]
      },
      "id": "node/12597538216"
    },
    {
      "type": "Feature",
      "properties": {
        "@id": "node/12597583482",
        "amenity": "restaurant",
        "name": "mamata restaurent"
      },
      "geometry": {
        "type": "Point",
        "coordinates": [
          80.6209772,
          16.5120237
        ]
      },
      "id": "node/12597583482"
    },
    {
      "type": "Feature",
      "properties": {
        "@id": "node/12597598402",
        "amenity": "restaurant",
        "name": "K.Reddy Ragisangati Hotel"
      },
      "geometry": {
        "type": "Point",
        "coordinates": [
          80.0391889,
          15.5105037
        ]
      },
      "id": "node/12597598402"
    },
    {
      "type": "Feature",
      "properties": {
        "@id": "node/12597660378",
        "amenity": "restaurant",
        "name": "TPL restaurant"
      },
      "geometry": {
        "type": "Point",
        "coordinates": [
          80.6433521,
          16.5050641
        ]
      },
      "id": "node/12597660378"
    },
    {
      "type": "Feature",
      "properties": {
        "@id": "node/12597664512",
        "amenity": "restaurant",
        "name": "andhra restaurant"
      },
      "geometry": {
        "type": "Point",
        "coordinates": [
          80.6439538,
          16.5043399
        ]
      },
      "id": "node/12597664512"
    },
    {
      "type": "Feature",
      "properties": {
        "@id": "node/12600701766",
        "amenity": "restaurant",
        "check_date": "2025-02-19",
        "name": "Sri Said Ram Tiffin Center"
      },
      "geometry": {
        "type": "Point",
        "coordinates": [
          80.629434,
          16.327424
        ]
      },
      "id": "node/12600701766"
    },
    {
      "type": "Feature",
      "properties": {
        "@id": "node/12607610883",
        "amenity": "restaurant",
        "check_date": "2025-02-21",
        "name": "Raj Darbar Restaurant"
      },
      "geometry": {
        "type": "Point",
        "coordinates": [
          80.6523014,
          16.4982845
        ]
      },
      "id": "node/12607610883"
    },
    {
      "type": "Feature",
      "properties": {
        "@id": "node/12607673808",
        "amenity": "restaurant",
        "check_date": "2025-02-22",
        "name": "Alfa Arabian Food"
      },
      "geometry": {
        "type": "Point",
        "coordinates": [
          80.6156887,
          16.5066341
        ]
      },
      "id": "node/12607673808"
    },
    {
      "type": "Feature",
      "properties": {
        "@id": "node/12607673812",
        "amenity": "restaurant",
        "check_date": "2025-02-22",
        "name": "Taj Biryani Family Restaurant"
      },
      "geometry": {
        "type": "Point",
        "coordinates": [
          80.5942131,
          16.5251929
        ]
      },
      "id": "node/12607673812"
    },
    {
      "type": "Feature",
      "properties": {
        "@id": "node/12607673814",
        "amenity": "restaurant",
        "check_date": "2025-02-22",
        "name": "Sri Navyata Fast Food"
      },
      "geometry": {
        "type": "Point",
        "coordinates": [
          80.5817764,
          16.5405514
        ]
      },
      "id": "node/12607673814"
    },
    {
      "type": "Feature",
      "properties": {
        "@id": "node/12609901250",
        "amenity": "restaurant",
        "check_date": "2025-07-11",
        "name": "Prasad Tiffin Center",
        "opening_hours": "05:30-22:00"
      },
      "geometry": {
        "type": "Point",
        "coordinates": [
          80.5953251,
          16.5279517
        ]
      },
      "id": "node/12609901250"
    },
    {
      "type": "Feature",
      "properties": {
        "@id": "node/12672649849",
        "amenity": "restaurant",
        "name": "Hangout cafe"
      },
      "geometry": {
        "type": "Point",
        "coordinates": [
          80.6169955,
          16.4483374
        ]
      },
      "id": "node/12672649849"
    },
    {
      "type": "Feature",
      "properties": {
        "@id": "node/12672653889",
        "amenity": "restaurant",
        "name": "Mishra family dhaba"
      },
      "geometry": {
        "type": "Point",
        "coordinates": [
          80.6140632,
          16.4656399
        ]
      },
      "id": "node/12672653889"
    },
    {
      "type": "Feature",
      "properties": {
        "@id": "node/12672687801",
        "amenity": "restaurant"
      },
      "geometry": {
        "type": "Point",
        "coordinates": [
          83.8920021,
          18.2961509
        ]
      },
      "id": "node/12672687801"
    },
    {
      "type": "Feature",
      "properties": {
        "@id": "node/12672687802",
        "addr:city": "Srikakulam",
        "addr:district": "SRIKAKULAM",
        "addr:housenumber": "oor No. 8-15-54/A, Ring Road, Srikakulam, Andhra Pradesh, Srikakulam Locality, Srikakulam, Andhra Pradesh · 089422 22916",
        "addr:postcode": "532001",
        "addr:street": "RING ROAD",
        "amenity": "restaurant",
        "branch": "srikakulam",
        "cuisine": "regional;indian",
        "diet:non-vegetarian": "yes",
        "diet:vegetarian": "yes",
        "name": "Hostel Nagavali",
        "opening_hours": "24/7",
        "phone": "089422 22916"
      },
      "geometry": {
        "type": "Point",
        "coordinates": [
          83.8932641,
          18.2962104
        ]
      },
      "id": "node/12672687802"
    },
    {
      "type": "Feature",
      "properties": {
        "@id": "node/12686918079",
        "amenity": "restaurant",
        "cuisine": "breakfast",
        "diet:vegetarian": "yes",
        "name": "tiffine shope"
      },
      "geometry": {
        "type": "Point",
        "coordinates": [
          80.6466284,
          16.229036
        ]
      },
      "id": "node/12686918079"
    },
    {
      "type": "Feature",
      "properties": {
        "@id": "node/12690482722",
        "addr:city": "tenali",
        "addr:district": "guntur",
        "addr:housenumber": "shivaji chowk",
        "addr:postcode": "522201",
        "addr:street": "nazerpeta",
        "amenity": "restaurant",
        "cuisine": "all_types",
        "name": "Naidu vari kunda biryani"
      },
      "geometry": {
        "type": "Point",
        "coordinates": [
          80.6536947,
          16.2389443
        ]
      },
      "id": "node/12690482722"
    },
    {
      "type": "Feature",
      "properties": {
        "@id": "node/12690483768",
        "addr:city": "tenali",
        "addr:district": "guntur",
        "addr:full": "D.No: 8-19-110, Railway Sta Rd,",
        "addr:postcode": "522202",
        "addr:street": "Morrispet",
        "amenity": "restaurant",
        "name": "Goutam Grand",
        "website": "https://www.gouthamhotels.com/"
      },
      "geometry": {
        "type": "Point",
        "coordinates": [
          80.64288,
          16.239542
        ]
      },
      "id": "node/12690483768"
    },
    {
      "type": "Feature",
      "properties": {
        "@id": "node/12690488406",
        "amenity": "restaurant",
        "cuisine": "chicken",
        "diet:non-vegetarian": "yes",
        "name": "Chillies"
      },
      "geometry": {
        "type": "Point",
        "coordinates": [
          80.4382499,
          16.3342158
        ]
      },
      "id": "node/12690488406"
    },
    {
      "type": "Feature",
      "properties": {
        "@id": "node/12696068180",
        "amenity": "restaurant",
        "cuisine": "indian",
        "name": "abiruchi food court",
        "opening_hours": "Mo-Su 10:00-20:00"
      },
      "geometry": {
        "type": "Point",
        "coordinates": [
          79.625097,
          14.6188226
        ]
      },
      "id": "node/12696068180"
    },
    {
      "type": "Feature",
      "properties": {
        "@id": "node/12696075883",
        "amenity": "restaurant",
        "name": "mastan hotel"
      },
      "geometry": {
        "type": "Point",
        "coordinates": [
          79.6236561,
          14.6205219
        ]
      },
      "id": "node/12696075883"
    },
    {
      "type": "Feature",
      "properties": {
        "@id": "node/12696088933",
        "amenity": "restaurant",
        "name": "coconut water"
      },
      "geometry": {
        "type": "Point",
        "coordinates": [
          80.6190077,
          16.4449194
        ]
      },
      "id": "node/12696088933"
    },
    {
      "type": "Feature",
      "properties": {
        "@id": "node/12711064615",
        "amenity": "restaurant",
        "check_date": "2025-03-30",
        "name": "Sudheer Food Court"
      },
      "geometry": {
        "type": "Point",
        "coordinates": [
          83.2137351,
          17.7883435
        ]
      },
      "id": "node/12711064615"
    },
    {
      "type": "Feature",
      "properties": {
        "@id": "node/12711662221",
        "amenity": "restaurant",
        "check_date": "2025-03-30",
        "name": "Amaravati Hotel & Catering"
      },
      "geometry": {
        "type": "Point",
        "coordinates": [
          83.2166558,
          17.7762154
        ]
      },
      "id": "node/12711662221"
    },
    {
      "type": "Feature",
      "properties": {
        "@id": "node/12713010160",
        "amenity": "restaurant",
        "check_date": "2025-03-30",
        "name": "Annapurna"
      },
      "geometry": {
        "type": "Point",
        "coordinates": [
          83.2989848,
          17.7108053
        ]
      },
      "id": "node/12713010160"
    },
    {
      "type": "Feature",
      "properties": {
        "@id": "node/12713272990",
        "amenity": "restaurant",
        "check_date": "2025-03-30",
        "name": "Jai Jagannath Parlor"
      },
      "geometry": {
        "type": "Point",
        "coordinates": [
          83.3030649,
          17.7103472
        ]
      },
      "id": "node/12713272990"
    },
    {
      "type": "Feature",
      "properties": {
        "@id": "node/12728598520",
        "amenity": "restaurant",
        "cuisine": "indian",
        "name": "biryani shop"
      },
      "geometry": {
        "type": "Point",
        "coordinates": [
          80.654808,
          16.2109959
        ]
      },
      "id": "node/12728598520"
    },
    {
      "type": "Feature",
      "properties": {
        "@id": "node/12728610987",
        "amenity": "restaurant",
        "name": "food restaurant"
      },
      "geometry": {
        "type": "Point",
        "coordinates": [
          80.6504008,
          16.2382367
        ]
      },
      "id": "node/12728610987"
    },
    {
      "type": "Feature",
      "properties": {
        "@id": "node/12741728972",
        "amenity": "restaurant",
        "name": "The Kavali Grand A/C Family Restaurant"
      },
      "geometry": {
        "type": "Point",
        "coordinates": [
          79.9981606,
          14.9906471
        ]
      },
      "id": "node/12741728972"
    },
    {
      "type": "Feature",
      "properties": {
        "@id": "node/12753824725",
        "amenity": "restaurant",
        "check_date": "2025-04-14",
        "name": "Andhra Vindu"
      },
      "geometry": {
        "type": "Point",
        "coordinates": [
          83.2084497,
          17.8061519
        ]
      },
      "id": "node/12753824725"
    },
    {
      "type": "Feature",
      "properties": {
        "@id": "node/12768425920",
        "amenity": "restaurant",
        "check_date": "2025-04-19",
        "name": "Anna Canteen"
      },
      "geometry": {
        "type": "Point",
        "coordinates": [
          80.4380792,
          16.3313254
        ]
      },
      "id": "node/12768425920"
    },
    {
      "type": "Feature",
      "properties": {
        "@id": "node/12768425924",
        "amenity": "restaurant",
        "check_date": "2025-04-19",
        "name": "Vintage Kitchen"
      },
      "geometry": {
        "type": "Point",
        "coordinates": [
          80.4387837,
          16.3352285
        ]
      },
      "id": "node/12768425924"
    },
    {
      "type": "Feature",
      "properties": {
        "@id": "node/12768439909",
        "amenity": "restaurant",
        "check_date": "2025-04-19",
        "name": "The Wagon Wheel"
      },
      "geometry": {
        "type": "Point",
        "coordinates": [
          80.4493329,
          16.3279044
        ]
      },
      "id": "node/12768439909"
    },
    {
      "type": "Feature",
      "properties": {
        "@id": "node/12792065911",
        "amenity": "restaurant",
        "check_date": "2025-07-11",
        "internet_access": "wlan",
        "internet_access:fee": "customers",
        "name": "Crossroads"
      },
      "geometry": {
        "type": "Point",
        "coordinates": [
          80.7801566,
          16.5234786
        ]
      },
      "id": "node/12792065911"
    },
    {
      "type": "Feature",
      "properties": {
        "@id": "node/12797519289",
        "addr:city": "KANDUKUR",
        "addr:district": "Prakasam",
        "addr:postcode": "523105",
        "addr:street": "OPPOSITE KOTA REDDY BUS STAND, NEAR YAMAHA SHOWROOM",
        "amenity": "restaurant",
        "cuisine": "chinese;indian",
        "name": "MR FOODIEE",
        "opening_hours": "Mo-Su 09:00-22:00",
        "phone": "+916300383007",
        "website": "https://mrfoodiee.store.shoopy.in/"
      },
      "geometry": {
        "type": "Point",
        "coordinates": [
          79.9132622,
          15.219979
        ]
      },
      "id": "node/12797519289"
    },
    {
      "type": "Feature",
      "properties": {
        "@id": "node/12837010526",
        "amenity": "restaurant",
        "check_date": "2025-05-14",
        "name": "Neha's Kitchen"
      },
      "geometry": {
        "type": "Point",
        "coordinates": [
          83.1623547,
          17.6850378
        ]
      },
      "id": "node/12837010526"
    },
    {
      "type": "Feature",
      "properties": {
        "@id": "node/12837010579",
        "amenity": "restaurant",
        "check_date": "2025-05-14",
        "name": "Anna Canteen"
      },
      "geometry": {
        "type": "Point",
        "coordinates": [
          83.2332053,
          17.6899483
        ]
      },
      "id": "node/12837010579"
    },
    {
      "type": "Feature",
      "properties": {
        "@id": "node/12837273907",
        "amenity": "restaurant",
        "check_date": "2025-05-14",
        "name": "Eaters Stop"
      },
      "geometry": {
        "type": "Point",
        "coordinates": [
          83.228131,
          17.7347613
        ]
      },
      "id": "node/12837273907"
    },
    {
      "type": "Feature",
      "properties": {
        "@id": "node/12846608877",
        "amenity": "restaurant",
        "name": "GRILLS"
      },
      "geometry": {
        "type": "Point",
        "coordinates": [
          80.6433611,
          16.5026738
        ]
      },
      "id": "node/12846608877"
    },
    {
      "type": "Feature",
      "properties": {
        "@id": "node/12846608878",
        "amenity": "restaurant"
      },
      "geometry": {
        "type": "Point",
        "coordinates": [
          80.6437967,
          16.5024516
        ]
      },
      "id": "node/12846608878"
    },
    {
      "type": "Feature",
      "properties": {
        "@id": "node/12846862618",
        "amenity": "restaurant",
        "name": "tiffin spot"
      },
      "geometry": {
        "type": "Point",
        "coordinates": [
          80.6437946,
          16.5024758
        ]
      },
      "id": "node/12846862618"
    },
    {
      "type": "Feature",
      "properties": {
        "@id": "node/12848032688",
        "amenity": "restaurant",
        "name": "Nice Restaurant"
      },
      "geometry": {
        "type": "Point",
        "coordinates": [
          80.4710175,
          15.9045771
        ]
      },
      "id": "node/12848032688"
    },
    {
      "type": "Feature",
      "properties": {
        "@id": "node/12848072899",
        "amenity": "restaurant",
        "name": "Pagadala Grand"
      },
      "geometry": {
        "type": "Point",
        "coordinates": [
          80.4681613,
          15.9016691
        ]
      },
      "id": "node/12848072899"
    },
    {
      "type": "Feature",
      "properties": {
        "@id": "node/12848822702",
        "amenity": "restaurant",
        "name": "Kodi Kura Pappucharu"
      },
      "geometry": {
        "type": "Point",
        "coordinates": [
          80.6140903,
          16.472193
        ]
      },
      "id": "node/12848822702"
    },
    {
      "type": "Feature",
      "properties": {
        "@id": "node/12848826812",
        "amenity": "restaurant",
        "name": "Annapurna"
      },
      "geometry": {
        "type": "Point",
        "coordinates": [
          80.6145314,
          16.4723115
        ]
      },
      "id": "node/12848826812"
    },
    {
      "type": "Feature",
      "properties": {
        "@id": "node/12849292779",
        "addr:city": "Vijayawada",
        "addr:district": "NTR",
        "addr:housenumber": "MG Rd, Opposite Kalanjali, Labbipet, Vijayawada, Andhra Pradesh 520010",
        "addr:postcode": "520010",
        "addr:street": "MG Road",
        "amenity": "restaurant",
        "name": "Temptations"
      },
      "geometry": {
        "type": "Point",
        "coordinates": [
          80.6427016,
          16.5025001
        ]
      },
      "id": "node/12849292779"
    },
    {
      "type": "Feature",
      "properties": {
        "@id": "node/12850185597",
        "addr:city": "Vijayawada",
        "addr:district": "NTR",
        "addr:housenumber": "Venus Apartments, Sri Natrajan Guljar Rd, Venkateswara Puram, Acharya Ranga Nagar, Benz Circle, Vijayawada, Andhra Pradesh 520010",
        "addr:postcode": "520010",
        "addr:street": "MG Road",
        "amenity": "restaurant",
        "name": "Budget Fried Chicken - BFC"
      },
      "geometry": {
        "type": "Point",
        "coordinates": [
          80.6485813,
          16.5004066
        ]
      },
      "id": "node/12850185597"
    },
    {
      "type": "Feature",
      "properties": {
        "@id": "node/12850501795",
        "addr:city": "Vijayawada",
        "addr:district": "NTR",
        "addr:housenumber": "40-1-51C, 2nd Floor, KBCL Building, MG Rd, beside KFC building, Aacharya, near Benz Circle, Acharya Ranga Nagar, Vijayawada, Andhra Pradesh 520010",
        "addr:postcode": "520010",
        "addr:street": "MG Road",
        "amenity": "restaurant",
        "name": "Platform 65"
      },
      "geometry": {
        "type": "Point",
        "coordinates": [
          80.6516276,
          16.4991016
        ]
      },
      "id": "node/12850501795"
    },
    {
      "type": "Feature",
      "properties": {
        "@id": "node/12850656961",
        "addr:city": "Vijayawada",
        "addr:district": "NTR",
        "addr:housenumber": "Kala Nagar Rd, near KFC, Sai Nagar, Kala Nagar, Acharya Ranga Nagar, Benz Circle, Vijayawada, Andhra Pradesh 520010",
        "addr:postcode": "520010",
        "addr:street": "MG Road",
        "amenity": "restaurant",
        "name": "United Food palace"
      },
      "geometry": {
        "type": "Point",
        "coordinates": [
          80.6531052,
          16.4986946
        ]
      },
      "id": "node/12850656961"
    },
    {
      "type": "Feature",
      "properties": {
        "@id": "node/12850836729",
        "addr:city": "VIJAYAWADA",
        "addr:district": "NTR",
        "addr:housenumber": "36-12-11, 2nd Ln, Moghalrajpuram, Shanti Nagar, Labbipet, Vijayawada, Andhra Pradesh 520010",
        "addr:postcode": "520010",
        "addr:street": "AS Rama Rao Road",
        "amenity": "restaurant",
        "name": "Tarnaka"
      },
      "geometry": {
        "type": "Point",
        "coordinates": [
          80.6431127,
          16.506922
        ]
      },
      "id": "node/12850836729"
    },
    {
      "type": "Feature",
      "properties": {
        "@id": "node/12850913490",
        "addr:city": "Vijayawada",
        "addr:district": "NTR",
        "addr:housenumber": "Jammi Chettu Center, beside HP Petrol Pump, Mogalrajapuram, Christurajupuram, Vijayawada, Andhra Pradesh 520010",
        "addr:postcode": "520010",
        "addr:street": "AS Rama Rao Road",
        "amenity": "restaurant",
        "cuisine": "rayalaseema",
        "name": "Kritunga Restaurant"
      },
      "geometry": {
        "type": "Point",
        "coordinates": [
          80.6451821,
          16.5068271
        ]
      },
      "id": "node/12850913490"
    },
    {
      "type": "Feature",
      "properties": {
        "@id": "node/12852370693",
        "amenity": "restaurant",
        "check_date": "2025-05-21",
        "name": "My Home Restraunt"
      },
      "geometry": {
        "type": "Point",
        "coordinates": [
          80.6434207,
          16.5070668
        ]
      },
      "id": "node/12852370693"
    },
    {
      "type": "Feature",
      "properties": {
        "@id": "node/12852502790",
        "amenity": "restaurant",
        "check_date": "2025-05-21",
        "name": "Good Morning"
      },
      "geometry": {
        "type": "Point",
        "coordinates": [
          80.6479872,
          16.5061539
        ]
      },
      "id": "node/12852502790"
    },
    {
      "type": "Feature",
      "properties": {
        "@id": "node/12852590172",
        "amenity": "restaurant",
        "check_date": "2025-05-21",
        "name": "AL-Rahim Family Restaurant"
      },
      "geometry": {
        "type": "Point",
        "coordinates": [
          80.649528,
          16.5067535
        ]
      },
      "id": "node/12852590172"
    },
    {
      "type": "Feature",
      "properties": {
        "@id": "node/12852595570",
        "amenity": "restaurant",
        "check_date": "2025-05-21",
        "cuisine": "breakfast",
        "name": "Anjali Tiffin Centre"
      },
      "geometry": {
        "type": "Point",
        "coordinates": [
          80.6501043,
          16.5071826
        ]
      },
      "id": "node/12852595570"
    },
    {
      "type": "Feature",
      "properties": {
        "@id": "node/12852751079",
        "amenity": "restaurant",
        "check_date": "2025-05-21",
        "name": "Dashing Ruchulu"
      },
      "geometry": {
        "type": "Point",
        "coordinates": [
          80.6392456,
          16.5040044
        ]
      },
      "id": "node/12852751079"
    },
    {
      "type": "Feature",
      "properties": {
        "@id": "node/12852858673",
        "amenity": "restaurant",
        "check_date": "2025-05-21",
        "name": "Sairam Tiffins Mess"
      },
      "geometry": {
        "type": "Point",
        "coordinates": [
          80.6406258,
          16.5091141
        ]
      },
      "id": "node/12852858673"
    },
    {
      "type": "Feature",
      "properties": {
        "@id": "node/12852862559",
        "amenity": "restaurant",
        "check_date": "2025-05-21",
        "name": "Mana Bhojana Shala"
      },
      "geometry": {
        "type": "Point",
        "coordinates": [
          80.6404125,
          16.5071413
        ]
      },
      "id": "node/12852862559"
    },
    {
      "type": "Feature",
      "properties": {
        "@id": "node/12854808355",
        "amenity": "restaurant",
        "name": "annapurna"
      },
      "geometry": {
        "type": "Point",
        "coordinates": [
          80.6382388,
          16.5298187
        ]
      },
      "id": "node/12854808355"
    },
    {
      "type": "Feature",
      "properties": {
        "@id": "node/12854843092",
        "amenity": "restaurant",
        "check_date": "2025-07-24",
        "internet_access": "no",
        "name": "RR Joints",
        "payment:cash": "yes",
        "payment:credit_cards": "yes",
        "payment:debit_cards": "yes",
        "wheelchair": "no"
      },
      "geometry": {
        "type": "Point",
        "coordinates": [
          80.6381876,
          16.5298759
        ]
      },
      "id": "node/12854843092"
    },
    {
      "type": "Feature",
      "properties": {
        "@id": "node/12854873231",
        "amenity": "restaurant",
        "name": "anna canteen"
      },
      "geometry": {
        "type": "Point",
        "coordinates": [
          80.6364446,
          16.5283809
        ]
      },
      "id": "node/12854873231"
    },
    {
      "type": "Feature",
      "properties": {
        "@id": "node/12860423356",
        "amenity": "restaurant",
        "name": "Rambabu Biriyani Point"
      },
      "geometry": {
        "type": "Point",
        "coordinates": [
          80.4684779,
          15.9023568
        ]
      },
      "id": "node/12860423356"
    },
    {
      "type": "Feature",
      "properties": {
        "@id": "node/12860426359",
        "amenity": "restaurant",
        "name": "Orange Restaurant"
      },
      "geometry": {
        "type": "Point",
        "coordinates": [
          80.4682335,
          15.9026237
        ]
      },
      "id": "node/12860426359"
    },
    {
      "type": "Feature",
      "properties": {
        "@id": "node/12860719233",
        "amenity": "restaurant",
        "name": "Dolphin Biriyani Point"
      },
      "geometry": {
        "type": "Point",
        "coordinates": [
          80.4717036,
          15.9055627
        ]
      },
      "id": "node/12860719233"
    },
    {
      "type": "Feature",
      "properties": {
        "@id": "node/12860783867",
        "amenity": "restaurant",
        "name": "Hotel Goutham"
      },
      "geometry": {
        "type": "Point",
        "coordinates": [
          80.4780651,
          15.9082554
        ]
      },
      "id": "node/12860783867"
    },
    {
      "type": "Feature",
      "properties": {
        "@id": "node/12862090008",
        "amenity": "restaurant",
        "name": "Sri Rameswara Canteen"
      },
      "geometry": {
        "type": "Point",
        "coordinates": [
          80.5609625,
          16.0634573
        ]
      },
      "id": "node/12862090008"
    },
    {
      "type": "Feature",
      "properties": {
        "@id": "node/12862104717",
        "amenity": "restaurant",
        "name": "Baji Sea Foods"
      },
      "geometry": {
        "type": "Point",
        "coordinates": [
          80.5532435,
          16.0643944
        ]
      },
      "id": "node/12862104717"
    },
    {
      "type": "Feature",
      "properties": {
        "@id": "node/12864714668",
        "amenity": "restaurant",
        "brand": "Pizza Hut",
        "brand:wikidata": "Q191615",
        "check_date": "2025-05-25",
        "cuisine": "pizza",
        "name": "Pizza Hut"
      },
      "geometry": {
        "type": "Point",
        "coordinates": [
          83.1629557,
          17.6967262
        ]
      },
      "id": "node/12864714668"
    },
    {
      "type": "Feature",
      "properties": {
        "@id": "node/12864714670",
        "amenity": "restaurant",
        "check_date": "2025-05-25",
        "name": "Nandanam"
      },
      "geometry": {
        "type": "Point",
        "coordinates": [
          83.1612445,
          17.6980422
        ]
      },
      "id": "node/12864714670"
    },
    {
      "type": "Feature",
      "properties": {
        "@id": "node/12865219827",
        "amenity": "restaurant",
        "name": "SK Tabarak Hyderabadi Biriyani Hub"
      },
      "geometry": {
        "type": "Point",
        "coordinates": [
          80.4514926,
          16.292688
        ]
      },
      "id": "node/12865219827"
    },
    {
      "type": "Feature",
      "properties": {
        "@id": "node/12865239140",
        "amenity": "restaurant",
        "name": "Biriyani Palace"
      },
      "geometry": {
        "type": "Point",
        "coordinates": [
          80.4516116,
          16.2931083
        ]
      },
      "id": "node/12865239140"
    },
    {
      "type": "Feature",
      "properties": {
        "@id": "node/12865250860",
        "amenity": "restaurant",
        "name": "Sri Vigneswara Restaurant & Bar"
      },
      "geometry": {
        "type": "Point",
        "coordinates": [
          80.4372379,
          16.2919587
        ]
      },
      "id": "node/12865250860"
    },
    {
      "type": "Feature",
      "properties": {
        "@id": "node/12865269166",
        "amenity": "restaurant",
        "name": "Brundhavan Restaurant & Bar"
      },
      "geometry": {
        "type": "Point",
        "coordinates": [
          80.4470056,
          16.2942842
        ]
      },
      "id": "node/12865269166"
    },
    {
      "type": "Feature",
      "properties": {
        "@id": "node/12865308723",
        "amenity": "restaurant",
        "name": "Anjaneya Mess"
      },
      "geometry": {
        "type": "Point",
        "coordinates": [
          80.4464703,
          16.2994265
        ]
      },
      "id": "node/12865308723"
    },
    {
      "type": "Feature",
      "properties": {
        "@id": "node/12865327560",
        "amenity": "restaurant",
        "name": "M V R Biriyani"
      },
      "geometry": {
        "type": "Point",
        "coordinates": [
          80.4391561,
          16.2942476
        ]
      },
      "id": "node/12865327560"
    },
    {
      "type": "Feature",
      "properties": {
        "@id": "node/12865352110",
        "amenity": "restaurant",
        "name": "Hello Idly"
      },
      "geometry": {
        "type": "Point",
        "coordinates": [
          80.440014,
          16.2914103
        ]
      },
      "id": "node/12865352110"
    },
    {
      "type": "Feature",
      "properties": {
        "@id": "node/12865881291",
        "amenity": "restaurant",
        "name": "Karthikeya Food Court"
      },
      "geometry": {
        "type": "Point",
        "coordinates": [
          80.4405906,
          16.2844698
        ]
      },
      "id": "node/12865881291"
    },
    {
      "type": "Feature",
      "properties": {
        "@id": "node/12865890538",
        "amenity": "restaurant",
        "name": "S R Food Court"
      },
      "geometry": {
        "type": "Point",
        "coordinates": [
          80.4403698,
          16.282409
        ]
      },
      "id": "node/12865890538"
    },
    {
      "type": "Feature",
      "properties": {
        "@id": "node/12868327081",
        "amenity": "restaurant",
        "check_date": "2025-07-11",
        "cuisine": "pizza;burger;coffee_shop",
        "diet:vegan": "yes",
        "diet:vegetarian": "yes",
        "internet_access": "wlan",
        "internet_access:fee": "no",
        "name": "RR Durbar",
        "payment:cash": "yes",
        "payment:credit_cards": "yes",
        "payment:debit_cards": "yes",
        "wheelchair": "yes"
      },
      "geometry": {
        "type": "Point",
        "coordinates": [
          80.6549476,
          16.4913034
        ]
      },
      "id": "node/12868327081"
    },
    {
      "type": "Feature",
      "properties": {
        "@id": "node/12868341103",
        "amenity": "restaurant",
        "check_date": "2025-07-11",
        "cuisine": "pizza;burger",
        "diet:vegan": "yes",
        "diet:vegetarian": "yes",
        "internet_access": "wlan",
        "internet_access:fee": "no",
        "name": "New Taste Restaurant",
        "payment:cash": "yes",
        "payment:credit_cards": "yes",
        "payment:debit_cards": "yes",
        "wheelchair": "yes"
      },
      "geometry": {
        "type": "Point",
        "coordinates": [
          80.6543825,
          16.492246
        ]
      },
      "id": "node/12868341103"
    },
    {
      "type": "Feature",
      "properties": {
        "@id": "node/12868343288",
        "amenity": "restaurant",
        "check_date": "2025-07-11",
        "diet:vegan": "yes",
        "diet:vegetarian": "yes",
        "internet_access": "wlan",
        "internet_access:fee": "no",
        "name": "Madhuri Foods",
        "payment:cash": "yes",
        "payment:credit_cards": "yes",
        "payment:debit_cards": "yes",
        "wheelchair": "yes"
      },
      "geometry": {
        "type": "Point",
        "coordinates": [
          80.6541801,
          16.4922523
        ]
      },
      "id": "node/12868343288"
    },
    {
      "type": "Feature",
      "properties": {
        "@id": "node/12868348314",
        "amenity": "restaurant",
        "check_date": "2025-07-11",
        "cuisine": "pizza;burger",
        "diet:vegan": "yes",
        "diet:vegetarian": "yes",
        "internet_access": "wlan",
        "internet_access:fee": "no",
        "name": "SS Biriyani & Curry Point",
        "payment:cash": "yes",
        "payment:credit_cards": "yes",
        "payment:debit_cards": "yes",
        "wheelchair": "yes"
      },
      "geometry": {
        "type": "Point",
        "coordinates": [
          80.654196,
          16.4895575
        ]
      },
      "id": "node/12868348314"
    },
    {
      "type": "Feature",
      "properties": {
        "@id": "node/12870980484",
        "amenity": "restaurant",
        "check_date": "2025-07-11",
        "name": "Paradise Biriyani"
      },
      "geometry": {
        "type": "Point",
        "coordinates": [
          80.6545807,
          16.4990532
        ]
      },
      "id": "node/12870980484"
    },
    {
      "type": "Feature",
      "properties": {
        "@id": "node/12870983909",
        "amenity": "restaurant",
        "check_date": "2025-07-11",
        "name": "Shakes & Burgers"
      },
      "geometry": {
        "type": "Point",
        "coordinates": [
          80.6546293,
          16.4993204
        ]
      },
      "id": "node/12870983909"
    },
    {
      "type": "Feature",
      "properties": {
        "@id": "node/12871004039",
        "amenity": "restaurant",
        "check_date": "2025-07-11",
        "name": "Tibbs Frankie"
      },
      "geometry": {
        "type": "Point",
        "coordinates": [
          80.6536269,
          16.4983886
        ]
      },
      "id": "node/12871004039"
    },
    {
      "type": "Feature",
      "properties": {
        "@id": "node/12871010136",
        "amenity": "restaurant",
        "check_date": "2025-07-11",
        "name": "Barbeque Pride"
      },
      "geometry": {
        "type": "Point",
        "coordinates": [
          80.6538166,
          16.4981889
        ]
      },
      "id": "node/12871010136"
    },
    {
      "type": "Feature",
      "properties": {
        "@id": "node/12871689290",
        "amenity": "restaurant",
        "name": "Aromas"
      },
      "geometry": {
        "type": "Point",
        "coordinates": [
          80.6481832,
          16.5002716
        ]
      },
      "id": "node/12871689290"
    },
    {
      "type": "Feature",
      "properties": {
        "@id": "node/12871712115",
        "amenity": "restaurant",
        "name": "Barbeque Nation"
      },
      "geometry": {
        "type": "Point",
        "coordinates": [
          80.6458131,
          16.5002393
        ]
      },
      "id": "node/12871712115"
    },
    {
      "type": "Feature",
      "properties": {
        "@id": "node/12872818253",
        "amenity": "restaurant",
        "brand": "Sweet Chariot",
        "delivery": "yes",
        "name": "Sweet Magic Restaurant",
        "takeaway": "yes"
      },
      "geometry": {
        "type": "Point",
        "coordinates": [
          80.6428728,
          16.501645
        ]
      },
      "id": "node/12872818253"
    },
    {
      "type": "Feature",
      "properties": {
        "@id": "node/12873263506",
        "amenity": "restaurant",
        "name": "Swagath Restaurant"
      },
      "geometry": {
        "type": "Point",
        "coordinates": [
          80.6396878,
          16.5060459
        ]
      },
      "id": "node/12873263506"
    },
    {
      "type": "Feature",
      "properties": {
        "@id": "node/12873299572",
        "amenity": "restaurant",
        "name": "Vindhu Maharaj Family Restaurant"
      },
      "geometry": {
        "type": "Point",
        "coordinates": [
          80.6408437,
          16.5082944
        ]
      },
      "id": "node/12873299572"
    },
    {
      "type": "Feature",
      "properties": {
        "@id": "node/12873315409",
        "amenity": "restaurant",
        "name": "Vijaya Durga Fruit Juice & Ice Creams"
      },
      "geometry": {
        "type": "Point",
        "coordinates": [
          80.640044,
          16.5070271
        ]
      },
      "id": "node/12873315409"
    },
    {
      "type": "Feature",
      "properties": {
        "@id": "node/12873389819",
        "amenity": "restaurant",
        "name": "Dosa Palace"
      },
      "geometry": {
        "type": "Point",
        "coordinates": [
          80.6440992,
          16.506822
        ]
      },
      "id": "node/12873389819"
    },
    {
      "type": "Feature",
      "properties": {
        "@id": "node/12873548127",
        "amenity": "restaurant",
        "name": "Moghal Restaurant & Bar"
      },
      "geometry": {
        "type": "Point",
        "coordinates": [
          80.6451605,
          16.50652
        ]
      },
      "id": "node/12873548127"
    },
    {
      "type": "Feature",
      "properties": {
        "@id": "node/12873577899",
        "amenity": "restaurant",
        "name": "TFL"
      },
      "geometry": {
        "type": "Point",
        "coordinates": [
          80.6440227,
          16.5066021
        ]
      },
      "id": "node/12873577899"
    },
    {
      "type": "Feature",
      "properties": {
        "@id": "node/12873578964",
        "amenity": "restaurant",
        "name": "Food Xpress"
      },
      "geometry": {
        "type": "Point",
        "coordinates": [
          80.6448582,
          16.5066098
        ]
      },
      "id": "node/12873578964"
    },
    {
      "type": "Feature",
      "properties": {
        "@id": "node/12873747102",
        "amenity": "restaurant",
        "name": "Manor Food Plaza"
      },
      "geometry": {
        "type": "Point",
        "coordinates": [
          80.648867,
          16.502121
        ]
      },
      "id": "node/12873747102"
    },
    {
      "type": "Feature",
      "properties": {
        "@id": "node/12873758118",
        "amenity": "restaurant",
        "name": "Dinesh Restaurant"
      },
      "geometry": {
        "type": "Point",
        "coordinates": [
          80.6490709,
          16.5025737
        ]
      },
      "id": "node/12873758118"
    },
    {
      "type": "Feature",
      "properties": {
        "@id": "node/12873774916",
        "amenity": "restaurant",
        "name": "City Central Restaurant & Bar"
      },
      "geometry": {
        "type": "Point",
        "coordinates": [
          80.652081,
          16.5026587
        ]
      },
      "id": "node/12873774916"
    },
    {
      "type": "Feature",
      "properties": {
        "@id": "node/12875295678",
        "amenity": "restaurant",
        "name": "Koolants"
      },
      "geometry": {
        "type": "Point",
        "coordinates": [
          80.6548801,
          16.5035358
        ]
      },
      "id": "node/12875295678"
    },
    {
      "type": "Feature",
      "properties": {
        "@id": "node/12875361890",
        "amenity": "restaurant",
        "name": "Dolphin's Family Restaurant"
      },
      "geometry": {
        "type": "Point",
        "coordinates": [
          80.6571228,
          16.5013964
        ]
      },
      "id": "node/12875361890"
    },
    {
      "type": "Feature",
      "properties": {
        "@id": "node/12875378532",
        "amenity": "restaurant",
        "name": "Priya Aahar Foods"
      },
      "geometry": {
        "type": "Point",
        "coordinates": [
          80.6545488,
          16.5021291
        ]
      },
      "id": "node/12875378532"
    },
    {
      "type": "Feature",
      "properties": {
        "@id": "node/12875433907",
        "amenity": "restaurant",
        "name": "Brew Buzz"
      },
      "geometry": {
        "type": "Point",
        "coordinates": [
          80.6575064,
          16.5022746
        ]
      },
      "id": "node/12875433907"
    },
    {
      "type": "Feature",
      "properties": {
        "@id": "node/12875445031",
        "amenity": "restaurant",
        "name": "Royal Nawaab Restaurant"
      },
      "geometry": {
        "type": "Point",
        "coordinates": [
          80.6574903,
          16.5017693
        ]
      },
      "id": "node/12875445031"
    },
    {
      "type": "Feature",
      "properties": {
        "@id": "node/12875511958",
        "amenity": "restaurant",
        "name": "The Granios"
      },
      "geometry": {
        "type": "Point",
        "coordinates": [
          80.6614712,
          16.5043448
        ]
      },
      "id": "node/12875511958"
    },
    {
      "type": "Feature",
      "properties": {
        "@id": "node/12875527619",
        "amenity": "restaurant",
        "name": "Shake Square"
      },
      "geometry": {
        "type": "Point",
        "coordinates": [
          80.6613733,
          16.5045801
        ]
      },
      "id": "node/12875527619"
    },
    {
      "type": "Feature",
      "properties": {
        "@id": "node/12875539699",
        "amenity": "restaurant",
        "check_date": "2025-07-11",
        "cuisine": "pizza;burger;coffee_shop",
        "diet:vegan": "yes",
        "diet:vegetarian": "yes",
        "internet_access": "wlan",
        "internet_access:fee": "no",
        "name": "Kaizen's Kitchen",
        "payment:cash": "yes",
        "payment:credit_cards": "yes",
        "payment:debit_cards": "yes",
        "wheelchair": "yes"
      },
      "geometry": {
        "type": "Point",
        "coordinates": [
          80.6634817,
          16.5047263
        ]
      },
      "id": "node/12875539699"
    },
    {
      "type": "Feature",
      "properties": {
        "@id": "node/12875542144",
        "amenity": "restaurant",
        "check_date": "2025-07-11",
        "diet:vegetarian": "yes",
        "internet_access": "wlan",
        "internet_access:fee": "no",
        "name": "Sri Anjaneya Restaurant",
        "payment:cash": "yes",
        "payment:credit_cards": "yes",
        "payment:debit_cards": "yes"
      },
      "geometry": {
        "type": "Point",
        "coordinates": [
          80.6655024,
          16.5034267
        ]
      },
      "id": "node/12875542144"
    },
    {
      "type": "Feature",
      "properties": {
        "@id": "node/12875545103",
        "amenity": "restaurant",
        "brand": "Pizza Hut",
        "brand:wikidata": "Q191615",
        "cuisine": "pizza",
        "name": "Pizza Hut"
      },
      "geometry": {
        "type": "Point",
        "coordinates": [
          80.6619569,
          16.5050157
        ]
      },
      "id": "node/12875545103"
    },
    {
      "type": "Feature",
      "properties": {
        "@id": "node/12875545858",
        "amenity": "restaurant",
        "check_date": "2025-07-11",
        "diet:vegetarian": "yes",
        "internet_access": "wlan",
        "internet_access:fee": "no",
        "name": "Sri Karthikeya Tiffin Centre",
        "payment:cash": "yes",
        "payment:credit_cards": "yes",
        "payment:debit_cards": "yes"
      },
      "geometry": {
        "type": "Point",
        "coordinates": [
          80.6642193,
          16.5041901
        ]
      },
      "id": "node/12875545858"
    },
    {
      "type": "Feature",
      "properties": {
        "@id": "node/12875549933",
        "amenity": "restaurant",
        "check_date": "2025-07-11",
        "diet:vegetarian": "yes",
        "internet_access": "wlan",
        "internet_access:fee": "no",
        "name": "Vindhu Bojhanam",
        "payment:cash": "yes",
        "payment:credit_cards": "yes",
        "payment:debit_cards": "yes"
      },
      "geometry": {
        "type": "Point",
        "coordinates": [
          80.6642474,
          16.5039394
        ]
      },
      "id": "node/12875549933"
    },
    {
      "type": "Feature",
      "properties": {
        "@id": "node/12875556615",
        "amenity": "restaurant",
        "name": "Shawarma Grill"
      },
      "geometry": {
        "type": "Point",
        "coordinates": [
          80.6645251,
          16.5042326
        ]
      },
      "id": "node/12875556615"
    },
    {
      "type": "Feature",
      "properties": {
        "@id": "node/12875616621",
        "amenity": "restaurant",
        "check_date": "2025-07-11",
        "diet:vegetarian": "yes",
        "internet_access": "wlan",
        "internet_access:fee": "no",
        "name": "Monk's Kitchen"
      },
      "geometry": {
        "type": "Point",
        "coordinates": [
          80.6673839,
          16.5033463
        ]
      },
      "id": "node/12875616621"
    },
    {
      "type": "Feature",
      "properties": {
        "@id": "node/12875650080",
        "amenity": "restaurant",
        "check_date": "2025-07-11",
        "cuisine": "indian;pizza;chinese;sandwich;kebab;ice_cream;seafood;noodle;korean",
        "diet:meat": "yes",
        "diet:non-vegetarian": "yes",
        "diet:seafood": "yes",
        "diet:vegan": "yes",
        "diet:vegetarian": "yes",
        "internet_access": "wlan",
        "internet_access:fee": "customers",
        "name": "Spicy Biriyani Hub",
        "payment:cash": "yes",
        "payment:credit_cards": "yes",
        "payment:debit_cards": "yes",
        "wheelchair": "no"
      },
      "geometry": {
        "type": "Point",
        "coordinates": [
          80.6707127,
          16.5015308
        ]
      },
      "id": "node/12875650080"
    },
    {
      "type": "Feature",
      "properties": {
        "@id": "node/12875655620",
        "amenity": "restaurant",
        "check_date": "2025-07-11",
        "cuisine": "indian;pizza;burger;italian;sandwich;chicken;kebab",
        "diet:local": "yes",
        "diet:meat": "yes",
        "diet:non-vegetarian": "yes",
        "diet:vegan": "yes",
        "diet:vegetarian": "yes",
        "internet_access": "wlan",
        "internet_access:fee": "no",
        "name": "Malik Biriyani House",
        "payment:cash": "yes",
        "payment:credit_cards": "yes",
        "payment:debit_cards": "yes",
        "wheelchair": "yes"
      },
      "geometry": {
        "type": "Point",
        "coordinates": [
          80.6689766,
          16.5026245
        ]
      },
      "id": "node/12875655620"
    },
    {
      "type": "Feature",
      "properties": {
        "@id": "node/12875655622",
        "amenity": "restaurant",
        "check_date": "2025-07-11",
        "cuisine": "indian;pizza;burger;italian;chinese;chicken;sandwich;kebab;asian;ice_cream;seafood",
        "diet:chicken": "yes",
        "diet:healthy": "yes",
        "diet:local": "yes",
        "diet:meat": "yes",
        "diet:non-vegetarian": "yes",
        "diet:vegan": "yes",
        "diet:vegetarian": "yes",
        "internet_access": "wlan",
        "internet_access:fee": "no",
        "name": "Sri Durga Vilas",
        "payment:cash": "yes",
        "payment:credit_cards": "yes",
        "payment:debit_cards": "yes",
        "wheelchair": "yes"
      },
      "geometry": {
        "type": "Point",
        "coordinates": [
          80.6698399,
          16.5019259
        ]
      },
      "id": "node/12875655622"
    },
    {
      "type": "Feature",
      "properties": {
        "@id": "node/12875657617",
        "amenity": "restaurant",
        "check_date": "2025-07-11",
        "cuisine": "pizza;burger",
        "diet:vegan": "yes",
        "diet:vegetarian": "yes",
        "internet_access": "wlan",
        "internet_access:fee": "no",
        "name": "Sri Venkata Durga Old Springs",
        "payment:cash": "yes",
        "payment:credit_cards": "yes",
        "payment:debit_cards": "yes",
        "wheelchair": "yes"
      },
      "geometry": {
        "type": "Point",
        "coordinates": [
          80.6690145,
          16.4985015
        ]
      },
      "id": "node/12875657617"
    },
    {
      "type": "Feature",
      "properties": {
        "@id": "node/12875660635",
        "amenity": "restaurant",
        "check_date": "2025-07-11",
        "cuisine": "indian;burger;chinese;chicken;kebab;wings",
        "diet:chicken": "yes",
        "diet:fish": "yes",
        "diet:healthy": "yes",
        "diet:meat": "yes",
        "diet:noodle": "yes",
        "diet:organic": "yes",
        "diet:ovo_vegetarian": "yes",
        "diet:vegan": "yes",
        "diet:vegetarian": "yes",
        "internet_access": "wlan",
        "internet_access:fee": "no",
        "name": "Swasthik Biriyani Centre",
        "payment:cash": "yes",
        "payment:credit_cards": "yes",
        "payment:debit_cards": "yes",
        "wheelchair": "no"
      },
      "geometry": {
        "type": "Point",
        "coordinates": [
          80.6704361,
          16.5008678
        ]
      },
      "id": "node/12875660635"
    },
    {
      "type": "Feature",
      "properties": {
        "@id": "node/12895248670",
        "amenity": "restaurant",
        "check_date": "2025-06-07",
        "name": "Annapurna Restaurant"
      },
      "geometry": {
        "type": "Point",
        "coordinates": [
          83.2380398,
          17.7716304
        ]
      },
      "id": "node/12895248670"
    },
    {
      "type": "Feature",
      "properties": {
        "@id": "node/12921102455",
        "amenity": "restaurant",
        "name": "Food Hut"
      },
      "geometry": {
        "type": "Point",
        "coordinates": [
          83.173546,
          17.9765556
        ]
      },
      "id": "node/12921102455"
    },
    {
      "type": "Feature",
      "properties": {
        "@id": "node/12951725941",
        "amenity": "restaurant",
        "check_date": "2025-06-25",
        "name": "MK Vilas Restaurant"
      },
      "geometry": {
        "type": "Point",
        "coordinates": [
          83.185537,
          17.8967426
        ]
      },
      "id": "node/12951725941"
    },
    {
      "type": "Feature",
      "properties": {
        "@id": "node/12953163205",
        "amenity": "restaurant",
        "name": "Zeeshan Restaurant"
      },
      "geometry": {
        "type": "Point",
        "coordinates": [
          83.3232743,
          17.7386151
        ]
      },
      "id": "node/12953163205"
    },
    {
      "type": "Feature",
      "properties": {
        "@id": "node/12953215233",
        "amenity": "restaurant",
        "name": "Maaya"
      },
      "geometry": {
        "type": "Point",
        "coordinates": [
          83.3272678,
          17.7413121
        ]
      },
      "id": "node/12953215233"
    },
    {
      "type": "Feature",
      "properties": {
        "@id": "node/12954706369",
        "amenity": "restaurant",
        "name": "Teluginti"
      },
      "geometry": {
        "type": "Point",
        "coordinates": [
          83.3550498,
          17.8084315
        ]
      },
      "id": "node/12954706369"
    },
    {
      "type": "Feature",
      "properties": {
        "@id": "node/12956372729",
        "amenity": "restaurant",
        "name": "Dakshin"
      },
      "geometry": {
        "type": "Point",
        "coordinates": [
          83.8762283,
          18.3043526
        ]
      },
      "id": "node/12956372729"
    },
    {
      "type": "Feature",
      "properties": {
        "@id": "node/12956372748",
        "amenity": "restaurant",
        "name": "Royal Garden Family Dhaba"
      },
      "geometry": {
        "type": "Point",
        "coordinates": [
          83.8785675,
          18.3046783
        ]
      },
      "id": "node/12956372748"
    },
    {
      "type": "Feature",
      "properties": {
        "@id": "node/12956372766",
        "amenity": "restaurant",
        "name": "Red Bucket Biryani"
      },
      "geometry": {
        "type": "Point",
        "coordinates": [
          83.8827805,
          18.3047828
        ]
      },
      "id": "node/12956372766"
    },
    {
      "type": "Feature",
      "properties": {
        "@id": "node/12956372769",
        "amenity": "restaurant",
        "name": "Cooker Pulao"
      },
      "geometry": {
        "type": "Point",
        "coordinates": [
          83.8829584,
          18.3047399
        ]
      },
      "id": "node/12956372769"
    },
    {
      "type": "Feature",
      "properties": {
        "@id": "node/12956372833",
        "amenity": "restaurant",
        "name": "Hotel Kharavela"
      },
      "geometry": {
        "type": "Point",
        "coordinates": [
          83.8758239,
          18.3038652
        ]
      },
      "id": "node/12956372833"
    },
    {
      "type": "Feature",
      "properties": {
        "@id": "node/12959403133",
        "amenity": "restaurant",
        "name": "Nawabi Mandi Darbar"
      },
      "geometry": {
        "type": "Point",
        "coordinates": [
          83.2083716,
          17.8067197
        ]
      },
      "id": "node/12959403133"
    },
    {
      "type": "Feature",
      "properties": {
        "@id": "node/12959438398",
        "amenity": "restaurant",
        "name": "Hotel muntaj"
      },
      "geometry": {
        "type": "Point",
        "coordinates": [
          83.2111845,
          17.798121
        ]
      },
      "id": "node/12959438398"
    },
    {
      "type": "Feature",
      "properties": {
        "@id": "node/12988957789",
        "air_conditioning": "yes",
        "amenity": "restaurant",
        "bar": "yes",
        "check_date": "2025-07-08",
        "cuisine": "pizza;juice;chicken;sandwich;regional",
        "diet:vegetarian": "yes",
        "name": "Iron Hill",
        "payment:cash": "yes",
        "payment:credit_cards": "yes",
        "payment:debit_cards": "yes",
        "wheelchair": "limited"
      },
      "geometry": {
        "type": "Point",
        "coordinates": [
          80.6444884,
          16.5050656
        ]
      },
      "id": "node/12988957789"
    },
    {
      "type": "Feature",
      "properties": {
        "@id": "node/12988957790",
        "amenity": "restaurant",
        "check_date": "2025-07-08",
        "name": "Iron Hill"
      },
      "geometry": {
        "type": "Point",
        "coordinates": [
          80.6444874,
          16.5050638
        ]
      },
      "id": "node/12988957790"
    },
    {
      "type": "Feature",
      "properties": {
        "@id": "node/12988957791",
        "amenity": "restaurant",
        "check_date": "2025-07-08"
      },
      "geometry": {
        "type": "Point",
        "coordinates": [
          80.6444815,
          16.5050053
        ]
      },
      "id": "node/12988957791"
    },
    {
      "type": "Feature",
      "properties": {
        "@id": "node/12991076828",
        "amenity": "restaurant",
        "brand": "Tiffany & Company",
        "brand:wikidata": "Q1066858",
        "check_date": "2025-07-10",
        "cuisine": "asian",
        "name": "Amma Tiffin Shop, Nidamanuru",
        "official_name": "Tiffany & Co."
      },
      "geometry": {
        "type": "Point",
        "coordinates": [
          80.7191542,
          16.509858
        ]
      },
      "id": "node/12991076828"
    },
    {
      "type": "Feature",
      "properties": {
        "@id": "node/12991116630",
        "amenity": "restaurant",
        "check_date": "2025-07-10",
        "name": "Balaji Hotel"
      },
      "geometry": {
        "type": "Point",
        "coordinates": [
          80.7077353,
          16.4755987
        ]
      },
      "id": "node/12991116630"
    },
    {
      "type": "Feature",
      "properties": {
        "@id": "node/12991176865",
        "amenity": "restaurant",
        "check_date": "2025-07-10",
        "description": "Family restaurent",
        "fixme:type": "swagath family restaurent",
        "internet_access": "wlan",
        "internet_access:fee": "no",
        "name": "Swagath Family Restaurent"
      },
      "geometry": {
        "type": "Point",
        "coordinates": [
          80.7060051,
          16.5139587
        ]
      },
      "id": "node/12991176865"
    },
    {
      "type": "Feature",
      "properties": {
        "@id": "node/12991247006",
        "amenity": "restaurant",
        "check_date": "2025-07-10",
        "fixme:type": "curry",
        "internet_access": "wlan",
        "internet_access:fee": "no",
        "name": "Sree chandana Spicy Kitchen",
        "payment:cash": "yes",
        "payment:credit_cards": "yes",
        "payment:debit_cards": "yes"
      },
      "geometry": {
        "type": "Point",
        "coordinates": [
          80.717902,
          16.5099349
        ]
      },
      "id": "node/12991247006"
    },
    {
      "type": "Feature",
      "properties": {
        "@id": "node/12991257191",
        "amenity": "restaurant",
        "check_date": "2025-07-10",
        "name": "Hotel New Milap",
        "opening_hours": "Mo-Sa 09:00-17:00"
      },
      "geometry": {
        "type": "Point",
        "coordinates": [
          80.6739093,
          16.4993411
        ]
      },
      "id": "node/12991257191"
    },
    {
      "type": "Feature",
      "properties": {
        "@id": "node/12991570010",
        "amenity": "restaurant",
        "check_date": "2025-07-10",
        "name": "V Bismilla Biryani",
        "wheelchair": "limited"
      },
      "geometry": {
        "type": "Point",
        "coordinates": [
          80.7082851,
          16.4772358
        ]
      },
      "id": "node/12991570010"
    },
    {
      "type": "Feature",
      "properties": {
        "@id": "node/12991923069",
        "amenity": "restaurant",
        "check_date": "2025-07-10",
        "name": "Al-ameer Biryani Centre",
        "opening_hours": "Mo-Sa 11:00-22:00"
      },
      "geometry": {
        "type": "Point",
        "coordinates": [
          80.7084008,
          16.4757288
        ]
      },
      "id": "node/12991923069"
    },
    {
      "type": "Feature",
      "properties": {
        "@id": "node/12991933008",
        "amenity": "restaurant",
        "check_date": "2025-07-10",
        "name": "Mrs Plate"
      },
      "geometry": {
        "type": "Point",
        "coordinates": [
          80.7087862,
          16.5126446
        ]
      },
      "id": "node/12991933008"
    },
    {
      "type": "Feature",
      "properties": {
        "@id": "node/12991961232",
        "amenity": "restaurant",
        "check_date": "2025-07-10",
        "cuisine": "indian",
        "description": "All kind of Biriyanies available",
        "name": "V Bismilla Biriyani",
        "opening_hours": "Mo-Sa 09:00-22:00",
        "operator": "Bismilla",
        "wheelchair": "limited"
      },
      "geometry": {
        "type": "Point",
        "coordinates": [
          80.7084211,
          16.4772436
        ]
      },
      "id": "node/12991961232"
    },
    {
      "type": "Feature",
      "properties": {
        "@id": "node/12991961234",
        "amenity": "restaurant",
        "check_date": "2025-07-10",
        "name": "Tea Coffee",
        "wheelchair": "limited"
      },
      "geometry": {
        "type": "Point",
        "coordinates": [
          80.7070715,
          16.4771376
        ]
      },
      "id": "node/12991961234"
    },
    {
      "type": "Feature",
      "properties": {
        "@id": "node/12992712253",
        "amenity": "restaurant",
        "cuisine": "pizza",
        "name": "La Pino'z Pizza"
      },
      "geometry": {
        "type": "Point",
        "coordinates": [
          83.3340298,
          17.7362559
        ]
      },
      "id": "node/12992712253"
    },
    {
      "type": "Feature",
      "properties": {
        "@id": "node/12992712279",
        "amenity": "restaurant",
        "name": "Padmavathi Restaurant"
      },
      "geometry": {
        "type": "Point",
        "coordinates": [
          83.3316998,
          17.7467675
        ]
      },
      "id": "node/12992712279"
    },
    {
      "type": "Feature",
      "properties": {
        "@id": "node/12993325253",
        "amenity": "restaurant",
        "check_date": "2025-07-11",
        "name": "Family Restaurant"
      },
      "geometry": {
        "type": "Point",
        "coordinates": [
          80.679528,
          16.4864954
        ]
      },
      "id": "node/12993325253"
    },
    {
      "type": "Feature",
      "properties": {
        "@id": "node/12993607268",
        "amenity": "restaurant",
        "check_date": "2025-07-11",
        "name": "Mkr Complex"
      },
      "geometry": {
        "type": "Point",
        "coordinates": [
          80.6771822,
          16.5096688
        ]
      },
      "id": "node/12993607268"
    },
    {
      "type": "Feature",
      "properties": {
        "@id": "node/12993607975",
        "amenity": "restaurant",
        "check_date": "2025-07-11",
        "name": "Sri Kalyani Krishna Catering",
        "opening_hours": "Mo-Sa 10:00-16:00"
      },
      "geometry": {
        "type": "Point",
        "coordinates": [
          80.7065571,
          16.4767588
        ]
      },
      "id": "node/12993607975"
    },
    {
      "type": "Feature",
      "properties": {
        "@id": "node/12993610071",
        "amenity": "restaurant",
        "check_date": "2025-07-11",
        "fixme": "type",
        "fixme:type": "shop",
        "internet_access": "no",
        "name": "Kichidi Point",
        "phone": "+91 86882 55433",
        "wheelchair": "no"
      },
      "geometry": {
        "type": "Point",
        "coordinates": [
          80.6756169,
          16.5047356
        ]
      },
      "id": "node/12993610071"
    },
    {
      "type": "Feature",
      "properties": {
        "@id": "node/12993612110",
        "amenity": "restaurant",
        "check_date": "2025-07-11",
        "description": "Restaurant",
        "name": "Bezawada Biryani House"
      },
      "geometry": {
        "type": "Point",
        "coordinates": [
          80.671701,
          16.4905163
        ]
      },
      "id": "node/12993612110"
    },
    {
      "type": "Feature",
      "properties": {
        "@id": "node/12993616284",
        "amenity": "restaurant",
        "check_date": "2025-07-11"
      },
      "geometry": {
        "type": "Point",
        "coordinates": [
          80.7207436,
          16.5093505
        ]
      },
      "id": "node/12993616284"
    },
    {
      "type": "Feature",
      "properties": {
        "@id": "node/12993616285",
        "amenity": "restaurant",
        "check_date": "2025-07-11"
      },
      "geometry": {
        "type": "Point",
        "coordinates": [
          80.7206558,
          16.5093962
        ]
      },
      "id": "node/12993616285"
    },
    {
      "type": "Feature",
      "properties": {
        "@id": "node/12993622002",
        "amenity": "restaurant",
        "check_date": "2025-07-11",
        "name": "Srushi"
      },
      "geometry": {
        "type": "Point",
        "coordinates": [
          80.6683508,
          16.5234375
        ]
      },
      "id": "node/12993622002"
    },
    {
      "type": "Feature",
      "properties": {
        "@id": "node/12993623646",
        "amenity": "restaurant",
        "check_date": "2025-07-11",
        "name": "Sarada Catering",
        "opening_hours": "Mo-Sa 10:00-24:00"
      },
      "geometry": {
        "type": "Point",
        "coordinates": [
          80.7088425,
          16.4759869
        ]
      },
      "id": "node/12993623646"
    },
    {
      "type": "Feature",
      "properties": {
        "@id": "node/12993623903",
        "amenity": "restaurant",
        "check_date": "2025-07-11",
        "name": "Restaurant"
      },
      "geometry": {
        "type": "Point",
        "coordinates": [
          80.7310783,
          16.5104531
        ]
      },
      "id": "node/12993623903"
    },
    {
      "type": "Feature",
      "properties": {
        "@id": "node/12993628543",
        "amenity": "restaurant",
        "check_date": "2025-07-11",
        "name": "Ma Inti Ruchulu"
      },
      "geometry": {
        "type": "Point",
        "coordinates": [
          80.707309,
          16.4767664
        ]
      },
      "id": "node/12993628543"
    },
    {
      "type": "Feature",
      "properties": {
        "@id": "node/12993628852",
        "amenity": "restaurant",
        "check_date": "2025-07-11",
        "description": "Tea,coffee,tiffin and fastfood centre",
        "fixme:type": "Charminar",
        "internet_access": "wlan",
        "internet_access:fee": "no",
        "name": "Charminar",
        "payment:cards": "no",
        "payment:cash": "yes",
        "payment:credit_cards": "no",
        "payment:debit_cards": "no",
        "phone": "+91 98485 71122",
        "wheelchair": "yes"
      },
      "geometry": {
        "type": "Point",
        "coordinates": [
          80.6754676,
          16.5045788
        ]
      },
      "id": "node/12993628852"
    },
    {
      "type": "Feature",
      "properties": {
        "@id": "node/12993629602",
        "amenity": "restaurant",
        "check_date": "2025-07-11",
        "name": "M.k.R Complex"
      },
      "geometry": {
        "type": "Point",
        "coordinates": [
          80.677145,
          16.5097088
        ]
      },
      "id": "node/12993629602"
    },
    {
      "type": "Feature",
      "properties": {
        "@id": "node/12993631771",
        "amenity": "restaurant",
        "check_date": "2025-07-11",
        "cuisine": "steak_house"
      },
      "geometry": {
        "type": "Point",
        "coordinates": [
          80.7197854,
          16.5079687
        ]
      },
      "id": "node/12993631771"
    },
    {
      "type": "Feature",
      "properties": {
        "@id": "node/12993633615",
        "amenity": "restaurant",
        "check_date": "2025-07-11",
        "description": "Veg &non veg meals available",
        "diet:vegetarian": "yes",
        "internet_access": "no",
        "name": "Kothaya",
        "opening_hours": "Mo-Sa 12:00-23:00",
        "payment:cards": "no",
        "payment:cash": "yes",
        "payment:credit_cards": "no",
        "payment:debit_cards": "no",
        "phone": "+91 92462 96077",
        "wheelchair": "yes"
      },
      "geometry": {
        "type": "Point",
        "coordinates": [
          80.6753384,
          16.5044116
        ]
      },
      "id": "node/12993633615"
    },
    {
      "type": "Feature",
      "properties": {
        "@id": "node/12993634011",
        "amenity": "restaurant",
        "check_date": "2025-07-11",
        "cuisine": "Multi cuisine",
        "name": "Rahmans multi cuisine restaurant",
        "opening_hours": "11:00-10:00"
      },
      "geometry": {
        "type": "Point",
        "coordinates": [
          80.6771373,
          16.509695
        ]
      },
      "id": "node/12993634011"
    },
    {
      "type": "Feature",
      "properties": {
        "@id": "node/12993638784",
        "amenity": "restaurant",
        "check_date": "2025-07-11",
        "internet_access": "no",
        "name": "Andhra Bojanam",
        "payment:cash": "yes",
        "payment:credit_cards": "yes",
        "payment:debit_cards": "yes",
        "wheelchair": "no"
      },
      "geometry": {
        "type": "Point",
        "coordinates": [
          80.6746636,
          16.50346
        ]
      },
      "id": "node/12993638784"
    },
    {
      "type": "Feature",
      "properties": {
        "@id": "node/12993639032",
        "amenity": "restaurant",
        "check_date": "2025-07-11",
        "fixme:type": "kichidi point",
        "internet_access": "no",
        "name": "Halal Food",
        "phone": "+91 86882 55433",
        "wheelchair": "no"
      },
      "geometry": {
        "type": "Point",
        "coordinates": [
          80.6756955,
          16.505034
        ]
      },
      "id": "node/12993639032"
    },
    {
      "type": "Feature",
      "properties": {
        "@id": "node/12993640594",
        "amenity": "restaurant",
        "check_date": "2025-07-11",
        "name": "Jai Vinayaka",
        "phone": "+91 95500 36188"
      },
      "geometry": {
        "type": "Point",
        "coordinates": [
          80.6786031,
          16.5069823
        ]
      },
      "id": "node/12993640594"
    },
    {
      "type": "Feature",
      "properties": {
        "@id": "node/12993648685",
        "amenity": "restaurant",
        "check_date": "2025-07-11"
      },
      "geometry": {
        "type": "Point",
        "coordinates": [
          80.7210929,
          16.5083578
        ]
      },
      "id": "node/12993648685"
    },
    {
      "type": "Feature",
      "properties": {
        "@id": "node/12993648832",
        "amenity": "restaurant",
        "check_date": "2025-07-11",
        "description": "Non veg items",
        "fixme:type": "biryani",
        "internet_access": "no",
        "name": "Biryani Point",
        "payment:cards": "no",
        "payment:cash": "yes",
        "payment:credit_cards": "no",
        "payment:debit_cards": "no",
        "phone": "+91 94937 30554",
        "wheelchair": "yes"
      },
      "geometry": {
        "type": "Point",
        "coordinates": [
          80.6746198,
          16.5033945
        ]
      },
      "id": "node/12993648832"
    },
    {
      "type": "Feature",
      "properties": {
        "@id": "node/12993650729",
        "amenity": "restaurant",
        "check_date": "2025-07-11",
        "name": "Restaurant",
        "wheelchair": "yes"
      },
      "geometry": {
        "type": "Point",
        "coordinates": [
          80.7199674,
          16.5083208
        ]
      },
      "id": "node/12993650729"
    },
    {
      "type": "Feature",
      "properties": {
        "@id": "node/12993650974",
        "amenity": "restaurant",
        "check_date": "2025-07-11",
        "internet_access": "wlan",
        "internet_access:fee": "no",
        "name": "Family Mandi",
        "payment:cash": "yes",
        "payment:credit_cards": "yes",
        "payment:debit_cards": "yes",
        "wheelchair": "yes"
      },
      "geometry": {
        "type": "Point",
        "coordinates": [
          80.7098971,
          16.4780818
        ]
      },
      "id": "node/12993650974"
    },
    {
      "type": "Feature",
      "properties": {
        "@id": "node/12993656953",
        "amenity": "restaurant",
        "check_date": "2025-07-11",
        "cuisine": "steak_house"
      },
      "geometry": {
        "type": "Point",
        "coordinates": [
          80.7203075,
          16.508388
        ]
      },
      "id": "node/12993656953"
    },
    {
      "type": "Feature",
      "properties": {
        "@id": "node/12993657051",
        "amenity": "restaurant",
        "check_date": "2025-07-11",
        "internet_access": "wlan",
        "internet_access:fee": "no",
        "name": "Family Mode",
        "wheelchair": "limited"
      },
      "geometry": {
        "type": "Point",
        "coordinates": [
          80.7086752,
          16.4764044
        ]
      },
      "id": "node/12993657051"
    },
    {
      "type": "Feature",
      "properties": {
        "@id": "node/12993665568",
        "amenity": "restaurant",
        "check_date": "2025-07-11",
        "name": "Hema Family Restaurant",
        "payment:cards": "no",
        "payment:cash": "yes",
        "payment:credit_cards": "no",
        "payment:debit_cards": "no"
      },
      "geometry": {
        "type": "Point",
        "coordinates": [
          80.709718,
          16.4758557
        ]
      },
      "id": "node/12993665568"
    },
    {
      "type": "Feature",
      "properties": {
        "@id": "node/12993672932",
        "amenity": "restaurant",
        "check_date": "2025-07-11",
        "cuisine": "steak_house"
      },
      "geometry": {
        "type": "Point",
        "coordinates": [
          80.7207684,
          16.5084268
        ]
      },
      "id": "node/12993672932"
    },
    {
      "type": "Feature",
      "properties": {
        "@id": "node/12993678570",
        "amenity": "restaurant",
        "check_date": "2025-07-11",
        "cuisine": "steak_house"
      },
      "geometry": {
        "type": "Point",
        "coordinates": [
          80.7198625,
          16.5081839
        ]
      },
      "id": "node/12993678570"
    },
    {
      "type": "Feature",
      "properties": {
        "@id": "node/12993682948",
        "amenity": "restaurant",
        "check_date": "2025-07-11",
        "internet_access": "wlan",
        "internet_access:fee": "customers",
        "name": "Party Place",
        "payment:cards": "no",
        "payment:cash": "yes",
        "payment:credit_cards": "no",
        "payment:debit_cards": "no",
        "wheelchair": "yes"
      },
      "geometry": {
        "type": "Point",
        "coordinates": [
          80.7097511,
          16.4766447
        ]
      },
      "id": "node/12993682948"
    },
    {
      "type": "Feature",
      "properties": {
        "@id": "node/12993685908",
        "amenity": "restaurant",
        "check_date": "2025-07-11",
        "name": "New Taj Biriyani Point"
      },
      "geometry": {
        "type": "Point",
        "coordinates": [
          80.674711,
          16.5035507
        ]
      },
      "id": "node/12993685908"
    },
    {
      "type": "Feature",
      "properties": {
        "@id": "node/12993687514",
        "amenity": "restaurant",
        "check_date": "2025-07-11",
        "internet_access": "wlan",
        "internet_access:fee": "no",
        "name": "Biryani Point",
        "payment:cards": "no",
        "payment:cash": "yes",
        "payment:credit_cards": "no",
        "payment:debit_cards": "no",
        "wheelchair": "limited"
      },
      "geometry": {
        "type": "Point",
        "coordinates": [
          80.7095383,
          16.4759872
        ]
      },
      "id": "node/12993687514"
    },
    {
      "type": "Feature",
      "properties": {
        "@id": "node/12994076399",
        "amenity": "restaurant",
        "check_date": "2025-07-11"
      },
      "geometry": {
        "type": "Point",
        "coordinates": [
          80.7155291,
          16.5112352
        ]
      },
      "id": "node/12994076399"
    },
    {
      "type": "Feature",
      "properties": {
        "@id": "node/12994101212",
        "amenity": "restaurant",
        "check_date": "2025-07-11",
        "name": "Restaurant"
      },
      "geometry": {
        "type": "Point",
        "coordinates": [
          80.7341276,
          16.5108612
        ]
      },
      "id": "node/12994101212"
    },
    {
      "type": "Feature",
      "properties": {
        "@id": "node/12994132047",
        "amenity": "restaurant",
        "check_date": "2025-07-11",
        "cuisine": "indian"
      },
      "geometry": {
        "type": "Point",
        "coordinates": [
          80.6586708,
          16.5242429
        ]
      },
      "id": "node/12994132047"
    },
    {
      "type": "Feature",
      "properties": {
        "@id": "node/12994138455",
        "amenity": "restaurant",
        "check_date": "2025-07-11",
        "description": "Biriyani house"
      },
      "geometry": {
        "type": "Point",
        "coordinates": [
          80.6582639,
          16.5247958
        ]
      },
      "id": "node/12994138455"
    },
    {
      "type": "Feature",
      "properties": {
        "@id": "node/12994207379",
        "amenity": "restaurant",
        "check_date": "2025-07-12",
        "cuisine": "steak_house",
        "name": "Restaurant"
      },
      "geometry": {
        "type": "Point",
        "coordinates": [
          80.7226742,
          16.5101677
        ]
      },
      "id": "node/12994207379"
    },
    {
      "type": "Feature",
      "properties": {
        "@id": "node/12994244998",
        "amenity": "restaurant",
        "check_date": "2025-07-12",
        "cuisine": "steak_house",
        "name": "Restaurant"
      },
      "geometry": {
        "type": "Point",
        "coordinates": [
          80.7225035,
          16.5102643
        ]
      },
      "id": "node/12994244998"
    },
    {
      "type": "Feature",
      "properties": {
        "@id": "node/12994377809",
        "amenity": "restaurant",
        "check_date": "2025-07-11",
        "name": "Cross-roads Restaurant"
      },
      "geometry": {
        "type": "Point",
        "coordinates": [
          80.6431707,
          16.5076075
        ]
      },
      "id": "node/12994377809"
    },
    {
      "type": "Feature",
      "properties": {
        "@id": "node/12995568708",
        "amenity": "restaurant",
        "check_date": "2025-07-12",
        "name": "Adhinarayana",
        "phone": "+91 77801 75454"
      },
      "geometry": {
        "type": "Point",
        "coordinates": [
          80.6375137,
          16.5079251
        ]
      },
      "id": "node/12995568708"
    },
    {
      "type": "Feature",
      "properties": {
        "@id": "node/12995606352",
        "amenity": "restaurant",
        "brand": "Pizza Hut",
        "brand:wikidata": "Q191615",
        "cuisine": "pizza",
        "name": "Pizza Hut"
      },
      "geometry": {
        "type": "Point",
        "coordinates": [
          80.6440136,
          16.517314
        ]
      },
      "id": "node/12995606352"
    },
    {
      "type": "Feature",
      "properties": {
        "@id": "node/12995759168",
        "amenity": "restaurant",
        "check_date": "2025-07-12",
        "internet_access": "no",
        "name": "Nizams Khichdi",
        "payment:cash": "yes",
        "payment:credit_cards": "yes",
        "payment:debit_cards": "yes",
        "wheelchair": "no"
      },
      "geometry": {
        "type": "Point",
        "coordinates": [
          80.6381742,
          16.53797
        ]
      },
      "id": "node/12995759168"
    },
    {
      "type": "Feature",
      "properties": {
        "@id": "node/12995806322",
        "amenity": "restaurant",
        "check_date": "2025-07-12",
        "diet:halal": "yes",
        "diet:vegetarian": "yes",
        "internet_access": "no",
        "name": "Subani Hotel",
        "payment:cash": "yes",
        "payment:credit_cards": "yes",
        "payment:debit_cards": "yes",
        "wheelchair": "no"
      },
      "geometry": {
        "type": "Point",
        "coordinates": [
          80.6376876,
          16.536919
        ]
      },
      "id": "node/12995806322"
    },
    {
      "type": "Feature",
      "properties": {
        "@id": "node/12995807421",
        "amenity": "restaurant",
        "check_date": "2025-07-12",
        "diet:halal": "yes",
        "diet:vegetarian": "yes",
        "internet_access": "no",
        "name": "Zakeer Hussain Biryani Point",
        "payment:cash": "yes",
        "payment:credit_cards": "yes",
        "payment:debit_cards": "yes",
        "phone": "+91 99512 87178",
        "wheelchair": "no"
      },
      "geometry": {
        "type": "Point",
        "coordinates": [
          80.636772,
          16.5379405
        ]
      },
      "id": "node/12995807421"
    },
    {
      "type": "Feature",
      "properties": {
        "@id": "node/12995811721",
        "amenity": "restaurant",
        "check_date": "2025-07-12",
        "diet:halal": "yes",
        "name": "Zaara Restaurant"
      },
      "geometry": {
        "type": "Point",
        "coordinates": [
          80.6366142,
          16.5373892
        ]
      },
      "id": "node/12995811721"
    },
    {
      "type": "Feature",
      "properties": {
        "@id": "node/12996053028",
        "amenity": "restaurant"
      },
      "geometry": {
        "type": "Point",
        "coordinates": [
          80.6249969,
          16.5361862
        ]
      },
      "id": "node/12996053028"
    },
    {
      "type": "Feature",
      "properties": {
        "@id": "node/12996809582",
        "amenity": "restaurant",
        "check_date": "2025-07-13",
        "name": "Mama's Kitchens",
        "opening_hours": "10:00-10:00",
        "phone": "+91 95074 44455"
      },
      "geometry": {
        "type": "Point",
        "coordinates": [
          80.6862062,
          16.484323
        ]
      },
      "id": "node/12996809582"
    },
    {
      "type": "Feature",
      "properties": {
        "@id": "node/12997227284",
        "amenity": "restaurant",
        "check_date": "2025-07-13",
        "cuisine": "burger;pizza",
        "internet_access": "wlan",
        "internet_access:fee": "customers",
        "name": "KFC",
        "payment:cash": "yes",
        "payment:credit_cards": "yes",
        "payment:debit_cards": "yes"
      },
      "geometry": {
        "type": "Point",
        "coordinates": [
          80.6186689,
          16.4819317
        ]
      },
      "id": "node/12997227284"
    },
    {
      "type": "Feature",
      "properties": {
        "@id": "node/12997279960",
        "amenity": "restaurant",
        "check_date": "2025-07-13",
        "internet_access": "wlan",
        "internet_access:fee": "customers",
        "name": "Royal family restaurant",
        "payment:cash": "yes",
        "payment:credit_cards": "yes",
        "payment:debit_cards": "yes"
      },
      "geometry": {
        "type": "Point",
        "coordinates": [
          80.6166289,
          16.479385
        ]
      },
      "id": "node/12997279960"
    },
    {
      "type": "Feature",
      "properties": {
        "@id": "node/12997305395",
        "amenity": "restaurant",
        "check_date": "2025-07-13",
        "cuisine": "indian",
        "internet_access": "wlan",
        "internet_access:fee": "customers",
        "name": "Kodi kura papu charu",
        "payment:cash": "yes",
        "payment:credit_cards": "yes",
        "payment:debit_cards": "yes"
      },
      "geometry": {
        "type": "Point",
        "coordinates": [
          80.6141065,
          16.4722229
        ]
      },
      "id": "node/12997305395"
    },
    {
      "type": "Feature",
      "properties": {
        "@id": "node/12997311138",
        "amenity": "restaurant",
        "check_date": "2025-07-13",
        "cuisine": "indian",
        "internet_access": "wlan",
        "internet_access:fee": "customers",
        "name": "Hello idly",
        "payment:cards": "no",
        "payment:cash": "yes",
        "payment:credit_cards": "no",
        "payment:debit_cards": "no"
      },
      "geometry": {
        "type": "Point",
        "coordinates": [
          80.6190707,
          16.4826701
        ]
      },
      "id": "node/12997311138"
    },
    {
      "type": "Feature",
      "properties": {
        "@id": "node/12997331351",
        "amenity": "restaurant",
        "check_date": "2025-07-13",
        "internet_access": "wlan",
        "internet_access:fee": "customers",
        "name": "Bismillah",
        "payment:cash": "yes",
        "payment:credit_cards": "yes",
        "payment:debit_cards": "yes"
      },
      "geometry": {
        "type": "Point",
        "coordinates": [
          80.6172656,
          16.4816175
        ]
      },
      "id": "node/12997331351"
    },
    {
      "type": "Feature",
      "properties": {
        "@id": "node/12997669349",
        "amenity": "restaurant",
        "check_date": "2025-07-13",
        "diet:halal": "yes",
        "name": "Saleem Kalyani Biryani Point"
      },
      "geometry": {
        "type": "Point",
        "coordinates": [
          80.6747511,
          16.4945415
        ]
      },
      "id": "node/12997669349"
    },
    {
      "type": "Feature",
      "properties": {
        "@id": "node/12997713514",
        "amenity": "restaurant",
        "check_date": "2025-07-13",
        "diet:halal": "yes",
        "name": "Noor Biryani House"
      },
      "geometry": {
        "type": "Point",
        "coordinates": [
          80.6754365,
          16.4944496
        ]
      },
      "id": "node/12997713514"
    },
    {
      "type": "Feature",
      "properties": {
        "@id": "node/12997725903",
        "amenity": "restaurant",
        "check_date": "2025-07-13",
        "diet:halal": "yes",
        "name": "Bezwada Subani Biryani Hotel"
      },
      "geometry": {
        "type": "Point",
        "coordinates": [
          80.6748601,
          16.4947347
        ]
      },
      "id": "node/12997725903"
    },
    {
      "type": "Feature",
      "properties": {
        "@id": "node/12999358564",
        "amenity": "restaurant",
        "check_date": "2025-07-14",
        "name": "Hotel Kartikeya"
      },
      "geometry": {
        "type": "Point",
        "coordinates": [
          80.6157082,
          16.5098706
        ]
      },
      "id": "node/12999358564"
    },
    {
      "type": "Feature",
      "properties": {
        "@id": "node/12999358566",
        "amenity": "restaurant",
        "check_date": "2025-07-14",
        "name": "Sri Rama Fastfood"
      },
      "geometry": {
        "type": "Point",
        "coordinates": [
          80.6170032,
          16.5100043
        ]
      },
      "id": "node/12999358566"
    },
    {
      "type": "Feature",
      "properties": {
        "@id": "node/13001406938",
        "amenity": "restaurant",
        "name": "Lalithamba Biryani"
      },
      "geometry": {
        "type": "Point",
        "coordinates": [
          80.6358522,
          16.5107382
        ]
      },
      "id": "node/13001406938"
    },
    {
      "type": "Feature",
      "properties": {
        "@id": "node/13018909445",
        "amenity": "restaurant",
        "check_date": "2025-07-23",
        "name": "Thalapakas Restaurent",
        "opening_hours": "Mo-Sa 10:00-20:00",
        "phone": "+91 99669 18134"
      },
      "geometry": {
        "type": "Point",
        "coordinates": [
          80.6932608,
          16.5202952
        ]
      },
      "id": "node/13018909445"
    },
    {
      "type": "Feature",
      "properties": {
        "@id": "node/13021193502",
        "amenity": "restaurant",
        "check_date": "2025-07-24"
      },
      "geometry": {
        "type": "Point",
        "coordinates": [
          80.6919581,
          16.5188889
        ]
      },
      "id": "node/13021193502"
    },
    {
      "type": "Feature",
      "properties": {
        "@id": "node/13065294859",
        "amenity": "restaurant",
        "name": "B Zag Family Restaurant"
      },
      "geometry": {
        "type": "Point",
        "coordinates": [
          83.4459925,
          17.8803145
        ]
      },
      "id": "node/13065294859"
    },
    {
      "type": "Feature",
      "properties": {
        "@id": "node/13065369468",
        "amenity": "restaurant",
        "name": "Manikanta Food Court"
      },
      "geometry": {
        "type": "Point",
        "coordinates": [
          83.3470123,
          17.8040649
        ]
      },
      "id": "node/13065369468"
    },
    {
      "type": "Feature",
      "properties": {
        "@id": "node/13065369475",
        "amenity": "restaurant",
        "name": "Raju's Kitchen"
      },
      "geometry": {
        "type": "Point",
        "coordinates": [
          83.3465751,
          17.8040554
        ]
      },
      "id": "node/13065369475"
    },
    {
      "type": "Feature",
      "properties": {
        "@id": "node/13065378802",
        "amenity": "restaurant",
        "name": "Hotel Muntaj",
        "takeaway": "only"
      },
      "geometry": {
        "type": "Point",
        "coordinates": [
          83.3391323,
          17.8065254
        ]
      },
      "id": "node/13065378802"
    },
    {
      "type": "Feature",
      "properties": {
        "@id": "node/13065378803",
        "amenity": "restaurant",
        "name": "BPR Restaurant"
      },
      "geometry": {
        "type": "Point",
        "coordinates": [
          83.3389506,
          17.8068402
        ]
      },
      "id": "node/13065378803"
    },
    {
      "type": "Feature",
      "properties": {
        "@id": "node/13065378841",
        "amenity": "restaurant",
        "name": "Eat Sure"
      },
      "geometry": {
        "type": "Point",
        "coordinates": [
          83.3498219,
          17.804362
        ]
      },
      "id": "node/13065378841"
    },
    {
      "type": "Feature",
      "properties": {
        "@id": "node/13084988858",
        "amenity": "restaurant",
        "name": "Pandit Rajasthani Restaurant"
      },
      "geometry": {
        "type": "Point",
        "coordinates": [
          83.2932379,
          17.7172399
        ]
      },
      "id": "node/13084988858"
    },
    {
      "type": "Feature",
      "properties": {
        "@id": "node/13084988860",
        "amenity": "restaurant",
        "name": "Sharma Bhojanalaya"
      },
      "geometry": {
        "type": "Point",
        "coordinates": [
          83.2937394,
          17.7170499
        ]
      },
      "id": "node/13084988860"
    },
    {
      "type": "Feature",
      "properties": {
        "@id": "node/13085689843",
        "addr:postcode": "534196",
        "amenity": "restaurant",
        "cuisine": "regional",
        "name": "Madhavi's Kitchen",
        "opening_hours": "Mo-Su 09:00-21:00"
      },
      "geometry": {
        "type": "Point",
        "coordinates": [
          81.5584121,
          16.7657361
        ]
      },
      "id": "node/13085689843"
    },
    {
      "type": "Feature",
      "properties": {
        "@id": "node/13086312517",
        "amenity": "restaurant",
        "name": "panjabi daba"
      },
      "geometry": {
        "type": "Point",
        "coordinates": [
          81.5255239,
          16.7851596
        ]
      },
      "id": "node/13086312517"
    },
    {
      "type": "Feature",
      "properties": {
        "@id": "node/13086312834",
        "amenity": "restaurant",
        "name": "tiffin center"
      },
      "geometry": {
        "type": "Point",
        "coordinates": [
          81.7623628,
          16.5465663
        ]
      },
      "id": "node/13086312834"
    },
    {
      "type": "Feature",
      "properties": {
        "@id": "node/13086312875",
        "amenity": "restaurant",
        "name": "Kotayya hotel"
      },
      "geometry": {
        "type": "Point",
        "coordinates": [
          81.7623483,
          16.5472416
        ]
      },
      "id": "node/13086312875"
    },
    {
      "type": "Feature",
      "properties": {
        "@id": "node/13086353988",
        "amenity": "restaurant",
        "name": "Venky Biryani Centre"
      },
      "geometry": {
        "type": "Point",
        "coordinates": [
          81.526275,
          16.7874128
        ]
      },
      "id": "node/13086353988"
    },
    {
      "type": "Feature",
      "properties": {
        "@id": "node/13086358681",
        "amenity": "restaurant",
        "cuisine": "noodle;chicken",
        "diet:chicken": "yes",
        "diet:vegetarian": "yes",
        "name": "akshaya Fast food"
      },
      "geometry": {
        "type": "Point",
        "coordinates": [
          82.0482545,
          16.9632762
        ]
      },
      "id": "node/13086358681"
    },
    {
      "type": "Feature",
      "properties": {
        "@id": "node/13086358682",
        "amenity": "restaurant",
        "cuisine": "breakfast",
        "diet:local": "yes",
        "name": "Indhanam Tiffin hotel"
      },
      "geometry": {
        "type": "Point",
        "coordinates": [
          82.0482866,
          16.9631898
        ]
      },
      "id": "node/13086358682"
    },
    {
      "type": "Feature",
      "properties": {
        "@id": "node/13086358683",
        "amenity": "restaurant",
        "cuisine": "chicken;indian;noodle",
        "diet:local": "yes",
        "name": "Hanvitha Foods"
      },
      "geometry": {
        "type": "Point",
        "coordinates": [
          82.0485672,
          16.9623594
        ]
      },
      "id": "node/13086358683"
    },
    {
      "type": "Feature",
      "properties": {
        "@id": "node/13086376079",
        "amenity": "restaurant",
        "name": "Union Bank"
      },
      "geometry": {
        "type": "Point",
        "coordinates": [
          81.5268249,
          16.7843428
        ]
      },
      "id": "node/13086376079"
    },
    {
      "type": "Feature",
      "properties": {
        "@id": "node/13086376080",
        "amenity": "restaurant",
        "name": "Pista Hut"
      },
      "geometry": {
        "type": "Point",
        "coordinates": [
          81.5269982,
          16.7838928
        ]
      },
      "id": "node/13086376080"
    },
    {
      "type": "Feature",
      "properties": {
        "@id": "node/13086424624",
        "amenity": "restaurant",
        "name": "Biccavolu dhaba"
      },
      "geometry": {
        "type": "Point",
        "coordinates": [
          82.0484199,
          16.9663802
        ]
      },
      "id": "node/13086424624"
    },
    {
      "type": "Feature",
      "properties": {
        "@id": "node/13086441376",
        "amenity": "restaurant",
        "name": "Tinera Restuarant"
      },
      "geometry": {
        "type": "Point",
        "coordinates": [
          81.290349,
          17.1226513
        ]
      },
      "id": "node/13086441376"
    },
    {
      "type": "Feature",
      "properties": {
        "@id": "node/13086442579",
        "amenity": "restaurant",
        "cuisine": "chicken",
        "diet:non-vegetarian": "yes",
        "diet:vegetarian": "yes",
        "name": "Tarani Family Restaurant"
      },
      "geometry": {
        "type": "Point",
        "coordinates": [
          81.6871618,
          16.5237917
        ]
      },
      "id": "node/13086442579"
    },
    {
      "type": "Feature",
      "properties": {
        "@id": "node/13086442594",
        "amenity": "restaurant",
        "name": "Vaibhav Family Resturant"
      },
      "geometry": {
        "type": "Point",
        "coordinates": [
          81.7158383,
          16.5192432
        ]
      },
      "id": "node/13086442594"
    },
    {
      "type": "Feature",
      "properties": {
        "@id": "node/13086464004",
        "amenity": "restaurant",
        "cuisine": "pizza;coffee_shop",
        "diet:non-vegetarian": "yes",
        "diet:vegetarian": "yes",
        "name": "Cream City"
      },
      "geometry": {
        "type": "Point",
        "coordinates": [
          81.7182966,
          16.517904
        ]
      },
      "id": "node/13086464004"
    },
    {
      "type": "Feature",
      "properties": {
        "@id": "node/13086472712",
        "amenity": "restaurant",
        "name": "SRK tiffins"
      },
      "geometry": {
        "type": "Point",
        "coordinates": [
          81.5276161,
          16.7931363
        ]
      },
      "id": "node/13086472712"
    },
    {
      "type": "Feature",
      "properties": {
        "@id": "node/13086478530",
        "amenity": "restaurant"
      },
      "geometry": {
        "type": "Point",
        "coordinates": [
          81.5311163,
          16.8071466
        ]
      },
      "id": "node/13086478530"
    },
    {
      "type": "Feature",
      "properties": {
        "@id": "node/13086562497",
        "amenity": "restaurant",
        "name": "Falak Restaurant"
      },
      "geometry": {
        "type": "Point",
        "coordinates": [
          83.3155371,
          17.7303144
        ]
      },
      "id": "node/13086562497"
    },
    {
      "type": "Feature",
      "properties": {
        "@id": "node/13086573734",
        "amenity": "restaurant",
        "cuisine": "asian",
        "name": "moon bar & kitchen"
      },
      "geometry": {
        "type": "Point",
        "coordinates": [
          83.3139569,
          17.7289896
        ]
      },
      "id": "node/13086573734"
    },
    {
      "type": "Feature",
      "properties": {
        "@id": "node/13088098165",
        "amenity": "restaurant",
        "name": "sds foods"
      },
      "geometry": {
        "type": "Point",
        "coordinates": [
          81.6294509,
          16.5399869
        ]
      },
      "id": "node/13088098165"
    },
    {
      "type": "Feature",
      "properties": {
        "@id": "node/13088181740",
        "amenity": "restaurant",
        "name": "canteen"
      },
      "geometry": {
        "type": "Point",
        "coordinates": [
          81.523398,
          16.8361608
        ]
      },
      "id": "node/13088181740"
    },
    {
      "type": "Feature",
      "properties": {
        "@id": "node/13088189031",
        "amenity": "restaurant",
        "name": "tiffin center"
      },
      "geometry": {
        "type": "Point",
        "coordinates": [
          81.8082815,
          16.6021503
        ]
      },
      "id": "node/13088189031"
    },
    {
      "type": "Feature",
      "properties": {
        "@id": "node/13088194117",
        "amenity": "restaurant",
        "name": "QN hotel pallakollu"
      },
      "geometry": {
        "type": "Point",
        "coordinates": [
          81.7264959,
          16.51976
        ]
      },
      "id": "node/13088194117"
    },
    {
      "type": "Feature",
      "properties": {
        "@id": "node/13088206065",
        "amenity": "restaurant",
        "name": "Ibbu's Kings Restaurant"
      },
      "geometry": {
        "type": "Point",
        "coordinates": [
          81.5268804,
          16.8110458
        ]
      },
      "id": "node/13088206065"
    },
    {
      "type": "Feature",
      "properties": {
        "@id": "node/13088207325",
        "amenity": "restaurant",
        "name": "Sri Ambika Family Restuarant"
      },
      "geometry": {
        "type": "Point",
        "coordinates": [
          81.2957849,
          17.1163195
        ]
      },
      "id": "node/13088207325"
    },
    {
      "type": "Feature",
      "properties": {
        "@id": "node/13088207329",
        "amenity": "restaurant"
      },
      "geometry": {
        "type": "Point",
        "coordinates": [
          81.2963559,
          17.1175601
        ]
      },
      "id": "node/13088207329"
    },
    {
      "type": "Feature",
      "properties": {
        "@id": "node/13088333179",
        "amenity": "restaurant",
        "name": "Hungry Harbour"
      },
      "geometry": {
        "type": "Point",
        "coordinates": [
          81.6692746,
          16.7605321
        ]
      },
      "id": "node/13088333179"
    },
    {
      "type": "Feature",
      "properties": {
        "@id": "node/13088336937",
        "amenity": "restaurant",
        "name": "tiffin center"
      },
      "geometry": {
        "type": "Point",
        "coordinates": [
          81.8564627,
          16.5929035
        ]
      },
      "id": "node/13088336937"
    },
    {
      "type": "Feature",
      "properties": {
        "@id": "node/13088339435",
        "amenity": "restaurant",
        "name": "Saravanabhava Home Foods"
      },
      "geometry": {
        "type": "Point",
        "coordinates": [
          81.6691204,
          16.7497947
        ]
      },
      "id": "node/13088339435"
    },
    {
      "type": "Feature",
      "properties": {
        "@id": "node/13088351845",
        "amenity": "restaurant"
      },
      "geometry": {
        "type": "Point",
        "coordinates": [
          81.3627276,
          16.8104616
        ]
      },
      "id": "node/13088351845"
    },
    {
      "type": "Feature",
      "properties": {
        "@id": "node/13088371185",
        "amenity": "restaurant",
        "name": "SRK restaurant"
      },
      "geometry": {
        "type": "Point",
        "coordinates": [
          81.9271217,
          16.8650033
        ]
      },
      "id": "node/13088371185"
    },
    {
      "type": "Feature",
      "properties": {
        "@id": "node/13088466221",
        "amenity": "restaurant",
        "name": "Girls Canteen"
      },
      "geometry": {
        "type": "Point",
        "coordinates": [
          81.4966732,
          16.857703
        ]
      },
      "id": "node/13088466221"
    },
    {
      "type": "Feature",
      "properties": {
        "@id": "node/13095728633",
        "amenity": "restaurant",
        "name": "Southern Spice"
      },
      "geometry": {
        "type": "Point",
        "coordinates": [
          79.413755,
          13.6052125
        ]
      },
      "id": "node/13095728633"
    },
    {
      "type": "Feature",
      "properties": {
        "@id": "node/13096493263",
        "amenity": "restaurant",
        "name": "Helapuri"
      },
      "geometry": {
        "type": "Point",
        "coordinates": [
          83.3058498,
          17.7250819
        ]
      },
      "id": "node/13096493263"
    },
    {
      "type": "Feature",
      "properties": {
        "@id": "node/13096522939",
        "amenity": "restaurant",
        "name": "Abids Restaurant"
      },
      "geometry": {
        "type": "Point",
        "coordinates": [
          83.303887,
          17.7271488
        ]
      },
      "id": "node/13096522939"
    },
    {
      "type": "Feature",
      "properties": {
        "@id": "node/13110145041",
        "addr:city": "Naraharipeta, Gudipala,",
        "addr:district": "Chittoor",
        "addr:housenumber": "2",
        "addr:postcode": "517132",
        "addr:street": "Chennai To Kurnool Road",
        "amenity": "restaurant",
        "cuisine": "indian;coffee_shop;ice_cream;breakfast;tea;fine_dining",
        "diet:vegetarian": "yes",
        "name": "Mayuri Grand",
        "opening_hours": "24/7",
        "organic": "yes"
      },
      "geometry": {
        "type": "Point",
        "coordinates": [
          79.1338055,
          13.0906273
        ]
      },
      "id": "node/13110145041"
    },
    {
      "type": "Feature",
      "properties": {
        "@id": "node/13119432073",
        "amenity": "restaurant",
        "name": "The kitchen Garden"
      },
      "geometry": {
        "type": "Point",
        "coordinates": [
          78.4810661,
          15.4828301
        ]
      },
      "id": "node/13119432073"
    },
    {
      "type": "Feature",
      "properties": {
        "@id": "node/13120547783",
        "amenity": "restaurant",
        "name": "Raj Bhojanam"
      },
      "geometry": {
        "type": "Point",
        "coordinates": [
          78.0240467,
          15.8173494
        ]
      },
      "id": "node/13120547783"
    },
    {
      "type": "Feature",
      "properties": {
        "@id": "node/13167911132",
        "amenity": "restaurant",
        "check_date": "2025-09-24",
        "name": "Sairam Tiffins"
      },
      "geometry": {
        "type": "Point",
        "coordinates": [
          83.397487,
          18.1075927
        ]
      },
      "id": "node/13167911132"
    },
    {
      "type": "Feature",
      "properties": {
        "@id": "node/13175255593",
        "amenity": "restaurant",
        "name": "Venkateshwara Tiffins"
      },
      "geometry": {
        "type": "Point",
        "coordinates": [
          83.3906722,
          18.1083473
        ]
      },
      "id": "node/13175255593"
    },
    {
      "type": "Feature",
      "properties": {
        "@id": "node/13175261501",
        "amenity": "restaurant",
        "name": "Multi Kitchen"
      },
      "geometry": {
        "type": "Point",
        "coordinates": [
          83.3902841,
          18.1104855
        ]
      },
      "id": "node/13175261501"
    },
    {
      "type": "Feature",
      "properties": {
        "@id": "node/13176907589",
        "amenity": "restaurant",
        "check_date": "2025-09-28",
        "name": "Aathidyam Restaurant"
      },
      "geometry": {
        "type": "Point",
        "coordinates": [
          83.3119523,
          17.7278992
        ]
      },
      "id": "node/13176907589"
    },
    {
      "type": "Feature",
      "properties": {
        "@id": "node/13179727740",
        "amenity": "restaurant",
        "name": "Andhra Vindu"
      },
      "geometry": {
        "type": "Point",
        "coordinates": [
          83.3136532,
          17.723907
        ]
      },
      "id": "node/13179727740"
    },
    {
      "type": "Feature",
      "properties": {
        "@id": "node/13179763137",
        "amenity": "restaurant",
        "name": "Happy Restaurant"
      },
      "geometry": {
        "type": "Point",
        "coordinates": [
          83.3996726,
          18.1171748
        ]
      },
      "id": "node/13179763137"
    },
    {
      "type": "Feature",
      "properties": {
        "@id": "node/13179763138",
        "amenity": "restaurant",
        "name": "Annapurna Restaurent"
      },
      "geometry": {
        "type": "Point",
        "coordinates": [
          83.3995516,
          18.1171962
        ]
      },
      "id": "node/13179763138"
    },
    {
      "type": "Feature",
      "properties": {
        "@id": "node/13179763139",
        "amenity": "restaurant"
      },
      "geometry": {
        "type": "Point",
        "coordinates": [
          83.3998242,
          18.1171636
        ]
      },
      "id": "node/13179763139"
    },
    {
      "type": "Feature",
      "properties": {
        "@id": "node/13179763140",
        "amenity": "restaurant",
        "name": "Sravanth Parlour"
      },
      "geometry": {
        "type": "Point",
        "coordinates": [
          83.4012512,
          18.1171322
        ]
      },
      "id": "node/13179763140"
    },
    {
      "type": "Feature",
      "properties": {
        "@id": "node/13179769144",
        "addr:city": "Vizianagaram",
        "addr:district": "Vizianagaram",
        "addr:postcode": "535002",
        "addr:street": "100 feet Ring Road",
        "amenity": "restaurant",
        "name": "Konaseema Tiffins"
      },
      "geometry": {
        "type": "Point",
        "coordinates": [
          83.4107304,
          18.1032758
        ]
      },
      "id": "node/13179769144"
    },
    {
      "type": "Feature",
      "properties": {
        "@id": "node/13179772002",
        "addr:city": "vizianagaram",
        "addr:district": "vizianagaram",
        "addr:postcode": "535002",
        "addr:street": "100 feet Ring Road",
        "amenity": "restaurant",
        "name": "Platform 65 - The Train Restaurant"
      },
      "geometry": {
        "type": "Point",
        "coordinates": [
          83.4081477,
          18.1091124
        ]
      },
      "id": "node/13179772002"
    },
    {
      "type": "Feature",
      "properties": {
        "@id": "node/13179772003",
        "addr:city": "Vizianagaram",
        "addr:district": "Vizianagaram",
        "addr:postcode": "535001",
        "addr:street": "R T C Complex Road",
        "amenity": "restaurant",
        "name": "Daksha"
      },
      "geometry": {
        "type": "Point",
        "coordinates": [
          83.4026007,
          18.1090076
        ]
      },
      "id": "node/13179772003"
    },
    {
      "type": "Feature",
      "properties": {
        "@id": "node/13179801234",
        "amenity": "restaurant",
        "name": "kshatriya"
      },
      "geometry": {
        "type": "Point",
        "coordinates": [
          81.7734337,
          16.9923087
        ]
      },
      "id": "node/13179801234"
    },
    {
      "type": "Feature",
      "properties": {
        "@id": "node/13179810089",
        "addr:district": "Vizianagaram",
        "addr:postcode": "535002",
        "addr:street": "100 feet Ring Road",
        "amenity": "restaurant",
        "name": "Biryani's And More"
      },
      "geometry": {
        "type": "Point",
        "coordinates": [
          83.4077485,
          18.1054224
        ]
      },
      "id": "node/13179810089"
    },
    {
      "type": "Feature",
      "properties": {
        "@id": "node/13179825677",
        "addr:city": "Visakhapatnam",
        "addr:district": "Andhra pradesh",
        "addr:postcode": "530027",
        "addr:street": "Vishakapatnam - Srungavarapukota - Araku Road Flyover, nad near royal enfiled showroom",
        "amenity": "restaurant",
        "name": "Hotel Golden Alfa"
      },
      "geometry": {
        "type": "Point",
        "coordinates": [
          83.2342475,
          17.7428684
        ]
      },
      "id": "node/13179825677"
    },
    {
      "type": "Feature",
      "properties": {
        "@id": "node/13179831440",
        "amenity": "restaurant"
      },
      "geometry": {
        "type": "Point",
        "coordinates": [
          83.396994,
          18.1099937
        ]
      },
      "id": "node/13179831440"
    },
    {
      "type": "Feature",
      "properties": {
        "@id": "node/13179884764",
        "amenity": "restaurant",
        "name": "Kinnera Grand Restaurant"
      },
      "geometry": {
        "type": "Point",
        "coordinates": [
          83.387609,
          18.0736844
        ]
      },
      "id": "node/13179884764"
    },
    {
      "type": "Feature",
      "properties": {
        "@id": "node/13182370208",
        "amenity": "restaurant",
        "name": "Subbaya Hotel"
      },
      "geometry": {
        "type": "Point",
        "coordinates": [
          83.4025576,
          18.1173212
        ]
      },
      "id": "node/13182370208"
    },
    {
      "type": "Feature",
      "properties": {
        "@id": "node/13182392052",
        "amenity": "restaurant",
        "name": "Happy Resturant"
      },
      "geometry": {
        "type": "Point",
        "coordinates": [
          83.4109212,
          18.1094412
        ]
      },
      "id": "node/13182392052"
    },
    {
      "type": "Feature",
      "properties": {
        "@id": "node/13182392092",
        "amenity": "restaurant",
        "name": "Kings Biryani"
      },
      "geometry": {
        "type": "Point",
        "coordinates": [
          83.4041839,
          18.1057264
        ]
      },
      "id": "node/13182392092"
    },
    {
      "type": "Feature",
      "properties": {
        "@id": "node/13182400365",
        "amenity": "restaurant",
        "cuisine": "indian",
        "name": "breakfast center"
      },
      "geometry": {
        "type": "Point",
        "coordinates": [
          82.2290972,
          16.9660534
        ]
      },
      "id": "node/13182400365"
    },
    {
      "type": "Feature",
      "properties": {
        "@id": "node/13182405593",
        "amenity": "restaurant",
        "name": "Dora Gari Hotel"
      },
      "geometry": {
        "type": "Point",
        "coordinates": [
          82.2485277,
          17.0233176
        ]
      },
      "id": "node/13182405593"
    },
    {
      "type": "Feature",
      "properties": {
        "@id": "node/13182405594",
        "amenity": "restaurant",
        "name": "Dora's Dhaba And Resturant"
      },
      "geometry": {
        "type": "Point",
        "coordinates": [
          82.246212,
          17.0224556
        ]
      },
      "id": "node/13182405594"
    },
    {
      "type": "Feature",
      "properties": {
        "@id": "node/13182500604",
        "amenity": "restaurant",
        "cuisine": "pizza",
        "name": "Golu's Cafe"
      },
      "geometry": {
        "type": "Point",
        "coordinates": [
          83.40125,
          18.1039234
        ]
      },
      "id": "node/13182500604"
    },
    {
      "type": "Feature",
      "properties": {
        "@id": "node/13182500606",
        "amenity": "restaurant",
        "name": "99 Biryani Point"
      },
      "geometry": {
        "type": "Point",
        "coordinates": [
          83.4005885,
          18.1040142
        ]
      },
      "id": "node/13182500606"
    },
    {
      "type": "Feature",
      "properties": {
        "@id": "node/13204661804",
        "amenity": "restaurant",
        "name": "beach paradise"
      },
      "geometry": {
        "type": "Point",
        "coordinates": [
          83.409493,
          17.8469396
        ]
      },
      "id": "node/13204661804"
    },
    {
      "type": "Feature",
      "properties": {
        "@id": "node/13204695462",
        "amenity": "restaurant",
        "name": "anna canteen"
      },
      "geometry": {
        "type": "Point",
        "coordinates": [
          80.6364691,
          16.5284526
        ]
      },
      "id": "node/13204695462"
    },
    {
      "type": "Feature",
      "properties": {
        "@id": "node/13204715574",
        "addr:city": "NARASANNAPETA",
        "addr:district": "Srikakulam",
        "addr:housenumber": "20-156",
        "addr:postcode": "532421",
        "addr:street": "Narsannapeta Main Road",
        "amenity": "restaurant",
        "cuisine": "indian",
        "diet:vegetarian": "yes",
        "name": "NARASIMHA  PURE VEG",
        "opening_hours": "Mo-Su 09:00-21:00",
        "phone": "8965237496"
      },
      "geometry": {
        "type": "Point",
        "coordinates": [
          84.044069,
          18.4178254
        ]
      },
      "id": "node/13204715574"
    },
    {
      "type": "Feature",
      "properties": {
        "@id": "node/13204716127",
        "addr:city": "NARASANNAPETA",
        "addr:district": "Srikakulam",
        "addr:housenumber": "30-234",
        "addr:postcode": "532421",
        "addr:street": "Narsannapeta Main Road",
        "amenity": "restaurant",
        "cuisine": "indian",
        "diet:non-vegetarian": "yes",
        "name": "URVASI",
        "opening_hours": "Mo-Su 09:00-21:00",
        "phone": "9685334826"
      },
      "geometry": {
        "type": "Point",
        "coordinates": [
          84.0436659,
          18.4179478
        ]
      },
      "id": "node/13204716127"
    },
    {
      "type": "Feature",
      "properties": {
        "@id": "node/13204716766",
        "addr:city": "vijayawada",
        "addr:district": "Krishna",
        "addr:housenumber": "ashok nagar",
        "addr:postcode": "520007",
        "addr:street": "Vijayawada - Machilipatnam Road",
        "amenity": "restaurant",
        "cuisine": "chicken;indian",
        "diet:fish": "yes",
        "diet:non-vegetarian": "yes",
        "diet:vegetarian": "yes",
        "level": "2",
        "name:en": "sweet magic",
        "opening_hours": "Mo-Su 09:00-21:00",
        "phone": "8662547499"
      },
      "geometry": {
        "type": "Point",
        "coordinates": [
          80.6875565,
          16.4835702
        ]
      },
      "id": "node/13204716766"
    },
    {
      "type": "Feature",
      "properties": {
        "@id": "node/13204729232",
        "amenity": "restaurant",
        "name": "sun dhaba"
      },
      "geometry": {
        "type": "Point",
        "coordinates": [
          84.4167962,
          18.7680255
        ]
      },
      "id": "node/13204729232"
    },
    {
      "type": "Feature",
      "properties": {
        "@id": "node/13205056804",
        "amenity": "restaurant",
        "cuisine": "chicken;indian;asian;ice_cream;seafood;dessert",
        "diet:fish": "yes",
        "diet:non-vegetarian": "yes",
        "diet:seafood": "yes",
        "diet:vegetarian": "yes",
        "name:en": "Naidu Gari kunda biryani"
      },
      "geometry": {
        "type": "Point",
        "coordinates": [
          80.6869798,
          16.4836617
        ]
      },
      "id": "node/13205056804"
    },
    {
      "type": "Feature",
      "properties": {
        "@id": "node/13207677270",
        "amenity": "restaurant",
        "check_date": "2025-10-10",
        "name": "aaruchulu"
      },
      "geometry": {
        "type": "Point",
        "coordinates": [
          80.6158776,
          16.5065707
        ]
      },
      "id": "node/13207677270"
    },
    {
      "type": "Feature",
      "properties": {
        "@id": "node/13207677271",
        "amenity": "restaurant",
        "check_date": "2025-10-10",
        "name": "PUBG's Restaurant"
      },
      "geometry": {
        "type": "Point",
        "coordinates": [
          80.6158293,
          16.5065761
        ]
      },
      "id": "node/13207677271"
    },
    {
      "type": "Feature",
      "properties": {
        "@id": "node/13207677272",
        "amenity": "restaurant",
        "check_date": "2025-10-10",
        "name": "Red Chillies"
      },
      "geometry": {
        "type": "Point",
        "coordinates": [
          80.6157772,
          16.5065689
        ]
      },
      "id": "node/13207677272"
    },
    {
      "type": "Feature",
      "properties": {
        "@id": "node/13207677273",
        "amenity": "restaurant",
        "check_date": "2025-10-10",
        "name": "Punjabi Dhaba"
      },
      "geometry": {
        "type": "Point",
        "coordinates": [
          80.6156657,
          16.5065805
        ]
      },
      "id": "node/13207677273"
    },
    {
      "type": "Feature",
      "properties": {
        "@id": "node/13260890908",
        "amenity": "restaurant",
        "name": "red chilli restaurant"
      },
      "geometry": {
        "type": "Point",
        "coordinates": [
          77.2581115,
          15.6277337
        ]
      },
      "id": "node/13260890908"
    },
    {
      "type": "Feature",
      "properties": {
        "@id": "node/13283662146",
        "amenity": "restaurant",
        "check_date": "2025-11-05",
        "name": "Raanos"
      },
      "geometry": {
        "type": "Point",
        "coordinates": [
          83.2242472,
          17.7277306
        ]
      },
      "id": "node/13283662146"
    },
    {
      "type": "Feature",
      "properties": {
        "@id": "node/13312902002",
        "amenity": "restaurant",
        "check_date": "2025-11-18",
        "name": "Helapuri Restaurant & Buffet"
      },
      "geometry": {
        "type": "Point",
        "coordinates": [
          83.3028774,
          17.7262423
        ]
      },
      "id": "node/13312902002"
    },
    {
      "type": "Feature",
      "properties": {
        "@id": "node/13316889162",
        "amenity": "restaurant",
        "name": "Annapurna Bhojanalayam"
      },
      "geometry": {
        "type": "Point",
        "coordinates": [
          83.2990023,
          17.7263411
        ]
      },
      "id": "node/13316889162"
    },
    {
      "type": "Feature",
      "properties": {
        "@id": "node/13316889185",
        "amenity": "restaurant",
        "name": "Chutneys"
      },
      "geometry": {
        "type": "Point",
        "coordinates": [
          83.3009483,
          17.7272525
        ]
      },
      "id": "node/13316889185"
    },
    {
      "type": "Feature",
      "properties": {
        "@id": "node/13316889186",
        "amenity": "restaurant",
        "name": "Chittibabu Kodi Pulav"
      },
      "geometry": {
        "type": "Point",
        "coordinates": [
          83.3010795,
          17.7272568
        ]
      },
      "id": "node/13316889186"
    },
    {
      "type": "Feature",
      "properties": {
        "@id": "node/13316892811",
        "amenity": "restaurant",
        "name": "Waltair Mess"
      },
      "geometry": {
        "type": "Point",
        "coordinates": [
          83.2980514,
          17.7274878
        ]
      },
      "id": "node/13316892811"
    },
    {
      "type": "Feature",
      "properties": {
        "@id": "node/13316892830",
        "amenity": "restaurant",
        "name": "Rajugari Vindhu"
      },
      "geometry": {
        "type": "Point",
        "coordinates": [
          83.2993587,
          17.7296691
        ]
      },
      "id": "node/13316892830"
    },
    {
      "type": "Feature",
      "properties": {
        "@id": "node/13318612060",
        "amenity": "restaurant",
        "name": "Food World"
      },
      "geometry": {
        "type": "Point",
        "coordinates": [
          83.318272,
          17.7120377
        ]
      },
      "id": "node/13318612060"
    },
    {
      "type": "Feature",
      "properties": {
        "@id": "node/13318612062",
        "amenity": "restaurant",
        "name": "Mayuri Restaurant"
      },
      "geometry": {
        "type": "Point",
        "coordinates": [
          83.3182333,
          17.7119971
        ]
      },
      "id": "node/13318612062"
    },
    {
      "type": "Feature",
      "properties": {
        "@id": "node/13319047243",
        "amenity": "restaurant",
        "name": "K4 Restaurant"
      },
      "geometry": {
        "type": "Point",
        "coordinates": [
          83.2514842,
          17.7501841
        ]
      },
      "id": "node/13319047243"
    },
    {
      "type": "Feature",
      "properties": {
        "@id": "node/13319047266",
        "amenity": "restaurant",
        "name": "Pulka & Chapathi"
      },
      "geometry": {
        "type": "Point",
        "coordinates": [
          83.2541829,
          17.7497669
        ]
      },
      "id": "node/13319047266"
    },
    {
      "type": "Feature",
      "properties": {
        "@id": "node/13319047287",
        "amenity": "restaurant",
        "name": "New Ram Sai Parlour"
      },
      "geometry": {
        "type": "Point",
        "coordinates": [
          83.2563646,
          17.7494834
        ]
      },
      "id": "node/13319047287"
    },
    {
      "type": "Feature",
      "properties": {
        "@id": "node/13319047288",
        "amenity": "restaurant",
        "diet:vegetarian": "yes",
        "name": "New Ram Sai Pure Veg Corner",
        "takeaway": "only"
      },
      "geometry": {
        "type": "Point",
        "coordinates": [
          83.2563364,
          17.7492383
        ]
      },
      "id": "node/13319047288"
    },
    {
      "type": "Feature",
      "properties": {
        "@id": "node/13325831298",
        "amenity": "restaurant"
      },
      "geometry": {
        "type": "Point",
        "coordinates": [
          82.9837171,
          17.9902065
        ]
      },
      "id": "node/13325831298"
    },
    {
      "type": "Feature",
      "properties": {
        "@id": "node/13325847917",
        "amenity": "restaurant",
        "name": "NNN Restaurant"
      },
      "geometry": {
        "type": "Point",
        "coordinates": [
          82.9824986,
          17.9904975
        ]
      },
      "id": "node/13325847917"
    },
    {
      "type": "Feature",
      "properties": {
        "@id": "node/13325847927",
        "amenity": "restaurant",
        "name": "Bojana Hotel Biryani"
      },
      "geometry": {
        "type": "Point",
        "coordinates": [
          82.9817486,
          17.9905481
        ]
      },
      "id": "node/13325847927"
    },
    {
      "type": "Feature",
      "properties": {
        "@id": "node/13325847934",
        "amenity": "restaurant"
      },
      "geometry": {
        "type": "Point",
        "coordinates": [
          82.9813304,
          17.9903805
        ]
      },
      "id": "node/13325847934"
    },
    {
      "type": "Feature",
      "properties": {
        "@id": "node/13340390972",
        "amenity": "restaurant",
        "name": "Hotel VS9 Grand"
      },
      "geometry": {
        "type": "Point",
        "coordinates": [
          79.9868927,
          14.863348
        ]
      },
      "id": "node/13340390972"
    },
    {
      "type": "Feature",
      "properties": {
        "@id": "node/13368791812",
        "amenity": "restaurant",
        "name": "G.N. Raju Restaurant"
      },
      "geometry": {
        "type": "Point",
        "coordinates": [
          83.3499503,
          17.7523403
        ]
      },
      "id": "node/13368791812"
    },
    {
      "type": "Feature",
      "properties": {
        "@id": "node/13369517539",
        "amenity": "restaurant",
        "check_date": "2025-12-11",
        "name": "Anna Canteen"
      },
      "geometry": {
        "type": "Point",
        "coordinates": [
          83.0083434,
          17.6941843
        ]
      },
      "id": "node/13369517539"
    },
    {
      "type": "Feature",
      "properties": {
        "@id": "node/13388162254",
        "amenity": "restaurant",
        "name": "Vantashala"
      },
      "geometry": {
        "type": "Point",
        "coordinates": [
          83.3047515,
          17.7173952
        ]
      },
      "id": "node/13388162254"
    },
    {
      "type": "Feature",
      "properties": {
        "@id": "node/13408526325",
        "addr:floor": "G",
        "amenity": "restaurant",
        "check_date": "2025-12-26",
        "level": "0",
        "name": "Kandhari"
      },
      "geometry": {
        "type": "Point",
        "coordinates": [
          83.3274557,
          17.7166455
        ]
      },
      "id": "node/13408526325"
    },
    {
      "type": "Feature",
      "properties": {
        "@id": "node/13429829516",
        "amenity": "restaurant",
        "check_date": "2026-01-04",
        "name": "Rasora Restaurant"
      },
      "geometry": {
        "type": "Point",
        "coordinates": [
          83.3010341,
          17.7149245
        ]
      },
      "id": "node/13429829516"
    },
    {
      "type": "Feature",
      "properties": {
        "@id": "node/13429829526",
        "amenity": "restaurant",
        "check_date": "2026-01-04",
        "name": "Alakpuri Family Restaurant"
      },
      "geometry": {
        "type": "Point",
        "coordinates": [
          83.3008151,
          17.7141827
        ]
      },
      "id": "node/13429829526"
    },
    {
      "type": "Feature",
      "properties": {
        "@id": "node/13429886350",
        "amenity": "restaurant",
        "check_date": "2026-01-04",
        "name": "Mahadev Restaurant"
      },
      "geometry": {
        "type": "Point",
        "coordinates": [
          83.2991628,
          17.7149675
        ]
      },
      "id": "node/13429886350"
    },
    {
      "type": "Feature",
      "properties": {
        "@id": "node/13434160311",
        "amenity": "restaurant"
      },
      "geometry": {
        "type": "Point",
        "coordinates": [
          79.7951011,
          13.3889905
        ]
      },
      "id": "node/13434160311"
    },
    {
      "type": "Feature",
      "properties": {
        "@id": "node/13517063624",
        "addr:city": "Muttukurupalli",
        "addr:district": "Chittoor",
        "addr:postcode": "517132",
        "addr:street": "Chennai To Kurnool Road",
        "amenity": "restaurant",
        "cuisine": "indian",
        "diet:healthy": "yes",
        "diet:vegetarian": "yes",
        "email": "eazhilarasanmmi@gmail.com",
        "mobile": "+919177158099",
        "name": "Hotel Arasu Cafe",
        "opening_hours": "Mo-Su 09:00-21:00"
      },
      "geometry": {
        "type": "Point",
        "coordinates": [
          79.1244302,
          13.1156024
        ]
      },
      "id": "node/13517063624"
    },
    {
      "type": "Feature",
      "properties": {
        "@id": "node/13529350637",
        "amenity": "restaurant",
        "check_date": "2026-02-06",
        "name": "Hotel Madhuram"
      },
      "geometry": {
        "type": "Point",
        "coordinates": [
          82.5648545,
          17.3663652
        ]
      },
      "id": "node/13529350637"
    },
    {
      "type": "Feature",
      "properties": {
        "@id": "node/13529372669",
        "amenity": "restaurant",
        "check_date": "2026-02-06",
        "name": "Vareva Ruchulu"
      },
      "geometry": {
        "type": "Point",
        "coordinates": [
          82.5882897,
          17.3736187
        ]
      },
      "id": "node/13529372669"
    },
    {
      "type": "Feature",
      "properties": {
        "@id": "node/13529400235",
        "amenity": "restaurant",
        "check_date": "2026-02-06",
        "name": "Udipi Hotel"
      },
      "geometry": {
        "type": "Point",
        "coordinates": [
          82.5450738,
          17.3675128
        ]
      },
      "id": "node/13529400235"
    },
    {
      "type": "Feature",
      "properties": {
        "@id": "node/13529400237",
        "amenity": "restaurant",
        "check_date": "2026-02-06",
        "name": "Haveli Restaurant"
      },
      "geometry": {
        "type": "Point",
        "coordinates": [
          82.5299834,
          17.3554744
        ]
      },
      "id": "node/13529400237"
    },
    {
      "type": "Feature",
      "properties": {
        "@id": "node/13529427413",
        "amenity": "restaurant",
        "check_date": "2026-02-06",
        "name": "Lakshmi Family Dhaba"
      },
      "geometry": {
        "type": "Point",
        "coordinates": [
          82.4828756,
          17.3242297
        ]
      },
      "id": "node/13529427413"
    },
    {
      "type": "Feature",
      "properties": {
        "@id": "node/13529427417",
        "amenity": "restaurant",
        "check_date": "2026-02-06"
      },
      "geometry": {
        "type": "Point",
        "coordinates": [
          82.4530522,
          17.3118854
        ]
      },
      "id": "node/13529427417"
    },
    {
      "type": "Feature",
      "properties": {
        "@id": "node/13529427419",
        "amenity": "restaurant",
        "check_date": "2026-02-06",
        "name": "Manikanta Tiffins"
      },
      "geometry": {
        "type": "Point",
        "coordinates": [
          82.4411684,
          17.3052732
        ]
      },
      "id": "node/13529427419"
    },
    {
      "type": "Feature",
      "properties": {
        "@id": "node/13529427421",
        "amenity": "restaurant",
        "check_date": "2026-02-06",
        "name": "Dathudu Family Restaurant & Dhaba"
      },
      "geometry": {
        "type": "Point",
        "coordinates": [
          82.4406698,
          17.3041722
        ]
      },
      "id": "node/13529427421"
    },
    {
      "type": "Feature",
      "properties": {
        "@id": "node/13529427422",
        "amenity": "restaurant",
        "check_date": "2026-02-06",
        "name": "Hotel 5"
      },
      "geometry": {
        "type": "Point",
        "coordinates": [
          82.4299437,
          17.300759
        ]
      },
      "id": "node/13529427422"
    },
    {
      "type": "Feature",
      "properties": {
        "@id": "node/13529599450",
        "amenity": "restaurant",
        "check_date": "2026-02-06"
      },
      "geometry": {
        "type": "Point",
        "coordinates": [
          82.3948421,
          17.2701683
        ]
      },
      "id": "node/13529599450"
    },
    {
      "type": "Feature",
      "properties": {
        "@id": "node/13529599457",
        "amenity": "restaurant",
        "check_date": "2026-02-06",
        "name": "Ambika Dhaba"
      },
      "geometry": {
        "type": "Point",
        "coordinates": [
          82.3689681,
          17.2454391
        ]
      },
      "id": "node/13529599457"
    },
    {
      "type": "Feature",
      "properties": {
        "@id": "node/13529613363",
        "amenity": "restaurant",
        "check_date": "2026-02-06",
        "name": "Friends Dhaba"
      },
      "geometry": {
        "type": "Point",
        "coordinates": [
          81.8278837,
          17.034501
        ]
      },
      "id": "node/13529613363"
    },
    {
      "type": "Feature",
      "properties": {
        "@id": "node/13543663600",
        "amenity": "restaurant",
        "check_date": "2026-02-10",
        "name": "Pallavi Tiffin Center"
      },
      "geometry": {
        "type": "Point",
        "coordinates": [
          83.1185646,
          17.7850665
        ]
      },
      "id": "node/13543663600"
    },
    {
      "type": "Feature",
      "properties": {
        "@id": "node/13543677484",
        "amenity": "restaurant",
        "check_date": "2026-02-10"
      },
      "geometry": {
        "type": "Point",
        "coordinates": [
          83.0668912,
          17.7455768
        ]
      },
      "id": "node/13543677484"
    },
    {
      "type": "Feature",
      "properties": {
        "@id": "node/13543685706",
        "amenity": "restaurant",
        "check_date": "2026-02-10",
        "name": "Swami Day & Night Tiffins"
      },
      "geometry": {
        "type": "Point",
        "coordinates": [
          83.205133,
          17.8224909
        ]
      },
      "id": "node/13543685706"
    },
    {
      "type": "Feature",
      "properties": {
        "@id": "node/13543686121",
        "amenity": "restaurant",
        "check_date": "2026-02-10",
        "name": "Adilakshmi Tiffins"
      },
      "geometry": {
        "type": "Point",
        "coordinates": [
          83.1345562,
          17.800369
        ]
      },
      "id": "node/13543686121"
    }
  ]
}