{
  "type": "FeatureCollection",
  "generator": "overpass-turbo",
  "copyright": "The data included in this document is from www.openstreetmap.org. The data is made available under ODbL.",
  "timestamp": "2026-02-13T17:41:08Z",
  "features": [
    {
      "type": "Feature",
      "properties": {
        "@id": "node/277041133",
        "amenity": "fuel",
        "created_by": "JOSM"
      },
      "geometry": {
        "type": "Point",
        "coordinates": [
          74.4591369,
          16.6940177
        ]
      },
      "id": "node/277041133"
    },
    {
      "type": "Feature",
      "properties": {
        "@id": "node/303938132",
        "addr:street": "Elephant Cave Road",
        "amenity": "fuel",
        "brand": "Bharat Petroleum",
        "brand:wikidata": "Q854826",
        "name": "Bharat Petroleum",
        "name:kn": "ಭಾರತ್ ಪೆಟ್ರೋಲಿಯಂ",
        "operator": "Bharat Petroleum"
      },
      "geometry": {
        "type": "Point",
        "coordinates": [
          77.5804447,
          12.9365895
        ]
      },
      "id": "node/303938132"
    },
    {
      "type": "Feature",
      "properties": {
        "@id": "node/308779347",
        "addr:street": "80 Feet Road",
        "amenity": "fuel",
        "brand": "Bharat Petroleum",
        "brand:wikidata": "Q854826",
        "name": "Bharat Petroleum",
        "name:kn": "ಭಾರತ್ ಪೆಟ್ರೋಲಿಯಂ"
      },
      "geometry": {
        "type": "Point",
        "coordinates": [
          77.6144578,
          12.9356671
        ]
      },
      "id": "node/308779347"
    },
    {
      "type": "Feature",
      "properties": {
        "@id": "node/321712773",
        "amenity": "fuel",
        "name": "Bharat Petrol Pump"
      },
      "geometry": {
        "type": "Point",
        "coordinates": [
          78.5310796,
          17.4272158
        ]
      },
      "id": "node/321712773"
    },
    {
      "type": "Feature",
      "properties": {
        "@id": "node/321712774",
        "amenity": "fuel",
        "name": "Tarnaka Agencies Petrol Pump"
      },
      "geometry": {
        "type": "Point",
        "coordinates": [
          78.5314488,
          17.4267938
        ]
      },
      "id": "node/321712774"
    },
    {
      "type": "Feature",
      "properties": {
        "@id": "node/321712775",
        "amenity": "fuel",
        "created_by": "Potlatch 0.10f"
      },
      "geometry": {
        "type": "Point",
        "coordinates": [
          78.5303137,
          17.4271001
        ]
      },
      "id": "node/321712775"
    },
    {
      "type": "Feature",
      "properties": {
        "@id": "node/344033815",
        "amenity": "fuel",
        "brand": "Indian Oil",
        "brand:wikidata": "Q1289348",
        "brand:wikipedia": "en:Indian Oil Corporation",
        "name": "Indian Oil",
        "operator": "IBP"
      },
      "geometry": {
        "type": "Point",
        "coordinates": [
          78.3996269,
          17.4380252
        ]
      },
      "id": "node/344033815"
    },
    {
      "type": "Feature",
      "properties": {
        "@id": "node/349267514",
        "amenity": "fuel",
        "brand": "Indian Oil",
        "brand:wikidata": "Q1289348",
        "brand:wikipedia": "en:Indian Oil Corporation",
        "name": "Indian Oil Madhapur"
      },
      "geometry": {
        "type": "Point",
        "coordinates": [
          78.3913972,
          17.4407798
        ]
      },
      "id": "node/349267514"
    },
    {
      "type": "Feature",
      "properties": {
        "@id": "node/374218325",
        "amenity": "fuel",
        "brand": "Indian Oil",
        "brand:wikidata": "Q1289348",
        "brand:wikipedia": "en:Indian Oil Corporation",
        "name": "Indian Oil",
        "operator": "Indian Oil",
        "wheelchair": "yes"
      },
      "geometry": {
        "type": "Point",
        "coordinates": [
          77.5698943,
          13.0322135
        ]
      },
      "id": "node/374218325"
    },
    {
      "type": "Feature",
      "properties": {
        "@id": "node/380048989",
        "amenity": "fuel",
        "brand": "Indian Oil",
        "brand:wikidata": "Q1289348",
        "brand:wikipedia": "en:Indian Oil Corporation",
        "name": "Sri Prabhudeva Service Station",
        "operator": "IndianOil"
      },
      "geometry": {
        "type": "Point",
        "coordinates": [
          76.6669578,
          12.3927526
        ]
      },
      "id": "node/380048989"
    },
    {
      "type": "Feature",
      "properties": {
        "@id": "node/414032162",
        "amenity": "fuel",
        "brand": "Hindustan Petroleum",
        "brand:wikidata": "Q1619375",
        "name": "HP Auto Care",
        "official_name": "Hindustan Petroleum"
      },
      "geometry": {
        "type": "Point",
        "coordinates": [
          77.6570884,
          12.9812136
        ]
      },
      "id": "node/414032162"
    },
    {
      "type": "Feature",
      "properties": {
        "@id": "node/519549716",
        "addr:street": "WOC Road",
        "amenity": "fuel",
        "brand": "Indian Oil",
        "brand:wikidata": "Q1289348",
        "brand:wikipedia": "en:Indian Oil Corporation",
        "name": "Indian Oil",
        "operator": "Indian Oil",
        "wheelchair": "yes"
      },
      "geometry": {
        "type": "Point",
        "coordinates": [
          77.5404068,
          12.9967798
        ]
      },
      "id": "node/519549716"
    },
    {
      "type": "Feature",
      "properties": {
        "@id": "node/519549718",
        "addr:street": "WOC Road",
        "amenity": "fuel",
        "brand": "Bharat Petroleum",
        "brand:wikidata": "Q854826",
        "name": "Bharat Petroleum",
        "operator": "Bharat Petroleum",
        "wheelchair": "yes"
      },
      "geometry": {
        "type": "Point",
        "coordinates": [
          77.5400464,
          12.9966627
        ]
      },
      "id": "node/519549718"
    },
    {
      "type": "Feature",
      "properties": {
        "@id": "node/540655865",
        "amenity": "fuel",
        "brand": "Indian Oil",
        "brand:wikidata": "Q1289348",
        "brand:wikipedia": "en:Indian Oil Corporation",
        "fuel:diesel": "yes",
        "name": "Indian Oil",
        "name:kn": "ಇಂಡಿಯನ್ ಆಯಿಲ್",
        "operator": "Indian Oil"
      },
      "geometry": {
        "type": "Point",
        "coordinates": [
          76.6429854,
          12.299309
        ]
      },
      "id": "node/540655865"
    },
    {
      "type": "Feature",
      "properties": {
        "@id": "node/575556514",
        "amenity": "fuel",
        "brand": "Bharat Petroleum",
        "brand:wikidata": "Q854826",
        "check_date": "2025-08-27",
        "compressed_air": "yes",
        "name": "Bharat Petroleum",
        "name:kn": "ಭಾರತ್ ಪೆಟ್ರೋಲಿಯಂ"
      },
      "geometry": {
        "type": "Point",
        "coordinates": [
          77.5624992,
          13.0096888
        ]
      },
      "id": "node/575556514"
    },
    {
      "type": "Feature",
      "properties": {
        "@id": "node/580851965",
        "amenity": "fuel",
        "name": "HP",
        "name:kn": "ಹಿಂದುಸ್ತಾನ್ ಪೆಟ್ರೋಲಿಯಂ"
      },
      "geometry": {
        "type": "Point",
        "coordinates": [
          76.684553,
          11.8178753
        ]
      },
      "id": "node/580851965"
    },
    {
      "type": "Feature",
      "properties": {
        "@id": "node/590002267",
        "amenity": "fuel",
        "brand": "Hindustan Petroleum",
        "brand:wikidata": "Q1619375",
        "compressed_air": "yes",
        "name": "Hindustan Petroleum",
        "official_name": "Hindustan Petroleum",
        "operator": "Hindustan Petroleum",
        "wheelchair": "limited"
      },
      "geometry": {
        "type": "Point",
        "coordinates": [
          77.5536883,
          13.0436252
        ]
      },
      "id": "node/590002267"
    },
    {
      "type": "Feature",
      "properties": {
        "@id": "node/594206377",
        "addr:street": "Lalbagh Road",
        "amenity": "fuel",
        "brand": "Indian Oil",
        "brand:wikidata": "Q1289348",
        "brand:wikipedia": "en:Indian Oil Corporation",
        "name": "Indian Oil",
        "name:kn": "ಇಂಡಿಯನ್ ಆಯಿಲ್"
      },
      "geometry": {
        "type": "Point",
        "coordinates": [
          77.5862334,
          12.9571863
        ]
      },
      "id": "node/594206377"
    },
    {
      "type": "Feature",
      "properties": {
        "@id": "node/634125053",
        "amenity": "fuel"
      },
      "geometry": {
        "type": "Point",
        "coordinates": [
          78.5093523,
          17.4020866
        ]
      },
      "id": "node/634125053"
    },
    {
      "type": "Feature",
      "properties": {
        "@id": "node/635574643",
        "amenity": "fuel"
      },
      "geometry": {
        "type": "Point",
        "coordinates": [
          78.513264,
          17.40581
        ]
      },
      "id": "node/635574643"
    },
    {
      "type": "Feature",
      "properties": {
        "@id": "node/649056291",
        "amenity": "fuel",
        "description": "Indian Oil Petrol Station",
        "name": "M.B.R Fuel Point",
        "place": "kanajiguda"
      },
      "geometry": {
        "type": "Point",
        "coordinates": [
          78.4968743,
          17.4850231
        ]
      },
      "id": "node/649056291"
    },
    {
      "type": "Feature",
      "properties": {
        "@id": "node/663313913",
        "addr:street": "Kasturba Road",
        "amenity": "fuel",
        "brand": "Bharat Petroleum",
        "brand:wikidata": "Q854826",
        "compressed_air": "yes",
        "name": "Bharat Petroleum",
        "name:kn": "ಭಾರತ್ ಪೆಟ್ರೋಲಿಯಂ"
      },
      "geometry": {
        "type": "Point",
        "coordinates": [
          77.5985677,
          12.9758396
        ]
      },
      "id": "node/663313913"
    },
    {
      "type": "Feature",
      "properties": {
        "@id": "node/663939130",
        "amenity": "fuel",
        "brand": "Indian Oil",
        "fuel:biodiesel": "yes",
        "fuel:biogas": "no",
        "fuel:diesel": "yes"
      },
      "geometry": {
        "type": "Point",
        "coordinates": [
          76.4531386,
          13.2631868
        ]
      },
      "id": "node/663939130"
    },
    {
      "type": "Feature",
      "properties": {
        "@id": "node/701733217",
        "amenity": "fuel",
        "brand": "Indian Oil",
        "brand:wikidata": "Q1289348",
        "brand:wikipedia": "en:Indian Oil Corporation",
        "operator": "Indian Oil"
      },
      "geometry": {
        "type": "Point",
        "coordinates": [
          77.5209319,
          13.0382505
        ]
      },
      "id": "node/701733217"
    },
    {
      "type": "Feature",
      "properties": {
        "@id": "node/791378337",
        "amenity": "fuel"
      },
      "geometry": {
        "type": "Point",
        "coordinates": [
          77.5348756,
          13.0270252
        ]
      },
      "id": "node/791378337"
    },
    {
      "type": "Feature",
      "properties": {
        "@id": "node/813570842",
        "amenity": "fuel",
        "brand": "Indian Oil",
        "brand:wikidata": "Q1289348",
        "brand:wikipedia": "en:Indian Oil Corporation",
        "name": "Indian Oil"
      },
      "geometry": {
        "type": "Point",
        "coordinates": [
          78.451396,
          17.4263594
        ]
      },
      "id": "node/813570842"
    },
    {
      "type": "Feature",
      "properties": {
        "@id": "node/813571228",
        "amenity": "fuel",
        "brand": "Indian Oil",
        "brand:wikidata": "Q1289348",
        "brand:wikipedia": "en:Indian Oil Corporation",
        "name": "Indian Oil"
      },
      "geometry": {
        "type": "Point",
        "coordinates": [
          78.4877615,
          17.4435568
        ]
      },
      "id": "node/813571228"
    },
    {
      "type": "Feature",
      "properties": {
        "@id": "node/813571286",
        "amenity": "fuel",
        "name": "Bharat Petroleum"
      },
      "geometry": {
        "type": "Point",
        "coordinates": [
          78.4905722,
          17.4430364
        ]
      },
      "id": "node/813571286"
    },
    {
      "type": "Feature",
      "properties": {
        "@id": "node/813571521",
        "amenity": "fuel",
        "brand": "Bharat Petroleum",
        "brand:wikidata": "Q854826",
        "brand:wikipedia": "en:Bharat Petroleum",
        "name": "Bharat Petroleum",
        "operator": "Indian Oil"
      },
      "geometry": {
        "type": "Point",
        "coordinates": [
          78.5052645,
          17.4409489
        ]
      },
      "id": "node/813571521"
    },
    {
      "type": "Feature",
      "properties": {
        "@id": "node/813571553",
        "amenity": "fuel",
        "brand": "Bharat Petroleum",
        "brand:wikidata": "Q854826",
        "brand:wikipedia": "en:Bharat Petroleum",
        "fuel:cng": "yes",
        "fuel:diesel": "yes",
        "name": "Bharat Petroleum",
        "operator": "Bharat Petroleum"
      },
      "geometry": {
        "type": "Point",
        "coordinates": [
          78.5089043,
          17.4397896
        ]
      },
      "id": "node/813571553"
    },
    {
      "type": "Feature",
      "properties": {
        "@id": "node/814748141",
        "amenity": "fuel",
        "brand": "Indian Oil",
        "brand:wikidata": "Q1289348",
        "brand:wikipedia": "en:Indian Oil Corporation",
        "name": "Indian Oil"
      },
      "geometry": {
        "type": "Point",
        "coordinates": [
          78.4395446,
          17.4273769
        ]
      },
      "id": "node/814748141"
    },
    {
      "type": "Feature",
      "properties": {
        "@id": "node/817353582",
        "amenity": "fuel",
        "name": "HP"
      },
      "geometry": {
        "type": "Point",
        "coordinates": [
          78.5179571,
          17.4367489
        ]
      },
      "id": "node/817353582"
    },
    {
      "type": "Feature",
      "properties": {
        "@id": "node/817353703",
        "amenity": "fuel",
        "brand": "Indian Oil",
        "brand:wikidata": "Q1289348",
        "brand:wikipedia": "en:Indian Oil Corporation",
        "name": "Indian Oil",
        "operator": "Indian Oil"
      },
      "geometry": {
        "type": "Point",
        "coordinates": [
          78.4671058,
          17.4449593
        ]
      },
      "id": "node/817353703"
    },
    {
      "type": "Feature",
      "properties": {
        "@id": "node/817354434",
        "amenity": "fuel",
        "brand": "Indian Oil",
        "brand:wikidata": "Q1289348",
        "brand:wikipedia": "en:Indian Oil Corporation",
        "name": "Indian Oil"
      },
      "geometry": {
        "type": "Point",
        "coordinates": [
          78.4616641,
          17.4445955
        ]
      },
      "id": "node/817354434"
    },
    {
      "type": "Feature",
      "properties": {
        "@id": "node/821804685",
        "amenity": "fuel",
        "brand": "Bharat Petrol"
      },
      "geometry": {
        "type": "Point",
        "coordinates": [
          77.7311198,
          13.4345006
        ]
      },
      "id": "node/821804685"
    },
    {
      "type": "Feature",
      "properties": {
        "@id": "node/928699174",
        "amenity": "fuel",
        "brand": "Indian Oil",
        "brand:wikidata": "Q1289348",
        "brand:wikipedia": "en:Indian Oil Corporation",
        "name": "Indian Oil",
        "operator": "Indian Oil Corporation"
      },
      "geometry": {
        "type": "Point",
        "coordinates": [
          78.4855131,
          17.4550905
        ]
      },
      "id": "node/928699174"
    },
    {
      "type": "Feature",
      "properties": {
        "@id": "node/928700783",
        "amenity": "fuel",
        "brand": "Indian Oil",
        "brand:wikidata": "Q1289348",
        "brand:wikipedia": "en:Indian Oil Corporation",
        "name": "Indian Oil",
        "operator": "Indian Oil Corporation",
        "self_service": "no"
      },
      "geometry": {
        "type": "Point",
        "coordinates": [
          78.481253,
          17.4684922
        ]
      },
      "id": "node/928700783"
    },
    {
      "type": "Feature",
      "properties": {
        "@id": "node/953687122",
        "addr:street": "80 Feet Road",
        "amenity": "fuel",
        "brand": "IBP",
        "fuel:biodiesel": "no",
        "fuel:biogas": "no",
        "fuel:cng": "no",
        "fuel:diesel": "yes",
        "fuel:e10": "no",
        "fuel:e85": "no",
        "fuel:electricity": "no",
        "fuel:lpg": "no",
        "name": "IBP Petrol Station"
      },
      "geometry": {
        "type": "Point",
        "coordinates": [
          77.5496081,
          12.9380085
        ]
      },
      "id": "node/953687122"
    },
    {
      "type": "Feature",
      "properties": {
        "@id": "node/1038397148",
        "amenity": "fuel"
      },
      "geometry": {
        "type": "Point",
        "coordinates": [
          78.4880414,
          17.439912
        ]
      },
      "id": "node/1038397148"
    },
    {
      "type": "Feature",
      "properties": {
        "@id": "node/1039405615",
        "amenity": "fuel",
        "brand": "Elf Gas",
        "fuel:biodiesel": "no",
        "fuel:diesel": "no",
        "fuel:ethanol": "no",
        "fuel:lpg": "yes",
        "name": "Vigneshwara Auto LPG Gas",
        "name:kn": "ವಿಘ್ನೇಶ್ವರ ಆಟೋ ಎಲ್‌ಪಿಜಿ ಅನಿಲ",
        "operator": "Elf Gas"
      },
      "geometry": {
        "type": "Point",
        "coordinates": [
          77.1060446,
          13.3384041
        ]
      },
      "id": "node/1039405615"
    },
    {
      "type": "Feature",
      "properties": {
        "@id": "node/1039405671",
        "amenity": "fuel",
        "name": "K.R Extention Bunk",
        "name:kn": "ಕೆ.ಆರ್ ಎಕ್ಸಟೆನ್ಶನ್ ಬಂಕ್"
      },
      "geometry": {
        "type": "Point",
        "coordinates": [
          77.1060699,
          13.3386561
        ]
      },
      "id": "node/1039405671"
    },
    {
      "type": "Feature",
      "properties": {
        "@id": "node/1050786523",
        "amenity": "fuel",
        "operator": "Hindustan Petroleum"
      },
      "geometry": {
        "type": "Point",
        "coordinates": [
          78.4783955,
          17.4691965
        ]
      },
      "id": "node/1050786523"
    },
    {
      "type": "Feature",
      "properties": {
        "@id": "node/1050856274",
        "amenity": "fuel",
        "diesel": "yes",
        "fuel:octane_100": "yes",
        "name": "HP fuel station",
        "operator": "Hindustan Petroleum",
        "source": "self"
      },
      "geometry": {
        "type": "Point",
        "coordinates": [
          78.4736466,
          17.4634786
        ]
      },
      "id": "node/1050856274"
    },
    {
      "type": "Feature",
      "properties": {
        "@id": "node/1053320350",
        "addr:street": "Hesaraghetta Main Road",
        "amenity": "fuel",
        "brand": "Indian Oil",
        "brand:wikidata": "Q1289348",
        "name": "Indian Oil"
      },
      "geometry": {
        "type": "Point",
        "coordinates": [
          77.5072996,
          13.0553995
        ]
      },
      "id": "node/1053320350"
    },
    {
      "type": "Feature",
      "properties": {
        "@id": "node/1078188306",
        "amenity": "fuel",
        "brand": "Bharat Petroleum",
        "brand:wikidata": "Q854826",
        "compressed_air": "yes",
        "name": "Gokula Petrol / Gas Station"
      },
      "geometry": {
        "type": "Point",
        "coordinates": [
          77.6706603,
          12.9979379
        ]
      },
      "id": "node/1078188306"
    },
    {
      "type": "Feature",
      "properties": {
        "@id": "node/1080680685",
        "amenity": "fuel",
        "brand": "Indian Oil",
        "brand:wikidata": "Q1289348",
        "brand:wikipedia": "en:Indian Oil Corporation",
        "name": "Indian Oil Petrol",
        "opening_hours": "PH,Mo-Su 06:00-10:00"
      },
      "geometry": {
        "type": "Point",
        "coordinates": [
          74.9860266,
          12.5095313
        ]
      },
      "id": "node/1080680685"
    },
    {
      "type": "Feature",
      "properties": {
        "@id": "node/1116412178",
        "amenity": "fuel",
        "brand": "Indian Oil",
        "brand:wikidata": "Q1289348",
        "brand:wikipedia": "en:Indian Oil Corporation",
        "name": "Indian Oil",
        "name:kn": "ಇಂಡಿಯನ್ ಆಯಿಲ್"
      },
      "geometry": {
        "type": "Point",
        "coordinates": [
          77.5457901,
          12.9916942
        ]
      },
      "id": "node/1116412178"
    },
    {
      "type": "Feature",
      "properties": {
        "@id": "node/1130996868",
        "amenity": "fuel"
      },
      "geometry": {
        "type": "Point",
        "coordinates": [
          78.0098404,
          15.8439988
        ]
      },
      "id": "node/1130996868"
    },
    {
      "type": "Feature",
      "properties": {
        "@id": "node/1153240370",
        "amenity": "fuel"
      },
      "geometry": {
        "type": "Point",
        "coordinates": [
          76.3915804,
          15.2738916
        ]
      },
      "id": "node/1153240370"
    },
    {
      "type": "Feature",
      "properties": {
        "@id": "node/1153369452",
        "addr:city": "Mysuru",
        "addr:street": "Jhansi Lakshmibai Road",
        "amenity": "fuel",
        "brand": "Hindustan Petroleum",
        "brand:wikidata": "Q1619375",
        "name": "Aravind Service Station",
        "official_name": "Hindustan Petroleum",
        "operator": "HP"
      },
      "geometry": {
        "type": "Point",
        "coordinates": [
          76.6447296,
          12.3111204
        ]
      },
      "id": "node/1153369452"
    },
    {
      "type": "Feature",
      "properties": {
        "@id": "node/1153369530",
        "amenity": "fuel"
      },
      "geometry": {
        "type": "Point",
        "coordinates": [
          76.6590172,
          12.29325
        ]
      },
      "id": "node/1153369530"
    },
    {
      "type": "Feature",
      "properties": {
        "@id": "node/1160661671",
        "amenity": "fuel",
        "brand": "Indian Oil",
        "brand:wikidata": "Q1289348",
        "brand:wikipedia": "en:Indian Oil Corporation",
        "fuel:diesel": "no",
        "name": "Kamadenu",
        "name:kn": "ಕಾಮಧೇನು",
        "operator": "Indian Oil"
      },
      "geometry": {
        "type": "Point",
        "coordinates": [
          75.7486734,
          12.4153491
        ]
      },
      "id": "node/1160661671"
    },
    {
      "type": "Feature",
      "properties": {
        "@id": "node/1165014672",
        "amenity": "fuel"
      },
      "geometry": {
        "type": "Point",
        "coordinates": [
          76.6757511,
          12.1204908
        ]
      },
      "id": "node/1165014672"
    },
    {
      "type": "Feature",
      "properties": {
        "@id": "node/1165015200",
        "amenity": "fuel"
      },
      "geometry": {
        "type": "Point",
        "coordinates": [
          76.67279,
          12.1373793
        ]
      },
      "id": "node/1165015200"
    },
    {
      "type": "Feature",
      "properties": {
        "@id": "node/1197417818",
        "amenity": "fuel",
        "operator": "HP"
      },
      "geometry": {
        "type": "Point",
        "coordinates": [
          74.8355652,
          12.8880587
        ]
      },
      "id": "node/1197417818"
    },
    {
      "type": "Feature",
      "properties": {
        "@id": "node/1197417825",
        "amenity": "fuel",
        "operator": "Bharath Petroleum"
      },
      "geometry": {
        "type": "Point",
        "coordinates": [
          74.835761,
          12.8876978
        ]
      },
      "id": "node/1197417825"
    },
    {
      "type": "Feature",
      "properties": {
        "@id": "node/1259088726",
        "amenity": "fuel"
      },
      "geometry": {
        "type": "Point",
        "coordinates": [
          78.4610668,
          17.4115781
        ]
      },
      "id": "node/1259088726"
    },
    {
      "type": "Feature",
      "properties": {
        "@id": "node/1271901241",
        "amenity": "fuel",
        "brand": "Indian Oil",
        "brand:wikidata": "Q1289348",
        "brand:wikipedia": "en:Indian Oil Corporation",
        "name": "Indian Oil"
      },
      "geometry": {
        "type": "Point",
        "coordinates": [
          78.5134502,
          17.4990452
        ]
      },
      "id": "node/1271901241"
    },
    {
      "type": "Feature",
      "properties": {
        "@id": "node/1271901257",
        "amenity": "fuel"
      },
      "geometry": {
        "type": "Point",
        "coordinates": [
          78.5160587,
          17.5066605
        ]
      },
      "id": "node/1271901257"
    },
    {
      "type": "Feature",
      "properties": {
        "@id": "node/1290036140",
        "addr:street": "Millers Road",
        "amenity": "fuel"
      },
      "geometry": {
        "type": "Point",
        "coordinates": [
          77.5964919,
          12.9950213
        ]
      },
      "id": "node/1290036140"
    },
    {
      "type": "Feature",
      "properties": {
        "@id": "node/1311768491",
        "amenity": "fuel",
        "brand": "Indian Oil",
        "brand:wikidata": "Q1289348",
        "brand:wikipedia": "en:Indian Oil Corporation",
        "check_date": "2025-03-11",
        "check_date:compressed_air": "2025-03-11",
        "compressed_air": "yes",
        "name": "Indian Oil",
        "name:kn": "ಇಂಡಿಯನ್ ಆಯಿಲ್",
        "self_service": "no",
        "wheelchair": "yes"
      },
      "geometry": {
        "type": "Point",
        "coordinates": [
          77.6783157,
          12.8388774
        ]
      },
      "id": "node/1311768491"
    },
    {
      "type": "Feature",
      "properties": {
        "@id": "node/1318987639",
        "amenity": "fuel",
        "brand": "Indane Oil",
        "name": "Mobil Petrol / Gas Station",
        "name:en": "Indian Oil Corporation"
      },
      "geometry": {
        "type": "Point",
        "coordinates": [
          77.5646686,
          12.8910036
        ]
      },
      "id": "node/1318987639"
    },
    {
      "type": "Feature",
      "properties": {
        "@id": "node/1324502728",
        "amenity": "fuel",
        "brand": "Hindustan Petroleum",
        "fuel:diesel": "yes",
        "fuel:petrol": "yes",
        "opening_hours": "06:00-23:00",
        "operator": "Hindustan Petroleum"
      },
      "geometry": {
        "type": "Point",
        "coordinates": [
          78.4883393,
          13.6150214
        ]
      },
      "id": "node/1324502728"
    },
    {
      "type": "Feature",
      "properties": {
        "@id": "node/1331946753",
        "amenity": "fuel",
        "name": "Kadirenahalli Petrol Pump"
      },
      "geometry": {
        "type": "Point",
        "coordinates": [
          77.5590565,
          12.9134732
        ]
      },
      "id": "node/1331946753"
    },
    {
      "type": "Feature",
      "properties": {
        "@id": "node/1331946760",
        "amenity": "fuel",
        "brand": "Indian Oil",
        "brand:wikidata": "Q1289348",
        "brand:wikipedia": "en:Indian Oil Corporation",
        "name": "Indian Oil",
        "name:en": "Indian Oil Corporation",
        "name:kn": "ಇಂಡಿಯನ್ ಆಯಿಲ್",
        "operator": "Indian Oil"
      },
      "geometry": {
        "type": "Point",
        "coordinates": [
          77.5818445,
          12.895836
        ]
      },
      "id": "node/1331946760"
    },
    {
      "type": "Feature",
      "properties": {
        "@id": "node/1333758086",
        "amenity": "fuel",
        "name": "HP",
        "name:te": "హిందూస్తాన్ పెట్రోల్ బంకు"
      },
      "geometry": {
        "type": "Point",
        "coordinates": [
          78.5051965,
          17.4663599
        ]
      },
      "id": "node/1333758086"
    },
    {
      "type": "Feature",
      "properties": {
        "@id": "node/1341394198",
        "amenity": "fuel",
        "brand": "Bharat Petroleum",
        "brand:wikidata": "Q854826",
        "check_date": "2023-07-08",
        "compressed_air": "yes",
        "fuel:diesel": "yes",
        "fuel:petrol": "yes",
        "name": "Bharat Petroleum",
        "self_service": "no"
      },
      "geometry": {
        "type": "Point",
        "coordinates": [
          78.0640491,
          12.6409377
        ]
      },
      "id": "node/1341394198"
    },
    {
      "type": "Feature",
      "properties": {
        "@id": "node/1350361643",
        "amenity": "fuel",
        "brand": "IOC",
        "fuel:diesel": "yes",
        "fuel:octane_91": "yes"
      },
      "geometry": {
        "type": "Point",
        "coordinates": [
          74.2059792,
          16.6482627
        ]
      },
      "id": "node/1350361643"
    },
    {
      "type": "Feature",
      "properties": {
        "@id": "node/1350362841",
        "addr:postcode": "416234",
        "addr:street": "Pune Bengaluru Highway",
        "amenity": "fuel",
        "brand": "BP",
        "fuel:diesel": "yes",
        "fuel:octane_91": "yes",
        "name": "BP",
        "name:en": "Konduskar Auto Centre (BPCL)",
        "phone": "093260 19009"
      },
      "geometry": {
        "type": "Point",
        "coordinates": [
          74.2713314,
          16.6526006
        ]
      },
      "id": "node/1350362841"
    },
    {
      "type": "Feature",
      "properties": {
        "@id": "node/1363241810",
        "addr:city": "Mysuru",
        "addr:street": "Dhanvantri Road",
        "amenity": "fuel",
        "brand": "Hindustan Petroleum",
        "brand:wikidata": "Q1619375",
        "name": "Ganesh Petrol Bunk",
        "official_name": "Hindustan Petroleum",
        "operator": "Hindustan Petroleum"
      },
      "geometry": {
        "type": "Point",
        "coordinates": [
          76.6474754,
          12.3128495
        ]
      },
      "id": "node/1363241810"
    },
    {
      "type": "Feature",
      "properties": {
        "@id": "node/1363241811",
        "addr:city": "Mysuru",
        "addr:street": "Diwan's Road",
        "amenity": "fuel",
        "brand": "Indian Oil",
        "brand:wikidata": "Q1289348",
        "brand:wikipedia": "en:Indian Oil Corporation",
        "name": "Vijaya Petrol Bunk",
        "operator": "Indianoil"
      },
      "geometry": {
        "type": "Point",
        "coordinates": [
          76.647261,
          12.3124681
        ]
      },
      "id": "node/1363241811"
    },
    {
      "type": "Feature",
      "properties": {
        "@id": "node/1392360746",
        "addr:city": "Mysuru",
        "addr:street": "Madhwacharya Road",
        "amenity": "fuel",
        "brand": "BP",
        "name": "Bharat Petroleum",
        "name:kn": "ಭಾರತ ಪೆಟ್ರೋಲಿಯಂ",
        "operator": "Bharat Petroleum"
      },
      "geometry": {
        "type": "Point",
        "coordinates": [
          76.6371599,
          12.2685215
        ]
      },
      "id": "node/1392360746"
    },
    {
      "type": "Feature",
      "properties": {
        "@id": "node/1433646771",
        "addr:city": "bangalore",
        "addr:postcode": "560085",
        "amenity": "fuel",
        "brand": "Hindustan Petroleum",
        "brand:wikidata": "Q1619375",
        "name": "Sri Mahadeshwara Filling Station",
        "official_name": "Hindustan Petroleum",
        "operator": "Hindustan Petroleum"
      },
      "geometry": {
        "type": "Point",
        "coordinates": [
          77.5414216,
          12.932367
        ]
      },
      "id": "node/1433646771"
    },
    {
      "type": "Feature",
      "properties": {
        "@id": "node/1435307432",
        "amenity": "fuel",
        "brand": "IBP",
        "fuel:1_25": "yes",
        "fuel:1_50": "yes",
        "fuel:biodiesel": "yes",
        "fuel:diesel": "yes",
        "fuel:octane_100": "yes",
        "name": "IBP Petrol"
      },
      "geometry": {
        "type": "Point",
        "coordinates": [
          78.5321858,
          17.4500685
        ]
      },
      "id": "node/1435307432"
    },
    {
      "type": "Feature",
      "properties": {
        "@id": "node/1438252862",
        "amenity": "fuel",
        "brand": "HP",
        "fuel:1_25": "yes",
        "fuel:1_50": "yes",
        "fuel:biodiesel": "no",
        "fuel:octane_100": "yes",
        "fuel:octane_91": "yes",
        "fuel:octane_95": "yes",
        "name": "HP petrol Station"
      },
      "geometry": {
        "type": "Point",
        "coordinates": [
          78.5359551,
          17.4477504
        ]
      },
      "id": "node/1438252862"
    },
    {
      "type": "Feature",
      "properties": {
        "@id": "node/1438258194",
        "amenity": "fuel",
        "brand": "IBP",
        "operator": "IBP"
      },
      "geometry": {
        "type": "Point",
        "coordinates": [
          78.5354455,
          17.4456214
        ]
      },
      "id": "node/1438258194"
    },
    {
      "type": "Feature",
      "properties": {
        "@id": "node/1444033576",
        "addr:street": "NH7",
        "amenity": "fuel",
        "brand": "Indian Oil",
        "brand:wikidata": "Q1289348",
        "brand:wikipedia": "en:Indian Oil Corporation",
        "check_date": "2023-02-23",
        "compressed_air": "yes",
        "fuel:diesel": "yes",
        "fuel:petrol": "yes",
        "name": "Indian Oil",
        "self_service": "no"
      },
      "geometry": {
        "type": "Point",
        "coordinates": [
          78.1245966,
          11.6830055
        ]
      },
      "id": "node/1444033576"
    },
    {
      "type": "Feature",
      "properties": {
        "@id": "node/1444045988",
        "addr:housenumber": "NH7",
        "amenity": "fuel",
        "brand": "Indian Oil",
        "brand:wikidata": "Q1289348",
        "check_date": "2023-02-23",
        "fuel:diesel": "yes",
        "fuel:petrol": "yes",
        "name": "Indian Oil",
        "self_service": "no"
      },
      "geometry": {
        "type": "Point",
        "coordinates": [
          78.0741718,
          11.8575488
        ]
      },
      "id": "node/1444045988"
    },
    {
      "type": "Feature",
      "properties": {
        "@id": "node/1444057112",
        "addr:street": "NH7",
        "amenity": "fuel",
        "brand": "Hindustan Petroleum",
        "brand:wikidata": "Q1619375",
        "name": "HP",
        "official_name": "Hindustan Petroleum"
      },
      "geometry": {
        "type": "Point",
        "coordinates": [
          78.0472666,
          11.9479202
        ]
      },
      "id": "node/1444057112"
    },
    {
      "type": "Feature",
      "properties": {
        "@id": "node/1444075866",
        "addr:street": "NH7",
        "amenity": "fuel",
        "brand": "Bharat Petroleum",
        "brand:wikidata": "Q854826",
        "check_date": "2022-11-08",
        "fuel:diesel": "yes",
        "fuel:petrol": "yes",
        "name": "Bharat Petroleum",
        "self_service": "no",
        "source": "survey"
      },
      "geometry": {
        "type": "Point",
        "coordinates": [
          78.0888944,
          12.0164268
        ]
      },
      "id": "node/1444075866"
    },
    {
      "type": "Feature",
      "properties": {
        "@id": "node/1444113247",
        "addr:housenumber": "Nh7",
        "amenity": "fuel",
        "name": "Petrol Station"
      },
      "geometry": {
        "type": "Point",
        "coordinates": [
          78.1985522,
          12.289957
        ]
      },
      "id": "node/1444113247"
    },
    {
      "type": "Feature",
      "properties": {
        "@id": "node/1444113709",
        "amenity": "fuel",
        "brand": "Indian Oil",
        "brand:wikidata": "Q1289348",
        "brand:wikipedia": "en:Indian Oil Corporation",
        "name": "Indian Oil"
      },
      "geometry": {
        "type": "Point",
        "coordinates": [
          78.208859,
          12.3074487
        ]
      },
      "id": "node/1444113709"
    },
    {
      "type": "Feature",
      "properties": {
        "@id": "node/1444123964",
        "amenity": "fuel",
        "brand": "Indian Oil",
        "brand:wikidata": "Q1289348",
        "brand:wikipedia": "en:Indian Oil Corporation",
        "check_date": "2022-11-16",
        "fuel:diesel": "yes",
        "fuel:petrol": "yes",
        "name": "Indian Oil",
        "self_service": "no",
        "source": "survey"
      },
      "geometry": {
        "type": "Point",
        "coordinates": [
          78.2025853,
          12.5390404
        ]
      },
      "id": "node/1444123964"
    },
    {
      "type": "Feature",
      "properties": {
        "@id": "node/1444135083",
        "amenity": "fuel",
        "brand": "Hindustan Petroleum",
        "brand:wikidata": "Q1619375",
        "brand:wikipedia": "en:Hindustan Petroleum",
        "check_date": "2023-02-22",
        "name": "HP",
        "official_name": "Hindustan Petroleum"
      },
      "geometry": {
        "type": "Point",
        "coordinates": [
          78.1426594,
          12.5903058
        ]
      },
      "id": "node/1444135083"
    },
    {
      "type": "Feature",
      "properties": {
        "@id": "node/1444160667",
        "addr:full": "1, Hamumanthapuram, Kamaraj Colony, Hosur, Hosur, Tamil Nadu, 635109",
        "addr:postcode": "635109",
        "addr:state": "Tamil Nadu",
        "amenity": "fuel",
        "brand": "Indian Oil",
        "brand:wikidata": "Q1289348",
        "brand:wikipedia": "en:Indian Oil Corporation",
        "compressed_air": "yes",
        "name": "Indian Oil",
        "opening_hours": "Mo-Su 06:00-22:00",
        "phone": "+919443211137",
        "website": "https://locator.iocl.com/indianoil-ameeria-service-station-petrol-pump-avalapalli-hosur-203512/Home"
      },
      "geometry": {
        "type": "Point",
        "coordinates": [
          77.8355419,
          12.7324995
        ]
      },
      "id": "node/1444160667"
    },
    {
      "type": "Feature",
      "properties": {
        "@id": "node/1444163254",
        "amenity": "fuel",
        "brand": "Indian Oil",
        "brand:wikidata": "Q1289348",
        "brand:wikipedia": "en:Indian Oil Corporation",
        "check_date": "2022-11-16",
        "fuel:diesel": "yes",
        "fuel:petrol": "yes",
        "name": "Indian Oil",
        "name:kn": "ಇಂಡಿಯನ್ ಆಯಿಲ್",
        "self_service": "no",
        "source": "survey"
      },
      "geometry": {
        "type": "Point",
        "coordinates": [
          77.8078395,
          12.7479437
        ]
      },
      "id": "node/1444163254"
    },
    {
      "type": "Feature",
      "properties": {
        "@id": "node/1447613102",
        "amenity": "fuel",
        "brand": "Indian Oil",
        "brand:wikidata": "Q1289348",
        "brand:wikipedia": "en:Indian Oil Corporation",
        "name": "Indian Oil"
      },
      "geometry": {
        "type": "Point",
        "coordinates": [
          74.304428,
          17.4589346
        ]
      },
      "id": "node/1447613102"
    },
    {
      "type": "Feature",
      "properties": {
        "@id": "node/1449021351",
        "addr:city": "Bangalore",
        "addr:postcode": "560004",
        "addr:street": "Rashtriya Vidyalaya Road",
        "amenity": "fuel",
        "brand": "Indian Oil",
        "brand:wikidata": "Q1289348",
        "brand:wikipedia": "en:Indian Oil Corporation",
        "compressed_air": "yes",
        "name": "Indian Oil",
        "name:kn": "ಇಂಡಿಯನ್ ಆಯಿಲ್"
      },
      "geometry": {
        "type": "Point",
        "coordinates": [
          77.5802856,
          12.9420282
        ]
      },
      "id": "node/1449021351"
    },
    {
      "type": "Feature",
      "properties": {
        "@id": "node/1462150652",
        "amenity": "fuel",
        "brand": "IOC",
        "fuel:GTL_diesel": "yes",
        "fuel:HGV_diesel": "yes",
        "fuel:biodiesel": "no",
        "fuel:biogas": "no",
        "fuel:cng": "no",
        "fuel:diesel": "yes",
        "fuel:electricity": "no",
        "fuel:lpg": "no",
        "name": "HP Petrol Bunk",
        "name:kn": "ಹಿಂದುಸ್ತಾನ್ ಪೆಟ್ರೋಲಿಯಂ"
      },
      "geometry": {
        "type": "Point",
        "coordinates": [
          75.6357401,
          15.4321995
        ]
      },
      "id": "node/1462150652"
    },
    {
      "type": "Feature",
      "properties": {
        "@id": "node/1463589053",
        "amenity": "fuel",
        "brand": "Hindustan Petroleum",
        "brand:wikidata": "Q1619375",
        "name": "HP",
        "official_name": "Hindustan Petroleum"
      },
      "geometry": {
        "type": "Point",
        "coordinates": [
          77.5421849,
          12.9059935
        ]
      },
      "id": "node/1463589053"
    },
    {
      "type": "Feature",
      "properties": {
        "@id": "node/1463782942",
        "amenity": "fuel",
        "brand": "BP",
        "name": "Bangarshettar Petrol Bunk"
      },
      "geometry": {
        "type": "Point",
        "coordinates": [
          75.6224494,
          15.4219991
        ]
      },
      "id": "node/1463782942"
    },
    {
      "type": "Feature",
      "properties": {
        "@id": "node/1463783325",
        "amenity": "fuel",
        "brand": "IBP"
      },
      "geometry": {
        "type": "Point",
        "coordinates": [
          75.6225138,
          15.4223456
        ]
      },
      "id": "node/1463783325"
    },
    {
      "type": "Feature",
      "properties": {
        "@id": "node/1464757680",
        "addr:postcode": "576105",
        "amenity": "fuel",
        "brand": "Indian Oil",
        "brand:wikidata": "Q1289348",
        "brand:wikipedia": "en:Indian Oil Corporation",
        "name": "Indian Oil",
        "name:kn": "ಇಂಡಿಯನ್ ಆಯಿಲ್",
        "operator": "Indian Oil"
      },
      "geometry": {
        "type": "Point",
        "coordinates": [
          74.7409131,
          13.3778768
        ]
      },
      "id": "node/1464757680"
    },
    {
      "type": "Feature",
      "properties": {
        "@id": "node/1464775796",
        "amenity": "fuel",
        "operator": "IBP"
      },
      "geometry": {
        "type": "Point",
        "coordinates": [
          77.5788862,
          13.0291835
        ]
      },
      "id": "node/1464775796"
    },
    {
      "type": "Feature",
      "properties": {
        "@id": "node/1464831347",
        "amenity": "fuel",
        "name": "Petrol Station"
      },
      "geometry": {
        "type": "Point",
        "coordinates": [
          78.1286993,
          13.1306795
        ]
      },
      "id": "node/1464831347"
    },
    {
      "type": "Feature",
      "properties": {
        "@id": "node/1464896674",
        "amenity": "fuel",
        "brand": "Hindustan Petroleum",
        "brand:wikidata": "Q1619375",
        "name": "HP Petrol Pump",
        "official_name": "Hindustan Petroleum"
      },
      "geometry": {
        "type": "Point",
        "coordinates": [
          77.6303939,
          12.933506
        ]
      },
      "id": "node/1464896674"
    },
    {
      "type": "Feature",
      "properties": {
        "@id": "node/1465126314",
        "amenity": "fuel",
        "brand": "BP",
        "name": "Society Petrol Bunk"
      },
      "geometry": {
        "type": "Point",
        "coordinates": [
          75.6364069,
          15.424341
        ]
      },
      "id": "node/1465126314"
    },
    {
      "type": "Feature",
      "properties": {
        "@id": "node/1466684135",
        "amenity": "fuel",
        "brand": "Auto LPG",
        "fuel:cng": "yes",
        "fuel:lpg": "yes",
        "name": "Classic Auto Gas"
      },
      "geometry": {
        "type": "Point",
        "coordinates": [
          77.6004616,
          12.9309662
        ]
      },
      "id": "node/1466684135"
    },
    {
      "type": "Feature",
      "properties": {
        "@id": "node/1467969532",
        "amenity": "fuel"
      },
      "geometry": {
        "type": "Point",
        "coordinates": [
          75.6261029,
          15.4222211
        ]
      },
      "id": "node/1467969532"
    },
    {
      "type": "Feature",
      "properties": {
        "@id": "node/1467969611",
        "amenity": "fuel"
      },
      "geometry": {
        "type": "Point",
        "coordinates": [
          75.6256844,
          15.4222418
        ]
      },
      "id": "node/1467969611"
    },
    {
      "type": "Feature",
      "properties": {
        "@id": "node/1471665996",
        "amenity": "fuel",
        "brand": "Indian Oil",
        "brand:wikidata": "Q1289348",
        "brand:wikipedia": "en:Indian Oil Corporation",
        "name": "Indian Oil",
        "name:kn": "ಇಂಡಿಯನ್ ಆಯಿಲ್"
      },
      "geometry": {
        "type": "Point",
        "coordinates": [
          77.6417564,
          12.8853599
        ]
      },
      "id": "node/1471665996"
    },
    {
      "type": "Feature",
      "properties": {
        "@id": "node/1472081865",
        "amenity": "fuel"
      },
      "geometry": {
        "type": "Point",
        "coordinates": [
          75.5461792,
          15.4223423
        ]
      },
      "id": "node/1472081865"
    },
    {
      "type": "Feature",
      "properties": {
        "@id": "node/1472154038",
        "amenity": "fuel"
      },
      "geometry": {
        "type": "Point",
        "coordinates": [
          74.7266186,
          16.3509972
        ]
      },
      "id": "node/1472154038"
    },
    {
      "type": "Feature",
      "properties": {
        "@id": "node/1472212762",
        "addr:city": "Bengaluru",
        "amenity": "fuel",
        "brand": "Bharat Petroleum",
        "brand:wikidata": "Q854826",
        "brand:wikipedia": "en:Bharat Petroleum",
        "fuel:diesel": "yes",
        "fuel:petrol": "yes",
        "name": "Bharat Petroleum",
        "operator": "Vasundhara Auto Service",
        "self_service": "no"
      },
      "geometry": {
        "type": "Point",
        "coordinates": [
          77.6280806,
          12.9090166
        ]
      },
      "id": "node/1472212762"
    },
    {
      "type": "Feature",
      "properties": {
        "@id": "node/1473004837",
        "amenity": "fuel"
      },
      "geometry": {
        "type": "Point",
        "coordinates": [
          77.5494737,
          13.0238021
        ]
      },
      "id": "node/1473004837"
    },
    {
      "type": "Feature",
      "properties": {
        "@id": "node/1473059802",
        "amenity": "fuel"
      },
      "geometry": {
        "type": "Point",
        "coordinates": [
          77.5186809,
          13.0394495
        ]
      },
      "id": "node/1473059802"
    },
    {
      "type": "Feature",
      "properties": {
        "@id": "node/1473154310",
        "amenity": "fuel"
      },
      "geometry": {
        "type": "Point",
        "coordinates": [
          74.4994476,
          15.827855
        ]
      },
      "id": "node/1473154310"
    },
    {
      "type": "Feature",
      "properties": {
        "@id": "node/1473155158",
        "amenity": "fuel"
      },
      "geometry": {
        "type": "Point",
        "coordinates": [
          74.5004132,
          15.8281647
        ]
      },
      "id": "node/1473155158"
    },
    {
      "type": "Feature",
      "properties": {
        "@id": "node/1473921794",
        "amenity": "fuel",
        "brand": "Indian Oil",
        "brand:wikidata": "Q1289348",
        "name": "Bull Temple Filling Station"
      },
      "geometry": {
        "type": "Point",
        "coordinates": [
          77.5679859,
          12.9462008
        ]
      },
      "id": "node/1473921794"
    },
    {
      "type": "Feature",
      "properties": {
        "@id": "node/1474359123",
        "amenity": "fuel",
        "brand": "Bharat Petroleum",
        "brand:wikidata": "Q854826",
        "name": "Bharat Petroleum",
        "name:kn": "ಭಾರತ್ ಪೆಟ್ರೋಲಿಯಂ"
      },
      "geometry": {
        "type": "Point",
        "coordinates": [
          74.7475447,
          13.3420732
        ]
      },
      "id": "node/1474359123"
    },
    {
      "type": "Feature",
      "properties": {
        "@id": "node/1474359137",
        "amenity": "fuel",
        "brand": "Indian Oil",
        "brand:wikidata": "Q1289348",
        "name": "Indian Oil"
      },
      "geometry": {
        "type": "Point",
        "coordinates": [
          74.7501492,
          13.3440612
        ]
      },
      "id": "node/1474359137"
    },
    {
      "type": "Feature",
      "properties": {
        "@id": "node/1474397021",
        "amenity": "fuel",
        "brand": "Indian Oil"
      },
      "geometry": {
        "type": "Point",
        "coordinates": [
          74.7359288,
          13.3448971
        ]
      },
      "id": "node/1474397021"
    },
    {
      "type": "Feature",
      "properties": {
        "@id": "node/1474747655",
        "amenity": "fuel",
        "name": "Parvati Petroleums"
      },
      "geometry": {
        "type": "Point",
        "coordinates": [
          75.618105,
          15.4114636
        ]
      },
      "id": "node/1474747655"
    },
    {
      "type": "Feature",
      "properties": {
        "@id": "node/1474854779",
        "amenity": "fuel",
        "check_date": "2025-05-27",
        "name": "Bharat Petrol Pump"
      },
      "geometry": {
        "type": "Point",
        "coordinates": [
          77.5328566,
          12.9599025
        ]
      },
      "id": "node/1474854779"
    },
    {
      "type": "Feature",
      "properties": {
        "@id": "node/1474854798",
        "amenity": "fuel",
        "brand": "Indian Oil",
        "brand:wikidata": "Q1289348",
        "brand:wikipedia": "en:Indian Oil Corporation",
        "name": "Indian Oil Petrol Pump",
        "name:kn": "ಇಂಡಿಯನ್ ಆಯಿಲ್"
      },
      "geometry": {
        "type": "Point",
        "coordinates": [
          77.5238766,
          12.9397172
        ]
      },
      "id": "node/1474854798"
    },
    {
      "type": "Feature",
      "properties": {
        "@id": "node/1474854801",
        "amenity": "fuel",
        "brand": "Shell",
        "brand:wikidata": "Q110716465",
        "name": "Shell"
      },
      "geometry": {
        "type": "Point",
        "coordinates": [
          77.5327064,
          12.947907
        ]
      },
      "id": "node/1474854801"
    },
    {
      "type": "Feature",
      "properties": {
        "@id": "node/1487277120",
        "amenity": "fuel"
      },
      "geometry": {
        "type": "Point",
        "coordinates": [
          78.3697565,
          13.1232586
        ]
      },
      "id": "node/1487277120"
    },
    {
      "type": "Feature",
      "properties": {
        "@id": "node/1528724057",
        "amenity": "fuel",
        "brand": "Essar",
        "brand:wikidata": "Q5399372",
        "compressed_air": "yes",
        "name": "Essar Petrol Pump"
      },
      "geometry": {
        "type": "Point",
        "coordinates": [
          78.338227,
          17.4218292
        ]
      },
      "id": "node/1528724057"
    },
    {
      "type": "Feature",
      "properties": {
        "@id": "node/1595779762",
        "addr:city": "Hyderabad",
        "addr:housename": "Adarsh Nagar, Nagole",
        "addr:street": "Inner Ring Road",
        "amenity": "fuel",
        "building": "yes",
        "name": "IBP Petrol Bunk",
        "name:te": "ఐబీపీ పెట్రోల్ బంక్"
      },
      "geometry": {
        "type": "Point",
        "coordinates": [
          78.5575425,
          17.3671731
        ]
      },
      "id": "node/1595779762"
    },
    {
      "type": "Feature",
      "properties": {
        "@id": "node/1596062952",
        "amenity": "fuel"
      },
      "geometry": {
        "type": "Point",
        "coordinates": [
          78.0023883,
          17.609706
        ]
      },
      "id": "node/1596062952"
    },
    {
      "type": "Feature",
      "properties": {
        "@id": "node/1602519539",
        "amenity": "fuel",
        "name": "Bharath Petroleum"
      },
      "geometry": {
        "type": "Point",
        "coordinates": [
          78.5470173,
          17.3518725
        ]
      },
      "id": "node/1602519539"
    },
    {
      "type": "Feature",
      "properties": {
        "@id": "node/1603463881",
        "amenity": "fuel",
        "brand": "Hindustan Petroleum",
        "brand:wikidata": "Q1619375",
        "check_date": "2025-01-22",
        "check_date:compressed_air": "2025-01-22",
        "compressed_air": "yes",
        "name": "HP",
        "official_name": "Hindustan Petroleum",
        "self_service": "no",
        "source": "survey",
        "wheelchair": "yes"
      },
      "geometry": {
        "type": "Point",
        "coordinates": [
          77.681425,
          12.8305804
        ]
      },
      "id": "node/1603463881"
    },
    {
      "type": "Feature",
      "properties": {
        "@id": "node/1610063667",
        "amenity": "fuel",
        "brand": "Shell",
        "brand:wikidata": "Q110716465",
        "name": "Shell Ganesh Enterprises"
      },
      "geometry": {
        "type": "Point",
        "coordinates": [
          77.5936278,
          13.0663685
        ]
      },
      "id": "node/1610063667"
    },
    {
      "type": "Feature",
      "properties": {
        "@id": "node/1612034237",
        "amenity": "fuel",
        "name": "shetkari sangh petrol pump",
        "operator": "shetkari sangh"
      },
      "geometry": {
        "type": "Point",
        "coordinates": [
          74.2529704,
          16.7010403
        ]
      },
      "id": "node/1612034237"
    },
    {
      "type": "Feature",
      "properties": {
        "@id": "node/1613147970",
        "amenity": "fuel",
        "brand": "Indian Oil",
        "brand:wikidata": "Q1289348",
        "brand:wikipedia": "en:Indian Oil Corporation",
        "compressed_air": "yes",
        "name": "Indian Oil",
        "name:kn": "ಇಂಡಿಯನ್ ಆಯಿಲ್"
      },
      "geometry": {
        "type": "Point",
        "coordinates": [
          77.6275079,
          12.9087203
        ]
      },
      "id": "node/1613147970"
    },
    {
      "type": "Feature",
      "properties": {
        "@id": "node/1614366547",
        "amenity": "fuel",
        "brand": "Bharat Petroleum",
        "brand:wikidata": "Q854826",
        "name": "Bharat Petroleum",
        "name:kn": "ಭಾರತ್ ಪೆಟ್ರೋಲಿಯಂ",
        "wheelchair": "yes"
      },
      "geometry": {
        "type": "Point",
        "coordinates": [
          77.5774436,
          12.9883033
        ]
      },
      "id": "node/1614366547"
    },
    {
      "type": "Feature",
      "properties": {
        "@id": "node/1617398481",
        "amenity": "fuel",
        "brand": "BP"
      },
      "geometry": {
        "type": "Point",
        "coordinates": [
          77.5829322,
          12.9596642
        ]
      },
      "id": "node/1617398481"
    },
    {
      "type": "Feature",
      "properties": {
        "@id": "node/1619256548",
        "amenity": "fuel"
      },
      "geometry": {
        "type": "Point",
        "coordinates": [
          74.2441519,
          16.7046505
        ]
      },
      "id": "node/1619256548"
    },
    {
      "type": "Feature",
      "properties": {
        "@id": "node/1632946935",
        "amenity": "fuel",
        "brand": "Bharat Petroleum"
      },
      "geometry": {
        "type": "Point",
        "coordinates": [
          74.2281284,
          15.3769362
        ]
      },
      "id": "node/1632946935"
    },
    {
      "type": "Feature",
      "properties": {
        "@id": "node/1632949038",
        "amenity": "fuel",
        "name": "Hp petrol bunk"
      },
      "geometry": {
        "type": "Point",
        "coordinates": [
          74.116551,
          15.395843
        ]
      },
      "id": "node/1632949038"
    },
    {
      "type": "Feature",
      "properties": {
        "@id": "node/1636119407",
        "amenity": "fuel"
      },
      "geometry": {
        "type": "Point",
        "coordinates": [
          76.64159,
          12.2829056
        ]
      },
      "id": "node/1636119407"
    },
    {
      "type": "Feature",
      "properties": {
        "@id": "node/1637359948",
        "amenity": "fuel",
        "brand": "Indian Oil",
        "brand:wikidata": "Q1289348",
        "brand:wikipedia": "en:Indian Oil Corporation",
        "fuel:GTL_diesel": "yes",
        "fuel:HGV_diesel": "yes",
        "fuel:diesel": "yes",
        "fuel:octane_100": "yes",
        "fuel:octane_91": "yes",
        "fuel:octane_95": "yes",
        "fuel:octane_98": "yes",
        "name": "Indian Oil",
        "name:kn": "ಇಂಡಿಯನ್ ಆಯಿಲ್"
      },
      "geometry": {
        "type": "Point",
        "coordinates": [
          76.6453029,
          12.2933335
        ]
      },
      "id": "node/1637359948"
    },
    {
      "type": "Feature",
      "properties": {
        "@id": "node/1637363383",
        "amenity": "fuel",
        "brand": "Bharath Petroleum",
        "fuel:diesel": "yes"
      },
      "geometry": {
        "type": "Point",
        "coordinates": [
          76.6468613,
          12.2911557
        ]
      },
      "id": "node/1637363383"
    },
    {
      "type": "Feature",
      "properties": {
        "@id": "node/1637364368",
        "addr:city": "Mysuru",
        "addr:street": "Jhansi Lakshmibai Road",
        "amenity": "fuel",
        "brand": "Hindustan Petroleum",
        "fuel:diesel": "yes",
        "name": "Hindustan Petroleum",
        "name:kn": "ಹಿಂದುಸ್ತಾನ್ ಪೆಟ್ರೋಲಿಯಂ"
      },
      "geometry": {
        "type": "Point",
        "coordinates": [
          76.6505842,
          12.2872351
        ]
      },
      "id": "node/1637364368"
    },
    {
      "type": "Feature",
      "properties": {
        "@id": "node/1637365364",
        "addr:street": "Jhansi Lakshmibai Road",
        "amenity": "fuel",
        "brand": "Hindustan Petroleum",
        "brand:wikidata": "Q1619375",
        "fuel:diesel": "yes",
        "name": "HP",
        "name:kn": "ಹಿಂದುಸ್ತಾನ್ ಪೆಟ್ರೋಲಿಯಂ",
        "official_name": "Hindustan Petroleum"
      },
      "geometry": {
        "type": "Point",
        "coordinates": [
          76.6446565,
          12.313106
        ]
      },
      "id": "node/1637365364"
    },
    {
      "type": "Feature",
      "properties": {
        "@id": "node/1638029068",
        "amenity": "fuel",
        "fuel:diesel": "yes",
        "name": "Nandi Petrol Bunk",
        "operator": "Hindustan Petrol"
      },
      "geometry": {
        "type": "Point",
        "coordinates": [
          76.6325276,
          12.3157475
        ]
      },
      "id": "node/1638029068"
    },
    {
      "type": "Feature",
      "properties": {
        "@id": "node/1639016344",
        "amenity": "fuel",
        "brand": "Indian Oil",
        "brand:wikidata": "Q1289348",
        "brand:wikipedia": "en:Indian Oil Corporation",
        "fuel:diesel": "yes",
        "name": "Indian Oil",
        "name:kn": "ಇಂಡಿಯನ್ ಆಯಿಲ್",
        "operator": "Indian Oil"
      },
      "geometry": {
        "type": "Point",
        "coordinates": [
          76.6335822,
          12.2964365
        ]
      },
      "id": "node/1639016344"
    },
    {
      "type": "Feature",
      "properties": {
        "@id": "node/1645792670",
        "amenity": "fuel",
        "operator": "Hindustan Petrol"
      },
      "geometry": {
        "type": "Point",
        "coordinates": [
          76.6164558,
          12.3389696
        ]
      },
      "id": "node/1645792670"
    },
    {
      "type": "Feature",
      "properties": {
        "@id": "node/1653868206",
        "addr:city": "Mysuru",
        "addr:street": "Vishvamanava Road",
        "amenity": "fuel",
        "brand": "Indian Oil",
        "brand:wikidata": "Q1289348",
        "brand:wikipedia": "en:Indian Oil Corporation",
        "name": "Devaru Fuel Center",
        "operator": "Indian Oil"
      },
      "geometry": {
        "type": "Point",
        "coordinates": [
          76.6262273,
          12.2985955
        ]
      },
      "id": "node/1653868206"
    },
    {
      "type": "Feature",
      "properties": {
        "@id": "node/1653869139",
        "addr:city": "Mysuru",
        "addr:postcode": "570023",
        "addr:street": "Vishvamanava Road",
        "amenity": "fuel",
        "operator": "Bharath Pertol"
      },
      "geometry": {
        "type": "Point",
        "coordinates": [
          76.6258478,
          12.2952419
        ]
      },
      "id": "node/1653869139"
    },
    {
      "type": "Feature",
      "properties": {
        "@id": "node/1658653114",
        "amenity": "fuel"
      },
      "geometry": {
        "type": "Point",
        "coordinates": [
          74.2411212,
          16.7045747
        ]
      },
      "id": "node/1658653114"
    },
    {
      "type": "Feature",
      "properties": {
        "@id": "node/1659143433",
        "amenity": "fuel",
        "compressed_air": "yes"
      },
      "geometry": {
        "type": "Point",
        "coordinates": [
          76.3378464,
          12.0798557
        ]
      },
      "id": "node/1659143433"
    },
    {
      "type": "Feature",
      "properties": {
        "@id": "node/1659162409",
        "amenity": "fuel"
      },
      "geometry": {
        "type": "Point",
        "coordinates": [
          76.3961581,
          12.0016703
        ]
      },
      "id": "node/1659162409"
    },
    {
      "type": "Feature",
      "properties": {
        "@id": "node/1660876303",
        "amenity": "fuel"
      },
      "geometry": {
        "type": "Point",
        "coordinates": [
          74.2449755,
          16.7053653
        ]
      },
      "id": "node/1660876303"
    },
    {
      "type": "Feature",
      "properties": {
        "@id": "node/1662612594",
        "amenity": "fuel"
      },
      "geometry": {
        "type": "Point",
        "coordinates": [
          76.0684958,
          12.8843024
        ]
      },
      "id": "node/1662612594"
    },
    {
      "type": "Feature",
      "properties": {
        "@id": "node/1662615428",
        "amenity": "fuel"
      },
      "geometry": {
        "type": "Point",
        "coordinates": [
          76.064224,
          12.8387861
        ]
      },
      "id": "node/1662615428"
    },
    {
      "type": "Feature",
      "properties": {
        "@id": "node/1662620616",
        "amenity": "fuel"
      },
      "geometry": {
        "type": "Point",
        "coordinates": [
          76.0532,
          12.7804
        ]
      },
      "id": "node/1662620616"
    },
    {
      "type": "Feature",
      "properties": {
        "@id": "node/1662627568",
        "amenity": "fuel"
      },
      "geometry": {
        "type": "Point",
        "coordinates": [
          76.3769499,
          12.9193686
        ]
      },
      "id": "node/1662627568"
    },
    {
      "type": "Feature",
      "properties": {
        "@id": "node/1662628366",
        "amenity": "fuel"
      },
      "geometry": {
        "type": "Point",
        "coordinates": [
          76.0470145,
          12.6265507
        ]
      },
      "id": "node/1662628366"
    },
    {
      "type": "Feature",
      "properties": {
        "@id": "node/1662630868",
        "amenity": "fuel"
      },
      "geometry": {
        "type": "Point",
        "coordinates": [
          76.082157,
          12.6279
        ]
      },
      "id": "node/1662630868"
    },
    {
      "type": "Feature",
      "properties": {
        "@id": "node/1662632472",
        "amenity": "fuel"
      },
      "geometry": {
        "type": "Point",
        "coordinates": [
          75.9804583,
          12.5401049
        ]
      },
      "id": "node/1662632472"
    },
    {
      "type": "Feature",
      "properties": {
        "@id": "node/1662637258",
        "amenity": "fuel",
        "brand": "Indian Oil",
        "brand:wikidata": "Q1289348",
        "check_date": "2023-10-08",
        "name": "Indian Oil",
        "self_service": "no"
      },
      "geometry": {
        "type": "Point",
        "coordinates": [
          75.9571681,
          12.4829468
        ]
      },
      "id": "node/1662637258"
    },
    {
      "type": "Feature",
      "properties": {
        "@id": "node/1662639260",
        "amenity": "fuel"
      },
      "geometry": {
        "type": "Point",
        "coordinates": [
          75.7408085,
          12.4178468
        ]
      },
      "id": "node/1662639260"
    },
    {
      "type": "Feature",
      "properties": {
        "@id": "node/1662640092",
        "amenity": "fuel",
        "brand": "Indian Oil",
        "check_date": "2024-04-27",
        "compressed_air": "yes"
      },
      "geometry": {
        "type": "Point",
        "coordinates": [
          75.9520559,
          12.4547337
        ]
      },
      "id": "node/1662640092"
    },
    {
      "type": "Feature",
      "properties": {
        "@id": "node/1662644458",
        "amenity": "fuel"
      },
      "geometry": {
        "type": "Point",
        "coordinates": [
          75.756353,
          12.3226157
        ]
      },
      "id": "node/1662644458"
    },
    {
      "type": "Feature",
      "properties": {
        "@id": "node/1662649736",
        "amenity": "fuel"
      },
      "geometry": {
        "type": "Point",
        "coordinates": [
          75.8022281,
          12.1934765
        ]
      },
      "id": "node/1662649736"
    },
    {
      "type": "Feature",
      "properties": {
        "@id": "node/1662651050",
        "amenity": "fuel"
      },
      "geometry": {
        "type": "Point",
        "coordinates": [
          75.9222866,
          12.1844642
        ]
      },
      "id": "node/1662651050"
    },
    {
      "type": "Feature",
      "properties": {
        "@id": "node/1662654566",
        "amenity": "fuel",
        "brand": "Hindustan Petroleum",
        "brand:wikidata": "Q1619375",
        "name": "HP",
        "official_name": "Hindustan Petroleum",
        "self_service": "no"
      },
      "geometry": {
        "type": "Point",
        "coordinates": [
          75.9306175,
          12.1835345
        ]
      },
      "id": "node/1662654566"
    },
    {
      "type": "Feature",
      "properties": {
        "@id": "node/1662655660",
        "amenity": "fuel"
      },
      "geometry": {
        "type": "Point",
        "coordinates": [
          75.9312687,
          12.1816112
        ]
      },
      "id": "node/1662655660"
    },
    {
      "type": "Feature",
      "properties": {
        "@id": "node/1662663150",
        "amenity": "fuel"
      },
      "geometry": {
        "type": "Point",
        "coordinates": [
          75.9878344,
          12.0237836
        ]
      },
      "id": "node/1662663150"
    },
    {
      "type": "Feature",
      "properties": {
        "@id": "node/1662668936",
        "amenity": "fuel",
        "brand": "Bharat Petroleum",
        "check_date": "2023-10-08",
        "self_service": "no"
      },
      "geometry": {
        "type": "Point",
        "coordinates": [
          77.1185901,
          12.6319874
        ]
      },
      "id": "node/1662668936"
    },
    {
      "type": "Feature",
      "properties": {
        "@id": "node/1664331900",
        "amenity": "fuel"
      },
      "geometry": {
        "type": "Point",
        "coordinates": [
          76.6883237,
          11.8073986
        ]
      },
      "id": "node/1664331900"
    },
    {
      "type": "Feature",
      "properties": {
        "@id": "node/1664355378",
        "amenity": "fuel"
      },
      "geometry": {
        "type": "Point",
        "coordinates": [
          76.6436807,
          11.5666742
        ]
      },
      "id": "node/1664355378"
    },
    {
      "type": "Feature",
      "properties": {
        "@id": "node/1666010778",
        "amenity": "fuel",
        "brand": "Shell",
        "brand:wikidata": "Q110716465",
        "fuel:diesel": "yes",
        "fuel:octane_91": "yes",
        "name": "Shell Petrol Bunk",
        "operator": "Shell"
      },
      "geometry": {
        "type": "Point",
        "coordinates": [
          78.4589653,
          17.4232572
        ]
      },
      "id": "node/1666010778"
    },
    {
      "type": "Feature",
      "properties": {
        "@id": "node/1669929757",
        "amenity": "fuel"
      },
      "geometry": {
        "type": "Point",
        "coordinates": [
          78.5456786,
          12.2652196
        ]
      },
      "id": "node/1669929757"
    },
    {
      "type": "Feature",
      "properties": {
        "@id": "node/1669930590",
        "amenity": "fuel"
      },
      "geometry": {
        "type": "Point",
        "coordinates": [
          78.53684,
          12.26552
        ]
      },
      "id": "node/1669930590"
    },
    {
      "type": "Feature",
      "properties": {
        "@id": "node/1669937406",
        "amenity": "fuel",
        "brand": "Bharat Petroleum",
        "check_date": "2025-08-26",
        "self_service": "no"
      },
      "geometry": {
        "type": "Point",
        "coordinates": [
          78.22133,
          12.50815
        ]
      },
      "id": "node/1669937406"
    },
    {
      "type": "Feature",
      "properties": {
        "@id": "node/1669939263",
        "amenity": "fuel"
      },
      "geometry": {
        "type": "Point",
        "coordinates": [
          78.182889,
          12.5603209
        ]
      },
      "id": "node/1669939263"
    },
    {
      "type": "Feature",
      "properties": {
        "@id": "node/1681443542",
        "amenity": "fuel",
        "brand": "Indian Oil",
        "brand:wikidata": "Q1289348",
        "brand:wikipedia": "en:Indian Oil Corporation",
        "name": "Petrol Bunk",
        "operator": "Indianoil"
      },
      "geometry": {
        "type": "Point",
        "coordinates": [
          76.6294896,
          12.2864459
        ]
      },
      "id": "node/1681443542"
    },
    {
      "type": "Feature",
      "properties": {
        "@id": "node/1683022384",
        "amenity": "fuel"
      },
      "geometry": {
        "type": "Point",
        "coordinates": [
          75.4889438,
          11.7488945
        ]
      },
      "id": "node/1683022384"
    },
    {
      "type": "Feature",
      "properties": {
        "@id": "node/1683107831",
        "amenity": "fuel",
        "brand": "Indian Oil",
        "brand:wikidata": "Q1289348",
        "brand:wikipedia": "en:Indian Oil Corporation",
        "name": "Indian Oil Corporation",
        "name:kn": "ಇಂಡಿಯನ್ ಆಯಿಲ್"
      },
      "geometry": {
        "type": "Point",
        "coordinates": [
          74.8359888,
          12.9078024
        ]
      },
      "id": "node/1683107831"
    },
    {
      "type": "Feature",
      "properties": {
        "@id": "node/1705452947",
        "amenity": "fuel"
      },
      "geometry": {
        "type": "Point",
        "coordinates": [
          77.4905117,
          15.7688107
        ]
      },
      "id": "node/1705452947"
    },
    {
      "type": "Feature",
      "properties": {
        "@id": "node/1706585734",
        "amenity": "fuel",
        "brand": "Bharat Petroleum",
        "brand:wikidata": "Q854826",
        "fuel:diesel": "yes",
        "name": "Bharat Petroleum Pump",
        "name:kn": "ಭಾರತ್ ಪೆಟ್ರೋಲಿಯಂ"
      },
      "geometry": {
        "type": "Point",
        "coordinates": [
          77.7122219,
          13.0042943
        ]
      },
      "id": "node/1706585734"
    },
    {
      "type": "Feature",
      "properties": {
        "@id": "node/1715737995",
        "amenity": "fuel",
        "brand": "Indian Oil"
      },
      "geometry": {
        "type": "Point",
        "coordinates": [
          74.8411175,
          12.8693792
        ]
      },
      "id": "node/1715737995"
    },
    {
      "type": "Feature",
      "properties": {
        "@id": "node/1719092086",
        "amenity": "fuel",
        "brand": "Indian Oil",
        "brand:wikidata": "Q1289348",
        "brand:wikipedia": "en:Indian Oil Corporation",
        "name": "Indian Oil Petrol Pump",
        "name:kn": "ಇಂಡಿಯನ್ ಆಯಿಲ್"
      },
      "geometry": {
        "type": "Point",
        "coordinates": [
          75.3334672,
          12.9950428
        ]
      },
      "id": "node/1719092086"
    },
    {
      "type": "Feature",
      "properties": {
        "@id": "node/1719512661",
        "amenity": "fuel",
        "brand": "Hindustan Petroleum",
        "name": "HP Petrol Pump",
        "name:kn": "ಹಿಂದುಸ್ತಾನ್ ಪೆಟ್ರೋಲಿಯಂ"
      },
      "geometry": {
        "type": "Point",
        "coordinates": [
          75.325581,
          12.9963723
        ]
      },
      "id": "node/1719512661"
    },
    {
      "type": "Feature",
      "properties": {
        "@id": "node/1723485214",
        "amenity": "fuel",
        "name": "Fuel Station"
      },
      "geometry": {
        "type": "Point",
        "coordinates": [
          75.3660915,
          13.5351528
        ]
      },
      "id": "node/1723485214"
    },
    {
      "type": "Feature",
      "properties": {
        "@id": "node/1723489559",
        "amenity": "fuel"
      },
      "geometry": {
        "type": "Point",
        "coordinates": [
          75.3664134,
          13.5337551
        ]
      },
      "id": "node/1723489559"
    },
    {
      "type": "Feature",
      "properties": {
        "@id": "node/1733357717",
        "amenity": "fuel",
        "brand": "Bharat Petroleum",
        "brand:wikidata": "Q854826",
        "compressed_air": "yes",
        "fuel:GTL_diesel": "yes",
        "fuel:HGV_diesel": "yes",
        "fuel:biodiesel": "no",
        "fuel:diesel": "yes",
        "name": "Bharat Petroleum",
        "name:kn": "ಭಾರತ್ ಪೆಟ್ರೋಲಿಯಂ"
      },
      "geometry": {
        "type": "Point",
        "coordinates": [
          74.9938014,
          13.067641
        ]
      },
      "id": "node/1733357717"
    },
    {
      "type": "Feature",
      "properties": {
        "@id": "node/1741077648",
        "amenity": "fuel",
        "brand": "HP",
        "name": "C.M.Hubli Petrol / Gas Station",
        "operator": "HP"
      },
      "geometry": {
        "type": "Point",
        "coordinates": [
          75.1228461,
          15.3656007
        ]
      },
      "id": "node/1741077648"
    },
    {
      "type": "Feature",
      "properties": {
        "@id": "node/1741083632",
        "amenity": "fuel"
      },
      "geometry": {
        "type": "Point",
        "coordinates": [
          75.1432332,
          15.3525939
        ]
      },
      "id": "node/1741083632"
    },
    {
      "type": "Feature",
      "properties": {
        "@id": "node/1741832246",
        "addr:city": "Bengaluru",
        "addr:postcode": "560019",
        "amenity": "fuel",
        "brand": "Hindustan Petroleum",
        "brand:wikidata": "Q1619375",
        "fuel:diesel": "yes",
        "fuel:petrol": "yes",
        "name": "Sri Vishvesha Agencies",
        "official_name": "Hindustan Petroleum",
        "phone": "+919164009930",
        "self_service": "no"
      },
      "geometry": {
        "type": "Point",
        "coordinates": [
          77.5641945,
          12.941632
        ]
      },
      "id": "node/1741832246"
    },
    {
      "type": "Feature",
      "properties": {
        "@id": "node/1743952267",
        "amenity": "fuel"
      },
      "geometry": {
        "type": "Point",
        "coordinates": [
          75.1368502,
          15.3567678
        ]
      },
      "id": "node/1743952267"
    },
    {
      "type": "Feature",
      "properties": {
        "@id": "node/1753608441",
        "amenity": "fuel",
        "brand": "Hindustan Petroleum",
        "brand:wikidata": "Q1619375",
        "name": "Indira Nagar HP Petrol Bunk",
        "official_name": "Hindustan Petroleum"
      },
      "geometry": {
        "type": "Point",
        "coordinates": [
          78.3570147,
          17.4428658
        ]
      },
      "id": "node/1753608441"
    },
    {
      "type": "Feature",
      "properties": {
        "@id": "node/1767381646",
        "amenity": "fuel"
      },
      "geometry": {
        "type": "Point",
        "coordinates": [
          74.9998438,
          12.543514
        ]
      },
      "id": "node/1767381646"
    },
    {
      "type": "Feature",
      "properties": {
        "@id": "node/1778854659",
        "amenity": "fuel",
        "brand": "BP",
        "name": "Petro / Gas  Station"
      },
      "geometry": {
        "type": "Point",
        "coordinates": [
          77.5106429,
          12.9608906
        ]
      },
      "id": "node/1778854659"
    },
    {
      "type": "Feature",
      "properties": {
        "@id": "node/1778854791",
        "amenity": "fuel",
        "brand": "HP",
        "name": "Petrol Station"
      },
      "geometry": {
        "type": "Point",
        "coordinates": [
          77.5026901,
          12.9570377
        ]
      },
      "id": "node/1778854791"
    },
    {
      "type": "Feature",
      "properties": {
        "@id": "node/1778953948",
        "amenity": "fuel",
        "brand": "Hindustan Petroleum",
        "brand:wikidata": "Q1619375",
        "name": "HP Petrol Bunk",
        "name:kn": "ಹಿಂದುಸ್ತಾನ್ ಪೆಟ್ರೋಲಿಯಂ",
        "official_name": "Hindustan Petroleum",
        "wheelchair": "yes"
      },
      "geometry": {
        "type": "Point",
        "coordinates": [
          77.5466032,
          12.9771222
        ]
      },
      "id": "node/1778953948"
    },
    {
      "type": "Feature",
      "properties": {
        "@id": "node/1778957265",
        "amenity": "fuel",
        "brand": "Shell",
        "brand:wikidata": "Q110716465",
        "fuel:diesel": "yes",
        "fuel:lpg": "no",
        "fuel:octane_100": "yes",
        "name": "Shell Petrol Bunk",
        "name:kn": "ಶೆಲ್",
        "operator": "Shell",
        "wheelchair": "yes"
      },
      "geometry": {
        "type": "Point",
        "coordinates": [
          77.5420846,
          12.9793805
        ]
      },
      "id": "node/1778957265"
    },
    {
      "type": "Feature",
      "properties": {
        "@id": "node/1779021073",
        "amenity": "fuel",
        "brand": "HP",
        "name": "Caltex"
      },
      "geometry": {
        "type": "Point",
        "coordinates": [
          75.247703,
          13.6882881
        ]
      },
      "id": "node/1779021073"
    },
    {
      "type": "Feature",
      "properties": {
        "@id": "node/1779029058",
        "amenity": "fuel"
      },
      "geometry": {
        "type": "Point",
        "coordinates": [
          78.4638899,
          17.4040544
        ]
      },
      "id": "node/1779029058"
    },
    {
      "type": "Feature",
      "properties": {
        "@id": "node/1779040727",
        "amenity": "fuel",
        "brand": "Indian Oil",
        "brand:wikidata": "Q1289348",
        "brand:wikipedia": "en:Indian Oil Corporation",
        "name": "Indian Oil Petrol Bunk",
        "name:kn": "ಇಂಡಿಯನ್ ಆಯಿಲ್",
        "operator": "Indial Oil"
      },
      "geometry": {
        "type": "Point",
        "coordinates": [
          75.2492265,
          13.6904727
        ]
      },
      "id": "node/1779040727"
    },
    {
      "type": "Feature",
      "properties": {
        "@id": "node/1782237044",
        "addr:city": "Davanagere",
        "addr:postcode": "577002",
        "addr:street": "Hadadi Road",
        "amenity": "fuel",
        "brand": "Indian Oil",
        "brand:wikidata": "Q1289348",
        "brand:wikipedia": "en:Indian Oil Corporation",
        "fuel:1_25": "no",
        "fuel:1_50": "no",
        "fuel:GTL_diesel": "yes",
        "fuel:HGV_diesel": "yes",
        "fuel:biodiesel": "no",
        "fuel:biogas": "no",
        "fuel:cng": "no",
        "fuel:diesel": "yes",
        "fuel:e10": "no",
        "fuel:e85": "no",
        "fuel:electricity": "no",
        "fuel:lpg": "no",
        "fuel:octane_100": "no",
        "fuel:octane_91": "yes",
        "fuel:octane_95": "no",
        "fuel:octane_98": "no",
        "name": "Maruti Fuel Services",
        "opening_hours": "07:00-22:00",
        "operator": "Indian Oil Corporation"
      },
      "geometry": {
        "type": "Point",
        "coordinates": [
          75.9202089,
          14.4553031
        ]
      },
      "id": "node/1782237044"
    },
    {
      "type": "Feature",
      "properties": {
        "@id": "node/1789650908",
        "amenity": "fuel",
        "brand": "Indian Oil",
        "fuel:1_25": "no",
        "fuel:1_50": "no",
        "fuel:GTL_diesel": "no",
        "fuel:HGV_diesel": "yes",
        "fuel:biodiesel": "no",
        "fuel:biogas": "no",
        "fuel:cng": "no",
        "fuel:diesel": "yes",
        "fuel:e10": "no",
        "fuel:e85": "no",
        "fuel:electricity": "no",
        "fuel:lpg": "no",
        "fuel:octane_100": "no",
        "fuel:octane_91": "yes",
        "fuel:octane_95": "no",
        "name": "Nandi Petrol Bunk"
      },
      "geometry": {
        "type": "Point",
        "coordinates": [
          75.9298828,
          14.4607674
        ]
      },
      "id": "node/1789650908"
    },
    {
      "type": "Feature",
      "properties": {
        "@id": "node/1789670614",
        "amenity": "fuel",
        "brand": "Indian Oil",
        "fuel:1_25": "no",
        "fuel:GTL_diesel": "no",
        "fuel:HGV_diesel": "no",
        "fuel:biodiesel": "no",
        "fuel:biogas": "no",
        "fuel:cng": "no",
        "fuel:diesel": "yes",
        "fuel:e10": "no",
        "fuel:e85": "no",
        "fuel:electricity": "no",
        "fuel:lpg": "no",
        "fuel:octane_100": "no",
        "fuel:octane_91": "yes",
        "fuel:octane_95": "no",
        "fuel:octane_98": "no",
        "name": "Rahul Service Station"
      },
      "geometry": {
        "type": "Point",
        "coordinates": [
          76.4995637,
          13.2652863
        ]
      },
      "id": "node/1789670614"
    },
    {
      "type": "Feature",
      "properties": {
        "@id": "node/1789675450",
        "amenity": "fuel"
      },
      "geometry": {
        "type": "Point",
        "coordinates": [
          76.4877727,
          13.2520082
        ]
      },
      "id": "node/1789675450"
    },
    {
      "type": "Feature",
      "properties": {
        "@id": "node/1789761257",
        "amenity": "fuel",
        "brand": "HP"
      },
      "geometry": {
        "type": "Point",
        "coordinates": [
          76.3085119,
          13.1337315
        ]
      },
      "id": "node/1789761257"
    },
    {
      "type": "Feature",
      "properties": {
        "@id": "node/1794648902",
        "amenity": "fuel",
        "brand": "Indian Oil",
        "fuel:1_25": "no",
        "fuel:1_50": "no",
        "fuel:GTL_diesel": "no",
        "fuel:HGV_diesel": "no",
        "fuel:biodiesel": "no",
        "fuel:biogas": "no",
        "fuel:cng": "no",
        "fuel:diesel": "yes",
        "fuel:e10": "no",
        "fuel:e85": "no",
        "fuel:electricity": "no",
        "fuel:lpg": "no",
        "fuel:octane_100": "no",
        "fuel:octane_91": "yes",
        "fuel:octane_95": "yes",
        "fuel:octane_98": "no",
        "name": "HP",
        "name:kn": "ಹಿಂದುಸ್ತಾನ್ ಪೆಟ್ರೋಲಿಯಂ"
      },
      "geometry": {
        "type": "Point",
        "coordinates": [
          77.5099399,
          13.0234554
        ]
      },
      "id": "node/1794648902"
    },
    {
      "type": "Feature",
      "properties": {
        "@id": "node/1794669368",
        "amenity": "fuel"
      },
      "geometry": {
        "type": "Point",
        "coordinates": [
          77.5178471,
          13.0354184
        ]
      },
      "id": "node/1794669368"
    },
    {
      "type": "Feature",
      "properties": {
        "@id": "node/1794675779",
        "amenity": "fuel"
      },
      "geometry": {
        "type": "Point",
        "coordinates": [
          77.522557,
          13.0230791
        ]
      },
      "id": "node/1794675779"
    },
    {
      "type": "Feature",
      "properties": {
        "@id": "node/1797080828",
        "amenity": "fuel",
        "name": "Petrol Pump"
      },
      "geometry": {
        "type": "Point",
        "coordinates": [
          75.5681874,
          13.9302062
        ]
      },
      "id": "node/1797080828"
    },
    {
      "type": "Feature",
      "properties": {
        "@id": "node/1798917329",
        "amenity": "fuel",
        "brand": "Bharath Petroleum",
        "compressed_air": "yes",
        "fuel:HGV_diesel": "yes",
        "fuel:diesel": "yes",
        "fuel:octane_91": "yes",
        "name": "Petrol Bunk",
        "operator": "Bharath Petroleum",
        "source": "Bharath Petroleum"
      },
      "geometry": {
        "type": "Point",
        "coordinates": [
          76.6356858,
          12.3232486
        ]
      },
      "id": "node/1798917329"
    },
    {
      "type": "Feature",
      "properties": {
        "@id": "node/1799180579",
        "amenity": "fuel",
        "brand": "HP",
        "name": "Hegde Petrol Bunk"
      },
      "geometry": {
        "type": "Point",
        "coordinates": [
          75.237133,
          13.6879839
        ]
      },
      "id": "node/1799180579"
    },
    {
      "type": "Feature",
      "properties": {
        "@id": "node/1799436467",
        "amenity": "fuel"
      },
      "geometry": {
        "type": "Point",
        "coordinates": [
          74.9944263,
          13.4588631
        ]
      },
      "id": "node/1799436467"
    },
    {
      "type": "Feature",
      "properties": {
        "@id": "node/1802702374",
        "amenity": "fuel",
        "brand": "Indian Oil",
        "brand:wikidata": "Q1289348",
        "brand:wikipedia": "en:Indian Oil Corporation",
        "name": "Indian Oil",
        "name:kn": "ಇಂಡಿಯನ್ ಆಯಿಲ್"
      },
      "geometry": {
        "type": "Point",
        "coordinates": [
          76.4849296,
          13.2594907
        ]
      },
      "id": "node/1802702374"
    },
    {
      "type": "Feature",
      "properties": {
        "@id": "node/1805764129",
        "amenity": "fuel",
        "brand": "Indian Oil",
        "fuel:1_25": "no",
        "fuel:1_50": "no",
        "fuel:GTL_diesel": "no",
        "fuel:HGV_diesel": "no",
        "fuel:biodiesel": "no",
        "fuel:biogas": "no",
        "fuel:cng": "yes",
        "fuel:diesel": "yes",
        "fuel:e10": "no",
        "fuel:e85": "no",
        "fuel:electricity": "no",
        "fuel:lpg": "no",
        "fuel:octane_100": "no",
        "fuel:octane_91": "no",
        "name": "Maganhalli Basappa Petrol Station"
      },
      "geometry": {
        "type": "Point",
        "coordinates": [
          75.9227626,
          14.4415893
        ]
      },
      "id": "node/1805764129"
    },
    {
      "type": "Feature",
      "properties": {
        "@id": "node/1805764135",
        "amenity": "fuel"
      },
      "geometry": {
        "type": "Point",
        "coordinates": [
          75.9230534,
          14.4403687
        ]
      },
      "id": "node/1805764135"
    },
    {
      "type": "Feature",
      "properties": {
        "@id": "node/1806966554",
        "amenity": "fuel",
        "brand": "AEGIS AUTO GAS",
        "fuel:1_25": "no",
        "fuel:1_50": "no",
        "fuel:GTL_diesel": "no",
        "fuel:HGV_diesel": "no",
        "fuel:biodiesel": "no",
        "fuel:biogas": "no",
        "fuel:cng": "no",
        "fuel:diesel": "no",
        "fuel:e10": "no",
        "fuel:e85": "no",
        "fuel:electricity": "no",
        "fuel:lpg": "yes",
        "fuel:octane_100": "no",
        "fuel:octane_91": "no",
        "fuel:octane_95": "no",
        "fuel:octane_98": "no",
        "name": "Shree Krishna Auto Gas",
        "wheelchair": "yes"
      },
      "geometry": {
        "type": "Point",
        "coordinates": [
          77.57,
          12.9672844
        ]
      },
      "id": "node/1806966554"
    },
    {
      "type": "Feature",
      "properties": {
        "@id": "node/1806973955",
        "amenity": "fuel"
      },
      "geometry": {
        "type": "Point",
        "coordinates": [
          75.9209026,
          14.4617942
        ]
      },
      "id": "node/1806973955"
    },
    {
      "type": "Feature",
      "properties": {
        "@id": "node/1811031711",
        "amenity": "fuel",
        "brand": "Indian Oil",
        "brand:wikidata": "Q1289348",
        "brand:wikipedia": "en:Indian Oil Corporation",
        "name": "Indian Oil",
        "name:kn": "ಇಂಡಿಯನ್ ಆಯಿಲ್"
      },
      "geometry": {
        "type": "Point",
        "coordinates": [
          75.3267744,
          13.7348816
        ]
      },
      "id": "node/1811031711"
    },
    {
      "type": "Feature",
      "properties": {
        "@id": "node/1811175588",
        "amenity": "fuel",
        "brand": "Bharat Petroleum"
      },
      "geometry": {
        "type": "Point",
        "coordinates": [
          76.2533882,
          14.3085327
        ]
      },
      "id": "node/1811175588"
    },
    {
      "type": "Feature",
      "properties": {
        "@id": "node/1813595332",
        "amenity": "fuel",
        "brand": "Indian Oil",
        "fuel:1_25": "no",
        "fuel:1_50": "no",
        "fuel:GTL_diesel": "no",
        "fuel:HGV_diesel": "no",
        "fuel:biodiesel": "no",
        "fuel:biogas": "no",
        "fuel:cng": "no",
        "fuel:diesel": "yes",
        "fuel:e10": "no",
        "fuel:e85": "no",
        "fuel:electricity": "no",
        "fuel:lpg": "no",
        "fuel:octane_100": "no",
        "fuel:octane_91": "yes",
        "fuel:octane_95": "yes",
        "fuel:octane_98": "no",
        "name": "B.N. Kamath Petrol Station"
      },
      "geometry": {
        "type": "Point",
        "coordinates": [
          75.5689755,
          13.9222478
        ]
      },
      "id": "node/1813595332"
    },
    {
      "type": "Feature",
      "properties": {
        "@id": "node/1813680209",
        "amenity": "fuel",
        "name": "Bharath Petroleum",
        "name:kn": "ಭಾರತ್ ಪೆಟ್ರೋಲಿಯಂ"
      },
      "geometry": {
        "type": "Point",
        "coordinates": [
          75.0285346,
          12.8824255
        ]
      },
      "id": "node/1813680209"
    },
    {
      "type": "Feature",
      "properties": {
        "@id": "node/1814861607",
        "amenity": "fuel",
        "brand": "Indian Oil",
        "brand:wikidata": "Q1289348",
        "brand:wikipedia": "en:Indian Oil Corporation",
        "name": "Indian Oil",
        "name:kn": "ಇಂಡಿಯನ್ ಆಯಿಲ್"
      },
      "geometry": {
        "type": "Point",
        "coordinates": [
          75.563428,
          13.947315
        ]
      },
      "id": "node/1814861607"
    },
    {
      "type": "Feature",
      "properties": {
        "@id": "node/1815960796",
        "amenity": "fuel",
        "brand": "Indian Oil",
        "brand:wikidata": "Q1289348",
        "brand:wikipedia": "en:Indian Oil Corporation",
        "name": "Indian Oil",
        "name:kn": "ಇಂಡಿಯನ್ ಆಯಿಲ್"
      },
      "geometry": {
        "type": "Point",
        "coordinates": [
          77.5682637,
          12.9297811
        ]
      },
      "id": "node/1815960796"
    },
    {
      "type": "Feature",
      "properties": {
        "@id": "node/1818573128",
        "amenity": "fuel",
        "brand": "Indian Oil",
        "brand:wikidata": "Q1289348",
        "brand:wikipedia": "en:Indian Oil Corporation",
        "name": "Indian Oil",
        "name:kn": "ಇಂಡಿಯನ್ ಆಯಿಲ್"
      },
      "geometry": {
        "type": "Point",
        "coordinates": [
          75.0656935,
          13.4897033
        ]
      },
      "id": "node/1818573128"
    },
    {
      "type": "Feature",
      "properties": {
        "@id": "node/1823053790",
        "amenity": "fuel"
      },
      "geometry": {
        "type": "Point",
        "coordinates": [
          78.2253909,
          12.5195489
        ]
      },
      "id": "node/1823053790"
    },
    {
      "type": "Feature",
      "properties": {
        "@id": "node/1825008746",
        "amenity": "fuel",
        "name": "HP Petrol Bunk",
        "note": "Petrol bunk"
      },
      "geometry": {
        "type": "Point",
        "coordinates": [
          77.6280648,
          14.2908437
        ]
      },
      "id": "node/1825008746"
    },
    {
      "type": "Feature",
      "properties": {
        "@id": "node/1825036287",
        "amenity": "fuel",
        "name": "M.G. Brothers HPC Dealers",
        "note": "Petrol bunk"
      },
      "geometry": {
        "type": "Point",
        "coordinates": [
          77.5839209,
          14.6867812
        ]
      },
      "id": "node/1825036287"
    },
    {
      "type": "Feature",
      "properties": {
        "@id": "node/1825045985",
        "amenity": "fuel",
        "brand": "Indian Oil",
        "brand:wikidata": "Q1289348",
        "brand:wikipedia": "en:Indian Oil Corporation",
        "name": "Indianoil Petrol",
        "note": "Petrol bunk"
      },
      "geometry": {
        "type": "Point",
        "coordinates": [
          77.5825677,
          14.9046952
        ]
      },
      "id": "node/1825045985"
    },
    {
      "type": "Feature",
      "properties": {
        "@id": "node/1825052765",
        "amenity": "fuel",
        "name": "Bharat Petroleum "
      },
      "geometry": {
        "type": "Point",
        "coordinates": [
          77.6172125,
          15.0111741
        ]
      },
      "id": "node/1825052765"
    },
    {
      "type": "Feature",
      "properties": {
        "@id": "node/1825053843",
        "amenity": "fuel",
        "brand": "Indian Oil",
        "brand:wikidata": "Q1289348",
        "brand:wikipedia": "en:Indian Oil Corporation",
        "name": "Indianoil Petrol",
        "note": "Petrol bunk"
      },
      "geometry": {
        "type": "Point",
        "coordinates": [
          77.6199626,
          15.0223642
        ]
      },
      "id": "node/1825053843"
    },
    {
      "type": "Feature",
      "properties": {
        "@id": "node/1825054269",
        "amenity": "fuel",
        "name": "Reliance Plaza And Petrol"
      },
      "geometry": {
        "type": "Point",
        "coordinates": [
          77.6272524,
          15.0504596
        ]
      },
      "id": "node/1825054269"
    },
    {
      "type": "Feature",
      "properties": {
        "@id": "node/1825054744",
        "amenity": "fuel",
        "name": "Bharat Petrol"
      },
      "geometry": {
        "type": "Point",
        "coordinates": [
          77.6303526,
          15.0583024
        ]
      },
      "id": "node/1825054744"
    },
    {
      "type": "Feature",
      "properties": {
        "@id": "node/1825054938",
        "amenity": "fuel",
        "name": "HP"
      },
      "geometry": {
        "type": "Point",
        "coordinates": [
          77.6303786,
          15.0653874
        ]
      },
      "id": "node/1825054938"
    },
    {
      "type": "Feature",
      "properties": {
        "@id": "node/1825058080",
        "amenity": "fuel",
        "brand": "Bharat Petroleum",
        "brand:wikidata": "Q854826",
        "name": "Bharat Petroleum",
        "source": "PMGSY"
      },
      "geometry": {
        "type": "Point",
        "coordinates": [
          77.6506527,
          15.0883591
        ]
      },
      "id": "node/1825058080"
    },
    {
      "type": "Feature",
      "properties": {
        "@id": "node/1828318180",
        "amenity": "fuel",
        "brand": "Indian Oil",
        "brand:wikidata": "Q1289348",
        "brand:wikipedia": "en:Indian Oil Corporation",
        "name": "Indian Oil",
        "name:kn": "ಇಂಡಿಯನ್ ಆಯಿಲ್"
      },
      "geometry": {
        "type": "Point",
        "coordinates": [
          74.984314,
          13.4565885
        ]
      },
      "id": "node/1828318180"
    },
    {
      "type": "Feature",
      "properties": {
        "@id": "node/1828361775",
        "amenity": "fuel",
        "brand": "Indian Oil",
        "check_date": "2023-09-18",
        "compressed_air": "yes",
        "name": "Indian Oil",
        "name:kn": "ಇಂಡಿಯನ್ ಆಯಿಲ್"
      },
      "geometry": {
        "type": "Point",
        "coordinates": [
          74.7712568,
          13.3459333
        ]
      },
      "id": "node/1828361775"
    },
    {
      "type": "Feature",
      "properties": {
        "@id": "node/1839787435",
        "amenity": "fuel"
      },
      "geometry": {
        "type": "Point",
        "coordinates": [
          75.9256524,
          14.4679272
        ]
      },
      "id": "node/1839787435"
    },
    {
      "type": "Feature",
      "properties": {
        "@id": "node/1851413744",
        "amenity": "fuel",
        "name": "Gupta"
      },
      "geometry": {
        "type": "Point",
        "coordinates": [
          75.6381221,
          14.6114257
        ]
      },
      "id": "node/1851413744"
    },
    {
      "type": "Feature",
      "properties": {
        "@id": "node/1851414103",
        "amenity": "fuel"
      },
      "geometry": {
        "type": "Point",
        "coordinates": [
          75.6344077,
          14.6153408
        ]
      },
      "id": "node/1851414103"
    },
    {
      "type": "Feature",
      "properties": {
        "@id": "node/1852659127",
        "amenity": "fuel",
        "brand": "Indian Oil",
        "brand:wikidata": "Q1289348",
        "compressed_air": "yes",
        "name": "Indian Oil"
      },
      "geometry": {
        "type": "Point",
        "coordinates": [
          77.6193965,
          12.9966824
        ]
      },
      "id": "node/1852659127"
    },
    {
      "type": "Feature",
      "properties": {
        "@id": "node/1858945579",
        "amenity": "fuel",
        "brand": "Bharat Petroleum",
        "fuel:diesel": "yes",
        "fuel:octane_80": "yes",
        "name": "Bharat Petroleum",
        "name:kn": "ಭಾರತ್ ಪೆಟ್ರೋಲಿಯಂ"
      },
      "geometry": {
        "type": "Point",
        "coordinates": [
          77.7582452,
          13.5066833
        ]
      },
      "id": "node/1858945579"
    },
    {
      "type": "Feature",
      "properties": {
        "@id": "node/1866221218",
        "amenity": "fuel",
        "brand": "Hindustan Petroleum",
        "brand:wikidata": "Q1619375",
        "fuel:diesel": "yes",
        "name": "Hindustan Petroleum",
        "name:kn": "ಹಿಂದುಸ್ತಾನ್ ಪೆಟ್ರೋಲಿಯಂ",
        "official_name": "Hindustan Petroleum"
      },
      "geometry": {
        "type": "Point",
        "coordinates": [
          77.5907568,
          12.9065766
        ]
      },
      "id": "node/1866221218"
    },
    {
      "type": "Feature",
      "properties": {
        "@id": "node/1883501408",
        "amenity": "fuel",
        "brand": "IBP"
      },
      "geometry": {
        "type": "Point",
        "coordinates": [
          78.4321238,
          17.4298122
        ]
      },
      "id": "node/1883501408"
    },
    {
      "type": "Feature",
      "properties": {
        "@id": "node/1895933795",
        "amenity": "fuel",
        "brand": "Indian Oil Corporation"
      },
      "geometry": {
        "type": "Point",
        "coordinates": [
          75.0622264,
          13.9110886
        ]
      },
      "id": "node/1895933795"
    },
    {
      "type": "Feature",
      "properties": {
        "@id": "node/1930244553",
        "amenity": "fuel",
        "brand": "Indian Oil",
        "brand:wikidata": "Q1289348",
        "brand:wikipedia": "en:Indian Oil Corporation",
        "name": "Indian Oil Petrol Pump",
        "name:kn": "ಇಂಡಿಯನ್ ಆಯಿಲ್"
      },
      "geometry": {
        "type": "Point",
        "coordinates": [
          75.0396545,
          12.9013034
        ]
      },
      "id": "node/1930244553"
    },
    {
      "type": "Feature",
      "properties": {
        "@id": "node/1936910038",
        "amenity": "fuel"
      },
      "geometry": {
        "type": "Point",
        "coordinates": [
          76.6928222,
          12.3039957
        ]
      },
      "id": "node/1936910038"
    },
    {
      "type": "Feature",
      "properties": {
        "@id": "node/1952057165",
        "amenity": "fuel",
        "name": "Fuel Station"
      },
      "geometry": {
        "type": "Point",
        "coordinates": [
          78.0869447,
          17.6269368
        ]
      },
      "id": "node/1952057165"
    },
    {
      "type": "Feature",
      "properties": {
        "@id": "node/1973954420",
        "amenity": "fuel",
        "brand": "Indian Oil",
        "brand:wikidata": "Q1289348",
        "brand:wikipedia": "en:Indian Oil Corporation",
        "name": "Indian Oil Petrol Bunk",
        "name:kn": "ಇಂಡಿಯನ್ ಆಯಿಲ್"
      },
      "geometry": {
        "type": "Point",
        "coordinates": [
          75.7494156,
          14.5436925
        ]
      },
      "id": "node/1973954420"
    },
    {
      "type": "Feature",
      "properties": {
        "@id": "node/1975034527",
        "amenity": "fuel",
        "brand": "Hindustan Petroleum",
        "brand:ur": "ہندوستان پٹرولیم",
        "brand:wikidata": "Q1619375",
        "brand:wikipedia": "en:Hindustan Petroleum",
        "name": "Hindustan Petroleum",
        "name:kn": "ಹಿಂದುಸ್ತಾನ್ ಪೆಟ್ರೋಲಿಯಂ",
        "name:ur": "ہندوستان پٹرولیم",
        "official_name": "Hindustan Petroleum",
        "official_name:ur": "ہندوستان پٹرولیم"
      },
      "geometry": {
        "type": "Point",
        "coordinates": [
          75.7136565,
          13.8385874
        ]
      },
      "id": "node/1975034527"
    },
    {
      "type": "Feature",
      "properties": {
        "@id": "node/1975041333",
        "amenity": "fuel",
        "brand": "Indian Oil",
        "brand:wikidata": "Q1289348",
        "brand:wikipedia": "en:Indian Oil Corporation",
        "name": "Indian Oil Corporation",
        "name:kn": "ಇಂಡಿಯನ್ ಆಯಿಲ್"
      },
      "geometry": {
        "type": "Point",
        "coordinates": [
          75.6487165,
          13.6996271
        ]
      },
      "id": "node/1975041333"
    },
    {
      "type": "Feature",
      "properties": {
        "@id": "node/1983334198",
        "amenity": "fuel",
        "brand": "Bharat Petroleum",
        "brand:wikidata": "Q854826",
        "name": "Bharat Petroleum",
        "name:kn": "ಭಾರತ್ ಪೆಟ್ರೋಲಿಯಂ",
        "operator": "Bharat Petroleum"
      },
      "geometry": {
        "type": "Point",
        "coordinates": [
          75.6975483,
          13.8425227
        ]
      },
      "id": "node/1983334198"
    },
    {
      "type": "Feature",
      "properties": {
        "@id": "node/1987148328",
        "amenity": "fuel"
      },
      "geometry": {
        "type": "Point",
        "coordinates": [
          75.3917897,
          12.5578735
        ]
      },
      "id": "node/1987148328"
    },
    {
      "type": "Feature",
      "properties": {
        "@id": "node/1988177222",
        "amenity": "fuel"
      },
      "geometry": {
        "type": "Point",
        "coordinates": [
          75.3861785,
          12.5749374
        ]
      },
      "id": "node/1988177222"
    },
    {
      "type": "Feature",
      "properties": {
        "@id": "node/1993335788",
        "amenity": "fuel",
        "brand": "HP",
        "name": "Fuel Bunk, Brahmavara"
      },
      "geometry": {
        "type": "Point",
        "coordinates": [
          74.7401444,
          13.4245233
        ]
      },
      "id": "node/1993335788"
    },
    {
      "type": "Feature",
      "properties": {
        "@id": "node/2000130546",
        "amenity": "fuel",
        "brand": "Indian Oil",
        "brand:wikidata": "Q1289348",
        "brand:wikipedia": "en:Indian Oil Corporation",
        "name": "Indian Oil",
        "opening_hours": "Mo-Su 08:00-22:00"
      },
      "geometry": {
        "type": "Point",
        "coordinates": [
          75.9976686,
          11.7483185
        ]
      },
      "id": "node/2000130546"
    },
    {
      "type": "Feature",
      "properties": {
        "@id": "node/2000761647",
        "amenity": "fuel",
        "name": "Petrol Pump",
        "wheelchair": "yes"
      },
      "geometry": {
        "type": "Point",
        "coordinates": [
          78.4101365,
          17.4875682
        ]
      },
      "id": "node/2000761647"
    },
    {
      "type": "Feature",
      "properties": {
        "@id": "node/2016215963",
        "amenity": "fuel"
      },
      "geometry": {
        "type": "Point",
        "coordinates": [
          77.5600221,
          12.9841172
        ]
      },
      "id": "node/2016215963"
    },
    {
      "type": "Feature",
      "properties": {
        "@id": "node/2052621892",
        "amenity": "fuel"
      },
      "geometry": {
        "type": "Point",
        "coordinates": [
          78.4624993,
          17.4031013
        ]
      },
      "id": "node/2052621892"
    },
    {
      "type": "Feature",
      "properties": {
        "@id": "node/2057197603",
        "amenity": "fuel",
        "brand": "Bharat Petroleum",
        "brand:wikidata": "Q854826",
        "name": "Bharat Petroleum",
        "name:kn": "ಭಾರತ್ ಪೆಟ್ರೋಲಿಯಂ",
        "operator": "Bharat Petroleum"
      },
      "geometry": {
        "type": "Point",
        "coordinates": [
          77.5794869,
          12.9479149
        ]
      },
      "id": "node/2057197603"
    },
    {
      "type": "Feature",
      "properties": {
        "@id": "node/2090829415",
        "amenity": "fuel",
        "brand": "Hindustan Petroleum",
        "brand:wikidata": "Q1619375",
        "name": "HP Petrol",
        "name:kn": "ಹಿಂದುಸ್ತಾನ್ ಪೆಟ್ರೋಲಿಯಂ",
        "official_name": "Hindustan Petroleum",
        "wheelchair": "yes"
      },
      "geometry": {
        "type": "Point",
        "coordinates": [
          77.5367403,
          13.0103477
        ]
      },
      "id": "node/2090829415"
    },
    {
      "type": "Feature",
      "properties": {
        "@id": "node/2093345068",
        "amenity": "fuel",
        "brand": "Hindustan Petroleum",
        "name": "HP Petrol"
      },
      "geometry": {
        "type": "Point",
        "coordinates": [
          77.3562067,
          15.9387167
        ]
      },
      "id": "node/2093345068"
    },
    {
      "type": "Feature",
      "properties": {
        "@id": "node/2093393582",
        "amenity": "fuel",
        "name": "HP",
        "name:kn": "ಹಿಂದುಸ್ತಾನ್ ಪೆಟ್ರೋಲಿಯಂ"
      },
      "geometry": {
        "type": "Point",
        "coordinates": [
          77.4155533,
          15.9370924
        ]
      },
      "id": "node/2093393582"
    },
    {
      "type": "Feature",
      "properties": {
        "@id": "node/2116160240",
        "amenity": "fuel",
        "name": "Milan Hotel Petrol pump",
        "name:kn": "ಮಿಲನ್ ಹೊಟೆಲ್ ಪೆಟ್ರೊಲ್ ಪಂಪ್"
      },
      "geometry": {
        "type": "Point",
        "coordinates": [
          74.5105622,
          15.8673367
        ]
      },
      "id": "node/2116160240"
    },
    {
      "type": "Feature",
      "properties": {
        "@id": "node/2127402487",
        "amenity": "fuel",
        "name": "IOCL",
        "operator": "Yogi Enterprise"
      },
      "geometry": {
        "type": "Point",
        "coordinates": [
          77.5462363,
          12.9072121
        ]
      },
      "id": "node/2127402487"
    },
    {
      "type": "Feature",
      "properties": {
        "@id": "node/2131982833",
        "amenity": "fuel",
        "brand": "Indian Oil",
        "brand:wikidata": "Q1289348",
        "brand:wikipedia": "en:Indian Oil Corporation",
        "name": "Indian Oil",
        "name:kn": "ಇಂಡಿಯನ್ ಆಯಿಲ್"
      },
      "geometry": {
        "type": "Point",
        "coordinates": [
          74.5065791,
          15.8566875
        ]
      },
      "id": "node/2131982833"
    },
    {
      "type": "Feature",
      "properties": {
        "@id": "node/2131982834",
        "amenity": "fuel"
      },
      "geometry": {
        "type": "Point",
        "coordinates": [
          74.5068882,
          15.8517745
        ]
      },
      "id": "node/2131982834"
    },
    {
      "type": "Feature",
      "properties": {
        "@id": "node/2131982836",
        "amenity": "fuel"
      },
      "geometry": {
        "type": "Point",
        "coordinates": [
          74.5079179,
          15.8604025
        ]
      },
      "id": "node/2131982836"
    },
    {
      "type": "Feature",
      "properties": {
        "@id": "node/2131982837",
        "amenity": "fuel"
      },
      "geometry": {
        "type": "Point",
        "coordinates": [
          74.5097042,
          15.8522905
        ]
      },
      "id": "node/2131982837"
    },
    {
      "type": "Feature",
      "properties": {
        "@id": "node/2131982840",
        "amenity": "fuel",
        "brand": "HP",
        "name": "Mawarkar Petrol / Gas Station",
        "name:kn": "ಮವರ್ಕರ್ ಇಂಧನ ಸ್ಟೆಷನ್",
        "operator": "HP"
      },
      "geometry": {
        "type": "Point",
        "coordinates": [
          74.5087332,
          15.8654182
        ]
      },
      "id": "node/2131982840"
    },
    {
      "type": "Feature",
      "properties": {
        "@id": "node/2177960405",
        "amenity": "fuel"
      },
      "geometry": {
        "type": "Point",
        "coordinates": [
          78.4291105,
          17.4362628
        ]
      },
      "id": "node/2177960405"
    },
    {
      "type": "Feature",
      "properties": {
        "@id": "node/2183029329",
        "alt_name": "Rythu Bazaar",
        "amenity": "fuel",
        "name": "Kothapet Bus Stop"
      },
      "geometry": {
        "type": "Point",
        "coordinates": [
          78.5402431,
          17.3671585
        ]
      },
      "id": "node/2183029329"
    },
    {
      "type": "Feature",
      "properties": {
        "@id": "node/2217950124",
        "amenity": "fuel",
        "name": "HP Gas Station",
        "name:te": "ఏచ్పీ గ్యాస్ స్టేషన్"
      },
      "geometry": {
        "type": "Point",
        "coordinates": [
          78.5528627,
          17.3456896
        ]
      },
      "id": "node/2217950124"
    },
    {
      "type": "Feature",
      "properties": {
        "@id": "node/2217950147",
        "amenity": "fuel",
        "brand": "Indian Oil",
        "brand:wikidata": "Q1289348",
        "brand:wikipedia": "en:Indian Oil Corporation",
        "name": "Indian Oil",
        "name:te": "ఇండియన్ ఆయిల్"
      },
      "geometry": {
        "type": "Point",
        "coordinates": [
          78.5677786,
          17.3390329
        ]
      },
      "id": "node/2217950147"
    },
    {
      "type": "Feature",
      "properties": {
        "@id": "node/2217950168",
        "amenity": "fuel",
        "name": "Bharath Petroleum"
      },
      "geometry": {
        "type": "Point",
        "coordinates": [
          78.5793148,
          17.3363651
        ]
      },
      "id": "node/2217950168"
    },
    {
      "type": "Feature",
      "properties": {
        "@id": "node/2217950179",
        "amenity": "fuel",
        "name": "Bharath Petroleum"
      },
      "geometry": {
        "type": "Point",
        "coordinates": [
          78.5590587,
          17.3416368
        ]
      },
      "id": "node/2217950179"
    },
    {
      "type": "Feature",
      "properties": {
        "@id": "node/2217950182",
        "amenity": "fuel"
      },
      "geometry": {
        "type": "Point",
        "coordinates": [
          78.5803072,
          17.3362933
        ]
      },
      "id": "node/2217950182"
    },
    {
      "type": "Feature",
      "properties": {
        "@id": "node/2217950196",
        "amenity": "fuel",
        "name": "Hindusthan Petroleum"
      },
      "geometry": {
        "type": "Point",
        "coordinates": [
          78.5767452,
          17.3366954
        ]
      },
      "id": "node/2217950196"
    },
    {
      "type": "Feature",
      "properties": {
        "@id": "node/2217960484",
        "amenity": "fuel",
        "brand": "Indian Oil",
        "brand:wikidata": "Q1289348",
        "brand:wikipedia": "en:Indian Oil Corporation",
        "name": "Indian Oil"
      },
      "geometry": {
        "type": "Point",
        "coordinates": [
          78.5789933,
          17.3358402
        ]
      },
      "id": "node/2217960484"
    },
    {
      "type": "Feature",
      "properties": {
        "@id": "node/2217960504",
        "addr:city": "Hyderabad",
        "addr:postcode": "500070",
        "addr:street": "Bhagyalatha colony,Kanchan Bagh, Hayathnagar",
        "amenity": "fuel",
        "brand": "Bharat Petroleum",
        "brand:wikidata": "Q854826",
        "fuel:diesel": "yes",
        "name": "Bharat Petroleum petrol pump"
      },
      "geometry": {
        "type": "Point",
        "coordinates": [
          78.5885178,
          17.3328265
        ]
      },
      "id": "node/2217960504"
    },
    {
      "type": "Feature",
      "properties": {
        "@id": "node/2217960520",
        "amenity": "fuel",
        "brand": "Indian Oil",
        "brand:wikidata": "Q1289348",
        "brand:wikipedia": "en:Indian Oil Corporation",
        "name": "Indian Oil",
        "name:te": "ఇండియన్ ఆయిల్"
      },
      "geometry": {
        "type": "Point",
        "coordinates": [
          78.5637208,
          17.3402666
        ]
      },
      "id": "node/2217960520"
    },
    {
      "type": "Feature",
      "properties": {
        "@id": "node/2217960521",
        "amenity": "fuel",
        "brand": "Indian Oil",
        "brand:wikidata": "Q1289348",
        "brand:wikipedia": "en:Indian Oil Corporation",
        "name": "Indian Oil"
      },
      "geometry": {
        "type": "Point",
        "coordinates": [
          78.5562347,
          17.3424813
        ]
      },
      "id": "node/2217960521"
    },
    {
      "type": "Feature",
      "properties": {
        "@id": "node/2217968817",
        "amenity": "fuel",
        "brand": "Indian Oil",
        "check_date": "2024-03-29"
      },
      "geometry": {
        "type": "Point",
        "coordinates": [
          78.4308307,
          17.3955353
        ]
      },
      "id": "node/2217968817"
    },
    {
      "type": "Feature",
      "properties": {
        "@id": "node/2217968819",
        "amenity": "fuel",
        "brand": "Indian Oil",
        "check_date": "2025-10-12"
      },
      "geometry": {
        "type": "Point",
        "coordinates": [
          78.4024824,
          17.4067918
        ]
      },
      "id": "node/2217968819"
    },
    {
      "type": "Feature",
      "properties": {
        "@id": "node/2217968821",
        "amenity": "fuel",
        "brand": "Indian Oil",
        "check_date": "2025-10-12"
      },
      "geometry": {
        "type": "Point",
        "coordinates": [
          78.4013693,
          17.4072576
        ]
      },
      "id": "node/2217968821"
    },
    {
      "type": "Feature",
      "properties": {
        "@id": "node/2217968824",
        "amenity": "fuel",
        "brand": "Bharat Petroleum",
        "brand:wikidata": "Q854826",
        "check_date": "2024-03-29",
        "name": "Bharat Petroleum"
      },
      "geometry": {
        "type": "Point",
        "coordinates": [
          78.388481,
          17.417971
        ]
      },
      "id": "node/2217968824"
    },
    {
      "type": "Feature",
      "properties": {
        "@id": "node/2233018548",
        "amenity": "fuel"
      },
      "geometry": {
        "type": "Point",
        "coordinates": [
          78.4828118,
          17.3814163
        ]
      },
      "id": "node/2233018548"
    },
    {
      "type": "Feature",
      "properties": {
        "@id": "node/2246010662",
        "amenity": "fuel",
        "brand": "Indian Oil",
        "brand:wikidata": "Q1289348",
        "brand:wikipedia": "en:Indian Oil Corporation",
        "fuel:diesel": "yes",
        "name": "Indian Oil",
        "name:kn": "ಇಂಡಿಯನ್ ಆಯಿಲ್",
        "operator": "Indian Oil"
      },
      "geometry": {
        "type": "Point",
        "coordinates": [
          74.860781,
          13.5803358
        ]
      },
      "id": "node/2246010662"
    },
    {
      "type": "Feature",
      "properties": {
        "@id": "node/2246015035",
        "amenity": "fuel",
        "brand": "Indian Oil",
        "brand:wikidata": "Q1289348",
        "brand:wikipedia": "en:Indian Oil Corporation",
        "name": "Indian Oil",
        "name:kn": "ಇಂಡಿಯನ್ ಆಯಿಲ್",
        "operator": "Indian Oil"
      },
      "geometry": {
        "type": "Point",
        "coordinates": [
          74.8641981,
          13.6120637
        ]
      },
      "id": "node/2246015035"
    },
    {
      "type": "Feature",
      "properties": {
        "@id": "node/2249045755",
        "amenity": "fuel",
        "brand": "BP",
        "brand:wikidata": "Q152057",
        "name": "BP petrol pump",
        "wheelchair": "yes"
      },
      "geometry": {
        "type": "Point",
        "coordinates": [
          77.5433506,
          12.9852478
        ]
      },
      "id": "node/2249045755"
    },
    {
      "type": "Feature",
      "properties": {
        "@id": "node/2249047993",
        "amenity": "fuel",
        "brand": "Hindustan Petroleum",
        "brand:wikidata": "Q1619375",
        "brand:wikipedia": "en:Hindustan Petroleum",
        "compressed_air": "yes",
        "name": "HP",
        "name:kn": "ಹಿಂದುಸ್ತಾನ್ ಪೆಟ್ರೋಲಿಯಂ",
        "official_name": "Hindustan Petroleum"
      },
      "geometry": {
        "type": "Point",
        "coordinates": [
          77.5578265,
          12.9916432
        ]
      },
      "id": "node/2249047993"
    },
    {
      "type": "Feature",
      "properties": {
        "@id": "node/2249053699",
        "amenity": "fuel",
        "brand": "Indian Oil",
        "brand:wikidata": "Q1289348",
        "brand:wikipedia": "en:Indian Oil Corporation",
        "name": "Indian Oil",
        "name:kn": "ಇಂಡಿಯನ್ ಆಯಿಲ್",
        "wheelchair": "yes"
      },
      "geometry": {
        "type": "Point",
        "coordinates": [
          77.5583911,
          12.9810568
        ]
      },
      "id": "node/2249053699"
    },
    {
      "type": "Feature",
      "properties": {
        "@id": "node/2261284984",
        "amenity": "fuel",
        "name": "BPCL petrol pump"
      },
      "geometry": {
        "type": "Point",
        "coordinates": [
          76.4074713,
          14.2211308
        ]
      },
      "id": "node/2261284984"
    },
    {
      "type": "Feature",
      "properties": {
        "@id": "node/2262270375",
        "amenity": "fuel",
        "name": "BP petrol pump"
      },
      "geometry": {
        "type": "Point",
        "coordinates": [
          75.1090193,
          15.3509589
        ]
      },
      "id": "node/2262270375"
    },
    {
      "type": "Feature",
      "properties": {
        "@id": "node/2268999943",
        "amenity": "fuel",
        "brand": "Bharat Petroleum",
        "brand:wikidata": "Q854826",
        "brand:wikipedia": "en:Bharat Petroleum",
        "name": "Bharat Petroleum",
        "name:kn": "ಭಾರತ್ ಪೆಟ್ರೋಲಿಮ್"
      },
      "geometry": {
        "type": "Point",
        "coordinates": [
          75.1267862,
          15.3509899
        ]
      },
      "id": "node/2268999943"
    },
    {
      "type": "Feature",
      "properties": {
        "@id": "node/2276879147",
        "amenity": "fuel",
        "name": "Bhagyalaxmi petrol pump"
      },
      "geometry": {
        "type": "Point",
        "coordinates": [
          75.1468277,
          15.3581389
        ]
      },
      "id": "node/2276879147"
    },
    {
      "type": "Feature",
      "properties": {
        "@id": "node/2276882203",
        "amenity": "fuel",
        "name": "BP petrol pump"
      },
      "geometry": {
        "type": "Point",
        "coordinates": [
          75.1498961,
          15.3658877
        ]
      },
      "id": "node/2276882203"
    },
    {
      "type": "Feature",
      "properties": {
        "@id": "node/2279531470",
        "amenity": "fuel",
        "name": "IBP petrol pump"
      },
      "geometry": {
        "type": "Point",
        "coordinates": [
          77.5252604,
          12.9855941
        ]
      },
      "id": "node/2279531470"
    },
    {
      "type": "Feature",
      "properties": {
        "@id": "node/2279531857",
        "amenity": "fuel",
        "brand": "Indane Oil",
        "name": "Indo Petrol / Gas Station",
        "operator": "Indane Oil"
      },
      "geometry": {
        "type": "Point",
        "coordinates": [
          77.5232649,
          12.9850923
        ]
      },
      "id": "node/2279531857"
    },
    {
      "type": "Feature",
      "properties": {
        "@id": "node/2279532132",
        "amenity": "fuel",
        "brand": "Indian Oil",
        "brand:wikidata": "Q1289348",
        "brand:wikipedia": "en:Indian Oil Corporation",
        "name": "Indian Oil",
        "name:kn": "ಇಂಡಿಯನ್ ಆಯಿಲ್"
      },
      "geometry": {
        "type": "Point",
        "coordinates": [
          77.5222349,
          12.9862632
        ]
      },
      "id": "node/2279532132"
    },
    {
      "type": "Feature",
      "properties": {
        "@id": "node/2295866821",
        "amenity": "fuel",
        "brand": "Indian Oil"
      },
      "geometry": {
        "type": "Point",
        "coordinates": [
          77.7312139,
          13.4350484
        ]
      },
      "id": "node/2295866821"
    },
    {
      "type": "Feature",
      "properties": {
        "@id": "node/2298049317",
        "amenity": "fuel"
      },
      "geometry": {
        "type": "Point",
        "coordinates": [
          75.3776505,
          15.7198065
        ]
      },
      "id": "node/2298049317"
    },
    {
      "type": "Feature",
      "properties": {
        "@id": "node/2298079718",
        "amenity": "fuel"
      },
      "geometry": {
        "type": "Point",
        "coordinates": [
          75.384356,
          15.7162692
        ]
      },
      "id": "node/2298079718"
    },
    {
      "type": "Feature",
      "properties": {
        "@id": "node/2298080128",
        "amenity": "fuel"
      },
      "geometry": {
        "type": "Point",
        "coordinates": [
          75.386593,
          15.7198633
        ]
      },
      "id": "node/2298080128"
    },
    {
      "type": "Feature",
      "properties": {
        "@id": "node/2307728989",
        "amenity": "fuel",
        "name": "AM Petrol pump"
      },
      "geometry": {
        "type": "Point",
        "coordinates": [
          75.6609684,
          16.173989
        ]
      },
      "id": "node/2307728989"
    },
    {
      "type": "Feature",
      "properties": {
        "@id": "node/2312388051",
        "amenity": "fuel",
        "name": "HP Pump",
        "name:kn": "ಎಚ್ ಪಿ ಇಂಧನ ಸ್ಟೆಶನ್"
      },
      "geometry": {
        "type": "Point",
        "coordinates": [
          74.5262794,
          15.8625649
        ]
      },
      "id": "node/2312388051"
    },
    {
      "type": "Feature",
      "properties": {
        "@id": "node/2314245820",
        "amenity": "fuel",
        "name": "BP petrol pump"
      },
      "geometry": {
        "type": "Point",
        "coordinates": [
          75.1275609,
          15.3803894
        ]
      },
      "id": "node/2314245820"
    },
    {
      "type": "Feature",
      "properties": {
        "@id": "node/2316640541",
        "amenity": "fuel",
        "name": "HP Petrol Pump",
        "name:kn": "ಹಿಂದುಸ್ತಾನ್ ಪೆಟ್ರೋಲಿಯಂ"
      },
      "geometry": {
        "type": "Point",
        "coordinates": [
          75.1233639,
          14.7573079
        ]
      },
      "id": "node/2316640541"
    },
    {
      "type": "Feature",
      "properties": {
        "@id": "node/2316646751",
        "amenity": "fuel",
        "brand": "Indian Oil",
        "brand:wikidata": "Q1289348",
        "brand:wikipedia": "en:Indian Oil Corporation",
        "name": "Indian Oil",
        "name:kn": "ಇಂಡಿಯನ್ ಆಯಿಲ್"
      },
      "geometry": {
        "type": "Point",
        "coordinates": [
          75.1311364,
          14.7733913
        ]
      },
      "id": "node/2316646751"
    },
    {
      "type": "Feature",
      "properties": {
        "@id": "node/2317924979",
        "amenity": "fuel",
        "name": "Bharat Petroleum",
        "name:kn": "ಭಾರತ್ ಪೆಟ್ರೋಲಿಯಂ"
      },
      "geometry": {
        "type": "Point",
        "coordinates": [
          75.1426573,
          15.1540894
        ]
      },
      "id": "node/2317924979"
    },
    {
      "type": "Feature",
      "properties": {
        "@id": "node/2326586694",
        "amenity": "fuel",
        "brand": "Indian Oil",
        "brand:wikidata": "Q1289348",
        "brand:wikipedia": "en:Indian Oil Corporation",
        "name": "Indian Oil",
        "name:kn": "ಇಂಡಿಯನ್ ಆಯಿಲ್"
      },
      "geometry": {
        "type": "Point",
        "coordinates": [
          75.1146835,
          15.3508077
        ]
      },
      "id": "node/2326586694"
    },
    {
      "type": "Feature",
      "properties": {
        "@id": "node/2344429240",
        "amenity": "fuel"
      },
      "geometry": {
        "type": "Point",
        "coordinates": [
          77.8259818,
          12.7341346
        ]
      },
      "id": "node/2344429240"
    },
    {
      "type": "Feature",
      "properties": {
        "@id": "node/2344443153",
        "amenity": "fuel",
        "brand": "Bharat Petroleum",
        "brand:wikidata": "Q854826",
        "check_date": "2022-11-16",
        "compressed_air": "yes",
        "fuel:diesel": "yes",
        "fuel:petrol": "yes",
        "name": "Bharat Petroleum",
        "self_service": "no",
        "source": "survey"
      },
      "geometry": {
        "type": "Point",
        "coordinates": [
          77.7978754,
          12.7584768
        ]
      },
      "id": "node/2344443153"
    },
    {
      "type": "Feature",
      "properties": {
        "@id": "node/2352099065",
        "amenity": "fuel",
        "brand": "Indian Oil",
        "brand:wikidata": "Q1289348",
        "brand:wikipedia": "en:Indian Oil Corporation",
        "fuel:diesel": "yes",
        "fuel:petrol": "yes",
        "name": "Indian Oil Fuel Station"
      },
      "geometry": {
        "type": "Point",
        "coordinates": [
          78.4559994,
          17.4211261
        ]
      },
      "id": "node/2352099065"
    },
    {
      "type": "Feature",
      "properties": {
        "@id": "node/2352100154",
        "amenity": "fuel",
        "brand": "Bharat Petroleum",
        "brand:wikidata": "Q854826",
        "building": "yes",
        "name": "Bharat Petroleum"
      },
      "geometry": {
        "type": "Point",
        "coordinates": [
          78.4563468,
          17.4206051
        ]
      },
      "id": "node/2352100154"
    },
    {
      "type": "Feature",
      "properties": {
        "@id": "node/2353058301",
        "amenity": "fuel",
        "brand": "Hindustan Petroleum",
        "brand:wikidata": "Q1619375",
        "compressed_air": "yes",
        "fuel:diesel": "yes",
        "name": "HP",
        "name:kn": "ಹಿಂದುಸ್ತಾನ್ ಪೆಟ್ರೋಲಿಯಂ",
        "official_name": "Hindustan Petroleum",
        "shop": "no"
      },
      "geometry": {
        "type": "Point",
        "coordinates": [
          76.2985441,
          12.3052918
        ]
      },
      "id": "node/2353058301"
    },
    {
      "type": "Feature",
      "properties": {
        "@id": "node/2353097440",
        "amenity": "fuel",
        "brand": "Indian Oil",
        "brand:wikidata": "Q1289348",
        "brand:wikipedia": "en:Indian Oil Corporation",
        "name": "Indian Oil petrol Bunk"
      },
      "geometry": {
        "type": "Point",
        "coordinates": [
          76.296543,
          12.306521
        ]
      },
      "id": "node/2353097440"
    },
    {
      "type": "Feature",
      "properties": {
        "@id": "node/2354445859",
        "amenity": "fuel",
        "brand": "Indian Oil",
        "brand:wikidata": "Q1289348",
        "brand:wikipedia": "en:Indian Oil Corporation",
        "building": "yes",
        "name": "Indian Oil Petrol Pump",
        "name:kn": "ಇಂಡಿಯನ್ ಆಯಿಲ್"
      },
      "geometry": {
        "type": "Point",
        "coordinates": [
          75.6289795,
          13.1235901
        ]
      },
      "id": "node/2354445859"
    },
    {
      "type": "Feature",
      "properties": {
        "@id": "node/2354824512",
        "amenity": "fuel",
        "brand": "Bharath",
        "compressed_air": "yes",
        "fuel:diesel": "yes",
        "name": "Bharath Petrol bunk",
        "shop": "no"
      },
      "geometry": {
        "type": "Point",
        "coordinates": [
          76.290608,
          12.3086829
        ]
      },
      "id": "node/2354824512"
    },
    {
      "type": "Feature",
      "properties": {
        "@id": "node/2354824530",
        "amenity": "fuel",
        "brand": "Bharat Petroleum",
        "check_date": "2023-10-08",
        "compressed_air": "yes",
        "fuel:diesel": "yes",
        "self_service": "no"
      },
      "geometry": {
        "type": "Point",
        "coordinates": [
          76.2884162,
          12.3124486
        ]
      },
      "id": "node/2354824530"
    },
    {
      "type": "Feature",
      "properties": {
        "@id": "node/2354824542",
        "amenity": "fuel",
        "brand": "Hindustan Petroleum",
        "brand:wikidata": "Q1619375",
        "fuel:diesel": "yes",
        "name": "HP Petrol Bunk",
        "name:kn": "ಹಿಂದುಸ್ತಾನ್ ಪೆಟ್ರೋಲಿಯಂ",
        "official_name": "Hindustan Petroleum"
      },
      "geometry": {
        "type": "Point",
        "coordinates": [
          76.2963689,
          12.3100139
        ]
      },
      "id": "node/2354824542"
    },
    {
      "type": "Feature",
      "properties": {
        "@id": "node/2371558263",
        "amenity": "fuel",
        "brand": "Indian Oil",
        "brand:wikidata": "Q1289348",
        "brand:wikipedia": "en:Indian Oil Corporation",
        "fuel:diesel": "yes",
        "name": "Indian Oil Fuel Bunk",
        "name:kn": "ಇಂಡಿಯನ್ ಆಯಿಲ್"
      },
      "geometry": {
        "type": "Point",
        "coordinates": [
          77.1312226,
          16.7492202
        ]
      },
      "id": "node/2371558263"
    },
    {
      "type": "Feature",
      "properties": {
        "@id": "node/2403690469",
        "amenity": "fuel",
        "name": "Petrol Bunk"
      },
      "geometry": {
        "type": "Point",
        "coordinates": [
          76.6077588,
          12.2953686
        ]
      },
      "id": "node/2403690469"
    },
    {
      "type": "Feature",
      "properties": {
        "@id": "node/2417988939",
        "amenity": "fuel",
        "fuel:diesel": "yes",
        "fuel:lpg": "yes",
        "name": "Bharani Fuel / Gas Station"
      },
      "geometry": {
        "type": "Point",
        "coordinates": [
          74.737185,
          13.4426713
        ]
      },
      "id": "node/2417988939"
    },
    {
      "type": "Feature",
      "properties": {
        "@id": "node/2420394662",
        "amenity": "fuel",
        "brand": "Bharat Petroleum",
        "brand:wikidata": "Q854826",
        "brand:wikipedia": "en:Bharat Petroleum",
        "check_date": "2022-08-02",
        "name": "Bharat Petroleum",
        "name:kn": "ಭಾರತ್ ಪೆಟ್ರೋಲಿಯಂ"
      },
      "geometry": {
        "type": "Point",
        "coordinates": [
          76.4752593,
          15.3088233
        ]
      },
      "id": "node/2420394662"
    },
    {
      "type": "Feature",
      "properties": {
        "@id": "node/2428132960",
        "amenity": "fuel"
      },
      "geometry": {
        "type": "Point",
        "coordinates": [
          78.3740366,
          17.496417
        ]
      },
      "id": "node/2428132960"
    },
    {
      "type": "Feature",
      "properties": {
        "@id": "node/2428138346",
        "addr:city": "Hyderabad",
        "addr:housenumber": "Mumbai Highway",
        "addr:postcode": "500049",
        "addr:street": "Prajay City",
        "amenity": "fuel",
        "brand": "Indian Oil",
        "brand:wikidata": "Q1289348",
        "brand:wikipedia": "en:Indian Oil Corporation",
        "compressed_air": "yes",
        "name": "Indian Oil Petrol bunk",
        "operator": "Indian Oil"
      },
      "geometry": {
        "type": "Point",
        "coordinates": [
          78.3527499,
          17.494103
        ]
      },
      "id": "node/2428138346"
    },
    {
      "type": "Feature",
      "properties": {
        "@id": "node/2428138827",
        "amenity": "fuel",
        "compressed_air": "yes",
        "name": "Bharath petroleum"
      },
      "geometry": {
        "type": "Point",
        "coordinates": [
          78.3490857,
          17.4937077
        ]
      },
      "id": "node/2428138827"
    },
    {
      "type": "Feature",
      "properties": {
        "@id": "node/2429903449",
        "amenity": "fuel",
        "name": "Bharat Petrol Bunk"
      },
      "geometry": {
        "type": "Point",
        "coordinates": [
          78.5475142,
          17.3422003
        ]
      },
      "id": "node/2429903449"
    },
    {
      "type": "Feature",
      "properties": {
        "@id": "node/2431747861",
        "amenity": "fuel",
        "building": "yes",
        "name": "Reliance Petrol Pump"
      },
      "geometry": {
        "type": "Point",
        "coordinates": [
          78.558055,
          17.359825
        ]
      },
      "id": "node/2431747861"
    },
    {
      "type": "Feature",
      "properties": {
        "@id": "node/2431945262",
        "amenity": "fuel",
        "name": "Shell"
      },
      "geometry": {
        "type": "Point",
        "coordinates": [
          78.5509412,
          17.4100926
        ]
      },
      "id": "node/2431945262"
    },
    {
      "type": "Feature",
      "properties": {
        "@id": "node/2434964334",
        "amenity": "fuel",
        "brand": "Bharat Petroleum",
        "check_date": "2023-10-08",
        "self_service": "no"
      },
      "geometry": {
        "type": "Point",
        "coordinates": [
          76.1926881,
          12.3389034
        ]
      },
      "id": "node/2434964334"
    },
    {
      "type": "Feature",
      "properties": {
        "@id": "node/2444453357",
        "amenity": "fuel",
        "brand": "BP",
        "fuel:diesel": "yes",
        "name": "Fuel Pump",
        "name:kn": "ಪೆಟ್ರೋಲ್ ಪಂಪ್",
        "opening_hours": "Mo-Fr 08:30-20:00",
        "shop": "yes"
      },
      "geometry": {
        "type": "Point",
        "coordinates": [
          77.3851507,
          16.8699446
        ]
      },
      "id": "node/2444453357"
    },
    {
      "type": "Feature",
      "properties": {
        "@id": "node/2445898820",
        "amenity": "fuel",
        "name": "Public Gardens Petrol Pump",
        "name:en": "Bharat Petroleum"
      },
      "geometry": {
        "type": "Point",
        "coordinates": [
          78.4702853,
          17.3905862
        ]
      },
      "id": "node/2445898820"
    },
    {
      "type": "Feature",
      "properties": {
        "@id": "node/2446524797",
        "amenity": "fuel",
        "name": "Paradise Cross Roads"
      },
      "geometry": {
        "type": "Point",
        "coordinates": [
          78.4905593,
          17.4432701
        ]
      },
      "id": "node/2446524797"
    },
    {
      "type": "Feature",
      "properties": {
        "@id": "node/2446635554",
        "amenity": "fuel",
        "building": "yes",
        "name": "IOC Petrol Pump"
      },
      "geometry": {
        "type": "Point",
        "coordinates": [
          78.5453799,
          17.3431878
        ]
      },
      "id": "node/2446635554"
    },
    {
      "type": "Feature",
      "properties": {
        "@id": "node/2446635564",
        "amenity": "fuel",
        "building": "yes",
        "name": "Prakash Petrol Pump"
      },
      "geometry": {
        "type": "Point",
        "coordinates": [
          78.5495247,
          17.3382449
        ]
      },
      "id": "node/2446635564"
    },
    {
      "type": "Feature",
      "properties": {
        "@id": "node/2446635565",
        "amenity": "fuel",
        "building": "yes",
        "name": "Hindustan Petroleum Ltd"
      },
      "geometry": {
        "type": "Point",
        "coordinates": [
          78.5518822,
          17.3362742
        ]
      },
      "id": "node/2446635565"
    },
    {
      "type": "Feature",
      "properties": {
        "@id": "node/2446635583",
        "amenity": "fuel",
        "brand": "Indian Oil",
        "brand:wikidata": "Q1289348",
        "brand:wikipedia": "en:Indian Oil Corporation",
        "building": "yes",
        "name": "Indian Oil Petrol Pump"
      },
      "geometry": {
        "type": "Point",
        "coordinates": [
          78.5528837,
          17.3297767
        ]
      },
      "id": "node/2446635583"
    },
    {
      "type": "Feature",
      "properties": {
        "@id": "node/2447238130",
        "amenity": "fuel",
        "building": "yes",
        "name": "Petrol Pump"
      },
      "geometry": {
        "type": "Point",
        "coordinates": [
          78.5336432,
          17.3978354
        ]
      },
      "id": "node/2447238130"
    },
    {
      "type": "Feature",
      "properties": {
        "@id": "node/2447291668",
        "amenity": "fuel",
        "building": "yes",
        "name": "Petrol Pump"
      },
      "geometry": {
        "type": "Point",
        "coordinates": [
          78.5125305,
          17.3912944
        ]
      },
      "id": "node/2447291668"
    },
    {
      "type": "Feature",
      "properties": {
        "@id": "node/2447950959",
        "amenity": "fuel",
        "brand": "H p Petrol Bunk Kattemalalawadi"
      },
      "geometry": {
        "type": "Point",
        "coordinates": [
          76.291109,
          12.350372
        ]
      },
      "id": "node/2447950959"
    },
    {
      "type": "Feature",
      "properties": {
        "@id": "node/2453943107",
        "amenity": "fuel"
      },
      "geometry": {
        "type": "Point",
        "coordinates": [
          76.6838234,
          13.3171614
        ]
      },
      "id": "node/2453943107"
    },
    {
      "type": "Feature",
      "properties": {
        "@id": "node/2459196157",
        "amenity": "fuel",
        "brand": "Indian Oil",
        "brand:wikidata": "Q1289348",
        "brand:wikipedia": "en:Indian Oil Corporation",
        "building": "yes",
        "name": "Indian Oil",
        "name:kn": "ಇಂಡಿಯನ್ ಆಯಿಲ್"
      },
      "geometry": {
        "type": "Point",
        "coordinates": [
          75.9007004,
          14.4465218
        ]
      },
      "id": "node/2459196157"
    },
    {
      "type": "Feature",
      "properties": {
        "@id": "node/2460056783",
        "amenity": "fuel",
        "building": "yes",
        "name": "HP Petrol Pump",
        "name:kn": "ಹಿಂದುಸ್ತಾನ್ ಪೆಟ್ರೋಲಿಯಂ",
        "wheelchair": "yes"
      },
      "geometry": {
        "type": "Point",
        "coordinates": [
          77.2802463,
          17.1722244
        ]
      },
      "id": "node/2460056783"
    },
    {
      "type": "Feature",
      "properties": {
        "@id": "node/2460056800",
        "amenity": "fuel",
        "building": "yes",
        "name": "Jabbar Petrol Pump"
      },
      "geometry": {
        "type": "Point",
        "coordinates": [
          77.2834543,
          17.1677244
        ]
      },
      "id": "node/2460056800"
    },
    {
      "type": "Feature",
      "properties": {
        "@id": "node/2460057602",
        "amenity": "fuel",
        "building": "yes",
        "name": "Petrol Pump"
      },
      "geometry": {
        "type": "Point",
        "coordinates": [
          77.2754935,
          17.1805374
        ]
      },
      "id": "node/2460057602"
    },
    {
      "type": "Feature",
      "properties": {
        "@id": "node/2460058009",
        "amenity": "fuel",
        "building": "yes",
        "name": "Petrol Pump"
      },
      "geometry": {
        "type": "Point",
        "coordinates": [
          77.2553888,
          17.1821746
        ]
      },
      "id": "node/2460058009"
    },
    {
      "type": "Feature",
      "properties": {
        "@id": "node/2463061274",
        "amenity": "fuel",
        "building": "yes",
        "operator": "Bharat Petroleum"
      },
      "geometry": {
        "type": "Point",
        "coordinates": [
          78.2707638,
          12.9567408
        ]
      },
      "id": "node/2463061274"
    },
    {
      "type": "Feature",
      "properties": {
        "@id": "node/2463061279",
        "amenity": "fuel",
        "brand": "Indian Oil",
        "brand:wikidata": "Q1289348",
        "brand:wikipedia": "en:Indian Oil Corporation",
        "building": "yes",
        "name": "Jwala Petrol Pump",
        "operator": "IndianOil"
      },
      "geometry": {
        "type": "Point",
        "coordinates": [
          78.266208,
          12.9555845
        ]
      },
      "id": "node/2463061279"
    },
    {
      "type": "Feature",
      "properties": {
        "@id": "node/2463061281",
        "amenity": "fuel",
        "building": "yes",
        "operator": "HP"
      },
      "geometry": {
        "type": "Point",
        "coordinates": [
          78.2690196,
          12.9566471
        ]
      },
      "id": "node/2463061281"
    },
    {
      "type": "Feature",
      "properties": {
        "@id": "node/2465138161",
        "amenity": "fuel",
        "brand": "Indane",
        "fuel:diesel": "yes",
        "fuel:lpg": "yes",
        "name": "Prabhu Petrol / Gas station",
        "name:kn": "ಪ್ರಭು ಪೆಟ್ರೊಲ್ ಪಂಪ್"
      },
      "geometry": {
        "type": "Point",
        "coordinates": [
          74.6928317,
          13.613424
        ]
      },
      "id": "node/2465138161"
    },
    {
      "type": "Feature",
      "properties": {
        "@id": "node/2465163608",
        "amenity": "fuel",
        "brand": "Indane Oil",
        "name": "Petrol / Gas Station"
      },
      "geometry": {
        "type": "Point",
        "coordinates": [
          74.868114,
          12.8691878
        ]
      },
      "id": "node/2465163608"
    },
    {
      "type": "Feature",
      "properties": {
        "@id": "node/2465384520",
        "amenity": "fuel",
        "name": "HP Petrol Pump",
        "name:kn": "ಹಿಂದುಸ್ತಾನ್ ಪೆಟ್ರೋಲಿಯಂ"
      },
      "geometry": {
        "type": "Point",
        "coordinates": [
          75.7651574,
          13.3043898
        ]
      },
      "id": "node/2465384520"
    },
    {
      "type": "Feature",
      "properties": {
        "@id": "node/2465387874",
        "amenity": "fuel",
        "brand": "Indian Oil",
        "brand:wikidata": "Q1289348",
        "brand:wikipedia": "en:Indian Oil Corporation",
        "name": "Indian Oil",
        "name:kn": "ಇಂಡಿಯನ್ ಆಯಿಲ್"
      },
      "geometry": {
        "type": "Point",
        "coordinates": [
          75.762848,
          13.3025471
        ]
      },
      "id": "node/2465387874"
    },
    {
      "type": "Feature",
      "properties": {
        "@id": "node/2465417426",
        "amenity": "fuel",
        "brand": "Indane Oil",
        "name": "Petrol / Gas Station"
      },
      "geometry": {
        "type": "Point",
        "coordinates": [
          74.8874769,
          12.8724093
        ]
      },
      "id": "node/2465417426"
    },
    {
      "type": "Feature",
      "properties": {
        "@id": "node/2465449402",
        "amenity": "fuel",
        "name": "Vishnu Petrol / Gas Station"
      },
      "geometry": {
        "type": "Point",
        "coordinates": [
          74.8146901,
          12.9427345
        ]
      },
      "id": "node/2465449402"
    },
    {
      "type": "Feature",
      "properties": {
        "@id": "node/2465499061",
        "amenity": "fuel",
        "brand": "HP",
        "name": "Kamath Petrol / Gas Station"
      },
      "geometry": {
        "type": "Point",
        "coordinates": [
          74.7730915,
          13.1457019
        ]
      },
      "id": "node/2465499061"
    },
    {
      "type": "Feature",
      "properties": {
        "@id": "node/2465503282",
        "amenity": "fuel",
        "local_ref": "OG Auto gas",
        "name": "OG Auto gas",
        "operator": "Aegis Logistics Ltd."
      },
      "geometry": {
        "type": "Point",
        "coordinates": [
          74.7443946,
          13.3068461
        ]
      },
      "id": "node/2465503282"
    },
    {
      "type": "Feature",
      "properties": {
        "@id": "node/2465713488",
        "amenity": "fuel",
        "brand": "Indane Oil",
        "name": "Lakshmamma Petrol / Gas Station"
      },
      "geometry": {
        "type": "Point",
        "coordinates": [
          77.6005015,
          13.0213985
        ]
      },
      "id": "node/2465713488"
    },
    {
      "type": "Feature",
      "properties": {
        "@id": "node/2466476118",
        "amenity": "fuel",
        "brand": "Bharat Petroleum",
        "brand:wikidata": "Q854826",
        "check_date": "2024-03-02",
        "compressed_air": "yes",
        "name": "Bharat Petroleum",
        "operator": "Chanders"
      },
      "geometry": {
        "type": "Point",
        "coordinates": [
          77.5799146,
          12.9765112
        ]
      },
      "id": "node/2466476118"
    },
    {
      "type": "Feature",
      "properties": {
        "@id": "node/2466510949",
        "amenity": "fuel",
        "brand": "Hindustan Petroleum",
        "brand:wikidata": "Q1619375",
        "name": "Srinivasa Petrol / Gas Station",
        "official_name": "Hindustan Petroleum",
        "operator": "HP"
      },
      "geometry": {
        "type": "Point",
        "coordinates": [
          77.6349993,
          13.0030286
        ]
      },
      "id": "node/2466510949"
    },
    {
      "type": "Feature",
      "properties": {
        "@id": "node/2466603915",
        "amenity": "fuel",
        "brand": "Indian Oil",
        "brand:wikidata": "Q1289348",
        "brand:wikipedia": "en:Indian Oil Corporation",
        "name": "B R Muniyappa Petrol / Gas Station",
        "operator": "Indian Oil"
      },
      "geometry": {
        "type": "Point",
        "coordinates": [
          77.6960311,
          13.0045053
        ]
      },
      "id": "node/2466603915"
    },
    {
      "type": "Feature",
      "properties": {
        "@id": "node/2466611001",
        "amenity": "fuel",
        "brand": "Indian Oil",
        "brand:wikidata": "Q1289348",
        "brand:wikipedia": "en:Indian Oil Corporation",
        "name": "Indian Oil"
      },
      "geometry": {
        "type": "Point",
        "coordinates": [
          78.4120322,
          17.4234953
        ]
      },
      "id": "node/2466611001"
    },
    {
      "type": "Feature",
      "properties": {
        "@id": "node/2466664086",
        "amenity": "fuel",
        "brand": "Total",
        "brand:wikidata": "Q154037",
        "name": "Total Auto Gas"
      },
      "geometry": {
        "type": "Point",
        "coordinates": [
          77.5592492,
          12.9152651
        ]
      },
      "id": "node/2466664086"
    },
    {
      "type": "Feature",
      "properties": {
        "@id": "node/2466690616",
        "amenity": "fuel",
        "brand": "GOGAS AUTO LPG",
        "check_date": "2024-09-19",
        "name": "Gogas Auto Lpg",
        "operator": "GOGAS AUTO LPG"
      },
      "geometry": {
        "type": "Point",
        "coordinates": [
          77.634968,
          12.8965036
        ]
      },
      "id": "node/2466690616"
    },
    {
      "type": "Feature",
      "properties": {
        "@id": "node/2466703380",
        "amenity": "fuel",
        "brand": "Indian Oil",
        "brand:wikidata": "Q1289348",
        "brand:wikipedia": "en:Indian Oil Corporation",
        "name": "Mohana Petrol / Gas Station",
        "name:kn": "ಮೊಹನ ಇಂಧನ ಸ್ಟೆಶನ್",
        "operator": "Indian Oil"
      },
      "geometry": {
        "type": "Point",
        "coordinates": [
          74.5205053,
          15.8657952
        ]
      },
      "id": "node/2466703380"
    },
    {
      "type": "Feature",
      "properties": {
        "@id": "node/2466708222",
        "amenity": "fuel",
        "brand": "Aegis Logistics",
        "name": "Shri Sai Auto Gas",
        "name:kn": "ಶ್ರೀ ಸಾಯಿ ಇಂಧನ",
        "operator": "Aegis Logistics"
      },
      "geometry": {
        "type": "Point",
        "coordinates": [
          74.5301961,
          15.8644226
        ]
      },
      "id": "node/2466708222"
    },
    {
      "type": "Feature",
      "properties": {
        "@id": "node/2467239629",
        "amenity": "fuel",
        "name": "Ustad Auto LPG",
        "operator": "GOGAS AUTO LPG"
      },
      "geometry": {
        "type": "Point",
        "coordinates": [
          75.6822286,
          16.8278
        ]
      },
      "id": "node/2467239629"
    },
    {
      "type": "Feature",
      "properties": {
        "@id": "node/2467458570",
        "amenity": "fuel",
        "brand": "Aegis",
        "name": "Hulekunteswara Gas Station",
        "operator": "Aegis"
      },
      "geometry": {
        "type": "Point",
        "coordinates": [
          76.4195975,
          14.2193265
        ]
      },
      "id": "node/2467458570"
    },
    {
      "type": "Feature",
      "properties": {
        "@id": "node/2467478193",
        "amenity": "fuel",
        "brand": "Aegis Logistics Ltd.",
        "name": "J.H.Enterprises Gas Station",
        "operator": "Aegis Logistics Ltd."
      },
      "geometry": {
        "type": "Point",
        "coordinates": [
          75.9130325,
          14.4686691
        ]
      },
      "id": "node/2467478193"
    },
    {
      "type": "Feature",
      "properties": {
        "@id": "node/2467486884",
        "amenity": "fuel",
        "brand": "HP",
        "name": "Manjunatheshwara Petrol / Gas Station",
        "operator": "HP"
      },
      "geometry": {
        "type": "Point",
        "coordinates": [
          75.0066686,
          13.0654221
        ]
      },
      "id": "node/2467486884"
    },
    {
      "type": "Feature",
      "properties": {
        "@id": "node/2467489312",
        "amenity": "fuel",
        "brand": "Indane Oil",
        "name": "Susheel Petrol / Gas Station",
        "operator": "Indane Oil"
      },
      "geometry": {
        "type": "Point",
        "coordinates": [
          75.2516723,
          12.6210201
        ]
      },
      "id": "node/2467489312"
    },
    {
      "type": "Feature",
      "properties": {
        "@id": "node/2467496800",
        "amenity": "fuel",
        "brand": "BP",
        "name": "Bharat petrol / Gas Station",
        "operator": "BP"
      },
      "geometry": {
        "type": "Point",
        "coordinates": [
          74.8763294,
          12.896786
        ]
      },
      "id": "node/2467496800"
    },
    {
      "type": "Feature",
      "properties": {
        "@id": "node/2467506025",
        "amenity": "fuel",
        "name": "Deepak Petrol / Gas Station"
      },
      "geometry": {
        "type": "Point",
        "coordinates": [
          74.8104162,
          12.9490189
        ]
      },
      "id": "node/2467506025"
    },
    {
      "type": "Feature",
      "properties": {
        "@id": "node/2467614690",
        "amenity": "fuel",
        "brand": "Reliance Industries",
        "name": "Reliance Petrol / Gas Station",
        "name:kn": "ರಿಲಾಯನ್ಸ್ ಪೆಟ್ರೋಲ್ ಗ್ಯಾಸ್ ಸ್ಟೇಶನ್",
        "operator": "Reliance Industries"
      },
      "geometry": {
        "type": "Point",
        "coordinates": [
          75.0149351,
          15.4423646
        ]
      },
      "id": "node/2467614690"
    },
    {
      "type": "Feature",
      "properties": {
        "@id": "node/2467618200",
        "amenity": "fuel",
        "brand": "Aegis Logistics Limited",
        "name": "M.R.N. Auto Gas",
        "operator": "Aegis Logistics Limited"
      },
      "geometry": {
        "type": "Point",
        "coordinates": [
          77.5182222,
          13.3040928
        ]
      },
      "id": "node/2467618200"
    },
    {
      "type": "Feature",
      "properties": {
        "@id": "node/2467629479",
        "amenity": "fuel",
        "name": "Gogas Auto Gas",
        "operator": "GOGAS AUTO LPG"
      },
      "geometry": {
        "type": "Point",
        "coordinates": [
          75.6074647,
          15.4214012
        ]
      },
      "id": "node/2467629479"
    },
    {
      "type": "Feature",
      "properties": {
        "@id": "node/2467649536",
        "amenity": "fuel",
        "brand": "HP",
        "name": "Lahoti Petrol Pump",
        "operator": "HP"
      },
      "geometry": {
        "type": "Point",
        "coordinates": [
          76.8465113,
          17.358421
        ]
      },
      "id": "node/2467649536"
    },
    {
      "type": "Feature",
      "properties": {
        "@id": "node/2467652272",
        "addr:street": "Tank Bund Road",
        "amenity": "fuel",
        "brand": "Indian Oil",
        "name": "Sangamesh Petrol Station"
      },
      "geometry": {
        "type": "Point",
        "coordinates": [
          76.830064,
          17.3341246
        ]
      },
      "id": "node/2467652272"
    },
    {
      "type": "Feature",
      "properties": {
        "@id": "node/2467656861",
        "amenity": "fuel",
        "brand": "HP",
        "name": "Avinash Petrol / Gas Station",
        "operator": "HP"
      },
      "geometry": {
        "type": "Point",
        "coordinates": [
          76.840031,
          17.3484493
        ]
      },
      "id": "node/2467656861"
    },
    {
      "type": "Feature",
      "properties": {
        "@id": "node/2467668386",
        "amenity": "fuel",
        "brand": "Aegis Logistics Ltd",
        "name": "Madhu Auto Gas",
        "operator": "Aegis Logistics Ltd"
      },
      "geometry": {
        "type": "Point",
        "coordinates": [
          76.0855953,
          12.9951862
        ]
      },
      "id": "node/2467668386"
    },
    {
      "type": "Feature",
      "properties": {
        "@id": "node/2467671211",
        "amenity": "fuel",
        "brand": "Total LPG",
        "name": "S B Auto LPG Gas",
        "operator": "Total LPG"
      },
      "geometry": {
        "type": "Point",
        "coordinates": [
          76.3729458,
          15.2677138
        ]
      },
      "id": "node/2467671211"
    },
    {
      "type": "Feature",
      "properties": {
        "@id": "node/2467673468",
        "amenity": "fuel",
        "brand": "AEGIS LOGISTICS LIMITED",
        "name": "Padmavati Auto Gas",
        "operator": "AEGIS LOGISTICS LIMITED"
      },
      "geometry": {
        "type": "Point",
        "coordinates": [
          75.1103816,
          15.3506616
        ]
      },
      "id": "node/2467673468"
    },
    {
      "type": "Feature",
      "properties": {
        "@id": "node/2467678568",
        "amenity": "fuel",
        "brand": "BP",
        "name": "Kallur Petrol / Gas Station",
        "operator": "BP"
      },
      "geometry": {
        "type": "Point",
        "coordinates": [
          75.1266868,
          15.3551077
        ]
      },
      "id": "node/2467678568"
    },
    {
      "type": "Feature",
      "properties": {
        "@id": "node/2467686562",
        "amenity": "fuel",
        "brand": "Aegis Logistics Ltd.",
        "name": "Saptagiri Auto Gas",
        "operator": "Aegis Logistics Ltd."
      },
      "geometry": {
        "type": "Point",
        "coordinates": [
          75.1396981,
          15.3365749
        ]
      },
      "id": "node/2467686562"
    },
    {
      "type": "Feature",
      "properties": {
        "@id": "node/2467702037",
        "amenity": "fuel",
        "brand": "HP",
        "name": "Prabhat Petrol / Gas Station",
        "operator": "HP"
      },
      "geometry": {
        "type": "Point",
        "coordinates": [
          75.0842167,
          15.3963965
        ]
      },
      "id": "node/2467702037"
    },
    {
      "type": "Feature",
      "properties": {
        "@id": "node/2467726544",
        "amenity": "fuel",
        "brand": "Indian Oil",
        "brand:wikidata": "Q1289348",
        "brand:wikipedia": "en:Indian Oil Corporation",
        "name": "Mahaboob Petrol / Gas Station",
        "operator": "Indian Oil"
      },
      "geometry": {
        "type": "Point",
        "coordinates": [
          78.1395479,
          13.1414136
        ]
      },
      "id": "node/2467726544"
    },
    {
      "type": "Feature",
      "properties": {
        "@id": "node/2467736617",
        "amenity": "fuel",
        "brand": "HP",
        "check_date": "2023-10-08",
        "operator": "HP",
        "self_service": "no"
      },
      "geometry": {
        "type": "Point",
        "coordinates": [
          76.9327733,
          12.5460958
        ]
      },
      "id": "node/2467736617"
    },
    {
      "type": "Feature",
      "properties": {
        "@id": "node/2467741283",
        "amenity": "fuel",
        "brand": "Elf Gas India Ltd.",
        "name": "Acme Auto gas",
        "operator": "Elf Gas India Ltd."
      },
      "geometry": {
        "type": "Point",
        "coordinates": [
          76.663362,
          12.3181954
        ]
      },
      "id": "node/2467741283"
    },
    {
      "type": "Feature",
      "properties": {
        "@id": "node/2467744571",
        "amenity": "fuel",
        "brand": "Bharat Petroleum",
        "brand:wikidata": "Q854826",
        "name": "Shree SS Petrol / Gas Station",
        "operator": "Bharat Petroleum"
      },
      "geometry": {
        "type": "Point",
        "coordinates": [
          76.635416,
          12.3016417
        ]
      },
      "id": "node/2467744571"
    },
    {
      "type": "Feature",
      "properties": {
        "@id": "node/2467757935",
        "amenity": "fuel",
        "brand": "Indian Oil",
        "brand:wikidata": "Q1289348",
        "brand:wikipedia": "en:Indian Oil Corporation",
        "compressed_air": "yes",
        "name": "Prema Petrol / Gas Station",
        "operator": "Indian Oil"
      },
      "geometry": {
        "type": "Point",
        "coordinates": [
          76.6170616,
          12.3538127
        ]
      },
      "id": "node/2467757935"
    },
    {
      "type": "Feature",
      "properties": {
        "@id": "node/2467764345",
        "amenity": "fuel",
        "brand": "Aegis Logistics Ltd.",
        "name": "Hoysala Auto gas",
        "operator": "Aegis Logistics Ltd."
      },
      "geometry": {
        "type": "Point",
        "coordinates": [
          76.6548861,
          12.2858697
        ]
      },
      "id": "node/2467764345"
    },
    {
      "type": "Feature",
      "properties": {
        "@id": "node/2467774582",
        "amenity": "fuel",
        "brand": "HP",
        "name": "Hare Krishna Petrol / Gas Station",
        "operator": "HP"
      },
      "geometry": {
        "type": "Point",
        "coordinates": [
          76.6890816,
          12.3067017
        ]
      },
      "id": "node/2467774582"
    },
    {
      "type": "Feature",
      "properties": {
        "@id": "node/2467791465",
        "amenity": "fuel",
        "brand": "Total Gas",
        "name": "Total Gas Station",
        "operator": "Total Gas"
      },
      "geometry": {
        "type": "Point",
        "coordinates": [
          77.5079841,
          13.0490027
        ]
      },
      "id": "node/2467791465"
    },
    {
      "type": "Feature",
      "properties": {
        "@id": "node/2467802351",
        "amenity": "fuel",
        "brand": "HP",
        "name": "K.V.Shenoy Petrol / Gas Station",
        "operator": "HP"
      },
      "geometry": {
        "type": "Point",
        "coordinates": [
          75.2074646,
          12.7607454
        ]
      },
      "id": "node/2467802351"
    },
    {
      "type": "Feature",
      "properties": {
        "@id": "node/2467813978",
        "amenity": "fuel",
        "brand": "Elf Gas India Ltd.",
        "name": "Puttur Gas Station",
        "operator": "Elf Gas India Ltd."
      },
      "geometry": {
        "type": "Point",
        "coordinates": [
          75.1849608,
          12.771803
        ]
      },
      "id": "node/2467813978"
    },
    {
      "type": "Feature",
      "properties": {
        "@id": "node/2467832482",
        "amenity": "fuel",
        "brand": "Aegis Logistics Ltd.",
        "name": "Mate Auto Lpg Gas",
        "operator": "Aegis Logistics Ltd."
      },
      "geometry": {
        "type": "Point",
        "coordinates": [
          75.6125371,
          14.6219719
        ]
      },
      "id": "node/2467832482"
    },
    {
      "type": "Feature",
      "properties": {
        "@id": "node/2467839496",
        "amenity": "fuel",
        "brand": "Aegis",
        "name": "Shri Sadguru Auto Gas",
        "operator": "Aegis"
      },
      "geometry": {
        "type": "Point",
        "coordinates": [
          75.0101739,
          14.1710878
        ]
      },
      "id": "node/2467839496"
    },
    {
      "type": "Feature",
      "properties": {
        "@id": "node/2467854906",
        "amenity": "fuel",
        "name": "Vijees Auto Gas"
      },
      "geometry": {
        "type": "Point",
        "coordinates": [
          77.5723926,
          12.9873459
        ]
      },
      "id": "node/2467854906"
    },
    {
      "type": "Feature",
      "properties": {
        "@id": "node/2467859529",
        "amenity": "fuel",
        "brand": "Indian Oil",
        "brand:wikidata": "Q1289348",
        "brand:wikipedia": "en:Indian Oil Corporation",
        "name": "Bhargavi Petrol / Gas Station",
        "operator": "Indian Oil"
      },
      "geometry": {
        "type": "Point",
        "coordinates": [
          75.5496823,
          13.9404764
        ]
      },
      "id": "node/2467859529"
    },
    {
      "type": "Feature",
      "properties": {
        "@id": "node/2467875957",
        "amenity": "fuel",
        "brand": "Aegis Logistics Ltd.",
        "name": "Sri Someshwara Auto Gas",
        "name:kn": "ಶ್ರೀ ಸೋಮೇಶ್ವರ ಆಟೋ ಅನಿಲ",
        "operator": "Aegis Logistics Ltd."
      },
      "geometry": {
        "type": "Point",
        "coordinates": [
          77.0868153,
          13.3360392
        ]
      },
      "id": "node/2467875957"
    },
    {
      "type": "Feature",
      "properties": {
        "@id": "node/2469559125",
        "amenity": "fuel",
        "brand": "Indian Oil",
        "brand:wikidata": "Q1289348",
        "name": "Indian Oil",
        "name:kn": "ಇಂಡಿಯನ್ ಆಯಿಲ್",
        "operator": "Indian Oil"
      },
      "geometry": {
        "type": "Point",
        "coordinates": [
          75.6065852,
          12.6744436
        ]
      },
      "id": "node/2469559125"
    },
    {
      "type": "Feature",
      "properties": {
        "@id": "node/2469829864",
        "amenity": "fuel",
        "name": "Bharath Petrol",
        "name:kn": "Bharat Petroleum"
      },
      "geometry": {
        "type": "Point",
        "coordinates": [
          75.6092325,
          12.6841127
        ]
      },
      "id": "node/2469829864"
    },
    {
      "type": "Feature",
      "properties": {
        "@id": "node/2472360297",
        "amenity": "fuel"
      },
      "geometry": {
        "type": "Point",
        "coordinates": [
          77.7581166,
          13.2776027
        ]
      },
      "id": "node/2472360297"
    },
    {
      "type": "Feature",
      "properties": {
        "@id": "node/2482233288",
        "amenity": "fuel",
        "brand": "BP",
        "fuel:diesel": "yes",
        "junction": "ಭರತ್ ಪೆಟ್ರೊಲಿಯಂ",
        "name": "Fuel Station",
        "name:kn": "ಶಾಸ್ತ್ರೀ ಚೌಕ್"
      },
      "geometry": {
        "type": "Point",
        "coordinates": [
          77.1331047,
          16.7488016
        ]
      },
      "id": "node/2482233288"
    },
    {
      "type": "Feature",
      "properties": {
        "@id": "node/2482280208",
        "amenity": "fuel",
        "brand": "HP",
        "fuel:diesel": "yes",
        "name": "Kadloor Petrol Pump",
        "name:kn": "ಕಾಡ್ಲೂರು ಪೆಟ್ರೊಲ್ ಪಂಪ್",
        "opening_hours": "Mo-Fr 08:30-20:00",
        "operator": "Private"
      },
      "geometry": {
        "type": "Point",
        "coordinates": [
          77.129146,
          16.7554837
        ]
      },
      "id": "node/2482280208"
    },
    {
      "type": "Feature",
      "properties": {
        "@id": "node/2487524459",
        "addr:city": "Bangalore",
        "addr:housename": "Vijayanagar",
        "addr:street": "Hosahalli Main Road",
        "amenity": "fuel",
        "brand": "Total",
        "brand:wikidata": "Q154037",
        "building": "yes",
        "name": "Total Gas"
      },
      "geometry": {
        "type": "Point",
        "coordinates": [
          77.5470005,
          12.9669405
        ]
      },
      "id": "node/2487524459"
    },
    {
      "type": "Feature",
      "properties": {
        "@id": "node/2487524461",
        "addr:city": "Bangalore",
        "addr:housename": "Vijayanagar",
        "addr:postcode": "560040",
        "addr:street": "Hosahalli Main Road",
        "amenity": "fuel",
        "brand": "Indian Oil",
        "brand:wikidata": "Q1289348",
        "brand:wikipedia": "en:Indian Oil Corporation",
        "building": "yes",
        "name": "Indian Oil",
        "name:kn": "ಇಂಡಿಯನ್ ಆಯಿಲ್"
      },
      "geometry": {
        "type": "Point",
        "coordinates": [
          77.5461504,
          12.9673086
        ]
      },
      "id": "node/2487524461"
    },
    {
      "type": "Feature",
      "properties": {
        "@id": "node/2487714402",
        "addr:district": "Dakshina Kannada",
        "amenity": "fuel",
        "brand": "Indian Oil",
        "brand:wikidata": "Q1289348",
        "brand:wikipedia": "en:Indian Oil Corporation",
        "building": "yes",
        "name": "Indian Oil",
        "name:kn": "ಇಂಡಿಯನ್ ಆಯಿಲ್"
      },
      "geometry": {
        "type": "Point",
        "coordinates": [
          75.0258963,
          12.8828818
        ]
      },
      "id": "node/2487714402"
    },
    {
      "type": "Feature",
      "properties": {
        "@id": "node/2509173759",
        "addr:city": "Bangalore",
        "addr:housename": "Moodapalya Circle",
        "addr:street": "Nagarabhavi Road",
        "amenity": "fuel",
        "building": "yes",
        "name": "Omkar Refill Station",
        "operator": "Bharat Petroluem"
      },
      "geometry": {
        "type": "Point",
        "coordinates": [
          77.5246208,
          12.9702784
        ]
      },
      "id": "node/2509173759"
    },
    {
      "type": "Feature",
      "properties": {
        "@id": "node/2542542952",
        "amenity": "fuel",
        "brand": "Indian Oil",
        "brand:wikidata": "Q1289348",
        "brand:wikipedia": "en:Indian Oil Corporation",
        "fuel:diesel": "yes",
        "name": "Indian Oil",
        "operator": "Indian Oil"
      },
      "geometry": {
        "type": "Point",
        "coordinates": [
          75.3288076,
          12.2494729
        ]
      },
      "id": "node/2542542952"
    },
    {
      "type": "Feature",
      "properties": {
        "@id": "node/2559398524",
        "amenity": "fuel"
      },
      "geometry": {
        "type": "Point",
        "coordinates": [
          77.860585,
          13.3834196
        ]
      },
      "id": "node/2559398524"
    },
    {
      "type": "Feature",
      "properties": {
        "@id": "node/2586403628",
        "amenity": "fuel",
        "brand": "IBP"
      },
      "geometry": {
        "type": "Point",
        "coordinates": [
          75.3785171,
          11.8591375
        ]
      },
      "id": "node/2586403628"
    },
    {
      "type": "Feature",
      "properties": {
        "@id": "node/2587665283",
        "access": "private",
        "amenity": "fuel",
        "operator": "APSRTC"
      },
      "geometry": {
        "type": "Point",
        "coordinates": [
          78.5897045,
          17.3649997
        ]
      },
      "id": "node/2587665283"
    },
    {
      "type": "Feature",
      "properties": {
        "@id": "node/2614414665",
        "amenity": "fuel",
        "name": "HP Aryadurga's Station"
      },
      "geometry": {
        "type": "Point",
        "coordinates": [
          74.0329854,
          15.029436
        ]
      },
      "id": "node/2614414665"
    },
    {
      "type": "Feature",
      "properties": {
        "@id": "node/2615893204",
        "amenity": "fuel"
      },
      "geometry": {
        "type": "Point",
        "coordinates": [
          75.9295085,
          14.4618142
        ]
      },
      "id": "node/2615893204"
    },
    {
      "type": "Feature",
      "properties": {
        "@id": "node/2615998198",
        "access": "private",
        "amenity": "fuel",
        "brand": "Indian Oil",
        "brand:wikidata": "Q1289348",
        "brand:wikipedia": "en:Indian Oil Corporation",
        "fuel:diesel": "yes",
        "name": "Indian Oil",
        "name:kn": "ಇಂಡಿಯನ್ ಆಯಿಲ್"
      },
      "geometry": {
        "type": "Point",
        "coordinates": [
          76.3785201,
          12.1998792
        ]
      },
      "id": "node/2615998198"
    },
    {
      "type": "Feature",
      "properties": {
        "@id": "node/2616016135",
        "amenity": "fuel",
        "brand": "Indian Oil"
      },
      "geometry": {
        "type": "Point",
        "coordinates": [
          76.3741766,
          12.1928978
        ]
      },
      "id": "node/2616016135"
    },
    {
      "type": "Feature",
      "properties": {
        "@id": "node/2616360557",
        "addr:city": "Hyderabad",
        "addr:postcode": "500049",
        "addr:street": "Madinaguda",
        "amenity": "fuel",
        "compressed_air": "yes",
        "name": "Deepthisree Petrol Pump",
        "opening_hours": "PH,Mo-Su 07:00-22:00"
      },
      "geometry": {
        "type": "Point",
        "coordinates": [
          78.3416782,
          17.4947358
        ]
      },
      "id": "node/2616360557"
    },
    {
      "type": "Feature",
      "properties": {
        "@id": "node/2618312575",
        "amenity": "fuel"
      },
      "geometry": {
        "type": "Point",
        "coordinates": [
          76.1897456,
          14.0428663
        ]
      },
      "id": "node/2618312575"
    },
    {
      "type": "Feature",
      "properties": {
        "@id": "node/2618322206",
        "amenity": "fuel",
        "name": "Bharat Petroleum",
        "name:kn": "ಭಾರತ್ ಪೆಟ್ರೋಲಿಯಂ",
        "operator": "Privater"
      },
      "geometry": {
        "type": "Point",
        "coordinates": [
          76.1796669,
          14.0444868
        ]
      },
      "id": "node/2618322206"
    },
    {
      "type": "Feature",
      "properties": {
        "@id": "node/2623349044",
        "amenity": "fuel",
        "brand": "Indian Oil",
        "brand:wikidata": "Q1289348",
        "brand:wikipedia": "en:Indian Oil Corporation",
        "name": "Indian Oil",
        "name:kn": "ಇಂಡಿಯನ್ ಆಯಿಲ್"
      },
      "geometry": {
        "type": "Point",
        "coordinates": [
          76.6487789,
          12.31842
        ]
      },
      "id": "node/2623349044"
    },
    {
      "type": "Feature",
      "properties": {
        "@id": "node/2629340371",
        "addr:city": "Yapral",
        "addr:country": "IN",
        "addr:province": "Secunderabad",
        "addr:state": "Andra Pradesh",
        "addr:street": "Yapral-Ammuguda road",
        "amenity": "fuel",
        "name": "HP Petrol Pump",
        "note": "Major intersection",
        "source": "JPantages 1/19/3014"
      },
      "geometry": {
        "type": "Point",
        "coordinates": [
          78.5389541,
          17.5018459
        ]
      },
      "id": "node/2629340371"
    },
    {
      "type": "Feature",
      "properties": {
        "@id": "node/2631583377",
        "amenity": "fuel"
      },
      "geometry": {
        "type": "Point",
        "coordinates": [
          74.3326537,
          14.5498253
        ]
      },
      "id": "node/2631583377"
    },
    {
      "type": "Feature",
      "properties": {
        "@id": "node/2635030356",
        "amenity": "fuel",
        "fuel:HGV_diesel": "yes",
        "fuel:diesel": "yes",
        "name": "HP Petrol Pump",
        "name:kn": "ಹಿಂದುಸ್ತಾನ್ ಪೆಟ್ರೋಲಿಯಂ"
      },
      "geometry": {
        "type": "Point",
        "coordinates": [
          76.8651639,
          16.5907329
        ]
      },
      "id": "node/2635030356"
    },
    {
      "type": "Feature",
      "properties": {
        "@id": "node/2635030476",
        "amenity": "fuel",
        "brand": "Indian Oil",
        "brand:wikidata": "Q1289348",
        "brand:wikipedia": "en:Indian Oil Corporation",
        "fuel:diesel": "yes",
        "is_in": "Hattigudur",
        "name": "Indian Oil Petrol Pump",
        "name:kn": "ಇಂಡಿಯನ್ ಆಯಿಲ್"
      },
      "geometry": {
        "type": "Point",
        "coordinates": [
          76.8792446,
          16.6022125
        ]
      },
      "id": "node/2635030476"
    },
    {
      "type": "Feature",
      "properties": {
        "@id": "node/2642228923",
        "addr:city": "Yadgir",
        "addr:postcode": "585201",
        "amenity": "fuel",
        "name": "Parivar Gas Agency",
        "operator": "HP"
      },
      "geometry": {
        "type": "Point",
        "coordinates": [
          77.1419414,
          16.7523117
        ]
      },
      "id": "node/2642228923"
    },
    {
      "type": "Feature",
      "properties": {
        "@id": "node/2661742192",
        "amenity": "fuel",
        "building": "roof",
        "survey:date": "2013-11-30"
      },
      "geometry": {
        "type": "Point",
        "coordinates": [
          75.763586,
          11.5541548
        ]
      },
      "id": "node/2661742192"
    },
    {
      "type": "Feature",
      "properties": {
        "@id": "node/2677119964",
        "amenity": "fuel",
        "brand": "Hindustan Petroleum"
      },
      "geometry": {
        "type": "Point",
        "coordinates": [
          76.7339607,
          13.8414055
        ]
      },
      "id": "node/2677119964"
    },
    {
      "type": "Feature",
      "properties": {
        "@id": "node/2686451359",
        "amenity": "fuel",
        "brand": "Indian Oil"
      },
      "geometry": {
        "type": "Point",
        "coordinates": [
          78.3741699,
          17.6587926
        ]
      },
      "id": "node/2686451359"
    },
    {
      "type": "Feature",
      "properties": {
        "@id": "node/2686451360",
        "amenity": "fuel",
        "brand": "Bharat Petroleum"
      },
      "geometry": {
        "type": "Point",
        "coordinates": [
          78.3728669,
          17.666486
        ]
      },
      "id": "node/2686451360"
    },
    {
      "type": "Feature",
      "properties": {
        "@id": "node/2686451361",
        "amenity": "fuel",
        "brand": "HP"
      },
      "geometry": {
        "type": "Point",
        "coordinates": [
          78.3723036,
          17.6678321
        ]
      },
      "id": "node/2686451361"
    },
    {
      "type": "Feature",
      "properties": {
        "@id": "node/2702463980",
        "amenity": "fuel"
      },
      "geometry": {
        "type": "Point",
        "coordinates": [
          76.6931845,
          12.3046209
        ]
      },
      "id": "node/2702463980"
    },
    {
      "type": "Feature",
      "properties": {
        "@id": "node/2710628568",
        "amenity": "fuel",
        "brand": "HP",
        "check_date": "2024-03-29"
      },
      "geometry": {
        "type": "Point",
        "coordinates": [
          78.423568,
          17.3968121
        ]
      },
      "id": "node/2710628568"
    },
    {
      "type": "Feature",
      "properties": {
        "@id": "node/2745972084",
        "amenity": "fuel"
      },
      "geometry": {
        "type": "Point",
        "coordinates": [
          77.1880032,
          12.6484871
        ]
      },
      "id": "node/2745972084"
    },
    {
      "type": "Feature",
      "properties": {
        "@id": "node/2747377538",
        "addr:city": "Badiyadka (Badiadka)",
        "addr:postcode": "671551",
        "addr:street": "Kalladka - Cherkala - Road",
        "amenity": "fuel",
        "name": "Badiadka Pertol station"
      },
      "geometry": {
        "type": "Point",
        "coordinates": [
          75.073298,
          12.5904005
        ]
      },
      "id": "node/2747377538"
    },
    {
      "type": "Feature",
      "properties": {
        "@id": "node/2779381745",
        "amenity": "fuel",
        "name": "Hindustan Pertoleum"
      },
      "geometry": {
        "type": "Point",
        "coordinates": [
          78.4796126,
          17.4125624
        ]
      },
      "id": "node/2779381745"
    },
    {
      "type": "Feature",
      "properties": {
        "@id": "node/2794816329",
        "amenity": "fuel"
      },
      "geometry": {
        "type": "Point",
        "coordinates": [
          74.6379746,
          13.746425
        ]
      },
      "id": "node/2794816329"
    },
    {
      "type": "Feature",
      "properties": {
        "@id": "node/2806716344",
        "amenity": "fuel",
        "brand": "Bharat Petroleum",
        "brand:wikidata": "Q854826",
        "brand:wikipedia": "en:Bharat Petroleum",
        "name": "Bharat Petroleum",
        "opening_hours": "24/7"
      },
      "geometry": {
        "type": "Point",
        "coordinates": [
          75.3674637,
          11.9081514
        ]
      },
      "id": "node/2806716344"
    },
    {
      "type": "Feature",
      "properties": {
        "@id": "node/2806745407",
        "amenity": "fuel"
      },
      "geometry": {
        "type": "Point",
        "coordinates": [
          75.3686224,
          11.8937243
        ]
      },
      "id": "node/2806745407"
    },
    {
      "type": "Feature",
      "properties": {
        "@id": "node/2806778327",
        "amenity": "fuel",
        "brand": "Hindustan Petroleum",
        "brand:wikidata": "Q1619375",
        "brand:wikipedia": "en:Hindustan Petroleum",
        "name": "Hindustan Petroleum",
        "official_name": "Hindustan Petroleum"
      },
      "geometry": {
        "type": "Point",
        "coordinates": [
          75.3557156,
          11.9577471
        ]
      },
      "id": "node/2806778327"
    },
    {
      "type": "Feature",
      "properties": {
        "@id": "node/2808970881",
        "amenity": "fuel"
      },
      "geometry": {
        "type": "Point",
        "coordinates": [
          75.1624249,
          12.2027307
        ]
      },
      "id": "node/2808970881"
    },
    {
      "type": "Feature",
      "properties": {
        "@id": "node/2808970888",
        "amenity": "fuel"
      },
      "geometry": {
        "type": "Point",
        "coordinates": [
          75.1102291,
          12.2773862
        ]
      },
      "id": "node/2808970888"
    },
    {
      "type": "Feature",
      "properties": {
        "@id": "node/2811014351",
        "amenity": "fuel"
      },
      "geometry": {
        "type": "Point",
        "coordinates": [
          75.1627921,
          12.2135448
        ]
      },
      "id": "node/2811014351"
    },
    {
      "type": "Feature",
      "properties": {
        "@id": "node/2811048576",
        "amenity": "fuel"
      },
      "geometry": {
        "type": "Point",
        "coordinates": [
          75.0591492,
          12.4581556
        ]
      },
      "id": "node/2811048576"
    },
    {
      "type": "Feature",
      "properties": {
        "@id": "node/2812780170",
        "amenity": "fuel"
      },
      "geometry": {
        "type": "Point",
        "coordinates": [
          74.9689679,
          12.5306173
        ]
      },
      "id": "node/2812780170"
    },
    {
      "type": "Feature",
      "properties": {
        "@id": "node/2817379324",
        "addr:city": "Hyderabad",
        "addr:postcode": "500028",
        "addr:street": "Karwan Rd, Gudimalkapur, Mehedipatnam",
        "amenity": "fuel",
        "name": "HP Gas Station (Petrol pump)",
        "operator": "HP"
      },
      "geometry": {
        "type": "Point",
        "coordinates": [
          78.4391939,
          17.3812426
        ]
      },
      "id": "node/2817379324"
    },
    {
      "type": "Feature",
      "properties": {
        "@id": "node/2844071849",
        "amenity": "fuel",
        "brand": "Indian Oil",
        "brand:wikidata": "Q1289348",
        "brand:wikipedia": "en:Indian Oil Corporation",
        "name": "Indian Oil",
        "name:kn": "ಇಂಡಿಯನ್ ಆಯಿಲ್"
      },
      "geometry": {
        "type": "Point",
        "coordinates": [
          77.1211847,
          17.7727056
        ]
      },
      "id": "node/2844071849"
    },
    {
      "type": "Feature",
      "properties": {
        "@id": "node/2844080446",
        "amenity": "fuel",
        "name": "Hindustan Petroleum",
        "name:kn": "ಹಿಂದುಸ್ತಾನ್ ಪೆಟ್ರೋಲಿಯಂ"
      },
      "geometry": {
        "type": "Point",
        "coordinates": [
          77.1271214,
          17.7716597
        ]
      },
      "id": "node/2844080446"
    },
    {
      "type": "Feature",
      "properties": {
        "@id": "node/2844082901",
        "amenity": "fuel"
      },
      "geometry": {
        "type": "Point",
        "coordinates": [
          77.1397224,
          17.7697885
        ]
      },
      "id": "node/2844082901"
    },
    {
      "type": "Feature",
      "properties": {
        "@id": "node/2850698524",
        "amenity": "fuel",
        "brand": "Indian Oil",
        "brand:wikidata": "Q1289348",
        "name": "Sri Shankar Service Station"
      },
      "geometry": {
        "type": "Point",
        "coordinates": [
          75.6916217,
          13.8456036
        ]
      },
      "id": "node/2850698524"
    },
    {
      "type": "Feature",
      "properties": {
        "@id": "node/2850698526",
        "amenity": "fuel",
        "brand": "Indian Oil"
      },
      "geometry": {
        "type": "Point",
        "coordinates": [
          75.5762662,
          13.9125703
        ]
      },
      "id": "node/2850698526"
    },
    {
      "type": "Feature",
      "properties": {
        "@id": "node/2850698527",
        "amenity": "fuel",
        "brand": "Hindustan Petroleum"
      },
      "geometry": {
        "type": "Point",
        "coordinates": [
          75.5668657,
          13.9194673
        ]
      },
      "id": "node/2850698527"
    },
    {
      "type": "Feature",
      "properties": {
        "@id": "node/2850698528",
        "amenity": "fuel",
        "brand": "Bharat Petroleum"
      },
      "geometry": {
        "type": "Point",
        "coordinates": [
          75.5465772,
          13.9345643
        ]
      },
      "id": "node/2850698528"
    },
    {
      "type": "Feature",
      "properties": {
        "@id": "node/2850698529",
        "amenity": "fuel",
        "brand": "Bharat Petroleum"
      },
      "geometry": {
        "type": "Point",
        "coordinates": [
          75.4384469,
          14.0090664
        ]
      },
      "id": "node/2850698529"
    },
    {
      "type": "Feature",
      "properties": {
        "@id": "node/2850794570",
        "amenity": "fuel",
        "brand": "Bharat Petroleum",
        "name": "Bharat Petroleum",
        "name:kn": "ಭಾರತ್ ಪೆಟ್ರೋಲ್ಯಂ"
      },
      "geometry": {
        "type": "Point",
        "coordinates": [
          75.0738429,
          13.9169818
        ]
      },
      "id": "node/2850794570"
    },
    {
      "type": "Feature",
      "properties": {
        "@id": "node/2850794572",
        "amenity": "fuel",
        "brand": "Hindustan Petroleum",
        "name": "Hindustan Petroleum",
        "name:kn": "ಹಿಂದುಸ್ತಾನ್ ಪೆಟ್ರೋಲಿಯಂ"
      },
      "geometry": {
        "type": "Point",
        "coordinates": [
          75.0682903,
          13.9169934
        ]
      },
      "id": "node/2850794572"
    },
    {
      "type": "Feature",
      "properties": {
        "@id": "node/2850794574",
        "amenity": "fuel",
        "brand": "Indian Oil",
        "brand:wikidata": "Q1289348",
        "brand:wikipedia": "en:Indian Oil Corporation",
        "name": "Indian Oil",
        "name:kn": "ಇಂಡಿಯನ್ ಆಯಿಲ್"
      },
      "geometry": {
        "type": "Point",
        "coordinates": [
          75.2545278,
          13.9866274
        ]
      },
      "id": "node/2850794574"
    },
    {
      "type": "Feature",
      "properties": {
        "@id": "node/2850948895",
        "amenity": "fuel",
        "brand": "Hindustan Petroleum",
        "name": "Hindustan Petroleum",
        "name:kn": "ಹಿಂದುಸ್ತಾನ್ ಪೆಟ್ರೋಲಿಯಂ",
        "operator": "Hindustan Petroleum"
      },
      "geometry": {
        "type": "Point",
        "coordinates": [
          75.8364058,
          13.704866
        ]
      },
      "id": "node/2850948895"
    },
    {
      "type": "Feature",
      "properties": {
        "@id": "node/2850948896",
        "amenity": "fuel",
        "brand": "Indian Oil",
        "brand:wikidata": "Q1289348",
        "brand:wikipedia": "en:Indian Oil Corporation",
        "name": "Indian Oil",
        "name:kn": "ಇಂಡಿಯನ್ ಆಯಿಲ್",
        "operator": "Indian Oil"
      },
      "geometry": {
        "type": "Point",
        "coordinates": [
          75.8183521,
          13.7084141
        ]
      },
      "id": "node/2850948896"
    },
    {
      "type": "Feature",
      "properties": {
        "@id": "node/2850977534",
        "amenity": "fuel",
        "brand": "Indian Oil",
        "brand:wikidata": "Q1289348",
        "brand:wikipedia": "en:Indian Oil Corporation",
        "compressed_air": "yes",
        "name": "Indian Oil",
        "name:kn": "ಇಂಡಿಯನ್ ಆಯಿಲ್"
      },
      "geometry": {
        "type": "Point",
        "coordinates": [
          77.2305485,
          13.2440183
        ]
      },
      "id": "node/2850977534"
    },
    {
      "type": "Feature",
      "properties": {
        "@id": "node/2882025636",
        "amenity": "fuel",
        "name": "HPCL Petrol pump"
      },
      "geometry": {
        "type": "Point",
        "coordinates": [
          75.1032523,
          12.6367291
        ]
      },
      "id": "node/2882025636"
    },
    {
      "type": "Feature",
      "properties": {
        "@id": "node/2893518450",
        "amenity": "fuel",
        "brand": "Indian Oil",
        "brand:wikidata": "Q1289348",
        "brand:wikipedia": "en:Indian Oil Corporation",
        "name": "Indian Oil Corporation",
        "name:kn": "ಇಂಡಿಯನ್ ಆಯಿಲ್"
      },
      "geometry": {
        "type": "Point",
        "coordinates": [
          77.5947964,
          12.9104004
        ]
      },
      "id": "node/2893518450"
    },
    {
      "type": "Feature",
      "properties": {
        "@id": "node/2900660724",
        "amenity": "fuel"
      },
      "geometry": {
        "type": "Point",
        "coordinates": [
          75.1108022,
          12.6491144
        ]
      },
      "id": "node/2900660724"
    },
    {
      "type": "Feature",
      "properties": {
        "@id": "node/2902373318",
        "amenity": "fuel",
        "name": "Indane",
        "name:kn": "ಇಂಡೇನ್",
        "operator": "Indane"
      },
      "geometry": {
        "type": "Point",
        "coordinates": [
          78.259919,
          12.9557621
        ]
      },
      "id": "node/2902373318"
    },
    {
      "type": "Feature",
      "properties": {
        "@id": "node/2902373395",
        "amenity": "fuel",
        "name": "HP",
        "name:kn": "ಹಿಂದುಸ್ತಾನ್ ಪೆಟ್ರೋಲಿಯಂ",
        "operator": "HP"
      },
      "geometry": {
        "type": "Point",
        "coordinates": [
          78.2556487,
          12.9505686
        ]
      },
      "id": "node/2902373395"
    },
    {
      "type": "Feature",
      "properties": {
        "@id": "node/2903827617",
        "addr:city": "Davanagere",
        "addr:postcode": "577528",
        "addr:street": "Donnehalli, 577528, Davangere, Karnataka, India",
        "amenity": "fuel"
      },
      "geometry": {
        "type": "Point",
        "coordinates": [
          75.905161,
          14.4701239
        ]
      },
      "id": "node/2903827617"
    },
    {
      "type": "Feature",
      "properties": {
        "@id": "node/2908798734",
        "addr:city": "Davanagere",
        "addr:street": "Shamanur Road",
        "amenity": "fuel",
        "name": "Trupthi Filling Station",
        "name:kn": "ತೃಪ್ತಿ",
        "operator": "HP"
      },
      "geometry": {
        "type": "Point",
        "coordinates": [
          75.9079152,
          14.4568189
        ]
      },
      "id": "node/2908798734"
    },
    {
      "type": "Feature",
      "properties": {
        "@id": "node/2909264806",
        "amenity": "fuel",
        "brand": "Bharat Petroleum",
        "brand:wikidata": "Q854826",
        "fuel:diesel": "yes",
        "fuel:octane_80": "yes",
        "name": "Bharat Petroleum",
        "name:en": "Bharat Petroleum",
        "opening_hours": "24/7"
      },
      "geometry": {
        "type": "Point",
        "coordinates": [
          78.1618241,
          11.6269688
        ]
      },
      "id": "node/2909264806"
    },
    {
      "type": "Feature",
      "properties": {
        "@id": "node/2923364882",
        "addr:city": "Hassan",
        "amenity": "fuel",
        "brand": "Bharat Petroleum",
        "brand:wikidata": "Q854826",
        "brand:wikipedia": "en:Bharat Petroleum",
        "name": "Bharat Petroleum",
        "name:kn": "ಭಾರತ್ ಪೆಟ್ರೋಲಿಯಮ್"
      },
      "geometry": {
        "type": "Point",
        "coordinates": [
          76.1344494,
          13.0199334
        ]
      },
      "id": "node/2923364882"
    },
    {
      "type": "Feature",
      "properties": {
        "@id": "node/2924615394",
        "addr:city": "Yadgir",
        "amenity": "fuel",
        "name": "Bharat Petroleum",
        "name:kn": "ಭಾರತ್ ಪೆಟ್ರೋಲಿಯಂ"
      },
      "geometry": {
        "type": "Point",
        "coordinates": [
          77.1432039,
          16.7562165
        ]
      },
      "id": "node/2924615394"
    },
    {
      "type": "Feature",
      "properties": {
        "@id": "node/2933888280",
        "addr:street": "Basaveshwar Chowk",
        "amenity": "fuel",
        "brand": "Indian Oil",
        "fuel:diesel": "yes",
        "name": "Petrol Bunk"
      },
      "geometry": {
        "type": "Point",
        "coordinates": [
          76.8435738,
          16.7016262
        ]
      },
      "id": "node/2933888280"
    },
    {
      "type": "Feature",
      "properties": {
        "@id": "node/2934177561",
        "amenity": "fuel",
        "name": "Petrol bunk"
      },
      "geometry": {
        "type": "Point",
        "coordinates": [
          76.8471535,
          16.706391
        ]
      },
      "id": "node/2934177561"
    },
    {
      "type": "Feature",
      "properties": {
        "@id": "node/2948944709",
        "addr:city": "Davanagere",
        "addr:postcode": "577005",
        "addr:street": "P.B. Road",
        "amenity": "fuel",
        "brand": "Indian Oil",
        "brand:wikidata": "Q1289348",
        "brand:wikipedia": "en:Indian Oil Corporation",
        "name": "Petrol / Diesel Station",
        "operator": "Indian Oil"
      },
      "geometry": {
        "type": "Point",
        "coordinates": [
          75.9322254,
          14.4587486
        ]
      },
      "id": "node/2948944709"
    },
    {
      "type": "Feature",
      "properties": {
        "@id": "node/2958259481",
        "amenity": "fuel"
      },
      "geometry": {
        "type": "Point",
        "coordinates": [
          76.2533475,
          13.3175946
        ]
      },
      "id": "node/2958259481"
    },
    {
      "type": "Feature",
      "properties": {
        "@id": "node/2986053029",
        "amenity": "fuel",
        "name": "BPCL Chovvery"
      },
      "geometry": {
        "type": "Point",
        "coordinates": [
          75.1851032,
          12.1457955
        ]
      },
      "id": "node/2986053029"
    },
    {
      "type": "Feature",
      "properties": {
        "@id": "node/2999727806",
        "amenity": "fuel"
      },
      "geometry": {
        "type": "Point",
        "coordinates": [
          75.0733378,
          16.7264414
        ]
      },
      "id": "node/2999727806"
    },
    {
      "type": "Feature",
      "properties": {
        "@id": "node/3006982422",
        "amenity": "fuel"
      },
      "geometry": {
        "type": "Point",
        "coordinates": [
          74.6678013,
          16.7925965
        ]
      },
      "id": "node/3006982422"
    },
    {
      "type": "Feature",
      "properties": {
        "@id": "node/3053248475",
        "amenity": "fuel",
        "operator": "Hindustan Petroleum"
      },
      "geometry": {
        "type": "Point",
        "coordinates": [
          78.0848803,
          13.1193682
        ]
      },
      "id": "node/3053248475"
    },
    {
      "type": "Feature",
      "properties": {
        "@id": "node/3053248480",
        "amenity": "fuel",
        "operator": "Bharat Petroleum"
      },
      "geometry": {
        "type": "Point",
        "coordinates": [
          78.1478212,
          13.1205581
        ]
      },
      "id": "node/3053248480"
    },
    {
      "type": "Feature",
      "properties": {
        "@id": "node/3053248488",
        "amenity": "fuel",
        "brand": "Indian Oil",
        "brand:wikidata": "Q1289348",
        "brand:wikipedia": "en:Indian Oil Corporation",
        "operator": "Indian Oil Corporation"
      },
      "geometry": {
        "type": "Point",
        "coordinates": [
          78.1108104,
          13.1249005
        ]
      },
      "id": "node/3053248488"
    },
    {
      "type": "Feature",
      "properties": {
        "@id": "node/3067848550",
        "addr:city": "Mysuru",
        "addr:street": "Kamakshi Hospital Road",
        "amenity": "fuel",
        "brand": "Indian Oil",
        "brand:wikidata": "Q1289348",
        "brand:wikipedia": "en:Indian Oil Corporation",
        "name": "Indian Oil",
        "name:kn": "ಇಂಡಿಯನ್ ಆಯಿಲ್",
        "operator": "Indian Oil"
      },
      "geometry": {
        "type": "Point",
        "coordinates": [
          76.6333201,
          12.2986812
        ]
      },
      "id": "node/3067848550"
    },
    {
      "type": "Feature",
      "properties": {
        "@id": "node/3122820207",
        "amenity": "fuel",
        "brand": "Hindustan Petroleum",
        "brand:wikidata": "Q1619375",
        "brand:wikipedia": "en:Hindustan Petroleum",
        "fuel:diesel": "yes",
        "name": "HP",
        "official_name": "Hindustan Petroleum",
        "source": "GPS"
      },
      "geometry": {
        "type": "Point",
        "coordinates": [
          75.4945057,
          11.7489746
        ]
      },
      "id": "node/3122820207"
    },
    {
      "type": "Feature",
      "properties": {
        "@id": "node/3157752537",
        "amenity": "fuel",
        "name": "Reliance Petrol Bunk"
      },
      "geometry": {
        "type": "Point",
        "coordinates": [
          76.3796883,
          15.2614414
        ]
      },
      "id": "node/3157752537"
    },
    {
      "type": "Feature",
      "properties": {
        "@id": "node/3157767614",
        "amenity": "fuel",
        "name": "AR Udyog Petrol Pump"
      },
      "geometry": {
        "type": "Point",
        "coordinates": [
          76.3880975,
          15.271067
        ]
      },
      "id": "node/3157767614"
    },
    {
      "type": "Feature",
      "properties": {
        "@id": "node/3159027221",
        "addr:street": "Yousufguda Main Road",
        "amenity": "fuel",
        "brand": "Indian Oil",
        "brand:wikidata": "Q1289348",
        "brand:wikipedia": "en:Indian Oil Corporation",
        "name": "Indian Oil",
        "opening_hours": "11:00-22:00",
        "operator": "Indian oil"
      },
      "geometry": {
        "type": "Point",
        "coordinates": [
          78.4381583,
          17.4362648
        ]
      },
      "id": "node/3159027221"
    },
    {
      "type": "Feature",
      "properties": {
        "@id": "node/3168023417",
        "amenity": "fuel"
      },
      "geometry": {
        "type": "Point",
        "coordinates": [
          74.7505292,
          13.4635698
        ]
      },
      "id": "node/3168023417"
    },
    {
      "type": "Feature",
      "properties": {
        "@id": "node/3168385969",
        "amenity": "fuel",
        "brand": "Indian Oil"
      },
      "geometry": {
        "type": "Point",
        "coordinates": [
          76.3655677,
          15.1637231
        ]
      },
      "id": "node/3168385969"
    },
    {
      "type": "Feature",
      "properties": {
        "@id": "node/3191782268",
        "amenity": "fuel",
        "brand": "Indian Oil",
        "brand:wikidata": "Q1289348",
        "brand:wikipedia": "en:Indian Oil Corporation",
        "name": "Indian Oil Corporation",
        "name:kn": "ಇಂಡಿಯನ್ ಆಯಿಲ್",
        "source": "GPS"
      },
      "geometry": {
        "type": "Point",
        "coordinates": [
          75.690826,
          13.8205363
        ]
      },
      "id": "node/3191782268"
    },
    {
      "type": "Feature",
      "properties": {
        "@id": "node/3200943735",
        "amenity": "fuel"
      },
      "geometry": {
        "type": "Point",
        "coordinates": [
          78.5556298,
          17.3535526
        ]
      },
      "id": "node/3200943735"
    },
    {
      "type": "Feature",
      "properties": {
        "@id": "node/3200943741",
        "amenity": "fuel"
      },
      "geometry": {
        "type": "Point",
        "coordinates": [
          78.4917485,
          17.4244702
        ]
      },
      "id": "node/3200943741"
    },
    {
      "type": "Feature",
      "properties": {
        "@id": "node/3200943838",
        "amenity": "fuel"
      },
      "geometry": {
        "type": "Point",
        "coordinates": [
          78.4192874,
          17.2988338
        ]
      },
      "id": "node/3200943838"
    },
    {
      "type": "Feature",
      "properties": {
        "@id": "node/3200943841",
        "amenity": "fuel"
      },
      "geometry": {
        "type": "Point",
        "coordinates": [
          78.5376398,
          17.3373647
        ]
      },
      "id": "node/3200943841"
    },
    {
      "type": "Feature",
      "properties": {
        "@id": "node/3200945589",
        "amenity": "fuel",
        "brand": "BP"
      },
      "geometry": {
        "type": "Point",
        "coordinates": [
          78.4166176,
          17.2890635
        ]
      },
      "id": "node/3200945589"
    },
    {
      "type": "Feature",
      "properties": {
        "@id": "node/3200945590",
        "amenity": "fuel",
        "brand": "Indian Oil"
      },
      "geometry": {
        "type": "Point",
        "coordinates": [
          78.4206736,
          17.3029269
        ]
      },
      "id": "node/3200945590"
    },
    {
      "type": "Feature",
      "properties": {
        "@id": "node/3200948727",
        "amenity": "fuel"
      },
      "geometry": {
        "type": "Point",
        "coordinates": [
          78.4179054,
          17.2934912
        ]
      },
      "id": "node/3200948727"
    },
    {
      "type": "Feature",
      "properties": {
        "@id": "node/3200948728",
        "amenity": "fuel"
      },
      "geometry": {
        "type": "Point",
        "coordinates": [
          78.4225514,
          17.3077782
        ]
      },
      "id": "node/3200948728"
    },
    {
      "type": "Feature",
      "properties": {
        "@id": "node/3200948739",
        "amenity": "fuel"
      },
      "geometry": {
        "type": "Point",
        "coordinates": [
          78.5574048,
          17.3665012
        ]
      },
      "id": "node/3200948739"
    },
    {
      "type": "Feature",
      "properties": {
        "@id": "node/3200948740",
        "amenity": "fuel",
        "brand": "Bharat Petroleum",
        "brand:wikidata": "Q854826",
        "brand:wikipedia": "en:Bharat Petroleum",
        "name": "Bharat Petroleum"
      },
      "geometry": {
        "type": "Point",
        "coordinates": [
          78.5594081,
          17.3940858
        ]
      },
      "id": "node/3200948740"
    },
    {
      "type": "Feature",
      "properties": {
        "@id": "node/3200948743",
        "amenity": "fuel",
        "brand": "Bharat Petroleum",
        "brand:wikidata": "Q854826",
        "name": "Bharat Petroleum"
      },
      "geometry": {
        "type": "Point",
        "coordinates": [
          78.5018327,
          17.4273857
        ]
      },
      "id": "node/3200948743"
    },
    {
      "type": "Feature",
      "properties": {
        "@id": "node/3200948982",
        "amenity": "fuel",
        "name": "unigas"
      },
      "geometry": {
        "type": "Point",
        "coordinates": [
          78.516726,
          17.4367067
        ]
      },
      "id": "node/3200948982"
    },
    {
      "type": "Feature",
      "properties": {
        "@id": "node/3201283437",
        "amenity": "fuel"
      },
      "geometry": {
        "type": "Point",
        "coordinates": [
          78.4535401,
          17.3161184
        ]
      },
      "id": "node/3201283437"
    },
    {
      "type": "Feature",
      "properties": {
        "@id": "node/3201283438",
        "amenity": "fuel"
      },
      "geometry": {
        "type": "Point",
        "coordinates": [
          78.459247,
          17.3148866
        ]
      },
      "id": "node/3201283438"
    },
    {
      "type": "Feature",
      "properties": {
        "@id": "node/3250302802",
        "amenity": "fuel",
        "wheelchair": "yes"
      },
      "geometry": {
        "type": "Point",
        "coordinates": [
          77.7046033,
          12.7132173
        ]
      },
      "id": "node/3250302802"
    },
    {
      "type": "Feature",
      "properties": {
        "@id": "node/3257578362",
        "addr:city": "Ankola",
        "amenity": "fuel",
        "brand": "Indian Oil",
        "brand:wikidata": "Q1289348",
        "brand:wikipedia": "en:Indian Oil Corporation",
        "name": "Indian Oil",
        "name:kn": "ಇಂಡಿಯನ್ ಆಯಿಲ್"
      },
      "geometry": {
        "type": "Point",
        "coordinates": [
          74.315179,
          14.6798389
        ]
      },
      "id": "node/3257578362"
    },
    {
      "type": "Feature",
      "properties": {
        "@id": "node/3270092569",
        "amenity": "fuel",
        "fuel:lpg": "yes",
        "name": "BP and HP",
        "source": "Bing; Anonymous note"
      },
      "geometry": {
        "type": "Point",
        "coordinates": [
          75.914728,
          14.0240555
        ]
      },
      "id": "node/3270092569"
    },
    {
      "type": "Feature",
      "properties": {
        "@id": "node/3287005679",
        "amenity": "fuel",
        "brand": "Bharat Petroleum",
        "brand:wikidata": "Q854826",
        "name": "Bharat Petroleum",
        "name:kn": "ಭಾರತ ಪೆಟ್ರೋಲಿಯಂ",
        "operator": "Bharat Petroleum22"
      },
      "geometry": {
        "type": "Point",
        "coordinates": [
          76.6462771,
          12.3128198
        ]
      },
      "id": "node/3287005679"
    },
    {
      "type": "Feature",
      "properties": {
        "@id": "node/3287761402",
        "amenity": "fuel",
        "fuel:diesel": "yes",
        "fuel:octane_80": "yes",
        "fuel:octane_91": "no"
      },
      "geometry": {
        "type": "Point",
        "coordinates": [
          78.5362816,
          12.6005715
        ]
      },
      "id": "node/3287761402"
    },
    {
      "type": "Feature",
      "properties": {
        "@id": "node/3308665580",
        "amenity": "fuel"
      },
      "geometry": {
        "type": "Point",
        "coordinates": [
          77.0534618,
          12.6054624
        ]
      },
      "id": "node/3308665580"
    },
    {
      "type": "Feature",
      "properties": {
        "@id": "node/3343785246",
        "amenity": "fuel"
      },
      "geometry": {
        "type": "Point",
        "coordinates": [
          76.3597014,
          15.1482414
        ]
      },
      "id": "node/3343785246"
    },
    {
      "type": "Feature",
      "properties": {
        "@id": "node/3351186406",
        "amenity": "fuel",
        "name": "Jeppu Petrol Pump"
      },
      "geometry": {
        "type": "Point",
        "coordinates": [
          74.8485641,
          12.85009
        ]
      },
      "id": "node/3351186406"
    },
    {
      "type": "Feature",
      "properties": {
        "@id": "node/3352162899",
        "amenity": "fuel",
        "name": "Petrol Pump"
      },
      "geometry": {
        "type": "Point",
        "coordinates": [
          74.8105927,
          12.948945
        ]
      },
      "id": "node/3352162899"
    },
    {
      "type": "Feature",
      "properties": {
        "@id": "node/3352182243",
        "amenity": "fuel",
        "brand": "Indian Oil",
        "brand:wikidata": "Q1289348",
        "brand:wikipedia": "en:Indian Oil Corporation",
        "name": "Indian Oil Petrol Pump",
        "name:kn": "ಇಂಡಿಯನ್ ಆಯಿಲ್"
      },
      "geometry": {
        "type": "Point",
        "coordinates": [
          74.8124542,
          12.9455919
        ]
      },
      "id": "node/3352182243"
    },
    {
      "type": "Feature",
      "properties": {
        "@id": "node/3352196317",
        "amenity": "fuel",
        "brand": "HP",
        "brand:wikidata": "Q1619375",
        "name": "HP Petrol Pump",
        "name:kn": "ಹಿಂದುಸ್ತಾನ್ ಪೆಟ್ರೋಲಿಯಂ",
        "official_name": "Hindustan Petroleum"
      },
      "geometry": {
        "type": "Point",
        "coordinates": [
          74.8123245,
          12.9470987
        ]
      },
      "id": "node/3352196317"
    },
    {
      "type": "Feature",
      "properties": {
        "@id": "node/3353541802",
        "amenity": "fuel"
      },
      "geometry": {
        "type": "Point",
        "coordinates": [
          76.6745886,
          16.2024088
        ]
      },
      "id": "node/3353541802"
    },
    {
      "type": "Feature",
      "properties": {
        "@id": "node/3353614137",
        "amenity": "fuel",
        "name": "Petrolimex",
        "wheelchair": "yes"
      },
      "geometry": {
        "type": "Point",
        "coordinates": [
          76.8565349,
          17.3265765
        ]
      },
      "id": "node/3353614137"
    },
    {
      "type": "Feature",
      "properties": {
        "@id": "node/3353615301",
        "amenity": "fuel",
        "wheelchair": "yes"
      },
      "geometry": {
        "type": "Point",
        "coordinates": [
          76.8550783,
          17.326346
        ]
      },
      "id": "node/3353615301"
    },
    {
      "type": "Feature",
      "properties": {
        "@id": "node/3357161840",
        "amenity": "fuel",
        "name": "The Oval from ONGC"
      },
      "geometry": {
        "type": "Point",
        "coordinates": [
          74.8320313,
          12.9901361
        ]
      },
      "id": "node/3357161840"
    },
    {
      "type": "Feature",
      "properties": {
        "@id": "node/3358023499",
        "amenity": "fuel",
        "name": "Kalyani Fuels, Surathkal"
      },
      "geometry": {
        "type": "Point",
        "coordinates": [
          74.8050027,
          12.9833467
        ]
      },
      "id": "node/3358023499"
    },
    {
      "type": "Feature",
      "properties": {
        "@id": "node/3358052410",
        "amenity": "fuel",
        "name": "LPG Godown  (Fuel)"
      },
      "geometry": {
        "type": "Point",
        "coordinates": [
          74.802124,
          12.9804525
        ]
      },
      "id": "node/3358052410"
    },
    {
      "type": "Feature",
      "properties": {
        "@id": "node/3358052765",
        "amenity": "fuel",
        "name": "Hosabettu Petrol Pump"
      },
      "geometry": {
        "type": "Point",
        "coordinates": [
          74.8038254,
          12.9767036
        ]
      },
      "id": "node/3358052765"
    },
    {
      "type": "Feature",
      "properties": {
        "@id": "node/3362873502",
        "amenity": "fuel",
        "brand": "Bharat Petroleum",
        "name": "Bharat Petroleum",
        "name:kn": "ಭಾರತ ಪೆಟ್ರೋಲಿಯಂ"
      },
      "geometry": {
        "type": "Point",
        "coordinates": [
          77.0867955,
          13.3354539
        ]
      },
      "id": "node/3362873502"
    },
    {
      "type": "Feature",
      "properties": {
        "@id": "node/3362873503",
        "amenity": "fuel",
        "brand": "Bharat Petroleum",
        "name": "Bharat Petroleum",
        "name:kn": "ಭಾರತ ಪೆಟ್ರೋಲಿಯಂ"
      },
      "geometry": {
        "type": "Point",
        "coordinates": [
          77.0612612,
          13.3432825
        ]
      },
      "id": "node/3362873503"
    },
    {
      "type": "Feature",
      "properties": {
        "@id": "node/3362873504",
        "amenity": "fuel",
        "brand": "Indian Oil",
        "brand:wikidata": "Q1289348",
        "brand:wikipedia": "en:Indian Oil Corporation",
        "name": "Indian Oil",
        "name:kn": "ಇಂಡಿಯನ್ ಆಯಿಲ್"
      },
      "geometry": {
        "type": "Point",
        "coordinates": [
          77.1268912,
          13.3106456
        ]
      },
      "id": "node/3362873504"
    },
    {
      "type": "Feature",
      "properties": {
        "@id": "node/3362873505",
        "amenity": "fuel",
        "brand": "Indian Oil",
        "brand:wikidata": "Q1289348",
        "brand:wikipedia": "en:Indian Oil Corporation",
        "name": "Indian Oil",
        "name:kn": "ಇಂಡಿಯನ್ ಆಯಿಲ್"
      },
      "geometry": {
        "type": "Point",
        "coordinates": [
          77.0868822,
          13.3390684
        ]
      },
      "id": "node/3362873505"
    },
    {
      "type": "Feature",
      "properties": {
        "@id": "node/3362873506",
        "amenity": "fuel",
        "brand": "Hindustan Petroleum",
        "operator": "Hindustan Petroleum"
      },
      "geometry": {
        "type": "Point",
        "coordinates": [
          77.0833847,
          13.3452763
        ]
      },
      "id": "node/3362873506"
    },
    {
      "type": "Feature",
      "properties": {
        "@id": "node/3362875707",
        "amenity": "fuel",
        "brand": "Hindustan Petroleum",
        "name": "Hindustan Petroleum",
        "name:kn": "ಹಿಂದುಸ್ತಾನ್ ಪೆಟ್ರೋಲಿಯಂ"
      },
      "geometry": {
        "type": "Point",
        "coordinates": [
          77.001231,
          13.3318055
        ]
      },
      "id": "node/3362875707"
    },
    {
      "type": "Feature",
      "properties": {
        "@id": "node/3365193293",
        "amenity": "fuel",
        "name": "Petrol Pump"
      },
      "geometry": {
        "type": "Point",
        "coordinates": [
          74.796669,
          13.0526514
        ]
      },
      "id": "node/3365193293"
    },
    {
      "type": "Feature",
      "properties": {
        "@id": "node/3368443587",
        "addr:city": "Hukkeri",
        "amenity": "fuel"
      },
      "geometry": {
        "type": "Point",
        "coordinates": [
          74.6011496,
          16.2381082
        ]
      },
      "id": "node/3368443587"
    },
    {
      "type": "Feature",
      "properties": {
        "@id": "node/3380635539",
        "amenity": "fuel",
        "brand": "Indian Oil",
        "brand:wikidata": "Q1289348",
        "brand:wikipedia": "en:Indian Oil Corporation",
        "fuel:diesel": "yes",
        "fuel:octane_92": "yes",
        "name": "Indian Oil Fuel Station",
        "name:kn": "ಇಂಡಿಯನ್ ಆಯಿಲ್"
      },
      "geometry": {
        "type": "Point",
        "coordinates": [
          76.6582374,
          12.3252255
        ]
      },
      "id": "node/3380635539"
    },
    {
      "type": "Feature",
      "properties": {
        "@id": "node/3380635540",
        "amenity": "fuel",
        "brand": "Bharat Petroleum",
        "brand:wikidata": "Q854826",
        "fuel:diesel": "yes",
        "fuel:octane_92": "yes",
        "name": "Bharat Petroleum",
        "name:kn": "ಭಾರತ ಪೆಟ್ರೋಲಿಯಂ"
      },
      "geometry": {
        "type": "Point",
        "coordinates": [
          76.6585825,
          12.3254574
        ]
      },
      "id": "node/3380635540"
    },
    {
      "type": "Feature",
      "properties": {
        "@id": "node/3388977736",
        "amenity": "fuel",
        "name": "Casey's General Store",
        "wheelchair": "yes"
      },
      "geometry": {
        "type": "Point",
        "coordinates": [
          78.4137696,
          17.4873033
        ]
      },
      "id": "node/3388977736"
    },
    {
      "type": "Feature",
      "properties": {
        "@id": "node/3390802020",
        "amenity": "fuel",
        "name": "Bharat Petroleum"
      },
      "geometry": {
        "type": "Point",
        "coordinates": [
          78.4321143,
          17.3932909
        ]
      },
      "id": "node/3390802020"
    },
    {
      "type": "Feature",
      "properties": {
        "@id": "node/3390849578",
        "amenity": "fuel",
        "name": "Bharat Petroleum"
      },
      "geometry": {
        "type": "Point",
        "coordinates": [
          78.4135636,
          17.4991118
        ]
      },
      "id": "node/3390849578"
    },
    {
      "type": "Feature",
      "properties": {
        "@id": "node/3391123031",
        "amenity": "fuel",
        "name": "Aegis Autogas",
        "wheelchair": "yes"
      },
      "geometry": {
        "type": "Point",
        "coordinates": [
          77.5950233,
          12.9460933
        ]
      },
      "id": "node/3391123031"
    },
    {
      "type": "Feature",
      "properties": {
        "@id": "node/3392156911",
        "amenity": "fuel",
        "name": "Bharat Petroleum"
      },
      "geometry": {
        "type": "Point",
        "coordinates": [
          78.5519325,
          17.4828696
        ]
      },
      "id": "node/3392156911"
    },
    {
      "type": "Feature",
      "properties": {
        "@id": "node/3394795630",
        "amenity": "fuel",
        "fuel:diesel": "yes",
        "fuel:octane_92": "yes"
      },
      "geometry": {
        "type": "Point",
        "coordinates": [
          76.6457119,
          12.3310674
        ]
      },
      "id": "node/3394795630"
    },
    {
      "type": "Feature",
      "properties": {
        "@id": "node/3454698799",
        "amenity": "fuel",
        "brand": "Indian Oil",
        "check_date": "2023-10-08",
        "self_service": "no"
      },
      "geometry": {
        "type": "Point",
        "coordinates": [
          76.6851625,
          12.4166233
        ]
      },
      "id": "node/3454698799"
    },
    {
      "type": "Feature",
      "properties": {
        "@id": "node/3464108961",
        "amenity": "fuel",
        "brand": "BP",
        "fuel:diesel": "yes",
        "name": "Bharath Petroleum",
        "name:kn": "ಭಾರತ್ ಪೆಟ್ರೋಲಿಯಂ",
        "shop": "no",
        "wheelchair": "no"
      },
      "geometry": {
        "type": "Point",
        "coordinates": [
          76.479166,
          12.8618198
        ]
      },
      "id": "node/3464108961"
    },
    {
      "type": "Feature",
      "properties": {
        "@id": "node/3475980154",
        "addr:city": "hyderabad",
        "addr:housenumber": "16-11-16/v/26/A",
        "addr:postcode": "500036",
        "addr:street": "moosarambagh road",
        "amenity": "fuel",
        "name": "Brothers Hero Honda Clinic",
        "operator": "keerthi"
      },
      "geometry": {
        "type": "Point",
        "coordinates": [
          78.5162991,
          17.3874755
        ]
      },
      "id": "node/3475980154"
    },
    {
      "type": "Feature",
      "properties": {
        "@id": "node/3484040583",
        "amenity": "fuel"
      },
      "geometry": {
        "type": "Point",
        "coordinates": [
          76.5611189,
          12.0968521
        ]
      },
      "id": "node/3484040583"
    },
    {
      "type": "Feature",
      "properties": {
        "@id": "node/3496757014",
        "amenity": "fuel"
      },
      "geometry": {
        "type": "Point",
        "coordinates": [
          76.527813,
          16.1556688
        ]
      },
      "id": "node/3496757014"
    },
    {
      "type": "Feature",
      "properties": {
        "@id": "node/3496892165",
        "amenity": "fuel",
        "brand": "Hindustan Petroleum",
        "brand:wikidata": "Q1619375",
        "name": "HP",
        "official_name": "Hindustan Petroleum",
        "source": "GPS"
      },
      "geometry": {
        "type": "Point",
        "coordinates": [
          76.6922807,
          13.3188801
        ]
      },
      "id": "node/3496892165"
    },
    {
      "type": "Feature",
      "properties": {
        "@id": "node/3508275102",
        "amenity": "fuel",
        "operator": "HP Petrol Diesel Station"
      },
      "geometry": {
        "type": "Point",
        "coordinates": [
          77.2260487,
          13.2464433
        ]
      },
      "id": "node/3508275102"
    },
    {
      "type": "Feature",
      "properties": {
        "@id": "node/3514792027",
        "amenity": "fuel",
        "name": "Reliance Indsutries Petrol Station"
      },
      "geometry": {
        "type": "Point",
        "coordinates": [
          77.2235753,
          13.2490765
        ]
      },
      "id": "node/3514792027"
    },
    {
      "type": "Feature",
      "properties": {
        "@id": "node/3518401558",
        "amenity": "fuel",
        "brand": "Bharat Petroleum",
        "brand:wikidata": "Q854826",
        "brand:wikipedia": "en:Bharat Petroleum",
        "name": "Bharat Petroleum"
      },
      "geometry": {
        "type": "Point",
        "coordinates": [
          76.8357533,
          18.3347554
        ]
      },
      "id": "node/3518401558"
    },
    {
      "type": "Feature",
      "properties": {
        "@id": "node/3518401623",
        "amenity": "fuel"
      },
      "geometry": {
        "type": "Point",
        "coordinates": [
          76.8373123,
          18.3348256
        ]
      },
      "id": "node/3518401623"
    },
    {
      "type": "Feature",
      "properties": {
        "@id": "node/3532476271",
        "amenity": "fuel",
        "name": "PETROL BANK"
      },
      "geometry": {
        "type": "Point",
        "coordinates": [
          77.7244273,
          17.8610872
        ]
      },
      "id": "node/3532476271"
    },
    {
      "type": "Feature",
      "properties": {
        "@id": "node/3541101928",
        "amenity": "fuel",
        "brand": "Indian Oil"
      },
      "geometry": {
        "type": "Point",
        "coordinates": [
          75.2354068,
          13.6865845
        ]
      },
      "id": "node/3541101928"
    },
    {
      "type": "Feature",
      "properties": {
        "@id": "node/3541170089",
        "amenity": "fuel",
        "operator": "Hindusthan Petroleum"
      },
      "geometry": {
        "type": "Point",
        "coordinates": [
          77.5306463,
          13.0336462
        ]
      },
      "id": "node/3541170089"
    },
    {
      "type": "Feature",
      "properties": {
        "@id": "node/3541202418",
        "amenity": "fuel",
        "brand": "Indian Oil",
        "brand:wikidata": "Q1289348",
        "brand:wikipedia": "en:Indian Oil Corporation",
        "operator": "Indian Oil"
      },
      "geometry": {
        "type": "Point",
        "coordinates": [
          77.5237733,
          13.0366638
        ]
      },
      "id": "node/3541202418"
    },
    {
      "type": "Feature",
      "properties": {
        "@id": "node/3557531176",
        "amenity": "fuel"
      },
      "geometry": {
        "type": "Point",
        "coordinates": [
          77.1447601,
          13.3148846
        ]
      },
      "id": "node/3557531176"
    },
    {
      "type": "Feature",
      "properties": {
        "@id": "node/3572696027",
        "amenity": "fuel",
        "brand": "Indian Oil",
        "brand:wikidata": "Q1289348",
        "brand:wikipedia": "en:Indian Oil Corporation",
        "name": "Indian Oil",
        "name:kn": "ಇಂಡಿಯನ್ ಆಯಿಲ್"
      },
      "geometry": {
        "type": "Point",
        "coordinates": [
          76.632753,
          12.3327212
        ]
      },
      "id": "node/3572696027"
    },
    {
      "type": "Feature",
      "properties": {
        "@id": "node/3631210186",
        "amenity": "fuel"
      },
      "geometry": {
        "type": "Point",
        "coordinates": [
          74.9700908,
          15.4931072
        ]
      },
      "id": "node/3631210186"
    },
    {
      "type": "Feature",
      "properties": {
        "@id": "node/3640481025",
        "amenity": "fuel"
      },
      "geometry": {
        "type": "Point",
        "coordinates": [
          75.5868251,
          13.9320546
        ]
      },
      "id": "node/3640481025"
    },
    {
      "type": "Feature",
      "properties": {
        "@id": "node/3642278271",
        "amenity": "fuel"
      },
      "geometry": {
        "type": "Point",
        "coordinates": [
          75.5587428,
          13.9504515
        ]
      },
      "id": "node/3642278271"
    },
    {
      "type": "Feature",
      "properties": {
        "@id": "node/3652588972",
        "amenity": "fuel",
        "brand": "Hindustan Petroleum",
        "brand:wikidata": "Q1619375",
        "brand:wikipedia": "en:Hindustan Petroleum",
        "name": "Hindustan Petroleum",
        "official_name": "Hindustan Petroleum",
        "operator": "Hindustan Petroleum"
      },
      "geometry": {
        "type": "Point",
        "coordinates": [
          75.9865554,
          11.7366938
        ]
      },
      "id": "node/3652588972"
    },
    {
      "type": "Feature",
      "properties": {
        "@id": "node/3663146401",
        "amenity": "fuel",
        "brand": "HP",
        "check_date": "2024-03-29"
      },
      "geometry": {
        "type": "Point",
        "coordinates": [
          78.4012362,
          17.4081352
        ]
      },
      "id": "node/3663146401"
    },
    {
      "type": "Feature",
      "properties": {
        "@id": "node/3663148264",
        "amenity": "fuel",
        "brand": "Indian Oil"
      },
      "geometry": {
        "type": "Point",
        "coordinates": [
          75.5308264,
          14.6940609
        ]
      },
      "id": "node/3663148264"
    },
    {
      "type": "Feature",
      "properties": {
        "@id": "node/3663347367",
        "amenity": "fuel",
        "brand": "Indian Oil"
      },
      "geometry": {
        "type": "Point",
        "coordinates": [
          75.2286835,
          14.9801399
        ]
      },
      "id": "node/3663347367"
    },
    {
      "type": "Feature",
      "properties": {
        "@id": "node/3663347381",
        "amenity": "fuel",
        "brand": "Hindustan Petroleum"
      },
      "geometry": {
        "type": "Point",
        "coordinates": [
          75.2338146,
          14.9735483
        ]
      },
      "id": "node/3663347381"
    },
    {
      "type": "Feature",
      "properties": {
        "@id": "node/3664480885",
        "amenity": "fuel"
      },
      "geometry": {
        "type": "Point",
        "coordinates": [
          74.7002052,
          15.7150651
        ]
      },
      "id": "node/3664480885"
    },
    {
      "type": "Feature",
      "properties": {
        "@id": "node/3664500699",
        "amenity": "fuel"
      },
      "geometry": {
        "type": "Point",
        "coordinates": [
          74.6528642,
          15.7527581
        ]
      },
      "id": "node/3664500699"
    },
    {
      "type": "Feature",
      "properties": {
        "@id": "node/3664613906",
        "amenity": "fuel"
      },
      "geometry": {
        "type": "Point",
        "coordinates": [
          74.5255746,
          15.9205695
        ]
      },
      "id": "node/3664613906"
    },
    {
      "type": "Feature",
      "properties": {
        "@id": "node/3664638328",
        "amenity": "fuel"
      },
      "geometry": {
        "type": "Point",
        "coordinates": [
          74.5232438,
          16.0234427
        ]
      },
      "id": "node/3664638328"
    },
    {
      "type": "Feature",
      "properties": {
        "@id": "node/3664774990",
        "amenity": "fuel"
      },
      "geometry": {
        "type": "Point",
        "coordinates": [
          74.516702,
          16.1261392
        ]
      },
      "id": "node/3664774990"
    },
    {
      "type": "Feature",
      "properties": {
        "@id": "node/3665861750",
        "amenity": "fuel",
        "brand": "Bharat Petroleum"
      },
      "geometry": {
        "type": "Point",
        "coordinates": [
          75.8861596,
          14.4473117
        ]
      },
      "id": "node/3665861750"
    },
    {
      "type": "Feature",
      "properties": {
        "@id": "node/3667161234",
        "amenity": "fuel",
        "brand": "Indian Oil"
      },
      "geometry": {
        "type": "Point",
        "coordinates": [
          76.3637752,
          14.2519702
        ]
      },
      "id": "node/3667161234"
    },
    {
      "type": "Feature",
      "properties": {
        "@id": "node/3668036125",
        "amenity": "fuel",
        "brand": "BP"
      },
      "geometry": {
        "type": "Point",
        "coordinates": [
          78.4203006,
          17.3017225
        ]
      },
      "id": "node/3668036125"
    },
    {
      "type": "Feature",
      "properties": {
        "@id": "node/3668037747",
        "amenity": "fuel",
        "brand": "Indian Oil",
        "brand:wikidata": "Q1289348",
        "name": "Indian Oil"
      },
      "geometry": {
        "type": "Point",
        "coordinates": [
          78.4081451,
          17.2782387
        ]
      },
      "id": "node/3668037747"
    },
    {
      "type": "Feature",
      "properties": {
        "@id": "node/3668040239",
        "amenity": "fuel",
        "brand": "Indian Oil"
      },
      "geometry": {
        "type": "Point",
        "coordinates": [
          78.3971288,
          17.271785
        ]
      },
      "id": "node/3668040239"
    },
    {
      "type": "Feature",
      "properties": {
        "@id": "node/3668052828",
        "addr:city": "mandya",
        "amenity": "fuel",
        "name": "Hp Petrol Bunk"
      },
      "geometry": {
        "type": "Point",
        "coordinates": [
          76.8908892,
          12.5277132
        ]
      },
      "id": "node/3668052828"
    },
    {
      "type": "Feature",
      "properties": {
        "@id": "node/3668052829",
        "amenity": "fuel",
        "operator": "HP"
      },
      "geometry": {
        "type": "Point",
        "coordinates": [
          76.8903141,
          12.5276528
        ]
      },
      "id": "node/3668052829"
    },
    {
      "type": "Feature",
      "properties": {
        "@id": "node/3668052830",
        "amenity": "fuel",
        "brand": "Indian Oil",
        "brand:wikidata": "Q1289348",
        "brand:wikipedia": "en:Indian Oil Corporation",
        "operator": "Indian Oil"
      },
      "geometry": {
        "type": "Point",
        "coordinates": [
          76.8876124,
          12.5275235
        ]
      },
      "id": "node/3668052830"
    },
    {
      "type": "Feature",
      "properties": {
        "@id": "node/3668052837",
        "amenity": "fuel",
        "brand": "Indian Oil",
        "brand:wikidata": "Q1289348",
        "brand:wikipedia": "en:Indian Oil Corporation",
        "operator": "Indian Oil"
      },
      "geometry": {
        "type": "Point",
        "coordinates": [
          76.8727609,
          12.5245787
        ]
      },
      "id": "node/3668052837"
    },
    {
      "type": "Feature",
      "properties": {
        "@id": "node/3668052840",
        "amenity": "fuel",
        "operator": "HP"
      },
      "geometry": {
        "type": "Point",
        "coordinates": [
          76.8663997,
          12.521184
        ]
      },
      "id": "node/3668052840"
    },
    {
      "type": "Feature",
      "properties": {
        "@id": "node/3668052843",
        "amenity": "fuel",
        "check_date": "2024-04-29",
        "operator": "Bharat Petroleum"
      },
      "geometry": {
        "type": "Point",
        "coordinates": [
          76.8271212,
          12.5030985
        ]
      },
      "id": "node/3668052843"
    },
    {
      "type": "Feature",
      "properties": {
        "@id": "node/3668052845",
        "amenity": "fuel",
        "brand": "Bharat Petroleum",
        "check_date": "2023-10-08",
        "self_service": "no"
      },
      "geometry": {
        "type": "Point",
        "coordinates": [
          76.6963897,
          12.4279041
        ]
      },
      "id": "node/3668052845"
    },
    {
      "type": "Feature",
      "properties": {
        "@id": "node/3670305865",
        "amenity": "fuel",
        "brand": "Bharat Petroleum"
      },
      "geometry": {
        "type": "Point",
        "coordinates": [
          76.699966,
          13.87408
        ]
      },
      "id": "node/3670305865"
    },
    {
      "type": "Feature",
      "properties": {
        "@id": "node/3678410774",
        "amenity": "fuel",
        "brand": "Indian Oil",
        "fuel:1_25": "no",
        "fuel:1_50": "no",
        "fuel:GTL_diesel": "yes",
        "fuel:HGV_diesel": "no",
        "fuel:biodiesel": "no",
        "fuel:biogas": "no",
        "fuel:cng": "no",
        "fuel:diesel": "yes",
        "fuel:e10": "no",
        "fuel:e85": "no",
        "fuel:electricity": "no",
        "fuel:lpg": "yes",
        "fuel:octane_100": "no",
        "fuel:octane_91": "yes",
        "fuel:octane_95": "yes",
        "fuel:octane_98": "yes",
        "name": "Mahaveera Fuel Station",
        "operator": "Mahaveera Ltd"
      },
      "geometry": {
        "type": "Point",
        "coordinates": [
          75.0649239,
          13.1979059
        ]
      },
      "id": "node/3678410774"
    },
    {
      "type": "Feature",
      "properties": {
        "@id": "node/3697966918",
        "amenity": "fuel",
        "brand": "Indian Oil",
        "brand:wikidata": "Q1289348",
        "brand:wikipedia": "en:Indian Oil Corporation",
        "name": "Indian Oil",
        "name:kn": "ಇಂಡಿಯನ್ ಆಯಿಲ್"
      },
      "geometry": {
        "type": "Point",
        "coordinates": [
          76.5349056,
          15.4353576
        ]
      },
      "id": "node/3697966918"
    },
    {
      "type": "Feature",
      "properties": {
        "@id": "node/3697967683",
        "amenity": "fuel"
      },
      "geometry": {
        "type": "Point",
        "coordinates": [
          76.5271085,
          15.4393341
        ]
      },
      "id": "node/3697967683"
    },
    {
      "type": "Feature",
      "properties": {
        "@id": "node/3700800615",
        "addr:city": "Sringeri",
        "addr:postcode": "577139",
        "addr:street": "KAS Street, Hoskere",
        "amenity": "fuel",
        "name": "Mangalore Road Petrol Bunk"
      },
      "geometry": {
        "type": "Point",
        "coordinates": [
          75.2475392,
          13.4208461
        ]
      },
      "id": "node/3700800615"
    },
    {
      "type": "Feature",
      "properties": {
        "@id": "node/3701054758",
        "amenity": "fuel"
      },
      "geometry": {
        "type": "Point",
        "coordinates": [
          76.3846132,
          12.4468911
        ]
      },
      "id": "node/3701054758"
    },
    {
      "type": "Feature",
      "properties": {
        "@id": "node/3701410617",
        "amenity": "fuel",
        "compressed_air": "yes"
      },
      "geometry": {
        "type": "Point",
        "coordinates": [
          76.4667639,
          12.3317848
        ]
      },
      "id": "node/3701410617"
    },
    {
      "type": "Feature",
      "properties": {
        "@id": "node/3701434351",
        "amenity": "fuel",
        "brand": "Indian Oil",
        "brand:wikidata": "Q1289348",
        "check_date": "2023-10-08",
        "compressed_air": "yes",
        "name": "Indian Oil",
        "name:kn": "ಇಂಡಿಯನ್ ಆಯಿಲ್",
        "self_service": "no"
      },
      "geometry": {
        "type": "Point",
        "coordinates": [
          76.5359059,
          12.3598129
        ]
      },
      "id": "node/3701434351"
    },
    {
      "type": "Feature",
      "properties": {
        "@id": "node/3702873768",
        "amenity": "fuel",
        "brand": "Indian Oil",
        "check_date": "2024-04-27"
      },
      "geometry": {
        "type": "Point",
        "coordinates": [
          76.5740604,
          12.3457113
        ]
      },
      "id": "node/3702873768"
    },
    {
      "type": "Feature",
      "properties": {
        "@id": "node/3702873773",
        "amenity": "fuel"
      },
      "geometry": {
        "type": "Point",
        "coordinates": [
          76.596937,
          12.3332835
        ]
      },
      "id": "node/3702873773"
    },
    {
      "type": "Feature",
      "properties": {
        "@id": "node/3703202592",
        "amenity": "fuel",
        "brand": "Bharat Petroleum",
        "check_date": "2024-04-27"
      },
      "geometry": {
        "type": "Point",
        "coordinates": [
          76.6126171,
          12.3539387
        ]
      },
      "id": "node/3703202592"
    },
    {
      "type": "Feature",
      "properties": {
        "@id": "node/3709168393",
        "amenity": "fuel",
        "brand": "Indian Oil",
        "brand:wikidata": "Q1289348",
        "brand:wikipedia": "en:Indian Oil Corporation",
        "name": "Indian Oil",
        "name:kn": "ಇಂಡಿಯನ್ ಆಯಿಲ್"
      },
      "geometry": {
        "type": "Point",
        "coordinates": [
          76.0983681,
          13.0008214
        ]
      },
      "id": "node/3709168393"
    },
    {
      "type": "Feature",
      "properties": {
        "@id": "node/3722550137",
        "amenity": "fuel"
      },
      "geometry": {
        "type": "Point",
        "coordinates": [
          77.7356555,
          13.8400565
        ]
      },
      "id": "node/3722550137"
    },
    {
      "type": "Feature",
      "properties": {
        "@id": "node/3722563515",
        "amenity": "fuel"
      },
      "geometry": {
        "type": "Point",
        "coordinates": [
          77.7473475,
          13.8217318
        ]
      },
      "id": "node/3722563515"
    },
    {
      "type": "Feature",
      "properties": {
        "@id": "node/3722609953",
        "amenity": "fuel"
      },
      "geometry": {
        "type": "Point",
        "coordinates": [
          77.7501635,
          13.816335
        ]
      },
      "id": "node/3722609953"
    },
    {
      "type": "Feature",
      "properties": {
        "@id": "node/3732393739",
        "amenity": "fuel",
        "name": "HP Petrol station",
        "name:kn": "ಹಿಂದುಸ್ತಾನ್ ಪೆಟ್ರೋಲಿಯಂ",
        "operator": "HP"
      },
      "geometry": {
        "type": "Point",
        "coordinates": [
          75.7722863,
          13.3249441
        ]
      },
      "id": "node/3732393739"
    },
    {
      "type": "Feature",
      "properties": {
        "@id": "node/3732488787",
        "amenity": "fuel",
        "name": "Petrol bunk",
        "operator": "BPC"
      },
      "geometry": {
        "type": "Point",
        "coordinates": [
          74.8352515,
          14.6232752
        ]
      },
      "id": "node/3732488787"
    },
    {
      "type": "Feature",
      "properties": {
        "@id": "node/3732527621",
        "amenity": "fuel"
      },
      "geometry": {
        "type": "Point",
        "coordinates": [
          74.8323482,
          14.6147931
        ]
      },
      "id": "node/3732527621"
    },
    {
      "type": "Feature",
      "properties": {
        "@id": "node/3737838952",
        "amenity": "fuel"
      },
      "geometry": {
        "type": "Point",
        "coordinates": [
          75.56797,
          11.8314869
        ]
      },
      "id": "node/3737838952"
    },
    {
      "type": "Feature",
      "properties": {
        "@id": "node/3745510449",
        "amenity": "fuel"
      },
      "geometry": {
        "type": "Point",
        "coordinates": [
          77.6095621,
          14.6718318
        ]
      },
      "id": "node/3745510449"
    },
    {
      "type": "Feature",
      "properties": {
        "@id": "node/3746904921",
        "amenity": "fuel"
      },
      "geometry": {
        "type": "Point",
        "coordinates": [
          78.0003242,
          14.3473255
        ]
      },
      "id": "node/3746904921"
    },
    {
      "type": "Feature",
      "properties": {
        "@id": "node/3748040955",
        "amenity": "fuel"
      },
      "geometry": {
        "type": "Point",
        "coordinates": [
          78.1486835,
          14.145958
        ]
      },
      "id": "node/3748040955"
    },
    {
      "type": "Feature",
      "properties": {
        "@id": "node/3749351592",
        "amenity": "fuel"
      },
      "geometry": {
        "type": "Point",
        "coordinates": [
          74.4910761,
          15.8146347
        ]
      },
      "id": "node/3749351592"
    },
    {
      "type": "Feature",
      "properties": {
        "@id": "node/3749401698",
        "amenity": "fuel"
      },
      "geometry": {
        "type": "Point",
        "coordinates": [
          74.5045001,
          15.6410922
        ]
      },
      "id": "node/3749401698"
    },
    {
      "type": "Feature",
      "properties": {
        "@id": "node/3751671609",
        "amenity": "fuel"
      },
      "geometry": {
        "type": "Point",
        "coordinates": [
          77.4254633,
          13.2895425
        ]
      },
      "id": "node/3751671609"
    },
    {
      "type": "Feature",
      "properties": {
        "@id": "node/3755940328",
        "amenity": "fuel",
        "operator": "Bharat Petrol"
      },
      "geometry": {
        "type": "Point",
        "coordinates": [
          75.9020865,
          14.4481686
        ]
      },
      "id": "node/3755940328"
    },
    {
      "type": "Feature",
      "properties": {
        "@id": "node/3759820749",
        "amenity": "fuel"
      },
      "geometry": {
        "type": "Point",
        "coordinates": [
          76.8075548,
          17.3283379
        ]
      },
      "id": "node/3759820749"
    },
    {
      "type": "Feature",
      "properties": {
        "@id": "node/3759846522",
        "amenity": "fuel"
      },
      "geometry": {
        "type": "Point",
        "coordinates": [
          76.3684588,
          17.206327
        ]
      },
      "id": "node/3759846522"
    },
    {
      "type": "Feature",
      "properties": {
        "@id": "node/3760210426",
        "amenity": "fuel"
      },
      "geometry": {
        "type": "Point",
        "coordinates": [
          76.1986239,
          17.5291632
        ]
      },
      "id": "node/3760210426"
    },
    {
      "type": "Feature",
      "properties": {
        "@id": "node/3760223706",
        "amenity": "fuel"
      },
      "geometry": {
        "type": "Point",
        "coordinates": [
          76.1974867,
          17.5306084
        ]
      },
      "id": "node/3760223706"
    },
    {
      "type": "Feature",
      "properties": {
        "@id": "node/3760245019",
        "amenity": "fuel"
      },
      "geometry": {
        "type": "Point",
        "coordinates": [
          76.1800014,
          17.5394984
        ]
      },
      "id": "node/3760245019"
    },
    {
      "type": "Feature",
      "properties": {
        "@id": "node/3760302494",
        "amenity": "fuel"
      },
      "geometry": {
        "type": "Point",
        "coordinates": [
          75.9870096,
          17.6519706
        ]
      },
      "id": "node/3760302494"
    },
    {
      "type": "Feature",
      "properties": {
        "@id": "node/3760305247",
        "amenity": "fuel"
      },
      "geometry": {
        "type": "Point",
        "coordinates": [
          75.9230994,
          17.6736414
        ]
      },
      "id": "node/3760305247"
    },
    {
      "type": "Feature",
      "properties": {
        "@id": "node/3760306060",
        "amenity": "fuel"
      },
      "geometry": {
        "type": "Point",
        "coordinates": [
          75.9338121,
          17.6714895
        ]
      },
      "id": "node/3760306060"
    },
    {
      "type": "Feature",
      "properties": {
        "@id": "node/3760322665",
        "amenity": "fuel"
      },
      "geometry": {
        "type": "Point",
        "coordinates": [
          75.9237807,
          17.6808965
        ]
      },
      "id": "node/3760322665"
    },
    {
      "type": "Feature",
      "properties": {
        "@id": "node/3761095176",
        "amenity": "fuel",
        "brand": "Indian Oil",
        "fuel:diesel": "yes",
        "name": "Prestige Petroleum"
      },
      "geometry": {
        "type": "Point",
        "coordinates": [
          76.816575,
          17.2969467
        ]
      },
      "id": "node/3761095176"
    },
    {
      "type": "Feature",
      "properties": {
        "@id": "node/3763515063",
        "amenity": "fuel",
        "brand": "Hindustan Petroleum",
        "fuel:diesel": "yes",
        "fuel:octane_91": "yes",
        "name": "HP Petrol Pump"
      },
      "geometry": {
        "type": "Point",
        "coordinates": [
          75.7709421,
          11.5999663
        ]
      },
      "id": "node/3763515063"
    },
    {
      "type": "Feature",
      "properties": {
        "@id": "node/3763515064",
        "amenity": "fuel",
        "brand": "Indian Oil",
        "brand:wikidata": "Q1289348",
        "brand:wikipedia": "en:Indian Oil Corporation",
        "fuel:diesel": "yes",
        "fuel:octane_91": "yes",
        "name": "Indian Oil Petrol Pump"
      },
      "geometry": {
        "type": "Point",
        "coordinates": [
          75.797186,
          11.6023029
        ]
      },
      "id": "node/3763515064"
    },
    {
      "type": "Feature",
      "properties": {
        "@id": "node/3763515065",
        "amenity": "fuel",
        "brand": "Bharat Petroleum"
      },
      "geometry": {
        "type": "Point",
        "coordinates": [
          75.7611194,
          11.6512804
        ]
      },
      "id": "node/3763515065"
    },
    {
      "type": "Feature",
      "properties": {
        "@id": "node/3763643079",
        "amenity": "fuel",
        "brand": "HP",
        "name": "HP Petrol Pump - Janatha Service Station"
      },
      "geometry": {
        "type": "Point",
        "coordinates": [
          75.568687,
          11.8381148
        ]
      },
      "id": "node/3763643079"
    },
    {
      "type": "Feature",
      "properties": {
        "@id": "node/3764911619",
        "amenity": "fuel",
        "brand": "Indian Oil",
        "fuel:diesel": "no",
        "name": "gas cylinder"
      },
      "geometry": {
        "type": "Point",
        "coordinates": [
          75.5636547,
          11.8253732
        ]
      },
      "id": "node/3764911619"
    },
    {
      "type": "Feature",
      "properties": {
        "@id": "node/3766893619",
        "amenity": "fuel",
        "name": "Kamat Petrol Pump"
      },
      "geometry": {
        "type": "Point",
        "coordinates": [
          74.0024277,
          15.3929033
        ]
      },
      "id": "node/3766893619"
    },
    {
      "type": "Feature",
      "properties": {
        "@id": "node/3767108013",
        "addr:city": "Gulbarga",
        "addr:district": "Gulbarga",
        "addr:postcode": "585104",
        "amenity": "fuel",
        "brand": "JIO BP",
        "brand:wikidata": "Q7311026",
        "fuel:lpg": "yes",
        "fuel:regular": "yes",
        "name": "Reliance Petroleum ರಿಲಯನ್ಸ್ ಪೆಟ್ರೋಲಿಯಂ",
        "self_service": "no"
      },
      "geometry": {
        "type": "Point",
        "coordinates": [
          76.8470824,
          17.361022
        ]
      },
      "id": "node/3767108013"
    },
    {
      "type": "Feature",
      "properties": {
        "@id": "node/3770596865",
        "amenity": "fuel"
      },
      "geometry": {
        "type": "Point",
        "coordinates": [
          76.9866726,
          17.5851827
        ]
      },
      "id": "node/3770596865"
    },
    {
      "type": "Feature",
      "properties": {
        "@id": "node/3771371003",
        "amenity": "fuel",
        "name": "Anjanadri Petroleum"
      },
      "geometry": {
        "type": "Point",
        "coordinates": [
          77.001516,
          17.0903219
        ]
      },
      "id": "node/3771371003"
    },
    {
      "type": "Feature",
      "properties": {
        "@id": "node/3771371006",
        "amenity": "fuel"
      },
      "geometry": {
        "type": "Point",
        "coordinates": [
          76.9964145,
          17.0920832
        ]
      },
      "id": "node/3771371006"
    },
    {
      "type": "Feature",
      "properties": {
        "@id": "node/3771393196",
        "amenity": "fuel"
      },
      "geometry": {
        "type": "Point",
        "coordinates": [
          76.8521626,
          17.3127493
        ]
      },
      "id": "node/3771393196"
    },
    {
      "type": "Feature",
      "properties": {
        "@id": "node/3771734997",
        "amenity": "fuel"
      },
      "geometry": {
        "type": "Point",
        "coordinates": [
          76.9926649,
          17.072408
        ]
      },
      "id": "node/3771734997"
    },
    {
      "type": "Feature",
      "properties": {
        "@id": "node/3771747200",
        "amenity": "fuel"
      },
      "geometry": {
        "type": "Point",
        "coordinates": [
          77.0007033,
          17.034749
        ]
      },
      "id": "node/3771747200"
    },
    {
      "type": "Feature",
      "properties": {
        "@id": "node/3773091656",
        "amenity": "fuel"
      },
      "geometry": {
        "type": "Point",
        "coordinates": [
          77.2727624,
          16.5912668
        ]
      },
      "id": "node/3773091656"
    },
    {
      "type": "Feature",
      "properties": {
        "@id": "node/3778287071",
        "amenity": "fuel"
      },
      "geometry": {
        "type": "Point",
        "coordinates": [
          77.281772,
          17.8640022
        ]
      },
      "id": "node/3778287071"
    },
    {
      "type": "Feature",
      "properties": {
        "@id": "node/3779327575",
        "amenity": "fuel"
      },
      "geometry": {
        "type": "Point",
        "coordinates": [
          77.4609889,
          17.6922071
        ]
      },
      "id": "node/3779327575"
    },
    {
      "type": "Feature",
      "properties": {
        "@id": "node/3779534069",
        "amenity": "fuel"
      },
      "geometry": {
        "type": "Point",
        "coordinates": [
          76.9150259,
          17.8286947
        ]
      },
      "id": "node/3779534069"
    },
    {
      "type": "Feature",
      "properties": {
        "@id": "node/3779534090",
        "amenity": "fuel"
      },
      "geometry": {
        "type": "Point",
        "coordinates": [
          76.9086664,
          17.8292156
        ]
      },
      "id": "node/3779534090"
    },
    {
      "type": "Feature",
      "properties": {
        "@id": "node/3790482902",
        "amenity": "fuel",
        "name": "Mahadev Shivram & Co."
      },
      "geometry": {
        "type": "Point",
        "coordinates": [
          74.2439311,
          16.7371222
        ]
      },
      "id": "node/3790482902"
    },
    {
      "type": "Feature",
      "properties": {
        "@id": "node/3799017369",
        "amenity": "fuel"
      },
      "geometry": {
        "type": "Point",
        "coordinates": [
          76.1935407,
          14.0417162
        ]
      },
      "id": "node/3799017369"
    },
    {
      "type": "Feature",
      "properties": {
        "@id": "node/3799167848",
        "amenity": "fuel"
      },
      "geometry": {
        "type": "Point",
        "coordinates": [
          76.3744531,
          14.2127144
        ]
      },
      "id": "node/3799167848"
    },
    {
      "type": "Feature",
      "properties": {
        "@id": "node/3799239110",
        "amenity": "fuel"
      },
      "geometry": {
        "type": "Point",
        "coordinates": [
          76.3939635,
          14.2278828
        ]
      },
      "id": "node/3799239110"
    },
    {
      "type": "Feature",
      "properties": {
        "@id": "node/3799504224",
        "addr:city": "Tumakuru",
        "addr:postcode": "572106",
        "addr:street": "Oorukere",
        "amenity": "fuel",
        "brand": "Hindustan Petroleum",
        "name": "HP Petrol Bunk",
        "source": "GPS"
      },
      "geometry": {
        "type": "Point",
        "coordinates": [
          77.084916,
          13.4084404
        ]
      },
      "id": "node/3799504224"
    },
    {
      "type": "Feature",
      "properties": {
        "@id": "node/3799504227",
        "amenity": "fuel",
        "brand": "Hindustan Petroleum",
        "source": "GPS"
      },
      "geometry": {
        "type": "Point",
        "coordinates": [
          76.6245503,
          13.9361917
        ]
      },
      "id": "node/3799504227"
    },
    {
      "type": "Feature",
      "properties": {
        "@id": "node/3799504229",
        "amenity": "fuel",
        "brand": "Hindustan Petroleum",
        "source": "GPS"
      },
      "geometry": {
        "type": "Point",
        "coordinates": [
          75.981059,
          14.4193026
        ]
      },
      "id": "node/3799504229"
    },
    {
      "type": "Feature",
      "properties": {
        "@id": "node/3799504230",
        "amenity": "fuel",
        "brand": "Bharat Petroleum",
        "source": "GPS"
      },
      "geometry": {
        "type": "Point",
        "coordinates": [
          75.7795942,
          14.5269524
        ]
      },
      "id": "node/3799504230"
    },
    {
      "type": "Feature",
      "properties": {
        "@id": "node/3799504231",
        "amenity": "fuel",
        "brand": "Hindustan Petroleum",
        "source": "GPS"
      },
      "geometry": {
        "type": "Point",
        "coordinates": [
          75.7705419,
          14.5322275
        ]
      },
      "id": "node/3799504231"
    },
    {
      "type": "Feature",
      "properties": {
        "@id": "node/3799504232",
        "amenity": "fuel",
        "brand": "Bharat Petroleum",
        "source": "GPS"
      },
      "geometry": {
        "type": "Point",
        "coordinates": [
          75.5774299,
          14.6413265
        ]
      },
      "id": "node/3799504232"
    },
    {
      "type": "Feature",
      "properties": {
        "@id": "node/3799504234",
        "amenity": "fuel",
        "brand": "Hindustan Petroleum",
        "source": "GPS"
      },
      "geometry": {
        "type": "Point",
        "coordinates": [
          75.310077,
          14.8809955
        ]
      },
      "id": "node/3799504234"
    },
    {
      "type": "Feature",
      "properties": {
        "@id": "node/3799504235",
        "amenity": "fuel",
        "brand": "Indian Oil",
        "source": "GPS"
      },
      "geometry": {
        "type": "Point",
        "coordinates": [
          75.2530263,
          14.9424316
        ]
      },
      "id": "node/3799504235"
    },
    {
      "type": "Feature",
      "properties": {
        "@id": "node/3799504236",
        "amenity": "fuel",
        "brand": "Indian Oil"
      },
      "geometry": {
        "type": "Point",
        "coordinates": [
          75.1382904,
          15.2103735
        ]
      },
      "id": "node/3799504236"
    },
    {
      "type": "Feature",
      "properties": {
        "@id": "node/3799504237",
        "amenity": "fuel",
        "brand": "Bharat Petroleum",
        "brand:wikidata": "Q854826",
        "name": "Bharat Petroleum",
        "name:kn": "ಭಾರತ್ ಪೆಟ್ರೋಲಿಯಂ",
        "source": "GPS"
      },
      "geometry": {
        "type": "Point",
        "coordinates": [
          75.146835,
          15.3079278
        ]
      },
      "id": "node/3799504237"
    },
    {
      "type": "Feature",
      "properties": {
        "@id": "node/3799504238",
        "amenity": "fuel",
        "brand": "Indian Oil",
        "brand:wikidata": "Q1289348",
        "name": "Indian Oil",
        "source": "GPS"
      },
      "geometry": {
        "type": "Point",
        "coordinates": [
          74.1720658,
          15.3648452
        ]
      },
      "id": "node/3799504238"
    },
    {
      "type": "Feature",
      "properties": {
        "@id": "node/3799504239",
        "amenity": "fuel",
        "brand": "Bharat Petroleum",
        "source": "GPS"
      },
      "geometry": {
        "type": "Point",
        "coordinates": [
          74.887142,
          15.4423557
        ]
      },
      "id": "node/3799504239"
    },
    {
      "type": "Feature",
      "properties": {
        "@id": "node/3799504240",
        "amenity": "fuel",
        "brand": "Indian Oil",
        "brand:wikidata": "Q1289348",
        "name": "Indian Oil",
        "source": "GPS"
      },
      "geometry": {
        "type": "Point",
        "coordinates": [
          74.9556279,
          15.5014528
        ]
      },
      "id": "node/3799504240"
    },
    {
      "type": "Feature",
      "properties": {
        "@id": "node/3799504241",
        "amenity": "fuel",
        "brand": "Bharat Petroleum",
        "source": "GPS"
      },
      "geometry": {
        "type": "Point",
        "coordinates": [
          74.9046176,
          15.5299974
        ]
      },
      "id": "node/3799504241"
    },
    {
      "type": "Feature",
      "properties": {
        "@id": "node/3799504243",
        "amenity": "fuel",
        "brand": "Bharat Petroleum",
        "source": "GPS"
      },
      "geometry": {
        "type": "Point",
        "coordinates": [
          74.7265612,
          15.6786606
        ]
      },
      "id": "node/3799504243"
    },
    {
      "type": "Feature",
      "properties": {
        "@id": "node/3799504244",
        "amenity": "fuel",
        "brand": "Indian Oil",
        "source": "GPS"
      },
      "geometry": {
        "type": "Point",
        "coordinates": [
          74.6173482,
          15.6935525
        ]
      },
      "id": "node/3799504244"
    },
    {
      "type": "Feature",
      "properties": {
        "@id": "node/3815356344",
        "amenity": "fuel"
      },
      "geometry": {
        "type": "Point",
        "coordinates": [
          75.906927,
          14.4692053
        ]
      },
      "id": "node/3815356344"
    },
    {
      "type": "Feature",
      "properties": {
        "@id": "node/3815399570",
        "amenity": "fuel",
        "brand": "Indane",
        "fuel:lpg": "yes",
        "name": "Indane Ga s Agency"
      },
      "geometry": {
        "type": "Point",
        "coordinates": [
          75.5630089,
          11.8290654
        ]
      },
      "id": "node/3815399570"
    },
    {
      "type": "Feature",
      "properties": {
        "@id": "node/3816519240",
        "amenity": "fuel"
      },
      "geometry": {
        "type": "Point",
        "coordinates": [
          74.9009331,
          12.9162927
        ]
      },
      "id": "node/3816519240"
    },
    {
      "type": "Feature",
      "properties": {
        "@id": "node/3830615046",
        "amenity": "fuel",
        "brand": "HP",
        "fuel:diesel": "yes",
        "fuel:octane_91": "yes",
        "name": "HP Petrol Pump"
      },
      "geometry": {
        "type": "Point",
        "coordinates": [
          75.7453838,
          11.657593
        ]
      },
      "id": "node/3830615046"
    },
    {
      "type": "Feature",
      "properties": {
        "@id": "node/3830643588",
        "amenity": "fuel",
        "brand": "Essar",
        "name": "Essar Petrol Pump"
      },
      "geometry": {
        "type": "Point",
        "coordinates": [
          75.7554059,
          11.6472125
        ]
      },
      "id": "node/3830643588"
    },
    {
      "type": "Feature",
      "properties": {
        "@id": "node/3830643589",
        "amenity": "fuel",
        "brand": "Indian Oil",
        "brand:wikidata": "Q1289348",
        "brand:wikipedia": "en:Indian Oil Corporation",
        "fuel:diesel": "yes",
        "fuel:octane_91": "yes",
        "name": "Indian Oil Petrol Pump"
      },
      "geometry": {
        "type": "Point",
        "coordinates": [
          75.7540981,
          11.6553707
        ]
      },
      "id": "node/3830643589"
    },
    {
      "type": "Feature",
      "properties": {
        "@id": "node/3832399828",
        "amenity": "fuel"
      },
      "geometry": {
        "type": "Point",
        "coordinates": [
          78.3090968,
          17.1886347
        ]
      },
      "id": "node/3832399828"
    },
    {
      "type": "Feature",
      "properties": {
        "@id": "node/3838415694",
        "amenity": "fuel"
      },
      "geometry": {
        "type": "Point",
        "coordinates": [
          77.4042711,
          13.0950491
        ]
      },
      "id": "node/3838415694"
    },
    {
      "type": "Feature",
      "properties": {
        "@id": "node/3843092557",
        "amenity": "fuel"
      },
      "geometry": {
        "type": "Point",
        "coordinates": [
          75.6558875,
          14.2345132
        ]
      },
      "id": "node/3843092557"
    },
    {
      "type": "Feature",
      "properties": {
        "@id": "node/3862402110",
        "amenity": "fuel"
      },
      "geometry": {
        "type": "Point",
        "coordinates": [
          75.9948029,
          15.4855666
        ]
      },
      "id": "node/3862402110"
    },
    {
      "type": "Feature",
      "properties": {
        "@id": "node/3862493864",
        "amenity": "fuel"
      },
      "geometry": {
        "type": "Point",
        "coordinates": [
          76.0180358,
          15.6218692
        ]
      },
      "id": "node/3862493864"
    },
    {
      "type": "Feature",
      "properties": {
        "@id": "node/3862516371",
        "amenity": "fuel"
      },
      "geometry": {
        "type": "Point",
        "coordinates": [
          75.968536,
          15.7297895
        ]
      },
      "id": "node/3862516371"
    },
    {
      "type": "Feature",
      "properties": {
        "@id": "node/3872388065",
        "amenity": "fuel"
      },
      "geometry": {
        "type": "Point",
        "coordinates": [
          75.9213235,
          14.4440021
        ]
      },
      "id": "node/3872388065"
    },
    {
      "type": "Feature",
      "properties": {
        "@id": "node/3884269331",
        "amenity": "fuel"
      },
      "geometry": {
        "type": "Point",
        "coordinates": [
          76.5297212,
          17.0052213
        ]
      },
      "id": "node/3884269331"
    },
    {
      "type": "Feature",
      "properties": {
        "@id": "node/3885997816",
        "amenity": "fuel"
      },
      "geometry": {
        "type": "Point",
        "coordinates": [
          76.2083122,
          16.889322
        ]
      },
      "id": "node/3885997816"
    },
    {
      "type": "Feature",
      "properties": {
        "@id": "node/3886031348",
        "amenity": "fuel"
      },
      "geometry": {
        "type": "Point",
        "coordinates": [
          76.0595354,
          16.8174663
        ]
      },
      "id": "node/3886031348"
    },
    {
      "type": "Feature",
      "properties": {
        "@id": "node/3891581820",
        "amenity": "fuel"
      },
      "geometry": {
        "type": "Point",
        "coordinates": [
          75.7612844,
          16.8224832
        ]
      },
      "id": "node/3891581820"
    },
    {
      "type": "Feature",
      "properties": {
        "@id": "node/3891678617",
        "amenity": "fuel"
      },
      "geometry": {
        "type": "Point",
        "coordinates": [
          75.742584,
          16.7818723
        ]
      },
      "id": "node/3891678617"
    },
    {
      "type": "Feature",
      "properties": {
        "@id": "node/3891678623",
        "amenity": "fuel"
      },
      "geometry": {
        "type": "Point",
        "coordinates": [
          75.7416989,
          16.7815976
        ]
      },
      "id": "node/3891678623"
    },
    {
      "type": "Feature",
      "properties": {
        "@id": "node/3891692134",
        "amenity": "fuel"
      },
      "geometry": {
        "type": "Point",
        "coordinates": [
          75.7182188,
          16.7981373
        ]
      },
      "id": "node/3891692134"
    },
    {
      "type": "Feature",
      "properties": {
        "@id": "node/3893682131",
        "amenity": "fuel"
      },
      "geometry": {
        "type": "Point",
        "coordinates": [
          76.3127569,
          15.3721334
        ]
      },
      "id": "node/3893682131"
    },
    {
      "type": "Feature",
      "properties": {
        "@id": "node/3893687772",
        "amenity": "fuel"
      },
      "geometry": {
        "type": "Point",
        "coordinates": [
          76.3066874,
          15.3939578
        ]
      },
      "id": "node/3893687772"
    },
    {
      "type": "Feature",
      "properties": {
        "@id": "node/3894530074",
        "amenity": "fuel",
        "brand": "Hindustan Petroleum",
        "brand:wikidata": "Q1619375",
        "name": "HP",
        "official_name": "Hindustan Petroleum"
      },
      "geometry": {
        "type": "Point",
        "coordinates": [
          76.3148488,
          15.3685776
        ]
      },
      "id": "node/3894530074"
    },
    {
      "type": "Feature",
      "properties": {
        "@id": "node/3894538017",
        "amenity": "fuel"
      },
      "geometry": {
        "type": "Point",
        "coordinates": [
          76.2673395,
          15.3392366
        ]
      },
      "id": "node/3894538017"
    },
    {
      "type": "Feature",
      "properties": {
        "@id": "node/3894561799",
        "amenity": "fuel"
      },
      "geometry": {
        "type": "Point",
        "coordinates": [
          76.270349,
          15.3370585
        ]
      },
      "id": "node/3894561799"
    },
    {
      "type": "Feature",
      "properties": {
        "@id": "node/3899278612",
        "amenity": "fuel"
      },
      "geometry": {
        "type": "Point",
        "coordinates": [
          75.7534761,
          16.7424602
        ]
      },
      "id": "node/3899278612"
    },
    {
      "type": "Feature",
      "properties": {
        "@id": "node/3899300355",
        "amenity": "fuel",
        "name": "Bharat Petroleum",
        "name:kn": "ಭಾರತ್ ಪೆಟ್ರೋಲಿಯಂ"
      },
      "geometry": {
        "type": "Point",
        "coordinates": [
          75.0443562,
          15.4181818
        ]
      },
      "id": "node/3899300355"
    },
    {
      "type": "Feature",
      "properties": {
        "@id": "node/3899300394",
        "amenity": "fuel",
        "brand": "Indian Oil",
        "brand:wikidata": "Q1289348",
        "brand:wikipedia": "en:Indian Oil Corporation",
        "name": "Indian Oil",
        "name:kn": "ಇಂಡಿಯನ್ ಆಯಿಲ್",
        "operator": "Indianoil"
      },
      "geometry": {
        "type": "Point",
        "coordinates": [
          75.0484761,
          15.4168732
        ]
      },
      "id": "node/3899300394"
    },
    {
      "type": "Feature",
      "properties": {
        "@id": "node/3899300487",
        "amenity": "fuel"
      },
      "geometry": {
        "type": "Point",
        "coordinates": [
          75.8778072,
          16.500544
        ]
      },
      "id": "node/3899300487"
    },
    {
      "type": "Feature",
      "properties": {
        "@id": "node/3899315874",
        "amenity": "fuel"
      },
      "geometry": {
        "type": "Point",
        "coordinates": [
          75.9411368,
          16.3659382
        ]
      },
      "id": "node/3899315874"
    },
    {
      "type": "Feature",
      "properties": {
        "@id": "node/3899554579",
        "amenity": "fuel"
      },
      "geometry": {
        "type": "Point",
        "coordinates": [
          75.9208517,
          16.3395166
        ]
      },
      "id": "node/3899554579"
    },
    {
      "type": "Feature",
      "properties": {
        "@id": "node/3899803799",
        "amenity": "fuel"
      },
      "geometry": {
        "type": "Point",
        "coordinates": [
          76.1044753,
          15.9812701
        ]
      },
      "id": "node/3899803799"
    },
    {
      "type": "Feature",
      "properties": {
        "@id": "node/3899803803",
        "amenity": "fuel"
      },
      "geometry": {
        "type": "Point",
        "coordinates": [
          76.1030752,
          15.9815821
        ]
      },
      "id": "node/3899803803"
    },
    {
      "type": "Feature",
      "properties": {
        "@id": "node/3899803806",
        "amenity": "fuel"
      },
      "geometry": {
        "type": "Point",
        "coordinates": [
          76.0995293,
          15.9889077
        ]
      },
      "id": "node/3899803806"
    },
    {
      "type": "Feature",
      "properties": {
        "@id": "node/3899803815",
        "amenity": "fuel"
      },
      "geometry": {
        "type": "Point",
        "coordinates": [
          76.1034749,
          15.9826367
        ]
      },
      "id": "node/3899803815"
    },
    {
      "type": "Feature",
      "properties": {
        "@id": "node/3899899828",
        "amenity": "fuel"
      },
      "geometry": {
        "type": "Point",
        "coordinates": [
          75.9981606,
          16.1824833
        ]
      },
      "id": "node/3899899828"
    },
    {
      "type": "Feature",
      "properties": {
        "@id": "node/3901338734",
        "addr:city": "Dharmapuri",
        "addr:housenumber": "NH 7",
        "addr:street": "Adhiyaman Kottai, Dharmapuri Bypass",
        "amenity": "fuel",
        "brand": "Indian Oil",
        "brand:wikidata": "Q1289348",
        "brand:wikipedia": "en:Indian Oil Corporation",
        "fuel:diesel": "yes",
        "fuel:petrol": "yes",
        "name": "Shree Peroleum Agency"
      },
      "geometry": {
        "type": "Point",
        "coordinates": [
          78.1097079,
          12.0672015
        ]
      },
      "id": "node/3901338734"
    },
    {
      "type": "Feature",
      "properties": {
        "@id": "node/3901493741",
        "amenity": "fuel",
        "brand": "Indian Oil"
      },
      "geometry": {
        "type": "Point",
        "coordinates": [
          78.0533818,
          11.5809105
        ]
      },
      "id": "node/3901493741"
    },
    {
      "type": "Feature",
      "properties": {
        "@id": "node/3901493742",
        "amenity": "fuel"
      },
      "geometry": {
        "type": "Point",
        "coordinates": [
          78.1207274,
          11.6464569
        ]
      },
      "id": "node/3901493742"
    },
    {
      "type": "Feature",
      "properties": {
        "@id": "node/3901493743",
        "amenity": "fuel",
        "brand": "Indian Oil",
        "brand:wikidata": "Q1289348",
        "brand:wikipedia": "en:Indian Oil Corporation",
        "name": "Indian Oil",
        "opening_hours": "24/7"
      },
      "geometry": {
        "type": "Point",
        "coordinates": [
          78.1245407,
          11.6666076
        ]
      },
      "id": "node/3901493743"
    },
    {
      "type": "Feature",
      "properties": {
        "@id": "node/3901493744",
        "amenity": "fuel",
        "brand": "Indian Oil",
        "brand:wikidata": "Q1289348",
        "check_date": "2023-02-22",
        "fuel:diesel": "yes",
        "fuel:petrol": "yes",
        "name": "Indian Oil",
        "self_service": "no",
        "source": "survey"
      },
      "geometry": {
        "type": "Point",
        "coordinates": [
          78.1118733,
          11.6933416
        ]
      },
      "id": "node/3901493744"
    },
    {
      "type": "Feature",
      "properties": {
        "@id": "node/3901493745",
        "amenity": "fuel",
        "brand": "Indian Oil",
        "brand:wikidata": "Q1289348",
        "brand:wikipedia": "en:Indian Oil Corporation",
        "check_date": "2023-02-22",
        "fuel:diesel": "yes",
        "fuel:petrol": "yes",
        "name": "Indian Oil",
        "self_service": "no",
        "source": "survey"
      },
      "geometry": {
        "type": "Point",
        "coordinates": [
          78.0529288,
          11.7654169
        ]
      },
      "id": "node/3901493745"
    },
    {
      "type": "Feature",
      "properties": {
        "@id": "node/3901493746",
        "amenity": "fuel",
        "brand": "Bharat Petrol"
      },
      "geometry": {
        "type": "Point",
        "coordinates": [
          78.0668086,
          11.8269822
        ]
      },
      "id": "node/3901493746"
    },
    {
      "type": "Feature",
      "properties": {
        "@id": "node/3901493748",
        "amenity": "fuel",
        "brand": "Indian Oil"
      },
      "geometry": {
        "type": "Point",
        "coordinates": [
          78.0808253,
          11.8814793
        ]
      },
      "id": "node/3901493748"
    },
    {
      "type": "Feature",
      "properties": {
        "@id": "node/3901493749",
        "amenity": "fuel",
        "brand": "Bharat Petrol"
      },
      "geometry": {
        "type": "Point",
        "coordinates": [
          78.088859,
          12.0151659
        ]
      },
      "id": "node/3901493749"
    },
    {
      "type": "Feature",
      "properties": {
        "@id": "node/3902473646",
        "amenity": "fuel",
        "brand": "Indian Oil"
      },
      "geometry": {
        "type": "Point",
        "coordinates": [
          76.1927335,
          15.7667935
        ]
      },
      "id": "node/3902473646"
    },
    {
      "type": "Feature",
      "properties": {
        "@id": "node/3902473647",
        "amenity": "fuel"
      },
      "geometry": {
        "type": "Point",
        "coordinates": [
          76.1899949,
          15.7724179
        ]
      },
      "id": "node/3902473647"
    },
    {
      "type": "Feature",
      "properties": {
        "@id": "node/3902505968",
        "amenity": "fuel"
      },
      "geometry": {
        "type": "Point",
        "coordinates": [
          76.1965046,
          15.7371863
        ]
      },
      "id": "node/3902505968"
    },
    {
      "type": "Feature",
      "properties": {
        "@id": "node/3905976921",
        "amenity": "fuel"
      },
      "geometry": {
        "type": "Point",
        "coordinates": [
          76.3601282,
          15.2502178
        ]
      },
      "id": "node/3905976921"
    },
    {
      "type": "Feature",
      "properties": {
        "@id": "node/3906085939",
        "amenity": "fuel"
      },
      "geometry": {
        "type": "Point",
        "coordinates": [
          76.3174427,
          15.3053022
        ]
      },
      "id": "node/3906085939"
    },
    {
      "type": "Feature",
      "properties": {
        "@id": "node/3906127697",
        "amenity": "fuel",
        "brand": "Indian Oil"
      },
      "geometry": {
        "type": "Point",
        "coordinates": [
          76.3475425,
          15.2672582
        ]
      },
      "id": "node/3906127697"
    },
    {
      "type": "Feature",
      "properties": {
        "@id": "node/3906423862",
        "amenity": "fuel",
        "brand": "Bharat Petroleum"
      },
      "geometry": {
        "type": "Point",
        "coordinates": [
          76.3663743,
          15.1668581
        ]
      },
      "id": "node/3906423862"
    },
    {
      "type": "Feature",
      "properties": {
        "@id": "node/3907630488",
        "amenity": "fuel"
      },
      "geometry": {
        "type": "Point",
        "coordinates": [
          76.3756437,
          14.9172567
        ]
      },
      "id": "node/3907630488"
    },
    {
      "type": "Feature",
      "properties": {
        "@id": "node/3907630508",
        "amenity": "fuel"
      },
      "geometry": {
        "type": "Point",
        "coordinates": [
          76.3690079,
          14.9285049
        ]
      },
      "id": "node/3907630508"
    },
    {
      "type": "Feature",
      "properties": {
        "@id": "node/3907727401",
        "amenity": "fuel"
      },
      "geometry": {
        "type": "Point",
        "coordinates": [
          76.4214347,
          14.859376
        ]
      },
      "id": "node/3907727401"
    },
    {
      "type": "Feature",
      "properties": {
        "@id": "node/3908866572",
        "amenity": "fuel"
      },
      "geometry": {
        "type": "Point",
        "coordinates": [
          76.3722353,
          14.3694025
        ]
      },
      "id": "node/3908866572"
    },
    {
      "type": "Feature",
      "properties": {
        "@id": "node/3912110487",
        "amenity": "fuel"
      },
      "geometry": {
        "type": "Point",
        "coordinates": [
          76.6575604,
          12.2641927
        ]
      },
      "id": "node/3912110487"
    },
    {
      "type": "Feature",
      "properties": {
        "@id": "node/3913878350",
        "amenity": "fuel"
      },
      "geometry": {
        "type": "Point",
        "coordinates": [
          75.6995985,
          15.8938768
        ]
      },
      "id": "node/3913878350"
    },
    {
      "type": "Feature",
      "properties": {
        "@id": "node/3914524227",
        "amenity": "fuel"
      },
      "geometry": {
        "type": "Point",
        "coordinates": [
          75.7407709,
          16.1519739
        ]
      },
      "id": "node/3914524227"
    },
    {
      "type": "Feature",
      "properties": {
        "@id": "node/3922114936",
        "amenity": "fuel",
        "brand": "Indian Oil"
      },
      "geometry": {
        "type": "Point",
        "coordinates": [
          78.1291574,
          12.0865932
        ]
      },
      "id": "node/3922114936"
    },
    {
      "type": "Feature",
      "properties": {
        "@id": "node/3922114937",
        "amenity": "fuel",
        "brand": "Bharath Petrol"
      },
      "geometry": {
        "type": "Point",
        "coordinates": [
          78.15174,
          12.1102849
        ]
      },
      "id": "node/3922114937"
    },
    {
      "type": "Feature",
      "properties": {
        "@id": "node/3922114941",
        "amenity": "fuel",
        "brand": "Indian Oil",
        "brand:wikidata": "Q1289348",
        "brand:wikipedia": "en:Indian Oil Corporation",
        "name": "Indian Oil"
      },
      "geometry": {
        "type": "Point",
        "coordinates": [
          78.1585004,
          12.1304692
        ]
      },
      "id": "node/3922114941"
    },
    {
      "type": "Feature",
      "properties": {
        "@id": "node/3922114942",
        "amenity": "fuel",
        "brand": "Indian Oil"
      },
      "geometry": {
        "type": "Point",
        "coordinates": [
          78.190444,
          12.1370015
        ]
      },
      "id": "node/3922114942"
    },
    {
      "type": "Feature",
      "properties": {
        "@id": "node/3922114943",
        "amenity": "fuel",
        "brand": "Indian Oil"
      },
      "geometry": {
        "type": "Point",
        "coordinates": [
          78.2872273,
          12.1416285
        ]
      },
      "id": "node/3922114943"
    },
    {
      "type": "Feature",
      "properties": {
        "@id": "node/3946293403",
        "amenity": "fuel",
        "name": "IOCL petrol station"
      },
      "geometry": {
        "type": "Point",
        "coordinates": [
          77.8500177,
          12.7575738
        ]
      },
      "id": "node/3946293403"
    },
    {
      "type": "Feature",
      "properties": {
        "@id": "node/3965809902",
        "amenity": "fuel",
        "brand": "Bharat Petroleum",
        "check_date": "2023-10-08",
        "self_service": "no"
      },
      "geometry": {
        "type": "Point",
        "coordinates": [
          76.9804647,
          12.558784
        ]
      },
      "id": "node/3965809902"
    },
    {
      "type": "Feature",
      "properties": {
        "@id": "node/3969696538",
        "amenity": "fuel",
        "name": "Petrol Pump",
        "operator": "Bharath Petroleum"
      },
      "geometry": {
        "type": "Point",
        "coordinates": [
          75.1097594,
          15.3600221
        ]
      },
      "id": "node/3969696538"
    },
    {
      "type": "Feature",
      "properties": {
        "@id": "node/4014330613",
        "amenity": "fuel"
      },
      "geometry": {
        "type": "Point",
        "coordinates": [
          74.4345651,
          14.3011359
        ]
      },
      "id": "node/4014330613"
    },
    {
      "type": "Feature",
      "properties": {
        "@id": "node/4028598374",
        "amenity": "fuel",
        "brand": "Indian Oil",
        "brand:wikidata": "Q1289348",
        "brand:wikipedia": "en:Indian Oil Corporation",
        "name": "Indian Oil",
        "name:kn": "ಇಂಡಿಯನ್ ಆಯಿಲ್"
      },
      "geometry": {
        "type": "Point",
        "coordinates": [
          75.064908,
          15.4070835
        ]
      },
      "id": "node/4028598374"
    },
    {
      "type": "Feature",
      "properties": {
        "@id": "node/4045616805",
        "amenity": "fuel"
      },
      "geometry": {
        "type": "Point",
        "coordinates": [
          75.8149111,
          11.5003973
        ]
      },
      "id": "node/4045616805"
    },
    {
      "type": "Feature",
      "properties": {
        "@id": "node/4067967897",
        "amenity": "fuel",
        "brand": "Hindustan Petroleum",
        "brand:wikidata": "Q1619375",
        "brand:wikipedia": "en:Hindustan Petroleum",
        "name": "HP",
        "official_name": "Hindustan Petroleum",
        "operator": "Hindustan Petroleum",
        "source": "gps"
      },
      "geometry": {
        "type": "Point",
        "coordinates": [
          76.2769302,
          11.6688223
        ]
      },
      "id": "node/4067967897"
    },
    {
      "type": "Feature",
      "properties": {
        "@id": "node/4067967898",
        "amenity": "fuel",
        "brand": "Indian Oil"
      },
      "geometry": {
        "type": "Point",
        "coordinates": [
          76.6852107,
          11.815053
        ]
      },
      "id": "node/4067967898"
    },
    {
      "type": "Feature",
      "properties": {
        "@id": "node/4067968082",
        "amenity": "fuel",
        "brand": "Indian Oil",
        "check_date": "2023-10-08",
        "self_service": "no",
        "source": "gps"
      },
      "geometry": {
        "type": "Point",
        "coordinates": [
          76.9751756,
          12.5567514
        ]
      },
      "id": "node/4067968082"
    },
    {
      "type": "Feature",
      "properties": {
        "@id": "node/4067968083",
        "amenity": "fuel",
        "brand": "Hindustan Petroleum",
        "source": "gps"
      },
      "geometry": {
        "type": "Point",
        "coordinates": [
          77.074596,
          12.6135764
        ]
      },
      "id": "node/4067968083"
    },
    {
      "type": "Feature",
      "properties": {
        "@id": "node/4067970189",
        "amenity": "fuel",
        "brand": "Hindustan Petroleum",
        "check_date": "2023-02-12",
        "fuel:diesel": "yes",
        "fuel:petrol": "yes",
        "self_service": "no",
        "source": "survey"
      },
      "geometry": {
        "type": "Point",
        "coordinates": [
          77.2743392,
          12.7257102
        ]
      },
      "id": "node/4067970189"
    },
    {
      "type": "Feature",
      "properties": {
        "@id": "node/4067971615",
        "amenity": "fuel",
        "brand": "Bharat Petroleum",
        "brand:wikidata": "Q854826",
        "brand:wikipedia": "en:Bharat Petroleum",
        "name": "Bharat Petroleum",
        "source": "gps"
      },
      "geometry": {
        "type": "Point",
        "coordinates": [
          76.0776488,
          11.5956394
        ]
      },
      "id": "node/4067971615"
    },
    {
      "type": "Feature",
      "properties": {
        "@id": "node/4067978661",
        "amenity": "fuel",
        "brand": "Indian Oil",
        "brand:wikidata": "Q1289348",
        "brand:wikipedia": "en:Indian Oil Corporation",
        "name": "Indian Oil-Kakkodan Filling Station",
        "operator": "Indian Oil",
        "source": "gps"
      },
      "geometry": {
        "type": "Point",
        "coordinates": [
          76.2586059,
          11.6633028
        ]
      },
      "id": "node/4067978661"
    },
    {
      "type": "Feature",
      "properties": {
        "@id": "node/4067978666",
        "amenity": "fuel",
        "brand": "Hindustan Petroleum"
      },
      "geometry": {
        "type": "Point",
        "coordinates": [
          76.82374,
          12.5007076
        ]
      },
      "id": "node/4067978666"
    },
    {
      "type": "Feature",
      "properties": {
        "@id": "node/4067978667",
        "amenity": "fuel",
        "brand": "Bharat Petroleum"
      },
      "geometry": {
        "type": "Point",
        "coordinates": [
          76.8694234,
          12.5221952
        ]
      },
      "id": "node/4067978667"
    },
    {
      "type": "Feature",
      "properties": {
        "@id": "node/4067978668",
        "amenity": "fuel",
        "brand": "Hindustan Petroleum",
        "source": "gps"
      },
      "geometry": {
        "type": "Point",
        "coordinates": [
          76.9101434,
          12.5322549
        ]
      },
      "id": "node/4067978668"
    },
    {
      "type": "Feature",
      "properties": {
        "@id": "node/4067978669",
        "amenity": "fuel",
        "brand": "Indian Oil",
        "source": "gps"
      },
      "geometry": {
        "type": "Point",
        "coordinates": [
          76.9153334,
          12.5362792
        ]
      },
      "id": "node/4067978669"
    },
    {
      "type": "Feature",
      "properties": {
        "@id": "node/4101097390",
        "addr:street": "Mysore Road",
        "amenity": "fuel",
        "brand": "Shell",
        "brand:wikidata": "Q110716465",
        "name": "Shell",
        "name:kn": "ಶೆಲ್"
      },
      "geometry": {
        "type": "Point",
        "coordinates": [
          77.5491868,
          12.9569629
        ]
      },
      "id": "node/4101097390"
    },
    {
      "type": "Feature",
      "properties": {
        "@id": "node/4109185380",
        "amenity": "fuel",
        "brand": "Indian Oil",
        "brand:wikidata": "Q1289348",
        "brand:wikipedia": "en:Indian Oil Corporation",
        "ele": "741",
        "name": "Indian Oil"
      },
      "geometry": {
        "type": "Point",
        "coordinates": [
          76.0660574,
          11.8487263
        ]
      },
      "id": "node/4109185380"
    },
    {
      "type": "Feature",
      "properties": {
        "@id": "node/4117105615",
        "amenity": "fuel",
        "brand": "Indian Oil",
        "source": "gps"
      },
      "geometry": {
        "type": "Point",
        "coordinates": [
          76.4847115,
          13.2599487
        ]
      },
      "id": "node/4117105615"
    },
    {
      "type": "Feature",
      "properties": {
        "@id": "node/4117105617",
        "amenity": "fuel",
        "brand": "Hindustan Petroleum",
        "source": "gps"
      },
      "geometry": {
        "type": "Point",
        "coordinates": [
          76.2483278,
          13.3257255
        ]
      },
      "id": "node/4117105617"
    },
    {
      "type": "Feature",
      "properties": {
        "@id": "node/4117105618",
        "amenity": "fuel",
        "brand": "Indian Oil",
        "source": "gps"
      },
      "geometry": {
        "type": "Point",
        "coordinates": [
          76.2479147,
          13.3263623
        ]
      },
      "id": "node/4117105618"
    },
    {
      "type": "Feature",
      "properties": {
        "@id": "node/4117105619",
        "amenity": "fuel",
        "brand": "Indian Oil",
        "source": "gps"
      },
      "geometry": {
        "type": "Point",
        "coordinates": [
          76.7361667,
          13.3277104
        ]
      },
      "id": "node/4117105619"
    },
    {
      "type": "Feature",
      "properties": {
        "@id": "node/4117105621",
        "amenity": "fuel",
        "brand": "Indian Oil",
        "source": "gps"
      },
      "geometry": {
        "type": "Point",
        "coordinates": [
          76.2368519,
          13.3389813
        ]
      },
      "id": "node/4117105621"
    },
    {
      "type": "Feature",
      "properties": {
        "@id": "node/4117105622",
        "amenity": "fuel",
        "brand": "Indian Oil",
        "source": "gps"
      },
      "geometry": {
        "type": "Point",
        "coordinates": [
          76.1600455,
          13.41687
        ]
      },
      "id": "node/4117105622"
    },
    {
      "type": "Feature",
      "properties": {
        "@id": "node/4117105623",
        "amenity": "fuel",
        "brand": "Hindustan Petroleum",
        "source": "gps"
      },
      "geometry": {
        "type": "Point",
        "coordinates": [
          76.0153041,
          13.5535885
        ]
      },
      "id": "node/4117105623"
    },
    {
      "type": "Feature",
      "properties": {
        "@id": "node/4117105624",
        "amenity": "fuel",
        "brand": "Indian Oil",
        "check_date": "2025-11-11",
        "note": "Nitrogen Air for tyre available here",
        "source": "gps"
      },
      "geometry": {
        "type": "Point",
        "coordinates": [
          76.0118024,
          13.5579639
        ]
      },
      "id": "node/4117105624"
    },
    {
      "type": "Feature",
      "properties": {
        "@id": "node/4117105625",
        "amenity": "fuel",
        "brand": "Indian Oil"
      },
      "geometry": {
        "type": "Point",
        "coordinates": [
          75.7487109,
          13.7660616
        ]
      },
      "id": "node/4117105625"
    },
    {
      "type": "Feature",
      "properties": {
        "@id": "node/4117117012",
        "amenity": "fuel",
        "brand": "Hindustan Petroleum",
        "source": "gps"
      },
      "geometry": {
        "type": "Point",
        "coordinates": [
          76.4882992,
          13.2616717
        ]
      },
      "id": "node/4117117012"
    },
    {
      "type": "Feature",
      "properties": {
        "@id": "node/4117117013",
        "amenity": "fuel",
        "brand": "Bharat Petroleum",
        "source": "gps"
      },
      "geometry": {
        "type": "Point",
        "coordinates": [
          76.6555966,
          13.3113113
        ]
      },
      "id": "node/4117117013"
    },
    {
      "type": "Feature",
      "properties": {
        "@id": "node/4117117014",
        "amenity": "fuel",
        "brand": "Bharat Petroleum",
        "source": "gps"
      },
      "geometry": {
        "type": "Point",
        "coordinates": [
          76.6624081,
          13.312683
        ]
      },
      "id": "node/4117117014"
    },
    {
      "type": "Feature",
      "properties": {
        "@id": "node/4117117015",
        "amenity": "fuel",
        "brand": "Hindustan Petroleum",
        "source": "gps"
      },
      "geometry": {
        "type": "Point",
        "coordinates": [
          76.2489952,
          13.3239128
        ]
      },
      "id": "node/4117117015"
    },
    {
      "type": "Feature",
      "properties": {
        "@id": "node/4130692841",
        "amenity": "fuel",
        "brand": "Indian Oil",
        "source": "gps"
      },
      "geometry": {
        "type": "Point",
        "coordinates": [
          77.0936765,
          13.3440623
        ]
      },
      "id": "node/4130692841"
    },
    {
      "type": "Feature",
      "properties": {
        "@id": "node/4130913293",
        "amenity": "fuel",
        "brand": "Bharat Petroleum",
        "brand:wikidata": "Q854826",
        "compressed_air": "no",
        "name": "Bharat Petroleum",
        "name:kn": "ಭಾರತ್ ಪೆಟ್ರೋಲಿಯಂ"
      },
      "geometry": {
        "type": "Point",
        "coordinates": [
          77.5570381,
          12.9602862
        ]
      },
      "id": "node/4130913293"
    },
    {
      "type": "Feature",
      "properties": {
        "@id": "node/4146534519",
        "addr:street": "Pollibetta Road",
        "amenity": "fuel",
        "name": "Pollibetta Petrol Bunk"
      },
      "geometry": {
        "type": "Point",
        "coordinates": [
          75.9131547,
          12.2390405
        ]
      },
      "id": "node/4146534519"
    },
    {
      "type": "Feature",
      "properties": {
        "@id": "node/4152647606",
        "amenity": "fuel",
        "brand": "Bharat Petroleum",
        "brand:wikidata": "Q854826",
        "name": "Bharat Petroleum",
        "name:kn": "ಭಾರತ ಪೆಟ್ರೋಲಿಯಂ"
      },
      "geometry": {
        "type": "Point",
        "coordinates": [
          77.1102021,
          13.3433478
        ]
      },
      "id": "node/4152647606"
    },
    {
      "type": "Feature",
      "properties": {
        "@id": "node/4187284391",
        "amenity": "fuel",
        "brand": "Indian Oil",
        "brand:wikidata": "Q1289348",
        "brand:wikipedia": "en:Indian Oil Corporation",
        "name": "Indian Oil"
      },
      "geometry": {
        "type": "Point",
        "coordinates": [
          78.4709627,
          17.3987617
        ]
      },
      "id": "node/4187284391"
    },
    {
      "type": "Feature",
      "properties": {
        "@id": "node/4187308293",
        "amenity": "fuel",
        "name": "HP"
      },
      "geometry": {
        "type": "Point",
        "coordinates": [
          78.467487,
          17.3909412
        ]
      },
      "id": "node/4187308293"
    },
    {
      "type": "Feature",
      "properties": {
        "@id": "node/4187311991",
        "amenity": "fuel",
        "name": "Bharat Petroleum"
      },
      "geometry": {
        "type": "Point",
        "coordinates": [
          78.4739624,
          17.3573187
        ]
      },
      "id": "node/4187311991"
    },
    {
      "type": "Feature",
      "properties": {
        "@id": "node/4187312990",
        "amenity": "fuel",
        "brand": "Indian Oil",
        "brand:wikidata": "Q1289348",
        "brand:wikipedia": "en:Indian Oil Corporation",
        "name": "Indian Oil"
      },
      "geometry": {
        "type": "Point",
        "coordinates": [
          78.4736129,
          17.3575695
        ]
      },
      "id": "node/4187312990"
    },
    {
      "type": "Feature",
      "properties": {
        "@id": "node/4187313289",
        "amenity": "fuel",
        "name": "Bharat Petroleum"
      },
      "geometry": {
        "type": "Point",
        "coordinates": [
          78.4800241,
          17.3630312
        ]
      },
      "id": "node/4187313289"
    },
    {
      "type": "Feature",
      "properties": {
        "@id": "node/4209992496",
        "amenity": "fuel",
        "name": "ESSAR Gas Station"
      },
      "geometry": {
        "type": "Point",
        "coordinates": [
          78.5441289,
          17.3725366
        ]
      },
      "id": "node/4209992496"
    },
    {
      "type": "Feature",
      "properties": {
        "@id": "node/4250338892",
        "amenity": "fuel",
        "name": "HP Petrol Pump"
      },
      "geometry": {
        "type": "Point",
        "coordinates": [
          74.22719,
          15.375769
        ]
      },
      "id": "node/4250338892"
    },
    {
      "type": "Feature",
      "properties": {
        "@id": "node/4281473491",
        "amenity": "fuel",
        "name": "Ponda Petrol Pump"
      },
      "geometry": {
        "type": "Point",
        "coordinates": [
          74.00435,
          15.400272
        ]
      },
      "id": "node/4281473491"
    },
    {
      "type": "Feature",
      "properties": {
        "@id": "node/4281498590",
        "addr:postcode": "403505",
        "addr:street": "Hathkhamba-Goa Rd.",
        "amenity": "fuel",
        "name": "HP PETROL PUMP - HARE KRISHNA PETROLEUM",
        "name:en": "Hare Krishna Petrol Pump (HP)",
        "phone": "+91-91585 59144"
      },
      "geometry": {
        "type": "Point",
        "coordinates": [
          74.0164079,
          15.5719426
        ]
      },
      "id": "node/4281498590"
    },
    {
      "type": "Feature",
      "properties": {
        "@id": "node/4281500502",
        "amenity": "fuel",
        "name": "Petrol Pump Bhamai"
      },
      "geometry": {
        "type": "Point",
        "coordinates": [
          74.052,
          15.445948
        ]
      },
      "id": "node/4281500502"
    },
    {
      "type": "Feature",
      "properties": {
        "@id": "node/4281503405",
        "amenity": "fuel",
        "name": "Petrol bunk"
      },
      "geometry": {
        "type": "Point",
        "coordinates": [
          74.059586,
          14.941468
        ]
      },
      "id": "node/4281503405"
    },
    {
      "type": "Feature",
      "properties": {
        "@id": "node/4281504692",
        "amenity": "fuel",
        "name": "Hindustan Petroleum"
      },
      "geometry": {
        "type": "Point",
        "coordinates": [
          74.1367738,
          15.3024933
        ]
      },
      "id": "node/4281504692"
    },
    {
      "type": "Feature",
      "properties": {
        "@id": "node/4281504699",
        "amenity": "fuel",
        "brand": "Hindustan Petroleum",
        "brand:wikidata": "Q1619375",
        "name": "HP Petrol Pump - Ambabhavani Petroleum",
        "official_name": "Hindustan Petroleum"
      },
      "geometry": {
        "type": "Point",
        "coordinates": [
          74.18153,
          15.360885
        ]
      },
      "id": "node/4281504699"
    },
    {
      "type": "Feature",
      "properties": {
        "@id": "node/4281506590",
        "amenity": "fuel",
        "name": "Quepem Petrol pump"
      },
      "geometry": {
        "type": "Point",
        "coordinates": [
          74.0705247,
          15.2145298
        ]
      },
      "id": "node/4281506590"
    },
    {
      "type": "Feature",
      "properties": {
        "@id": "node/4281507590",
        "amenity": "fuel",
        "fuel:diesel": "yes",
        "fuel:petrol": "yes"
      },
      "geometry": {
        "type": "Point",
        "coordinates": [
          74.1128956,
          15.2690158
        ]
      },
      "id": "node/4281507590"
    },
    {
      "type": "Feature",
      "properties": {
        "@id": "node/4281508814",
        "amenity": "fuel",
        "name": "United service centre"
      },
      "geometry": {
        "type": "Point",
        "coordinates": [
          74.10695,
          15.261509
        ]
      },
      "id": "node/4281508814"
    },
    {
      "type": "Feature",
      "properties": {
        "@id": "node/4281514900",
        "amenity": "fuel",
        "brand": "Hindustan Petroleum",
        "brand:wikidata": "Q1619375",
        "fuel:diesel": "yes",
        "fuel:petrol": "yes",
        "name": "HP PETROL PUMP - M.C.NATH S.CHANEKAR SANQUELIM",
        "official_name": "Hindustan Petroleum"
      },
      "geometry": {
        "type": "Point",
        "coordinates": [
          74.01072,
          15.56324
        ]
      },
      "id": "node/4281514900"
    },
    {
      "type": "Feature",
      "properties": {
        "@id": "node/4281514901",
        "amenity": "fuel",
        "name": "saidatta petroleum indian oil pump"
      },
      "geometry": {
        "type": "Point",
        "coordinates": [
          74.078865,
          15.431032
        ]
      },
      "id": "node/4281514901"
    },
    {
      "type": "Feature",
      "properties": {
        "@id": "node/4281514998",
        "amenity": "fuel"
      },
      "geometry": {
        "type": "Point",
        "coordinates": [
          74.09566,
          15.403143
        ]
      },
      "id": "node/4281514998"
    },
    {
      "type": "Feature",
      "properties": {
        "@id": "node/4281514999",
        "amenity": "fuel",
        "name": "Signals Gas Agency"
      },
      "geometry": {
        "type": "Point",
        "coordinates": [
          74.012856,
          15.400763
        ]
      },
      "id": "node/4281514999"
    },
    {
      "type": "Feature",
      "properties": {
        "@id": "node/4281515505",
        "amenity": "fuel",
        "name": "Patil petrol pump"
      },
      "geometry": {
        "type": "Point",
        "coordinates": [
          74.13148,
          15.509307
        ]
      },
      "id": "node/4281515505"
    },
    {
      "type": "Feature",
      "properties": {
        "@id": "node/4281515594",
        "amenity": "fuel",
        "fuel:diesel": "yes",
        "fuel:petrol": "yes",
        "name": "Siya Petroleum Pump"
      },
      "geometry": {
        "type": "Point",
        "coordinates": [
          74.0151893,
          15.5540931
        ]
      },
      "id": "node/4281515594"
    },
    {
      "type": "Feature",
      "properties": {
        "@id": "node/4281516091",
        "amenity": "fuel",
        "name": "Nuha petrol pump"
      },
      "geometry": {
        "type": "Point",
        "coordinates": [
          74.12321,
          15.525969
        ]
      },
      "id": "node/4281516091"
    },
    {
      "type": "Feature",
      "properties": {
        "@id": "node/4290164192",
        "amenity": "fuel",
        "name": "Tisk"
      },
      "geometry": {
        "type": "Point",
        "coordinates": [
          74.081528,
          15.419188
        ]
      },
      "id": "node/4290164192"
    },
    {
      "type": "Feature",
      "properties": {
        "@id": "node/4290182892",
        "amenity": "fuel",
        "name": "Tisca"
      },
      "geometry": {
        "type": "Point",
        "coordinates": [
          74.083476,
          15.415272
        ]
      },
      "id": "node/4290182892"
    },
    {
      "type": "Feature",
      "properties": {
        "@id": "node/4290625698",
        "amenity": "fuel",
        "brand": "Bharat Petroleum",
        "brand:wikidata": "Q854826",
        "name": "Bharat Petroleum Petrol Bunk"
      },
      "geometry": {
        "type": "Point",
        "coordinates": [
          74.0045,
          15.350499
        ]
      },
      "id": "node/4290625698"
    },
    {
      "type": "Feature",
      "properties": {
        "@id": "node/4294104492",
        "amenity": "fuel",
        "name": "HP PETROL PUMP - SAHAKARI PETROLEUM"
      },
      "geometry": {
        "type": "Point",
        "coordinates": [
          74.025795,
          15.409597
        ]
      },
      "id": "node/4294104492"
    },
    {
      "type": "Feature",
      "properties": {
        "@id": "node/4294195989",
        "amenity": "fuel",
        "name": "HP PETROL PUMP -  SHAMSUNDAR PETRO"
      },
      "geometry": {
        "type": "Point",
        "coordinates": [
          74.005994,
          15.381341
        ]
      },
      "id": "node/4294195989"
    },
    {
      "type": "Feature",
      "properties": {
        "@id": "node/4299406996",
        "amenity": "fuel",
        "brand": "Indian Oil",
        "brand:wikidata": "Q1289348",
        "name": "Indian Oil",
        "operator": "IOC"
      },
      "geometry": {
        "type": "Point",
        "coordinates": [
          78.206124,
          11.6632682
        ]
      },
      "id": "node/4299406996"
    },
    {
      "type": "Feature",
      "properties": {
        "@id": "node/4299433490",
        "amenity": "fuel",
        "brand": "Indian Oil Petrol Pump",
        "brand:wikidata": "Q1289348",
        "name": "Indian Oil Petrol Pump"
      },
      "geometry": {
        "type": "Point",
        "coordinates": [
          78.1591338,
          11.6599692
        ]
      },
      "id": "node/4299433490"
    },
    {
      "type": "Feature",
      "properties": {
        "@id": "node/4300728490",
        "amenity": "fuel"
      },
      "geometry": {
        "type": "Point",
        "coordinates": [
          78.1596744,
          11.6754118
        ]
      },
      "id": "node/4300728490"
    },
    {
      "type": "Feature",
      "properties": {
        "@id": "node/4302896521",
        "amenity": "fuel"
      },
      "geometry": {
        "type": "Point",
        "coordinates": [
          78.17089,
          11.6612909
        ]
      },
      "id": "node/4302896521"
    },
    {
      "type": "Feature",
      "properties": {
        "@id": "node/4302900018",
        "amenity": "fuel"
      },
      "geometry": {
        "type": "Point",
        "coordinates": [
          78.1507414,
          11.6676535
        ]
      },
      "id": "node/4302900018"
    },
    {
      "type": "Feature",
      "properties": {
        "@id": "node/4302900498",
        "amenity": "fuel"
      },
      "geometry": {
        "type": "Point",
        "coordinates": [
          78.1478803,
          11.6631789
        ]
      },
      "id": "node/4302900498"
    },
    {
      "type": "Feature",
      "properties": {
        "@id": "node/4305430489",
        "amenity": "fuel",
        "brand": "Bharat Petroleum",
        "check_date": "2025-02-07"
      },
      "geometry": {
        "type": "Point",
        "coordinates": [
          78.175592,
          11.6578489
        ]
      },
      "id": "node/4305430489"
    },
    {
      "type": "Feature",
      "properties": {
        "@id": "node/4305461794",
        "amenity": "fuel",
        "compressed_air": "yes"
      },
      "geometry": {
        "type": "Point",
        "coordinates": [
          78.1603653,
          11.6519289
        ]
      },
      "id": "node/4305461794"
    },
    {
      "type": "Feature",
      "properties": {
        "@id": "node/4305487189",
        "amenity": "fuel",
        "brand": "HP",
        "check_date": "2025-02-07"
      },
      "geometry": {
        "type": "Point",
        "coordinates": [
          78.1921671,
          11.6606638
        ]
      },
      "id": "node/4305487189"
    },
    {
      "type": "Feature",
      "properties": {
        "@id": "node/4306486004",
        "amenity": "fuel",
        "brand": "Indian Oil",
        "brand:wikidata": "Q1289348",
        "brand:wikipedia": "en:Indian Oil Corporation",
        "name": "Indian Oil"
      },
      "geometry": {
        "type": "Point",
        "coordinates": [
          78.227891,
          11.6708293
        ]
      },
      "id": "node/4306486004"
    },
    {
      "type": "Feature",
      "properties": {
        "@id": "node/4307551989",
        "amenity": "fuel"
      },
      "geometry": {
        "type": "Point",
        "coordinates": [
          78.1267198,
          11.6320123
        ]
      },
      "id": "node/4307551989"
    },
    {
      "type": "Feature",
      "properties": {
        "@id": "node/4323064894",
        "amenity": "fuel",
        "name": "Mestri Petrol Pump"
      },
      "geometry": {
        "type": "Point",
        "coordinates": [
          74.6000065,
          16.7455675
        ]
      },
      "id": "node/4323064894"
    },
    {
      "type": "Feature",
      "properties": {
        "@id": "node/4323680398",
        "amenity": "fuel"
      },
      "geometry": {
        "type": "Point",
        "coordinates": [
          74.3059055,
          14.6615358
        ]
      },
      "id": "node/4323680398"
    },
    {
      "type": "Feature",
      "properties": {
        "@id": "node/4323696595",
        "amenity": "fuel"
      },
      "geometry": {
        "type": "Point",
        "coordinates": [
          74.1331081,
          14.7850155
        ]
      },
      "id": "node/4323696595"
    },
    {
      "type": "Feature",
      "properties": {
        "@id": "node/4336522362",
        "amenity": "fuel",
        "name": "Petrol Bunk"
      },
      "geometry": {
        "type": "Point",
        "coordinates": [
          78.2350077,
          11.6707878
        ]
      },
      "id": "node/4336522362"
    },
    {
      "type": "Feature",
      "properties": {
        "@id": "node/4338450989",
        "amenity": "fuel",
        "name": "Petrol bunk"
      },
      "geometry": {
        "type": "Point",
        "coordinates": [
          78.3344876,
          18.3206632
        ]
      },
      "id": "node/4338450989"
    },
    {
      "type": "Feature",
      "properties": {
        "@id": "node/4349391290",
        "amenity": "fuel",
        "brand": "Indian Oil",
        "brand:wikidata": "Q1289348",
        "brand:wikipedia": "en:Indian Oil Corporation",
        "name": "Indianoil"
      },
      "geometry": {
        "type": "Point",
        "coordinates": [
          77.636936,
          13.0047906
        ]
      },
      "id": "node/4349391290"
    },
    {
      "type": "Feature",
      "properties": {
        "@id": "node/4355130518",
        "amenity": "fuel"
      },
      "geometry": {
        "type": "Point",
        "coordinates": [
          78.4033308,
          12.1159582
        ]
      },
      "id": "node/4355130518"
    },
    {
      "type": "Feature",
      "properties": {
        "@id": "node/4376816575",
        "amenity": "fuel"
      },
      "geometry": {
        "type": "Point",
        "coordinates": [
          74.4525324,
          14.2825739
        ]
      },
      "id": "node/4376816575"
    },
    {
      "type": "Feature",
      "properties": {
        "@id": "node/4397031490",
        "amenity": "fuel",
        "name": "Reliance Petroleum",
        "name:en": "Reliance Petroleum"
      },
      "geometry": {
        "type": "Point",
        "coordinates": [
          74.03373,
          15.18076
        ]
      },
      "id": "node/4397031490"
    },
    {
      "type": "Feature",
      "properties": {
        "@id": "node/4403981682",
        "amenity": "fuel"
      },
      "geometry": {
        "type": "Point",
        "coordinates": [
          74.4447102,
          16.695984
        ]
      },
      "id": "node/4403981682"
    },
    {
      "type": "Feature",
      "properties": {
        "@id": "node/4411033053",
        "amenity": "fuel",
        "name": "HP Petrol Pump"
      },
      "geometry": {
        "type": "Point",
        "coordinates": [
          75.8975023,
          17.634403
        ]
      },
      "id": "node/4411033053"
    },
    {
      "type": "Feature",
      "properties": {
        "@id": "node/4411092672",
        "amenity": "fuel",
        "name": "Bharat Petrol Pump"
      },
      "geometry": {
        "type": "Point",
        "coordinates": [
          75.9103073,
          17.6324993
        ]
      },
      "id": "node/4411092672"
    },
    {
      "type": "Feature",
      "properties": {
        "@id": "node/4412722722",
        "amenity": "fuel",
        "name": "Bharat Petrol Pump"
      },
      "geometry": {
        "type": "Point",
        "coordinates": [
          75.9339608,
          17.6216057
        ]
      },
      "id": "node/4412722722"
    },
    {
      "type": "Feature",
      "properties": {
        "@id": "node/4412724390",
        "amenity": "fuel",
        "name": "Petorl Pump"
      },
      "geometry": {
        "type": "Point",
        "coordinates": [
          75.9498651,
          17.6040785
        ]
      },
      "id": "node/4412724390"
    },
    {
      "type": "Feature",
      "properties": {
        "@id": "node/4412991621",
        "amenity": "fuel",
        "name": "Essar Petrol Pump"
      },
      "geometry": {
        "type": "Point",
        "coordinates": [
          75.9184272,
          17.6392063
        ]
      },
      "id": "node/4412991621"
    },
    {
      "type": "Feature",
      "properties": {
        "@id": "node/4413121633",
        "amenity": "fuel",
        "name": "Petrol Pump"
      },
      "geometry": {
        "type": "Point",
        "coordinates": [
          75.9040704,
          17.658677
        ]
      },
      "id": "node/4413121633"
    },
    {
      "type": "Feature",
      "properties": {
        "@id": "node/4415288812",
        "amenity": "fuel",
        "name": "petrol bunk",
        "name:en": "petrol bunk"
      },
      "geometry": {
        "type": "Point",
        "coordinates": [
          78.4920506,
          17.3994754
        ]
      },
      "id": "node/4415288812"
    },
    {
      "type": "Feature",
      "properties": {
        "@id": "node/4415337591",
        "amenity": "fuel"
      },
      "geometry": {
        "type": "Point",
        "coordinates": [
          78.4882961,
          17.4005718
        ]
      },
      "id": "node/4415337591"
    },
    {
      "type": "Feature",
      "properties": {
        "@id": "node/4416333791",
        "amenity": "fuel",
        "check_date": "2026-02-09",
        "name": "HP",
        "name:en": "petrol bunk"
      },
      "geometry": {
        "type": "Point",
        "coordinates": [
          78.4929081,
          17.432773
        ]
      },
      "id": "node/4416333791"
    },
    {
      "type": "Feature",
      "properties": {
        "@id": "node/4432585388",
        "amenity": "fuel",
        "name": "SMSMPCSFL Petrol Pump"
      },
      "geometry": {
        "type": "Point",
        "coordinates": [
          75.0212592,
          17.8852791
        ]
      },
      "id": "node/4432585388"
    },
    {
      "type": "Feature",
      "properties": {
        "@id": "node/4432620534",
        "amenity": "fuel",
        "name": "HP PETROL PUMP - SONAJ & COMPANY"
      },
      "geometry": {
        "type": "Point",
        "coordinates": [
          75.0142675,
          17.8957933
        ]
      },
      "id": "node/4432620534"
    },
    {
      "type": "Feature",
      "properties": {
        "@id": "node/4435087118",
        "amenity": "fuel",
        "name": "Prasanna Petrol Bunk"
      },
      "geometry": {
        "type": "Point",
        "coordinates": [
          78.0570953,
          11.6714313
        ]
      },
      "id": "node/4435087118"
    },
    {
      "type": "Feature",
      "properties": {
        "@id": "node/4436525192",
        "amenity": "fuel"
      },
      "geometry": {
        "type": "Point",
        "coordinates": [
          78.492022,
          17.3994358
        ]
      },
      "id": "node/4436525192"
    },
    {
      "type": "Feature",
      "properties": {
        "@id": "node/4436525398",
        "amenity": "fuel",
        "brand": "Bharat Petroleum",
        "brand:wikidata": "Q854826",
        "name": "Bharat Petroleum"
      },
      "geometry": {
        "type": "Point",
        "coordinates": [
          78.4979738,
          17.4092721
        ]
      },
      "id": "node/4436525398"
    },
    {
      "type": "Feature",
      "properties": {
        "@id": "node/4496500496",
        "amenity": "fuel",
        "name": "Fuel Station Kirloskarwadi"
      },
      "geometry": {
        "type": "Point",
        "coordinates": [
          74.1946556,
          17.2993325
        ]
      },
      "id": "node/4496500496"
    },
    {
      "type": "Feature",
      "properties": {
        "@id": "node/4505819947",
        "amenity": "fuel"
      },
      "geometry": {
        "type": "Point",
        "coordinates": [
          74.3359048,
          16.2095673
        ]
      },
      "id": "node/4505819947"
    },
    {
      "type": "Feature",
      "properties": {
        "@id": "node/4516393391",
        "amenity": "fuel",
        "name:en": "Indian Oil Petrol Station",
        "opening_hours": "24/7"
      },
      "geometry": {
        "type": "Point",
        "coordinates": [
          78.156436,
          11.6255783
        ]
      },
      "id": "node/4516393391"
    },
    {
      "type": "Feature",
      "properties": {
        "@id": "node/4516480291",
        "amenity": "fuel",
        "name:en": "Bharat Petroleum Petrol Station",
        "opening_hours": "24/7"
      },
      "geometry": {
        "type": "Point",
        "coordinates": [
          78.1588874,
          11.6267685
        ]
      },
      "id": "node/4516480291"
    },
    {
      "type": "Feature",
      "properties": {
        "@id": "node/4516854589",
        "addr:postcode": "560091",
        "addr:street": "Magadi Road",
        "amenity": "fuel",
        "brand": "Shell",
        "brand:wikidata": "Q110716465",
        "name": "Shell gas station",
        "name:en": "Shell gas station"
      },
      "geometry": {
        "type": "Point",
        "coordinates": [
          77.480059,
          12.9856793
        ]
      },
      "id": "node/4516854589"
    },
    {
      "type": "Feature",
      "properties": {
        "@id": "node/4517068292",
        "amenity": "fuel",
        "name": "ಹೆಚ್ ಪಿ",
        "name:en": "HP",
        "name:kn": "ಹೆಚ್ ಪಿ"
      },
      "geometry": {
        "type": "Point",
        "coordinates": [
          76.8984836,
          13.7445515
        ]
      },
      "id": "node/4517068292"
    },
    {
      "type": "Feature",
      "properties": {
        "@id": "node/4517326091",
        "amenity": "fuel",
        "opening_hours": "24/7"
      },
      "geometry": {
        "type": "Point",
        "coordinates": [
          78.1463114,
          11.6203217
        ]
      },
      "id": "node/4517326091"
    },
    {
      "type": "Feature",
      "properties": {
        "@id": "node/4517326292",
        "addr:city": "Salem",
        "addr:housenumber": "3/53-1",
        "addr:postcode": "636201",
        "addr:street": "Varanasi - Kanniyakumari Road (Old NH7)",
        "amenity": "fuel",
        "brand": "Bharat Petroleum",
        "brand:wikidata": "Q854826",
        "fuel:diesel": "yes",
        "fuel:gasoline": "yes",
        "fuel:octane_92": "yes",
        "name": "Sowdambiga Fuels",
        "opening_hours": "05:00-22:00",
        "operator": "Obli Nishanth",
        "self_service": "no"
      },
      "geometry": {
        "type": "Point",
        "coordinates": [
          78.1478332,
          11.6274527
        ]
      },
      "id": "node/4517326292"
    },
    {
      "type": "Feature",
      "properties": {
        "@id": "node/4518422189",
        "addr:street": "Magadi Road",
        "amenity": "fuel",
        "brand": "Total",
        "brand:wikidata": "Q154037",
        "name": "Total Gas Station",
        "name:en": "Total Gas Station"
      },
      "geometry": {
        "type": "Point",
        "coordinates": [
          77.5500149,
          12.9740504
        ]
      },
      "id": "node/4518422189"
    },
    {
      "type": "Feature",
      "properties": {
        "@id": "node/4518518598",
        "addr:street": "Magadi Road",
        "amenity": "fuel",
        "brand": "Hindustan Petroleum",
        "brand:wikidata": "Q1619375",
        "name": "HP petrol pump",
        "name:en": "HP petrol pump",
        "official_name": "Hindustan Petroleum"
      },
      "geometry": {
        "type": "Point",
        "coordinates": [
          77.4792481,
          12.9858493
        ]
      },
      "id": "node/4518518598"
    },
    {
      "type": "Feature",
      "properties": {
        "@id": "node/4518518599",
        "addr:street": "Magadi Road",
        "amenity": "fuel",
        "name": "Petronas CNG Gas station",
        "name:en": "Petronas CNG Gas station"
      },
      "geometry": {
        "type": "Point",
        "coordinates": [
          77.4797543,
          12.98575
        ]
      },
      "id": "node/4518518599"
    },
    {
      "type": "Feature",
      "properties": {
        "@id": "node/4523818770",
        "amenity": "fuel",
        "brand": "Bharat Petroleum",
        "brand:wikidata": "Q854826",
        "name": "Bharat Petroleum",
        "source": "PMGSY"
      },
      "geometry": {
        "type": "Point",
        "coordinates": [
          78.1475117,
          15.4497013
        ]
      },
      "id": "node/4523818770"
    },
    {
      "type": "Feature",
      "properties": {
        "@id": "node/4528188656",
        "amenity": "fuel",
        "name": "Warana Petrol Pump"
      },
      "geometry": {
        "type": "Point",
        "coordinates": [
          74.3522101,
          16.2140965
        ]
      },
      "id": "node/4528188656"
    },
    {
      "type": "Feature",
      "properties": {
        "@id": "node/4535252892",
        "addr:postcode": "509216",
        "addr:street": "Old NH 7 Hyderabad Road",
        "amenity": "fuel",
        "name": "Bharath petrol bunk",
        "name:en": "Bharath petroleum bunk"
      },
      "geometry": {
        "type": "Point",
        "coordinates": [
          78.2082778,
          17.0820486
        ]
      },
      "id": "node/4535252892"
    },
    {
      "type": "Feature",
      "properties": {
        "@id": "node/4550151790",
        "amenity": "fuel",
        "name": "Jana Bharat Gas Agency",
        "name:en": "Jana Bharat Gas Agency"
      },
      "geometry": {
        "type": "Point",
        "coordinates": [
          77.546892,
          12.9072677
        ]
      },
      "id": "node/4550151790"
    },
    {
      "type": "Feature",
      "properties": {
        "@id": "node/4551767800",
        "amenity": "fuel",
        "brand": "Indian Oil",
        "brand:wikidata": "Q1289348",
        "name": "Indian Oil"
      },
      "geometry": {
        "type": "Point",
        "coordinates": [
          74.2549948,
          17.0478569
        ]
      },
      "id": "node/4551767800"
    },
    {
      "type": "Feature",
      "properties": {
        "@id": "node/4563451702",
        "amenity": "fuel",
        "name": "HP Petrol Pump Sushant Transport"
      },
      "geometry": {
        "type": "Point",
        "coordinates": [
          74.2086462,
          16.1216947
        ]
      },
      "id": "node/4563451702"
    },
    {
      "type": "Feature",
      "properties": {
        "@id": "node/4570069394",
        "amenity": "fuel",
        "name": "District Court Road",
        "name:en": "District Court Road"
      },
      "geometry": {
        "type": "Point",
        "coordinates": [
          76.8315191,
          17.3241392
        ]
      },
      "id": "node/4570069394"
    },
    {
      "type": "Feature",
      "properties": {
        "@id": "node/4579279072",
        "amenity": "fuel",
        "name": "LPG Gas Station"
      },
      "geometry": {
        "type": "Point",
        "coordinates": [
          74.2464111,
          16.6650688
        ]
      },
      "id": "node/4579279072"
    },
    {
      "type": "Feature",
      "properties": {
        "@id": "node/4611291093",
        "amenity": "fuel",
        "name": "HP",
        "name:en": "HP",
        "name:kn": "ಹಿಂದುಸ್ತಾನ್ ಪೆಟ್ರೋಲಿಯಂ"
      },
      "geometry": {
        "type": "Point",
        "coordinates": [
          74.9621347,
          15.460573
        ]
      },
      "id": "node/4611291093"
    },
    {
      "type": "Feature",
      "properties": {
        "@id": "node/4643129390",
        "amenity": "fuel"
      },
      "geometry": {
        "type": "Point",
        "coordinates": [
          74.284544,
          16.7994655
        ]
      },
      "id": "node/4643129390"
    },
    {
      "type": "Feature",
      "properties": {
        "@id": "node/4650270692",
        "amenity": "fuel",
        "compressed_air": "yes",
        "name:en": "Bharat Petrol"
      },
      "geometry": {
        "type": "Point",
        "coordinates": [
          74.1087569,
          17.3821271
        ]
      },
      "id": "node/4650270692"
    },
    {
      "type": "Feature",
      "properties": {
        "@id": "node/4650313490",
        "addr:postcode": "415519",
        "addr:street": "Pune Bengaluru Highway",
        "amenity": "fuel",
        "name:en": "Indian Oil",
        "opening_hours": "24/7"
      },
      "geometry": {
        "type": "Point",
        "coordinates": [
          74.0614925,
          17.5404294
        ]
      },
      "id": "node/4650313490"
    },
    {
      "type": "Feature",
      "properties": {
        "@id": "node/4667485989",
        "amenity": "fuel",
        "brand": "Hindustan Petroleum",
        "brand:wikidata": "Q1619375",
        "name": "HP",
        "name:en": "HP",
        "official_name": "Hindustan Petroleum",
        "operator": "Ganga Filling Station"
      },
      "geometry": {
        "type": "Point",
        "coordinates": [
          78.3273217,
          17.4733428
        ]
      },
      "id": "node/4667485989"
    },
    {
      "type": "Feature",
      "properties": {
        "@id": "node/4670740390",
        "amenity": "fuel",
        "check_date": "2024-03-29",
        "name": "Bharat Petroleum",
        "name:en": "Bharat Petroleum"
      },
      "geometry": {
        "type": "Point",
        "coordinates": [
          78.3941554,
          17.4150869
        ]
      },
      "id": "node/4670740390"
    },
    {
      "type": "Feature",
      "properties": {
        "@id": "node/4670797189",
        "amenity": "fuel",
        "brand": "Indian Oil",
        "brand:wikidata": "Q1289348",
        "brand:wikipedia": "en:Indian Oil Corporation",
        "name": "IndianOil",
        "name:en": "IndianOil",
        "operator": "Friends Filling Station"
      },
      "geometry": {
        "type": "Point",
        "coordinates": [
          78.4102784,
          17.41703
        ]
      },
      "id": "node/4670797189"
    },
    {
      "type": "Feature",
      "properties": {
        "@id": "node/4671065254",
        "addr:city": "Rayadurg",
        "addr:postcode": "515865",
        "addr:street": "Kanekal Cross, Main Road",
        "amenity": "fuel",
        "brand": "Indian Oil",
        "brand:wikidata": "Q1289348",
        "name": "Indian Oil"
      },
      "geometry": {
        "type": "Point",
        "coordinates": [
          76.8547914,
          14.6969488
        ]
      },
      "id": "node/4671065254"
    },
    {
      "type": "Feature",
      "properties": {
        "@id": "node/4685184153",
        "addr:city": "Proddatur",
        "addr:state": "AP",
        "amenity": "fuel",
        "name": "Reliance Petrol Station"
      },
      "geometry": {
        "type": "Point",
        "coordinates": [
          78.5685794,
          14.7411059
        ]
      },
      "id": "node/4685184153"
    },
    {
      "type": "Feature",
      "properties": {
        "@id": "node/4700619028",
        "amenity": "fuel",
        "brand": "Indian Oil",
        "brand:wikidata": "Q1289348",
        "brand:wikipedia": "en:Indian Oil Corporation",
        "check_date": "2024-03-29",
        "name": "Indian Oil",
        "name:en": "Indian Oil",
        "operator": "Lumbini Filling Station"
      },
      "geometry": {
        "type": "Point",
        "coordinates": [
          78.3744683,
          17.4296684
        ]
      },
      "id": "node/4700619028"
    },
    {
      "type": "Feature",
      "properties": {
        "@id": "node/4741459439",
        "amenity": "fuel",
        "name": "Bharat Petroleum"
      },
      "geometry": {
        "type": "Point",
        "coordinates": [
          77.9414799,
          16.3774481
        ]
      },
      "id": "node/4741459439"
    },
    {
      "type": "Feature",
      "properties": {
        "@id": "node/4742503658",
        "amenity": "fuel",
        "name": "SRI VIGNESWARA AUTO FLG. STN"
      },
      "geometry": {
        "type": "Point",
        "coordinates": [
          77.9409476,
          16.3852693
        ]
      },
      "id": "node/4742503658"
    },
    {
      "type": "Feature",
      "properties": {
        "@id": "node/4744467587",
        "amenity": "fuel"
      },
      "geometry": {
        "type": "Point",
        "coordinates": [
          76.2562358,
          13.2997631
        ]
      },
      "id": "node/4744467587"
    },
    {
      "type": "Feature",
      "properties": {
        "@id": "node/4750922024",
        "amenity": "fuel",
        "brand": "Bharat Petroleum",
        "brand:wikidata": "Q854826",
        "name": "Bharat Petroleum",
        "name:en": "Bharat Petroleum"
      },
      "geometry": {
        "type": "Point",
        "coordinates": [
          78.3198393,
          17.4854831
        ]
      },
      "id": "node/4750922024"
    },
    {
      "type": "Feature",
      "properties": {
        "@id": "node/4754116505",
        "amenity": "fuel"
      },
      "geometry": {
        "type": "Point",
        "coordinates": [
          75.4981376,
          15.9017909
        ]
      },
      "id": "node/4754116505"
    },
    {
      "type": "Feature",
      "properties": {
        "@id": "node/4754178924",
        "amenity": "fuel"
      },
      "geometry": {
        "type": "Point",
        "coordinates": [
          78.3950142,
          18.2134222
        ]
      },
      "id": "node/4754178924"
    },
    {
      "type": "Feature",
      "properties": {
        "@id": "node/4771612030",
        "amenity": "fuel",
        "name": "Kulur Fuel Station",
        "name:en": "Kulur Fuel Station"
      },
      "geometry": {
        "type": "Point",
        "coordinates": [
          74.8293817,
          12.9243563
        ]
      },
      "id": "node/4771612030"
    },
    {
      "type": "Feature",
      "properties": {
        "@id": "node/4774016725",
        "amenity": "fuel",
        "brand": "Hindustan Petroleum",
        "source": "gps"
      },
      "geometry": {
        "type": "Point",
        "coordinates": [
          77.6013105,
          12.7989395
        ]
      },
      "id": "node/4774016725"
    },
    {
      "type": "Feature",
      "properties": {
        "@id": "node/4805011111",
        "amenity": "fuel"
      },
      "geometry": {
        "type": "Point",
        "coordinates": [
          77.3266664,
          16.2064675
        ]
      },
      "id": "node/4805011111"
    },
    {
      "type": "Feature",
      "properties": {
        "@id": "node/4824986021",
        "amenity": "fuel",
        "brand": "Bharat Petroleum",
        "brand:wikidata": "Q854826",
        "name": "Bharat Petroleum",
        "name:en": "Bharat Petroleum",
        "name:kn": "ಭಾರತ್ ಪೆಟ್ರೋಲಿಯಂ"
      },
      "geometry": {
        "type": "Point",
        "coordinates": [
          77.5771336,
          12.9434017
        ]
      },
      "id": "node/4824986021"
    },
    {
      "type": "Feature",
      "properties": {
        "@id": "node/4828242645",
        "amenity": "fuel",
        "name": "Ioc"
      },
      "geometry": {
        "type": "Point",
        "coordinates": [
          75.9743391,
          11.6809329
        ]
      },
      "id": "node/4828242645"
    },
    {
      "type": "Feature",
      "properties": {
        "@id": "node/4834362649",
        "amenity": "fuel",
        "brand": "BP",
        "brand:wikidata": "Q152057",
        "brand:wikipedia": "en:BP",
        "name": "Bp"
      },
      "geometry": {
        "type": "Point",
        "coordinates": [
          76.0637955,
          11.8475638
        ]
      },
      "id": "node/4834362649"
    },
    {
      "type": "Feature",
      "properties": {
        "@id": "node/4873339974",
        "addr:city": "Haranahalli",
        "addr:country": "IN",
        "addr:district": "Davanagere",
        "addr:postcode": "583131",
        "addr:state": "KA",
        "addr:street": "Hospet-Harihar Road",
        "amenity": "fuel",
        "fuel:diesel": "yes",
        "name": "Fuel station"
      },
      "geometry": {
        "type": "Point",
        "coordinates": [
          75.991344,
          14.7952524
        ]
      },
      "id": "node/4873339974"
    },
    {
      "type": "Feature",
      "properties": {
        "@id": "node/4878919823",
        "amenity": "fuel",
        "brand": "Reliance"
      },
      "geometry": {
        "type": "Point",
        "coordinates": [
          77.2330425,
          11.5079917
        ]
      },
      "id": "node/4878919823"
    },
    {
      "type": "Feature",
      "properties": {
        "@id": "node/4878938453",
        "amenity": "fuel"
      },
      "geometry": {
        "type": "Point",
        "coordinates": [
          78.1173165,
          11.6718148
        ]
      },
      "id": "node/4878938453"
    },
    {
      "type": "Feature",
      "properties": {
        "@id": "node/4899079703",
        "amenity": "fuel",
        "name": "Reliance Petroleum",
        "operator": "Reliance Industries"
      },
      "geometry": {
        "type": "Point",
        "coordinates": [
          75.9422398,
          14.4507584
        ]
      },
      "id": "node/4899079703"
    },
    {
      "type": "Feature",
      "properties": {
        "@id": "node/4908660073",
        "amenity": "fuel",
        "name": "Jagadamba Petrol Bunk"
      },
      "geometry": {
        "type": "Point",
        "coordinates": [
          76.6245386,
          12.2934891
        ]
      },
      "id": "node/4908660073"
    },
    {
      "type": "Feature",
      "properties": {
        "@id": "node/4915906017",
        "amenity": "fuel",
        "compressed_air": "yes",
        "name": "Petrol Pump"
      },
      "geometry": {
        "type": "Point",
        "coordinates": [
          78.4556721,
          17.4306214
        ]
      },
      "id": "node/4915906017"
    },
    {
      "type": "Feature",
      "properties": {
        "@id": "node/4938058386",
        "amenity": "fuel",
        "name": "Hindustan Petroleum",
        "name:kn": "ಹಿಂದುಸ್ತಾನ್ ಪೆಟ್ರೋಲಿಯಂ"
      },
      "geometry": {
        "type": "Point",
        "coordinates": [
          77.0506023,
          13.4568765
        ]
      },
      "id": "node/4938058386"
    },
    {
      "type": "Feature",
      "properties": {
        "@id": "node/4948741503",
        "amenity": "fuel",
        "name": "Hindustan Petroleum",
        "name:kn": "ಹಿಂದುಸ್ತಾನ್ ಪೆಟ್ರೋಲಿಯಂ"
      },
      "geometry": {
        "type": "Point",
        "coordinates": [
          74.5049422,
          16.0008924
        ]
      },
      "id": "node/4948741503"
    },
    {
      "type": "Feature",
      "properties": {
        "@id": "node/4971681029",
        "amenity": "fuel",
        "brand": "Reliance",
        "brand:wikidata": "Q908931",
        "name": "Reliance Trends"
      },
      "geometry": {
        "type": "Point",
        "coordinates": [
          78.5237206,
          17.3460874
        ]
      },
      "id": "node/4971681029"
    },
    {
      "type": "Feature",
      "properties": {
        "@id": "node/4973020521",
        "amenity": "fuel",
        "name": "ಪೆಟ್ರೋಲ್ ಬಂಕ್",
        "name:en": "Brahmadeva Filling Station (Bunk)",
        "name:hi": "पेट्रोल बैंक",
        "name:kn": "ಪೆಟ್ರೋಲ್ ಬಂಕ್"
      },
      "geometry": {
        "type": "Point",
        "coordinates": [
          76.2254031,
          14.8151675
        ]
      },
      "id": "node/4973020521"
    },
    {
      "type": "Feature",
      "properties": {
        "@id": "node/4973027322",
        "amenity": "fuel",
        "name": "ಬಂಕ್",
        "name:kn": "ಬಂಕ್"
      },
      "geometry": {
        "type": "Point",
        "coordinates": [
          76.2286954,
          14.8320787
        ]
      },
      "id": "node/4973027322"
    },
    {
      "type": "Feature",
      "properties": {
        "@id": "node/4973027622",
        "amenity": "fuel",
        "name": "ಬಂಕ್",
        "name:en": "Filling Station",
        "name:hi": "पेट्रोल बैंक",
        "name:kn": "ಬಂಕ್"
      },
      "geometry": {
        "type": "Point",
        "coordinates": [
          76.228121,
          14.8293022
        ]
      },
      "id": "node/4973027622"
    },
    {
      "type": "Feature",
      "properties": {
        "@id": "node/4973028821",
        "amenity": "fuel",
        "name": "ಬಂಕ್",
        "name:en": "Reliance Petrol Bunk",
        "name:kn": "ಬಂಕ್"
      },
      "geometry": {
        "type": "Point",
        "coordinates": [
          76.2160557,
          14.8198423
        ]
      },
      "id": "node/4973028821"
    },
    {
      "type": "Feature",
      "properties": {
        "@id": "node/4973028822",
        "amenity": "fuel",
        "name": "Fule station",
        "name:en": "Fuel station"
      },
      "geometry": {
        "type": "Point",
        "coordinates": [
          76.1419791,
          14.8044809
        ]
      },
      "id": "node/4973028822"
    },
    {
      "type": "Feature",
      "properties": {
        "@id": "node/4973028823",
        "amenity": "fuel",
        "name": "HP Filling station",
        "name:en": "HP Filling station"
      },
      "geometry": {
        "type": "Point",
        "coordinates": [
          75.9831785,
          14.7840331
        ]
      },
      "id": "node/4973028823"
    },
    {
      "type": "Feature",
      "properties": {
        "@id": "node/4974659737",
        "amenity": "fuel",
        "brand": "Hindustan Petroleum",
        "brand:wikidata": "Q1619375",
        "name": "HP",
        "official_name": "Hindustan Petroleum"
      },
      "geometry": {
        "type": "Point",
        "coordinates": [
          78.5239222,
          17.3400784
        ]
      },
      "id": "node/4974659737"
    },
    {
      "type": "Feature",
      "properties": {
        "@id": "node/4991915432",
        "amenity": "fuel",
        "name": "Essar Fuel Pump",
        "operator": "Essar"
      },
      "geometry": {
        "type": "Point",
        "coordinates": [
          77.2650833,
          13.2039927
        ]
      },
      "id": "node/4991915432"
    },
    {
      "type": "Feature",
      "properties": {
        "@id": "node/4991915433",
        "amenity": "fuel",
        "name": "HPCL",
        "operator": "HP"
      },
      "geometry": {
        "type": "Point",
        "coordinates": [
          77.2648422,
          13.2041972
        ]
      },
      "id": "node/4991915433"
    },
    {
      "type": "Feature",
      "properties": {
        "@id": "node/4991915435",
        "amenity": "fuel"
      },
      "geometry": {
        "type": "Point",
        "coordinates": [
          77.1890495,
          13.2795258
        ]
      },
      "id": "node/4991915435"
    },
    {
      "type": "Feature",
      "properties": {
        "@id": "node/5016657226",
        "amenity": "fuel",
        "brand": "Hindustan Petroleum",
        "brand:wikidata": "Q1619375",
        "name": "HP",
        "name:kn": "ಹಿಂದುಸ್ತಾನ್ ಪೆಟ್ರೋಲಿಯಂ",
        "official_name": "Hindustan Petroleum"
      },
      "geometry": {
        "type": "Point",
        "coordinates": [
          75.9966695,
          14.783697
        ]
      },
      "id": "node/5016657226"
    },
    {
      "type": "Feature",
      "properties": {
        "@id": "node/5017549934",
        "amenity": "fuel",
        "brand": "Bharat Petroleum",
        "brand:wikidata": "Q854826",
        "name": "Bharat Petroleum",
        "short_name": "BP"
      },
      "geometry": {
        "type": "Point",
        "coordinates": [
          78.3883021,
          17.4374118
        ]
      },
      "id": "node/5017549934"
    },
    {
      "type": "Feature",
      "properties": {
        "@id": "node/5042665076",
        "addr:city": "Vasanthanarasapura",
        "addr:postcode": "572128",
        "addr:street": "NH 48",
        "amenity": "fuel",
        "brand": "Indian Oil",
        "brand:wikidata": "Q1289348",
        "brand:wikipedia": "en:Indian Oil Corporation",
        "name": "Indian Oil",
        "name:kn": "ಇಂಡಿಯನ್ ಆಯಿಲ್",
        "operator": "Indian Oil"
      },
      "geometry": {
        "type": "Point",
        "coordinates": [
          77.0402433,
          13.4673182
        ]
      },
      "id": "node/5042665076"
    },
    {
      "type": "Feature",
      "properties": {
        "@id": "node/5042665077",
        "addr:city": "Devarahalli",
        "addr:postcode": "572128",
        "amenity": "fuel",
        "brand": "Indian Oil",
        "brand:wikidata": "Q1289348",
        "brand:wikipedia": "en:Indian Oil Corporation",
        "name": "Indian Oil",
        "name:kn": "ಇಂಡಿಯನ್ ಆಯಿಲ್"
      },
      "geometry": {
        "type": "Point",
        "coordinates": [
          77.0161221,
          13.4929028
        ]
      },
      "id": "node/5042665077"
    },
    {
      "type": "Feature",
      "properties": {
        "@id": "node/5045128421",
        "addr:street": "chincholi",
        "amenity": "fuel"
      },
      "geometry": {
        "type": "Point",
        "coordinates": [
          77.4198944,
          17.4564552
        ]
      },
      "id": "node/5045128421"
    },
    {
      "type": "Feature",
      "properties": {
        "@id": "node/5054165951",
        "amenity": "fuel"
      },
      "geometry": {
        "type": "Point",
        "coordinates": [
          77.3566367,
          16.2153942
        ]
      },
      "id": "node/5054165951"
    },
    {
      "type": "Feature",
      "properties": {
        "@id": "node/5080844238",
        "amenity": "fuel",
        "compressed_air": "yes"
      },
      "geometry": {
        "type": "Point",
        "coordinates": [
          76.6480201,
          12.3193641
        ]
      },
      "id": "node/5080844238"
    },
    {
      "type": "Feature",
      "properties": {
        "@id": "node/5130853622",
        "addr:postcode": "560091",
        "addr:street": "Magadi Road",
        "amenity": "fuel",
        "name": "Essar"
      },
      "geometry": {
        "type": "Point",
        "coordinates": [
          77.4779948,
          12.9859674
        ]
      },
      "id": "node/5130853622"
    },
    {
      "type": "Feature",
      "properties": {
        "@id": "node/5149338030",
        "amenity": "fuel",
        "name": "Krishna Petroleum"
      },
      "geometry": {
        "type": "Point",
        "coordinates": [
          74.5543389,
          18.1827203
        ]
      },
      "id": "node/5149338030"
    },
    {
      "type": "Feature",
      "properties": {
        "@id": "node/5149338032",
        "amenity": "fuel",
        "name": "Bhong Petrol Pump"
      },
      "geometry": {
        "type": "Point",
        "coordinates": [
          74.5433532,
          18.1745561
        ]
      },
      "id": "node/5149338032"
    },
    {
      "type": "Feature",
      "properties": {
        "@id": "node/5151038070",
        "amenity": "fuel",
        "name": "A C Petrol Pump"
      },
      "geometry": {
        "type": "Point",
        "coordinates": [
          74.1567698,
          18.2795164
        ]
      },
      "id": "node/5151038070"
    },
    {
      "type": "Feature",
      "properties": {
        "@id": "node/5151418985",
        "amenity": "fuel",
        "name": "HP Petrol Pump"
      },
      "geometry": {
        "type": "Point",
        "coordinates": [
          74.5721132,
          18.4627176
        ]
      },
      "id": "node/5151418985"
    },
    {
      "type": "Feature",
      "properties": {
        "@id": "node/5167681400",
        "amenity": "fuel",
        "name": "HP Petrol Pump",
        "self_service": "no"
      },
      "geometry": {
        "type": "Point",
        "coordinates": [
          75.3576551,
          11.8775318
        ]
      },
      "id": "node/5167681400"
    },
    {
      "type": "Feature",
      "properties": {
        "@id": "node/5197810992",
        "addr:postcode": "571313",
        "addr:street": "Nanjangudu-Chamarajanagar Road",
        "amenity": "fuel",
        "contact:facebook": "KuderuSangasettyShivabasappaSons",
        "email": "ksssons@gmail.com",
        "name": "ಪೆಟ್ರೋಲ್ ಬಂಕ್",
        "opening_hours": "24/7",
        "operator": "K S SHIVABASAPPA SONS, DEALERS: INDIAN OIL CORPORATION LIMITED",
        "phone": "9448052393"
      },
      "geometry": {
        "type": "Point",
        "coordinates": [
          76.9355687,
          11.9298579
        ]
      },
      "id": "node/5197810992"
    },
    {
      "type": "Feature",
      "properties": {
        "@id": "node/5197810993",
        "amenity": "fuel"
      },
      "geometry": {
        "type": "Point",
        "coordinates": [
          76.9347802,
          11.9301282
        ]
      },
      "id": "node/5197810993"
    },
    {
      "type": "Feature",
      "properties": {
        "@id": "node/5197810994",
        "amenity": "fuel"
      },
      "geometry": {
        "type": "Point",
        "coordinates": [
          76.9432747,
          11.9139543
        ]
      },
      "id": "node/5197810994"
    },
    {
      "type": "Feature",
      "properties": {
        "@id": "node/5197810995",
        "amenity": "fuel"
      },
      "geometry": {
        "type": "Point",
        "coordinates": [
          76.9428965,
          11.9146708
        ]
      },
      "id": "node/5197810995"
    },
    {
      "type": "Feature",
      "properties": {
        "@id": "node/5197810996",
        "amenity": "fuel"
      },
      "geometry": {
        "type": "Point",
        "coordinates": [
          76.9401687,
          11.9270998
        ]
      },
      "id": "node/5197810996"
    },
    {
      "type": "Feature",
      "properties": {
        "@id": "node/5224395863",
        "addr:district": "Dakshina Kannada",
        "amenity": "fuel",
        "brand": "Bharat Petroleum",
        "brand:wikidata": "Q854826",
        "name": "Bharat Petroleum",
        "name:kn": "ಭಾರತ್ ಪೆಟ್ರೋಲಿಯಂ"
      },
      "geometry": {
        "type": "Point",
        "coordinates": [
          74.8160808,
          12.9403295
        ]
      },
      "id": "node/5224395863"
    },
    {
      "type": "Feature",
      "properties": {
        "@id": "node/5224409077",
        "amenity": "fuel",
        "brand": "IOCL"
      },
      "geometry": {
        "type": "Point",
        "coordinates": [
          74.7889775,
          13.1412045
        ]
      },
      "id": "node/5224409077"
    },
    {
      "type": "Feature",
      "properties": {
        "@id": "node/5224414455",
        "amenity": "fuel",
        "brand": "Indian Oil",
        "check_date": "2023-09-18"
      },
      "geometry": {
        "type": "Point",
        "coordinates": [
          74.7735065,
          13.1314208
        ]
      },
      "id": "node/5224414455"
    },
    {
      "type": "Feature",
      "properties": {
        "@id": "node/5224414456",
        "amenity": "fuel",
        "brand": "HPCL",
        "check_date": "2023-09-18"
      },
      "geometry": {
        "type": "Point",
        "coordinates": [
          74.7970494,
          13.069781
        ]
      },
      "id": "node/5224414456"
    },
    {
      "type": "Feature",
      "properties": {
        "@id": "node/5224414728",
        "amenity": "fuel",
        "brand": "IOCL"
      },
      "geometry": {
        "type": "Point",
        "coordinates": [
          74.8678722,
          13.1637502
        ]
      },
      "id": "node/5224414728"
    },
    {
      "type": "Feature",
      "properties": {
        "@id": "node/5224414729",
        "amenity": "fuel",
        "brand": "IOCL"
      },
      "geometry": {
        "type": "Point",
        "coordinates": [
          74.8118,
          13.1478314
        ]
      },
      "id": "node/5224414729"
    },
    {
      "type": "Feature",
      "properties": {
        "@id": "node/5226590624",
        "addr:postcode": "560100",
        "addr:street": "Doddanagmangala",
        "amenity": "fuel",
        "email": "mateshwary@gmail.com",
        "internet_access": "wlan",
        "name": "Ram Gas agency & Home Appliances",
        "opening_hours": "Mo-Su 07:30-21:00",
        "operator": "Lakshman Singh",
        "phone": "9036611523",
        "website": "http://mygas.co.in"
      },
      "geometry": {
        "type": "Point",
        "coordinates": [
          77.6718789,
          12.8531236
        ]
      },
      "id": "node/5226590624"
    },
    {
      "type": "Feature",
      "properties": {
        "@id": "node/5274719163",
        "addr:postcode": "673592",
        "addr:street": "Kalpetta-Sulthan Bathery Road",
        "amenity": "fuel",
        "brand": "Indian Oil",
        "brand:wikidata": "Q1289348",
        "brand:wikipedia": "en:Indian Oil Corporation",
        "fuel:diesel": "yes",
        "fuel:petrol": "yes",
        "name": "Indian Oil corporation Ltd Balaji Fuel Station"
      },
      "geometry": {
        "type": "Point",
        "coordinates": [
          76.2402088,
          11.6608866
        ]
      },
      "id": "node/5274719163"
    },
    {
      "type": "Feature",
      "properties": {
        "@id": "node/5286949431",
        "amenity": "fuel",
        "brand": "Indian Oil",
        "brand:wikidata": "Q1289348",
        "brand:wikipedia": "en:Indian Oil Corporation",
        "name": "Indian Oil",
        "name:kn": "ಇಂಡಿಯನ್ ಆಯಿಲ್"
      },
      "geometry": {
        "type": "Point",
        "coordinates": [
          77.6218064,
          13.0413718
        ]
      },
      "id": "node/5286949431"
    },
    {
      "type": "Feature",
      "properties": {
        "@id": "node/5289026745",
        "amenity": "fuel",
        "brand": "Bharat Petroleum",
        "brand:wikidata": "Q854826",
        "brand:wikipedia": "en:Bharat Petroleum",
        "name": "Bharat Petroleum"
      },
      "geometry": {
        "type": "Point",
        "coordinates": [
          78.5005956,
          17.4415788
        ]
      },
      "id": "node/5289026745"
    },
    {
      "type": "Feature",
      "properties": {
        "@id": "node/5300827673",
        "amenity": "fuel",
        "name": "Hindustan Petroleum",
        "name:kn": "ಹಿಂದುಸ್ತಾನ್ ಪೆಟ್ರೋಲಿಯಂ"
      },
      "geometry": {
        "type": "Point",
        "coordinates": [
          75.2526075,
          13.4250048
        ]
      },
      "id": "node/5300827673"
    },
    {
      "type": "Feature",
      "properties": {
        "@id": "node/5300830362",
        "amenity": "fuel",
        "brand": "Indian Oil",
        "brand:wikidata": "Q1289348",
        "brand:wikipedia": "en:Indian Oil Corporation",
        "name": "Indian Oil Petrol Bunk",
        "name:kn": "ಇಂಡಿಯನ್ ಆಯಿಲ್"
      },
      "geometry": {
        "type": "Point",
        "coordinates": [
          75.2557841,
          13.42483
        ]
      },
      "id": "node/5300830362"
    },
    {
      "type": "Feature",
      "properties": {
        "@id": "node/5300830363",
        "amenity": "fuel",
        "name": "HP Petrol Bunk",
        "name:kn": "ಹಿಂದುಸ್ತಾನ್ ಪೆಟ್ರೋಲಿಯಂ"
      },
      "geometry": {
        "type": "Point",
        "coordinates": [
          75.2625089,
          13.4235241
        ]
      },
      "id": "node/5300830363"
    },
    {
      "type": "Feature",
      "properties": {
        "@id": "node/5312135722",
        "amenity": "fuel"
      },
      "geometry": {
        "type": "Point",
        "coordinates": [
          74.097772,
          15.2412672
        ]
      },
      "id": "node/5312135722"
    },
    {
      "type": "Feature",
      "properties": {
        "@id": "node/5335214813",
        "amenity": "fuel",
        "brand": "Hindustan Petroleum",
        "brand:wikidata": "Q1619375",
        "fuel:petrol": "yes",
        "name": "Hindustan Petroleum",
        "name:kn": "ಹಿಂದುಸ್ತಾನ್ ಪೆಟ್ರೋಲಿಯಂ",
        "official_name": "Hindustan Petroleum"
      },
      "geometry": {
        "type": "Point",
        "coordinates": [
          77.5284088,
          12.9609545
        ]
      },
      "id": "node/5335214813"
    },
    {
      "type": "Feature",
      "properties": {
        "@id": "node/5365387226",
        "amenity": "fuel"
      },
      "geometry": {
        "type": "Point",
        "coordinates": [
          78.4623423,
          17.5484423
        ]
      },
      "id": "node/5365387226"
    },
    {
      "type": "Feature",
      "properties": {
        "@id": "node/5367603425",
        "amenity": "fuel",
        "brand": "Hindustan Petroleum",
        "brand:wikidata": "Q1619375",
        "brand:wikipedia": "en:Hindustan Petroleum",
        "name": "HP",
        "official_name": "Hindustan Petroleum"
      },
      "geometry": {
        "type": "Point",
        "coordinates": [
          78.4729239,
          17.5448902
        ]
      },
      "id": "node/5367603425"
    },
    {
      "type": "Feature",
      "properties": {
        "@id": "node/5367619622",
        "amenity": "fuel"
      },
      "geometry": {
        "type": "Point",
        "coordinates": [
          78.4366123,
          17.5592607
        ]
      },
      "id": "node/5367619622"
    },
    {
      "type": "Feature",
      "properties": {
        "@id": "node/5395104325",
        "amenity": "fuel",
        "name": "Bharat Petroleum",
        "name:kn": "ಭಾರತ್ ಪೆಟ್ರೋಲಿಯಂ"
      },
      "geometry": {
        "type": "Point",
        "coordinates": [
          74.3835854,
          14.5741476
        ]
      },
      "id": "node/5395104325"
    },
    {
      "type": "Feature",
      "properties": {
        "@id": "node/5402312922",
        "amenity": "fuel"
      },
      "geometry": {
        "type": "Point",
        "coordinates": [
          77.6240515,
          12.7993882
        ]
      },
      "id": "node/5402312922"
    },
    {
      "type": "Feature",
      "properties": {
        "@id": "node/5407602853",
        "amenity": "fuel",
        "brand": "Indian Oil",
        "brand:wikidata": "Q1289348",
        "brand:wikipedia": "en:Indian Oil Corporation",
        "name": "Indian oil fuel station"
      },
      "geometry": {
        "type": "Point",
        "coordinates": [
          78.4702527,
          17.5022583
        ]
      },
      "id": "node/5407602853"
    },
    {
      "type": "Feature",
      "properties": {
        "@id": "node/5407606959",
        "amenity": "fuel",
        "name": "HP fuel station"
      },
      "geometry": {
        "type": "Point",
        "coordinates": [
          78.4668562,
          17.5059786
        ]
      },
      "id": "node/5407606959"
    },
    {
      "type": "Feature",
      "properties": {
        "@id": "node/5407611955",
        "amenity": "fuel",
        "name": "Bharat petroleum fuel station"
      },
      "geometry": {
        "type": "Point",
        "coordinates": [
          78.4663372,
          17.5067796
        ]
      },
      "id": "node/5407611955"
    },
    {
      "type": "Feature",
      "properties": {
        "@id": "node/5482915622",
        "amenity": "fuel",
        "brand": "Bharat Petroleum",
        "brand:wikidata": "Q854826",
        "brand:wikipedia": "en:Bharat Petroleum",
        "name": "Bharat Petroleum",
        "name:kn": "ಭಾರತ್ ಪೆಟ್ರೋಲಿಯಂ"
      },
      "geometry": {
        "type": "Point",
        "coordinates": [
          77.5937908,
          13.0053314
        ]
      },
      "id": "node/5482915622"
    },
    {
      "type": "Feature",
      "properties": {
        "@id": "node/5494733777",
        "amenity": "fuel"
      },
      "geometry": {
        "type": "Point",
        "coordinates": [
          78.461454,
          17.9148747
        ]
      },
      "id": "node/5494733777"
    },
    {
      "type": "Feature",
      "properties": {
        "@id": "node/5494733794",
        "amenity": "fuel"
      },
      "geometry": {
        "type": "Point",
        "coordinates": [
          78.4584801,
          17.984762
        ]
      },
      "id": "node/5494733794"
    },
    {
      "type": "Feature",
      "properties": {
        "@id": "node/5494762152",
        "amenity": "fuel"
      },
      "geometry": {
        "type": "Point",
        "coordinates": [
          78.1741536,
          16.8969844
        ]
      },
      "id": "node/5494762152"
    },
    {
      "type": "Feature",
      "properties": {
        "@id": "node/5518303057",
        "amenity": "fuel",
        "brand": "Bharat Petroleum",
        "check_date": "2023-09-18"
      },
      "geometry": {
        "type": "Point",
        "coordinates": [
          75.1751076,
          12.8249588
        ]
      },
      "id": "node/5518303057"
    },
    {
      "type": "Feature",
      "properties": {
        "@id": "node/5530813022",
        "amenity": "fuel",
        "name:en": "Sholapur gas plant"
      },
      "geometry": {
        "type": "Point",
        "coordinates": [
          75.7962252,
          17.7727431
        ]
      },
      "id": "node/5530813022"
    },
    {
      "type": "Feature",
      "properties": {
        "@id": "node/5532351919",
        "amenity": "fuel",
        "brand": "Indian Oil",
        "brand:wikidata": "Q1289348",
        "brand:wikipedia": "en:Indian Oil Corporation",
        "fuel:diesel": "yes",
        "fuel:petrol": "yes",
        "name": "GMR Filling Station",
        "opening_hours": "Mo-Su 00:00-23:55"
      },
      "geometry": {
        "type": "Point",
        "coordinates": [
          78.2615564,
          17.5435309
        ]
      },
      "id": "node/5532351919"
    },
    {
      "type": "Feature",
      "properties": {
        "@id": "node/5536980298",
        "amenity": "fuel",
        "name": "MRP petron bunk",
        "opening_hours": "Mo-Su 06:00-22:00"
      },
      "geometry": {
        "type": "Point",
        "coordinates": [
          77.905129,
          17.341542
        ]
      },
      "id": "node/5536980298"
    },
    {
      "type": "Feature",
      "properties": {
        "@id": "node/5547084260",
        "amenity": "fuel",
        "brand": "Indian Oil",
        "brand:wikidata": "Q1289348",
        "brand:wikipedia": "en:Indian Oil Corporation",
        "name": "Indian Oil Petrol Bunk"
      },
      "geometry": {
        "type": "Point",
        "coordinates": [
          78.5691628,
          17.4012663
        ]
      },
      "id": "node/5547084260"
    },
    {
      "type": "Feature",
      "properties": {
        "@id": "node/5547446145",
        "amenity": "fuel",
        "name": "Bharath Petrol"
      },
      "geometry": {
        "type": "Point",
        "coordinates": [
          78.5885283,
          17.3969151
        ]
      },
      "id": "node/5547446145"
    },
    {
      "type": "Feature",
      "properties": {
        "@id": "node/5552473704",
        "addr:street": "alampally road",
        "amenity": "fuel",
        "name": "IBP PETROL PUMP"
      },
      "geometry": {
        "type": "Point",
        "coordinates": [
          77.9052802,
          17.3460292
        ]
      },
      "id": "node/5552473704"
    },
    {
      "type": "Feature",
      "properties": {
        "@id": "node/5557247391",
        "amenity": "fuel",
        "brand": "Hindustan Petroleum",
        "check_date": "2025-06-16",
        "self_service": "no",
        "source": "survey"
      },
      "geometry": {
        "type": "Point",
        "coordinates": [
          76.7497158,
          12.9622848
        ]
      },
      "id": "node/5557247391"
    },
    {
      "type": "Feature",
      "properties": {
        "@id": "node/5557247393",
        "amenity": "fuel",
        "brand": "Indian Oil",
        "source": "gps"
      },
      "geometry": {
        "type": "Point",
        "coordinates": [
          76.8576881,
          12.9792847
        ]
      },
      "id": "node/5557247393"
    },
    {
      "type": "Feature",
      "properties": {
        "@id": "node/5598135526",
        "amenity": "fuel"
      },
      "geometry": {
        "type": "Point",
        "coordinates": [
          75.8403289,
          11.5407113
        ]
      },
      "id": "node/5598135526"
    },
    {
      "type": "Feature",
      "properties": {
        "@id": "node/5636965319",
        "amenity": "fuel",
        "name": "Essar Petroleum"
      },
      "geometry": {
        "type": "Point",
        "coordinates": [
          78.489862,
          17.2736567
        ]
      },
      "id": "node/5636965319"
    },
    {
      "type": "Feature",
      "properties": {
        "@id": "node/5641379786",
        "amenity": "fuel",
        "brand": "Bharat Petroleum",
        "brand:wikidata": "Q854826",
        "name": "Bharat Petroleum"
      },
      "geometry": {
        "type": "Point",
        "coordinates": [
          78.513968,
          17.3488992
        ]
      },
      "id": "node/5641379786"
    },
    {
      "type": "Feature",
      "properties": {
        "@id": "node/5646117028",
        "addr:street": "Sirsi-Kumata Road",
        "amenity": "fuel",
        "fuel:diesel": "yes",
        "fuel:octane_91": "yes",
        "fuel:oil": "yes",
        "name": "Nilekani Fuels",
        "opening_hours": "24/7",
        "payment:cash": "yes",
        "payment:credit_cards": "yes",
        "payment:debit_cards": "yes",
        "payment:maestro": "yes",
        "payment:mastercard": "yes",
        "payment:visa": "yes",
        "payment:visa_debit": "yes",
        "payment:visa_electron": "yes"
      },
      "geometry": {
        "type": "Point",
        "coordinates": [
          74.8225864,
          14.6056588
        ]
      },
      "id": "node/5646117028"
    },
    {
      "type": "Feature",
      "properties": {
        "@id": "node/5677205040",
        "amenity": "fuel",
        "brand": "Hindustan Petroleum",
        "brand:wikidata": "Q1619375",
        "name": "Hindustan Petroleum",
        "official_name": "Hindustan Petroleum"
      },
      "geometry": {
        "type": "Point",
        "coordinates": [
          78.5133861,
          17.3491571
        ]
      },
      "id": "node/5677205040"
    },
    {
      "type": "Feature",
      "properties": {
        "@id": "node/5736530966",
        "amenity": "fuel",
        "brand": "Indian Oil",
        "brand:wikidata": "Q1289348",
        "brand:wikipedia": "en:Indian Oil Corporation",
        "name": "Indian Oil"
      },
      "geometry": {
        "type": "Point",
        "coordinates": [
          78.4787851,
          17.3276613
        ]
      },
      "id": "node/5736530966"
    },
    {
      "type": "Feature",
      "properties": {
        "@id": "node/5793318459",
        "amenity": "fuel",
        "brand": "Indian Oil",
        "brand:wikidata": "Q1289348",
        "brand:wikipedia": "en:Indian Oil Corporation",
        "name": "Indian Oil",
        "name:kn": "ಇಂಡಿಯನ್ ಆಯಿಲ್"
      },
      "geometry": {
        "type": "Point",
        "coordinates": [
          75.7391863,
          15.8612029
        ]
      },
      "id": "node/5793318459"
    },
    {
      "type": "Feature",
      "properties": {
        "@id": "node/5793837189",
        "amenity": "fuel",
        "brand": "Indian Oil",
        "brand:wikidata": "Q1289348",
        "brand:wikipedia": "en:Indian Oil Corporation",
        "name": "Indian Oil",
        "name:kn": "ಇಂಡಿಯನ್ ಆಯಿಲ್"
      },
      "geometry": {
        "type": "Point",
        "coordinates": [
          74.3369205,
          16.4967382
        ]
      },
      "id": "node/5793837189"
    },
    {
      "type": "Feature",
      "properties": {
        "@id": "node/5831438485",
        "amenity": "fuel"
      },
      "geometry": {
        "type": "Point",
        "coordinates": [
          78.4298233,
          17.5647206
        ]
      },
      "id": "node/5831438485"
    },
    {
      "type": "Feature",
      "properties": {
        "@id": "node/5832186225",
        "amenity": "fuel",
        "name": "Bharat Petroleum",
        "name:kn": "ಭಾರತ್ ಪೆಟ್ರೋಲಿಯಂ"
      },
      "geometry": {
        "type": "Point",
        "coordinates": [
          75.1030519,
          15.3891224
        ]
      },
      "id": "node/5832186225"
    },
    {
      "type": "Feature",
      "properties": {
        "@id": "node/5832186247",
        "amenity": "fuel",
        "name": "Doddmani Petroleum"
      },
      "geometry": {
        "type": "Point",
        "coordinates": [
          75.1135487,
          15.3810674
        ]
      },
      "id": "node/5832186247"
    },
    {
      "type": "Feature",
      "properties": {
        "@id": "node/5858717126",
        "amenity": "fuel",
        "building": "shed",
        "fuel:diesel": "yes",
        "fuel:octane_91": "yes",
        "name": "Fuel Station",
        "payment:notes": "yes"
      },
      "geometry": {
        "type": "Point",
        "coordinates": [
          78.548841,
          11.6206549
        ]
      },
      "id": "node/5858717126"
    },
    {
      "type": "Feature",
      "properties": {
        "@id": "node/5870325237",
        "amenity": "fuel"
      },
      "geometry": {
        "type": "Point",
        "coordinates": [
          76.0529275,
          11.7947174
        ]
      },
      "id": "node/5870325237"
    },
    {
      "type": "Feature",
      "properties": {
        "@id": "node/5983455179",
        "amenity": "fuel",
        "check_date": "2023-04-05",
        "name": "Gogas",
        "source": "survey"
      },
      "geometry": {
        "type": "Point",
        "coordinates": [
          77.5868782,
          12.9588104
        ]
      },
      "id": "node/5983455179"
    },
    {
      "type": "Feature",
      "properties": {
        "@id": "node/6040742752",
        "amenity": "fuel",
        "brand": "Indian Oil",
        "brand:wikidata": "Q1289348",
        "name": "Indian Oil"
      },
      "geometry": {
        "type": "Point",
        "coordinates": [
          77.6214271,
          13.1527767
        ]
      },
      "id": "node/6040742752"
    },
    {
      "type": "Feature",
      "properties": {
        "@id": "node/6087117987",
        "amenity": "fuel",
        "name": "HP Petrol",
        "name:en": "HP Petrol bunk"
      },
      "geometry": {
        "type": "Point",
        "coordinates": [
          78.3877684,
          17.3590379
        ]
      },
      "id": "node/6087117987"
    },
    {
      "type": "Feature",
      "properties": {
        "@id": "node/6139125959",
        "amenity": "fuel"
      },
      "geometry": {
        "type": "Point",
        "coordinates": [
          76.9474536,
          13.3087595
        ]
      },
      "id": "node/6139125959"
    },
    {
      "type": "Feature",
      "properties": {
        "@id": "node/6150971109",
        "amenity": "fuel",
        "name": "Bagewadi Petrol Pump"
      },
      "geometry": {
        "type": "Point",
        "coordinates": [
          74.6012766,
          17.9551269
        ]
      },
      "id": "node/6150971109"
    },
    {
      "type": "Feature",
      "properties": {
        "@id": "node/6166289421",
        "addr:city": "kurnool",
        "addr:district": "kurnool",
        "addr:postcode": "518002",
        "addr:street": "Kurnool - Ballari Road",
        "amenity": "fuel",
        "brand": "india oil",
        "name": "chowrastha"
      },
      "geometry": {
        "type": "Point",
        "coordinates": [
          78.0208835,
          15.824463
        ]
      },
      "id": "node/6166289421"
    },
    {
      "type": "Feature",
      "properties": {
        "@id": "node/6172767271",
        "amenity": "fuel",
        "name": "Bharat Petroleum",
        "name:kn": "ಭಾರತ್ ಪೆಟ್ರೋಲಿಯಂ"
      },
      "geometry": {
        "type": "Point",
        "coordinates": [
          74.3960162,
          16.3763294
        ]
      },
      "id": "node/6172767271"
    },
    {
      "type": "Feature",
      "properties": {
        "@id": "node/6208220988",
        "amenity": "fuel",
        "brand": "Bharat Petroleum",
        "brand:wikidata": "Q854826",
        "brand:wikipedia": "en:Bharat Petroleum",
        "name": "Bharat Petroleum"
      },
      "geometry": {
        "type": "Point",
        "coordinates": [
          78.4980571,
          17.3749107
        ]
      },
      "id": "node/6208220988"
    },
    {
      "type": "Feature",
      "properties": {
        "@id": "node/6208220990",
        "amenity": "fuel",
        "name": "Bharat Petroleum"
      },
      "geometry": {
        "type": "Point",
        "coordinates": [
          78.4923056,
          17.3778645
        ]
      },
      "id": "node/6208220990"
    },
    {
      "type": "Feature",
      "properties": {
        "@id": "node/6209973385",
        "amenity": "fuel",
        "name": "Auto Gas"
      },
      "geometry": {
        "type": "Point",
        "coordinates": [
          78.4618329,
          17.4040258
        ]
      },
      "id": "node/6209973385"
    },
    {
      "type": "Feature",
      "properties": {
        "@id": "node/6246261940",
        "amenity": "fuel",
        "name": "HP"
      },
      "geometry": {
        "type": "Point",
        "coordinates": [
          78.5924786,
          17.4810017
        ]
      },
      "id": "node/6246261940"
    },
    {
      "type": "Feature",
      "properties": {
        "@id": "node/6248961888",
        "amenity": "fuel",
        "brand": "Hindustan Petroleum",
        "brand:wikidata": "Q1619375",
        "brand:wikipedia": "en:Hindustan Petroleum",
        "name": "HP",
        "name:en": "HP petrol bunk",
        "official_name": "Hindustan Petroleum"
      },
      "geometry": {
        "type": "Point",
        "coordinates": [
          78.3841734,
          17.4577608
        ]
      },
      "id": "node/6248961888"
    },
    {
      "type": "Feature",
      "properties": {
        "@id": "node/6249884856",
        "amenity": "fuel",
        "name": "Petrol Station"
      },
      "geometry": {
        "type": "Point",
        "coordinates": [
          75.4108924,
          11.8952249
        ]
      },
      "id": "node/6249884856"
    },
    {
      "type": "Feature",
      "properties": {
        "@id": "node/6254336890",
        "amenity": "fuel"
      },
      "geometry": {
        "type": "Point",
        "coordinates": [
          78.4753829,
          17.3887027
        ]
      },
      "id": "node/6254336890"
    },
    {
      "type": "Feature",
      "properties": {
        "@id": "node/6255329187",
        "amenity": "fuel",
        "check_date": "2025-10-11",
        "name": "Bharat Petroleum"
      },
      "geometry": {
        "type": "Point",
        "coordinates": [
          78.426838,
          17.4712572
        ]
      },
      "id": "node/6255329187"
    },
    {
      "type": "Feature",
      "properties": {
        "@id": "node/6255550788",
        "amenity": "fuel",
        "name": "Hp petrol bunk"
      },
      "geometry": {
        "type": "Point",
        "coordinates": [
          78.4743368,
          17.3887874
        ]
      },
      "id": "node/6255550788"
    },
    {
      "type": "Feature",
      "properties": {
        "@id": "node/6264953186",
        "amenity": "fuel",
        "name": "Gas station"
      },
      "geometry": {
        "type": "Point",
        "coordinates": [
          78.5306621,
          17.4267464
        ]
      },
      "id": "node/6264953186"
    },
    {
      "type": "Feature",
      "properties": {
        "@id": "node/6283615886",
        "amenity": "fuel",
        "name": "Aland",
        "name:kn": "ಆಳಂದ"
      },
      "geometry": {
        "type": "Point",
        "coordinates": [
          76.5701567,
          17.5742257
        ]
      },
      "id": "node/6283615886"
    },
    {
      "type": "Feature",
      "properties": {
        "@id": "node/6283615887",
        "amenity": "fuel",
        "name": "Aland",
        "name:kn": "ಆಳಂದ"
      },
      "geometry": {
        "type": "Point",
        "coordinates": [
          76.564601,
          17.563926
        ]
      },
      "id": "node/6283615887"
    },
    {
      "type": "Feature",
      "properties": {
        "@id": "node/6283636085",
        "amenity": "fuel",
        "name": "Aland",
        "name:kn": "ಆಳಂದ"
      },
      "geometry": {
        "type": "Point",
        "coordinates": [
          76.5697742,
          17.578115
        ]
      },
      "id": "node/6283636085"
    },
    {
      "type": "Feature",
      "properties": {
        "@id": "node/6283636091",
        "amenity": "fuel",
        "name:en": "Kasar sirsi gas station"
      },
      "geometry": {
        "type": "Point",
        "coordinates": [
          76.7609196,
          17.9304286
        ]
      },
      "id": "node/6283636091"
    },
    {
      "type": "Feature",
      "properties": {
        "@id": "node/6307011785",
        "amenity": "fuel",
        "brand": "Shell",
        "brand:wikidata": "Q110716465",
        "name": "Shell",
        "name:kn": "ಶೆಲ್"
      },
      "geometry": {
        "type": "Point",
        "coordinates": [
          78.2086292,
          13.1388099
        ]
      },
      "id": "node/6307011785"
    },
    {
      "type": "Feature",
      "properties": {
        "@id": "node/6308214722",
        "amenity": "fuel",
        "operator": "Hindustan Petroleum"
      },
      "geometry": {
        "type": "Point",
        "coordinates": [
          78.5794651,
          17.367591
        ]
      },
      "id": "node/6308214722"
    },
    {
      "type": "Feature",
      "properties": {
        "@id": "node/6308287071",
        "amenity": "fuel",
        "name": "Hindustan Pertoleum"
      },
      "geometry": {
        "type": "Point",
        "coordinates": [
          78.4792256,
          17.4122959
        ]
      },
      "id": "node/6308287071"
    },
    {
      "type": "Feature",
      "properties": {
        "@id": "node/6308303368",
        "amenity": "fuel"
      },
      "geometry": {
        "type": "Point",
        "coordinates": [
          77.9077649,
          17.3359809
        ]
      },
      "id": "node/6308303368"
    },
    {
      "type": "Feature",
      "properties": {
        "@id": "node/6338071925",
        "amenity": "fuel",
        "compressed_air": "no",
        "name": "HiDrive Auto LPG",
        "wheelchair": "yes"
      },
      "geometry": {
        "type": "Point",
        "coordinates": [
          77.585703,
          12.9013144
        ]
      },
      "id": "node/6338071925"
    },
    {
      "type": "Feature",
      "properties": {
        "@id": "node/6354051685",
        "addr:postcode": "670571",
        "addr:street": "Taliparambu-Cherupuzha Road",
        "amenity": "fuel",
        "brand": "Indian Oil",
        "brand:wikidata": "Q1289348",
        "brand:wikipedia": "en:Indian Oil Corporation",
        "name": "Indian Oil Petrol Pump",
        "opening_hours": "Mo-Su 07:00-21:00"
      },
      "geometry": {
        "type": "Point",
        "coordinates": [
          75.4181161,
          12.2088248
        ]
      },
      "id": "node/6354051685"
    },
    {
      "type": "Feature",
      "properties": {
        "@id": "node/6359499506",
        "amenity": "fuel",
        "name:en": "IOC"
      },
      "geometry": {
        "type": "Point",
        "coordinates": [
          78.0736591,
          12.301582
        ]
      },
      "id": "node/6359499506"
    },
    {
      "type": "Feature",
      "properties": {
        "@id": "node/6367890915",
        "amenity": "fuel",
        "name:en": "IOC"
      },
      "geometry": {
        "type": "Point",
        "coordinates": [
          78.0488595,
          12.2005717
        ]
      },
      "id": "node/6367890915"
    },
    {
      "type": "Feature",
      "properties": {
        "@id": "node/6367890932",
        "amenity": "fuel",
        "name:en": "HP Bunk"
      },
      "geometry": {
        "type": "Point",
        "coordinates": [
          78.0741333,
          12.3170731
        ]
      },
      "id": "node/6367890932"
    },
    {
      "type": "Feature",
      "properties": {
        "@id": "node/6367890964",
        "amenity": "fuel",
        "name:en": "IOC Byepass"
      },
      "geometry": {
        "type": "Point",
        "coordinates": [
          78.0779846,
          12.307067
        ]
      },
      "id": "node/6367890964"
    },
    {
      "type": "Feature",
      "properties": {
        "@id": "node/6372166039",
        "addr:city": "hyderabad",
        "addr:postcode": "500035",
        "addr:street": "New Nagole Main Road",
        "amenity": "fuel",
        "fuel:diesel": "yes",
        "name": "hp petrol bunk"
      },
      "geometry": {
        "type": "Point",
        "coordinates": [
          78.5430879,
          17.3721697
        ]
      },
      "id": "node/6372166039"
    },
    {
      "type": "Feature",
      "properties": {
        "@id": "node/6403453185",
        "amenity": "fuel",
        "name": "Shettara Katte"
      },
      "geometry": {
        "type": "Point",
        "coordinates": [
          74.7542041,
          13.6645445
        ]
      },
      "id": "node/6403453185"
    },
    {
      "type": "Feature",
      "properties": {
        "@id": "node/6469321015",
        "addr:full": "Railway Station, Road, Keloth, Payyanur, near to Keloth, Kannur, Kerala, 670307",
        "addr:postcode": "670307",
        "addr:state": "Kerala",
        "amenity": "fuel",
        "brand": "Indian Oil",
        "brand:wikidata": "Q1289348",
        "opening_hours": "Mo-Su 06:00-22:00",
        "phone": "+919846839010",
        "website": "https://locator.iocl.com/indianoil-sai-sastha-petroleum-petrol-pump-payyanur-kannur-235382/Home"
      },
      "geometry": {
        "type": "Point",
        "coordinates": [
          75.198283,
          12.102621
        ]
      },
      "id": "node/6469321015"
    },
    {
      "type": "Feature",
      "properties": {
        "@id": "node/6533892503",
        "amenity": "fuel",
        "brand": "Hindustan Petroleum",
        "brand:wikidata": "Q1619375",
        "brand:wikipedia": "en:Hindustan Petroleum",
        "fuel:diesel": "yes",
        "fuel:petrol": "yes",
        "name": "HP",
        "official_name": "Hindustan Petroleum",
        "opening_hours": "Mo-Su 05:00-23:00",
        "operator": "Mandhane Highway Service",
        "self_service": "no"
      },
      "geometry": {
        "type": "Point",
        "coordinates": [
          75.9600227,
          18.3176605
        ]
      },
      "id": "node/6533892503"
    },
    {
      "type": "Feature",
      "properties": {
        "@id": "node/6533893591",
        "amenity": "fuel",
        "name": "Mahalaxmi Petrol Pump"
      },
      "geometry": {
        "type": "Point",
        "coordinates": [
          75.9856777,
          18.3093762
        ]
      },
      "id": "node/6533893591"
    },
    {
      "type": "Feature",
      "properties": {
        "@id": "node/6612538980",
        "amenity": "fuel",
        "check_date": "2025-06-16",
        "name": "Nayara",
        "self_service": "no",
        "source": "survey"
      },
      "geometry": {
        "type": "Point",
        "coordinates": [
          75.9264789,
          13.1587673
        ]
      },
      "id": "node/6612538980"
    },
    {
      "type": "Feature",
      "properties": {
        "@id": "node/6612713478",
        "amenity": "fuel",
        "brand": "Indian Oil",
        "brand:wikidata": "Q1289348",
        "brand:wikipedia": "en:Indian Oil Corporation",
        "check_date": "2025-06-16",
        "name": "Indian Oil",
        "name:kn": "ಇಂಡಿಯನ್ ಆಯಿಲ್",
        "self_service": "no",
        "source": "survey"
      },
      "geometry": {
        "type": "Point",
        "coordinates": [
          76.0357823,
          13.0923838
        ]
      },
      "id": "node/6612713478"
    },
    {
      "type": "Feature",
      "properties": {
        "@id": "node/6612842967",
        "amenity": "fuel",
        "brand": "Indian Oil",
        "brand:wikidata": "Q1289348",
        "brand:wikipedia": "en:Indian Oil Corporation",
        "check_date": "2025-06-16",
        "name": "Indian Oil",
        "name:kn": "ಇಂಡಿಯನ್ ಆಯಿಲ್",
        "self_service": "no",
        "source": "survey"
      },
      "geometry": {
        "type": "Point",
        "coordinates": [
          76.4813983,
          12.9202357
        ]
      },
      "id": "node/6612842967"
    },
    {
      "type": "Feature",
      "properties": {
        "@id": "node/6612845329",
        "amenity": "fuel",
        "brand": "Indian Oil",
        "brand:wikidata": "Q1289348",
        "brand:wikipedia": "en:Indian Oil Corporation",
        "name": "Indian Oil",
        "name:kn": "ಇಂಡಿಯನ್ ಆಯಿಲ್"
      },
      "geometry": {
        "type": "Point",
        "coordinates": [
          76.5788758,
          12.9526704
        ]
      },
      "id": "node/6612845329"
    },
    {
      "type": "Feature",
      "properties": {
        "@id": "node/6612848215",
        "amenity": "fuel",
        "brand": "Indian Oil",
        "brand:wikidata": "Q1289348",
        "brand:wikipedia": "en:Indian Oil Corporation",
        "check_date": "2025-06-16",
        "name": "Indian Oil",
        "name:kn": "ಇಂಡಿಯನ್ ಆಯಿಲ್",
        "self_service": "no",
        "source": "survey"
      },
      "geometry": {
        "type": "Point",
        "coordinates": [
          76.5696841,
          12.9531404
        ]
      },
      "id": "node/6612848215"
    },
    {
      "type": "Feature",
      "properties": {
        "@id": "node/6625782002",
        "amenity": "fuel",
        "name": "Hindustan Petroleum",
        "name:kn": "ಹಿಂದುಸ್ತಾನ್ ಪೆಟ್ರೋಲಿಯಂ"
      },
      "geometry": {
        "type": "Point",
        "coordinates": [
          75.7465542,
          12.2264187
        ]
      },
      "id": "node/6625782002"
    },
    {
      "type": "Feature",
      "properties": {
        "@id": "node/6630658828",
        "amenity": "fuel",
        "brand": "Hindustan Petroleum",
        "brand:wikidata": "Q1619375",
        "brand:wikipedia": "en:Hindustan Petroleum",
        "check_date": "2024-04-29",
        "name": "HP",
        "name:kn": "ಹಿಂದುಸ್ತಾನ್ ಪೆಟ್ರೋಲಿಯಂ",
        "official_name": "Hindustan Petroleum"
      },
      "geometry": {
        "type": "Point",
        "coordinates": [
          75.9291945,
          12.4460579
        ]
      },
      "id": "node/6630658828"
    },
    {
      "type": "Feature",
      "properties": {
        "@id": "node/6630703191",
        "amenity": "fuel",
        "brand": "Indian Oil",
        "brand:wikidata": "Q1289348",
        "brand:wikipedia": "en:Indian Oil Corporation",
        "check_date": "2023-10-08",
        "name": "Indian Oil",
        "name:kn": "ಇಂಡಿಯನ್ ಆಯಿಲ್",
        "self_service": "no"
      },
      "geometry": {
        "type": "Point",
        "coordinates": [
          76.0718748,
          12.3483188
        ]
      },
      "id": "node/6630703191"
    },
    {
      "type": "Feature",
      "properties": {
        "@id": "node/6630708686",
        "amenity": "fuel",
        "name": "Bharatiya Petroleum",
        "name:kn": "ಭಾರತಿಯ ಪೆಟ್ರೋಲಿಯಂ"
      },
      "geometry": {
        "type": "Point",
        "coordinates": [
          76.0977338,
          12.3385181
        ]
      },
      "id": "node/6630708686"
    },
    {
      "type": "Feature",
      "properties": {
        "@id": "node/6630720806",
        "amenity": "fuel",
        "brand": "Hindustan Petroleum",
        "brand:wikidata": "Q1619375",
        "name": "Hindustan Petroleum",
        "name:kn": "ಹಿಂದುಸ್ತಾನ್ ಪೆಟ್ರೋಲಿಯಂ",
        "official_name": "Hindustan Petroleum"
      },
      "geometry": {
        "type": "Point",
        "coordinates": [
          76.1638471,
          12.3377087
        ]
      },
      "id": "node/6630720806"
    },
    {
      "type": "Feature",
      "properties": {
        "@id": "node/6630859799",
        "amenity": "fuel",
        "brand": "Indian Oil",
        "brand:wikidata": "Q1289348",
        "brand:wikipedia": "en:Indian Oil Corporation",
        "name": "Indian Oil",
        "name:kn": "ಇಂಡಿಯನ್ ಆಯಿಲ್"
      },
      "geometry": {
        "type": "Point",
        "coordinates": [
          76.3485139,
          12.3239351
        ]
      },
      "id": "node/6630859799"
    },
    {
      "type": "Feature",
      "properties": {
        "@id": "node/6630944932",
        "amenity": "fuel",
        "check_date": "2023-10-08",
        "name": "Essar Fuels",
        "self_service": "no"
      },
      "geometry": {
        "type": "Point",
        "coordinates": [
          76.6174814,
          12.3920236
        ]
      },
      "id": "node/6630944932"
    },
    {
      "type": "Feature",
      "properties": {
        "@id": "node/6630960133",
        "amenity": "fuel",
        "brand": "Indian Oil",
        "brand:wikidata": "Q1289348",
        "brand:wikipedia": "en:Indian Oil Corporation",
        "compressed_air": "yes",
        "name": "Indian Oil",
        "name:kn": "ಇಂಡಿಯನ್ ಆಯಿಲ್"
      },
      "geometry": {
        "type": "Point",
        "coordinates": [
          76.7030384,
          12.4307533
        ]
      },
      "id": "node/6630960133"
    },
    {
      "type": "Feature",
      "properties": {
        "@id": "node/6631455139",
        "amenity": "fuel",
        "name": "Essar Fuels"
      },
      "geometry": {
        "type": "Point",
        "coordinates": [
          77.3976733,
          12.8031129
        ]
      },
      "id": "node/6631455139"
    },
    {
      "type": "Feature",
      "properties": {
        "@id": "node/6631455874",
        "amenity": "fuel",
        "name": "Reliance",
        "name:kn": "ರಿಲಾಯನ್ಸ್"
      },
      "geometry": {
        "type": "Point",
        "coordinates": [
          77.2759562,
          12.7296431
        ]
      },
      "id": "node/6631455874"
    },
    {
      "type": "Feature",
      "properties": {
        "@id": "node/6631456960",
        "amenity": "fuel",
        "brand": "Indian Oil",
        "brand:wikidata": "Q1289348",
        "brand:wikipedia": "en:Indian Oil Corporation",
        "name": "Indian Oil",
        "name:kn": "ಇಂಡಿಯನ್ ಆಯಿಲ್"
      },
      "geometry": {
        "type": "Point",
        "coordinates": [
          77.6716475,
          12.8764083
        ]
      },
      "id": "node/6631456960"
    },
    {
      "type": "Feature",
      "properties": {
        "@id": "node/6652615386",
        "amenity": "fuel",
        "brand": "Indian Oil",
        "brand:wikidata": "Q1289348",
        "brand:wikipedia": "en:Indian Oil Corporation",
        "name": "Indian Oil"
      },
      "geometry": {
        "type": "Point",
        "coordinates": [
          78.5011937,
          17.3655781
        ]
      },
      "id": "node/6652615386"
    },
    {
      "type": "Feature",
      "properties": {
        "@id": "node/6652622385",
        "amenity": "fuel",
        "name": "HP"
      },
      "geometry": {
        "type": "Point",
        "coordinates": [
          78.5027654,
          17.3633735
        ]
      },
      "id": "node/6652622385"
    },
    {
      "type": "Feature",
      "properties": {
        "@id": "node/6652962785",
        "amenity": "fuel",
        "brand": "Indian Oil",
        "brand:wikidata": "Q1289348",
        "brand:wikipedia": "en:Indian Oil Corporation",
        "name": "Indian Oil"
      },
      "geometry": {
        "type": "Point",
        "coordinates": [
          78.4857081,
          17.3808647
        ]
      },
      "id": "node/6652962785"
    },
    {
      "type": "Feature",
      "properties": {
        "@id": "node/6652962786",
        "amenity": "fuel",
        "brand": "Indian Oil",
        "brand:wikidata": "Q1289348",
        "brand:wikipedia": "en:Indian Oil Corporation",
        "name": "Indian Oil"
      },
      "geometry": {
        "type": "Point",
        "coordinates": [
          78.4772332,
          17.3873482
        ]
      },
      "id": "node/6652962786"
    },
    {
      "type": "Feature",
      "properties": {
        "@id": "node/6726448572",
        "amenity": "fuel",
        "name": "Petrol Meenangadi"
      },
      "geometry": {
        "type": "Point",
        "coordinates": [
          76.1611544,
          11.6631079
        ]
      },
      "id": "node/6726448572"
    },
    {
      "type": "Feature",
      "properties": {
        "@id": "node/6743532816",
        "amenity": "fuel",
        "brand": "BP",
        "brand:wikidata": "Q152057",
        "brand:wikipedia": "en:BP",
        "name": "BP"
      },
      "geometry": {
        "type": "Point",
        "coordinates": [
          78.1499288,
          11.6764601
        ]
      },
      "id": "node/6743532816"
    },
    {
      "type": "Feature",
      "properties": {
        "@id": "node/6743546714",
        "amenity": "fuel",
        "brand": "Hindustan Petroleum",
        "brand:wikidata": "Q1619375",
        "brand:wikipedia": "en:Hindustan Petroleum",
        "name": "HP",
        "official_name": "Hindustan Petroleum"
      },
      "geometry": {
        "type": "Point",
        "coordinates": [
          78.1355579,
          11.6751251
        ]
      },
      "id": "node/6743546714"
    },
    {
      "type": "Feature",
      "properties": {
        "@id": "node/6779104034",
        "amenity": "fuel",
        "name": "Auto LPG super GAS"
      },
      "geometry": {
        "type": "Point",
        "coordinates": [
          76.898127,
          12.5276713
        ]
      },
      "id": "node/6779104034"
    },
    {
      "type": "Feature",
      "properties": {
        "@id": "node/6779111097",
        "addr:street": "NH275",
        "amenity": "fuel",
        "name": "Hp Petrol Pump"
      },
      "geometry": {
        "type": "Point",
        "coordinates": [
          76.9047033,
          12.5292605
        ]
      },
      "id": "node/6779111097"
    },
    {
      "type": "Feature",
      "properties": {
        "@id": "node/6779117740",
        "addr:street": "Factory Circle",
        "amenity": "fuel",
        "name": "HP Petrol station",
        "name:kn": "ಹಿಂದುಸ್ತಾನ್ ಪೆಟ್ರೋಲಿಯಂ"
      },
      "geometry": {
        "type": "Point",
        "coordinates": [
          76.90373,
          12.5287083
        ]
      },
      "id": "node/6779117740"
    },
    {
      "type": "Feature",
      "properties": {
        "@id": "node/6779119196",
        "amenity": "fuel",
        "name": "MRPL petrol station"
      },
      "geometry": {
        "type": "Point",
        "coordinates": [
          76.8870934,
          12.521011
        ]
      },
      "id": "node/6779119196"
    },
    {
      "type": "Feature",
      "properties": {
        "@id": "node/6779120597",
        "addr:street": "m.c road",
        "amenity": "fuel",
        "brand": "Indian Oil",
        "brand:wikidata": "Q1289348",
        "brand:wikipedia": "en:Indian Oil Corporation",
        "name": "Indian Oil Petrol Bunk",
        "name:kn": "ಇಂಡಿಯನ್ ಆಯಿಲ್",
        "opening_hours": "Mo-Su 06:00-12:00"
      },
      "geometry": {
        "type": "Point",
        "coordinates": [
          76.9042599,
          12.5286507
        ]
      },
      "id": "node/6779120597"
    },
    {
      "type": "Feature",
      "properties": {
        "@id": "node/6779120598",
        "amenity": "fuel",
        "brand": "Indian Oil",
        "brand:wikidata": "Q1289348",
        "brand:wikipedia": "en:Indian Oil Corporation",
        "name": "Indian Oil",
        "name:kn": "ಇಂಡಿಯನ್ ಆಯಿಲ್"
      },
      "geometry": {
        "type": "Point",
        "coordinates": [
          76.9041505,
          12.5285352
        ]
      },
      "id": "node/6779120598"
    },
    {
      "type": "Feature",
      "properties": {
        "@id": "node/6779122506",
        "addr:street": "Bangalore- Mysore highway",
        "amenity": "fuel",
        "brand": "Indian Oil",
        "brand:wikidata": "Q1289348",
        "brand:wikipedia": "en:Indian Oil Corporation",
        "name": "Indian Oil",
        "name:kn": "ಇಂಡಿಯನ್ ಆಯಿಲ್"
      },
      "geometry": {
        "type": "Point",
        "coordinates": [
          76.9041154,
          12.5285259
        ]
      },
      "id": "node/6779122506"
    },
    {
      "type": "Feature",
      "properties": {
        "@id": "node/6779124685",
        "addr:street": "Bannur Road",
        "amenity": "fuel",
        "name": "MRPL petrol bunk"
      },
      "geometry": {
        "type": "Point",
        "coordinates": [
          76.8870417,
          12.5209867
        ]
      },
      "id": "node/6779124685"
    },
    {
      "type": "Feature",
      "properties": {
        "@id": "node/6779129577",
        "addr:street": "NH275",
        "amenity": "fuel",
        "name": "Indian Oil Petrol Pump",
        "name:kn": "ಇಂಡಿಯನ್ ಆಯಿಲ್"
      },
      "geometry": {
        "type": "Point",
        "coordinates": [
          76.9039074,
          12.5281282
        ]
      },
      "id": "node/6779129577"
    },
    {
      "type": "Feature",
      "properties": {
        "@id": "node/6801239690",
        "addr:city": "Hyderabad",
        "addr:postcode": "500056",
        "addr:street": "neredmet cross roads,defence colony",
        "amenity": "fuel",
        "brand": "Bharat Petroleum",
        "brand:wikidata": "Q854826",
        "brand:wikipedia": "en:Bharat Petroleum",
        "name": "Bharat Petroleum"
      },
      "geometry": {
        "type": "Point",
        "coordinates": [
          78.5365102,
          17.4822669
        ]
      },
      "id": "node/6801239690"
    },
    {
      "type": "Feature",
      "properties": {
        "@id": "node/6822126573",
        "amenity": "fuel",
        "name": "HP Petrol Pump",
        "source": "survey"
      },
      "geometry": {
        "type": "Point",
        "coordinates": [
          78.4785715,
          17.4690152
        ]
      },
      "id": "node/6822126573"
    },
    {
      "type": "Feature",
      "properties": {
        "@id": "node/6822126630",
        "amenity": "fuel",
        "name": "Reliance Diesel Service",
        "source": "survey"
      },
      "geometry": {
        "type": "Point",
        "coordinates": [
          78.445204,
          17.5120256
        ]
      },
      "id": "node/6822126630"
    },
    {
      "type": "Feature",
      "properties": {
        "@id": "node/6837577301",
        "amenity": "fuel",
        "name": "Petrol Pump",
        "source": "survey"
      },
      "geometry": {
        "type": "Point",
        "coordinates": [
          77.705185,
          16.232896
        ]
      },
      "id": "node/6837577301"
    },
    {
      "type": "Feature",
      "properties": {
        "@id": "node/6837577302",
        "amenity": "fuel",
        "name": "HP Petrol Pump, Maldakal",
        "source": "survey"
      },
      "geometry": {
        "type": "Point",
        "coordinates": [
          77.7027533,
          16.12469
        ]
      },
      "id": "node/6837577302"
    },
    {
      "type": "Feature",
      "properties": {
        "@id": "node/6840090761",
        "amenity": "fuel",
        "name": "Sri Rama Hp Gas",
        "source": "survey"
      },
      "geometry": {
        "type": "Point",
        "coordinates": [
          78.5731653,
          18.3077961
        ]
      },
      "id": "node/6840090761"
    },
    {
      "type": "Feature",
      "properties": {
        "@id": "node/6840128331",
        "amenity": "fuel",
        "name": "Reliance Petrol Pump",
        "self_service": "no"
      },
      "geometry": {
        "type": "Point",
        "coordinates": [
          74.5070812,
          15.8367663
        ]
      },
      "id": "node/6840128331"
    },
    {
      "type": "Feature",
      "properties": {
        "@id": "node/6840128332",
        "addr:city": "Belgaum",
        "addr:postcode": "590006",
        "amenity": "fuel",
        "brand": "Bharat Petroleum",
        "brand:wikidata": "Q854826",
        "brand:wikipedia": "en:Bharat Petroleum",
        "name": "Bharat Petroleum",
        "name:kn": "ಭಾರತ್ ಪೆಟ್ರೋಲಿಯಂ",
        "self_service": "no"
      },
      "geometry": {
        "type": "Point",
        "coordinates": [
          74.50745,
          15.8372669
        ]
      },
      "id": "node/6840128332"
    },
    {
      "type": "Feature",
      "properties": {
        "@id": "node/6844110200",
        "addr:postcode": "590008",
        "addr:street": "Khanapur Road",
        "amenity": "fuel",
        "brand": "Hindustan Petroleum",
        "brand:wikidata": "Q1619375",
        "brand:wikipedia": "en:Hindustan Petroleum",
        "name": "HP",
        "name:en": "HP Petrol Pump Durga Auto Service",
        "official_name": "Hindustan Petroleum",
        "opening_hours": "Mo-Su 05:00-23:00",
        "phone": "094491 39449"
      },
      "geometry": {
        "type": "Point",
        "coordinates": [
          74.4974194,
          15.8236521
        ]
      },
      "id": "node/6844110200"
    },
    {
      "type": "Feature",
      "properties": {
        "@id": "node/6847212499",
        "amenity": "fuel",
        "name": "HP PETROL PUMP - FAIYAZ AND COMPANY",
        "source": "survey"
      },
      "geometry": {
        "type": "Point",
        "coordinates": [
          77.5865971,
          17.2583698
        ]
      },
      "id": "node/6847212499"
    },
    {
      "type": "Feature",
      "properties": {
        "@id": "node/6847212737",
        "amenity": "fuel",
        "name": "SRI SANGAMESHWARA FILLING STATION",
        "source": "survey"
      },
      "geometry": {
        "type": "Point",
        "coordinates": [
          77.7786122,
          18.036249
        ]
      },
      "id": "node/6847212737"
    },
    {
      "type": "Feature",
      "properties": {
        "@id": "node/6847212749",
        "amenity": "fuel",
        "name": "Gas Station",
        "source": "survey"
      },
      "geometry": {
        "type": "Point",
        "coordinates": [
          78.28091,
          17.743843
        ]
      },
      "id": "node/6847212749"
    },
    {
      "type": "Feature",
      "properties": {
        "@id": "node/6847914893",
        "amenity": "fuel",
        "brand": "Indian Oil",
        "brand:wikidata": "Q1289348",
        "brand:wikipedia": "en:Indian Oil Corporation",
        "name": "Mahalaxmi Filling Station Indian Oil Petrol Pump",
        "source": "survey"
      },
      "geometry": {
        "type": "Point",
        "coordinates": [
          78.496999,
          16.668526
        ]
      },
      "id": "node/6847914893"
    },
    {
      "type": "Feature",
      "properties": {
        "@id": "node/6850830238",
        "amenity": "fuel",
        "name": "Ganesh Carrier Bharat Petrol Pump",
        "source": "survey"
      },
      "geometry": {
        "type": "Point",
        "coordinates": [
          78.516196,
          17.50665
        ]
      },
      "id": "node/6850830238"
    },
    {
      "type": "Feature",
      "properties": {
        "@id": "node/6853049368",
        "amenity": "fuel",
        "name": "Star Quality Fuel Station",
        "source": "survey"
      },
      "geometry": {
        "type": "Point",
        "coordinates": [
          78.479671,
          17.515236
        ]
      },
      "id": "node/6853049368"
    },
    {
      "type": "Feature",
      "properties": {
        "@id": "node/6853050043",
        "amenity": "fuel",
        "name": "HP PETROL PUMP - MANIKANTA FILLING STATION",
        "source": "survey"
      },
      "geometry": {
        "type": "Point",
        "coordinates": [
          78.068758,
          16.366608
        ]
      },
      "id": "node/6853050043"
    },
    {
      "type": "Feature",
      "properties": {
        "@id": "node/6853738224",
        "amenity": "fuel",
        "name": "HP Petrol Pump - Sanmati Diesel Centre"
      },
      "geometry": {
        "type": "Point",
        "coordinates": [
          74.4873295,
          15.868687
        ]
      },
      "id": "node/6853738224"
    },
    {
      "type": "Feature",
      "properties": {
        "@id": "node/6949244902",
        "amenity": "fuel",
        "brand": "Hindustan Petroleum",
        "brand:wikidata": "Q1619375",
        "compressed_air": "yes",
        "name": "HP Petrol bunk",
        "official_name": "Hindustan Petroleum",
        "opening_hours": "Mo-Su 06:00-23:00"
      },
      "geometry": {
        "type": "Point",
        "coordinates": [
          78.3647896,
          17.4650201
        ]
      },
      "id": "node/6949244902"
    },
    {
      "type": "Feature",
      "properties": {
        "@id": "node/6952164918",
        "amenity": "fuel",
        "name": "Go Gas",
        "operator": "Go Gas"
      },
      "geometry": {
        "type": "Point",
        "coordinates": [
          77.5159062,
          12.9364637
        ]
      },
      "id": "node/6952164918"
    },
    {
      "type": "Feature",
      "properties": {
        "@id": "node/6956655957",
        "amenity": "fuel",
        "brand": "HP",
        "name": "thekkepuram gas station"
      },
      "geometry": {
        "type": "Point",
        "coordinates": [
          75.0815585,
          12.3328637
        ]
      },
      "id": "node/6956655957"
    },
    {
      "type": "Feature",
      "properties": {
        "@id": "node/6956749894",
        "amenity": "fuel",
        "compressed_air": "yes"
      },
      "geometry": {
        "type": "Point",
        "coordinates": [
          75.0999723,
          12.3362536
        ]
      },
      "id": "node/6956749894"
    },
    {
      "type": "Feature",
      "properties": {
        "@id": "node/6982993988",
        "amenity": "fuel",
        "name": "Club HP"
      },
      "geometry": {
        "type": "Point",
        "coordinates": [
          78.4286557,
          17.3686841
        ]
      },
      "id": "node/6982993988"
    },
    {
      "type": "Feature",
      "properties": {
        "@id": "node/7002680236",
        "amenity": "fuel",
        "brand": "Bharat Petroleum",
        "brand:wikidata": "Q854826",
        "brand:wikipedia": "en:Bharat Petroleum",
        "name": "Bharat Petroleum"
      },
      "geometry": {
        "type": "Point",
        "coordinates": [
          78.3205126,
          17.4946076
        ]
      },
      "id": "node/7002680236"
    },
    {
      "type": "Feature",
      "properties": {
        "@id": "node/7004002540",
        "addr:postcode": "415004",
        "addr:street": "Pune Bengaluru Highway",
        "amenity": "fuel",
        "name:en": "BP Petrol Pump",
        "opening_hours": "24/7"
      },
      "geometry": {
        "type": "Point",
        "coordinates": [
          74.0244663,
          17.6144317
        ]
      },
      "id": "node/7004002540"
    },
    {
      "type": "Feature",
      "properties": {
        "@id": "node/7004017888",
        "addr:postcode": "416234",
        "addr:street": "Pune Bengaluru Highway",
        "amenity": "fuel",
        "name:en": "Sudarshan Petroleum Centre (HP)",
        "opening_hours": "24/7",
        "phone": "0231 267 2459"
      },
      "geometry": {
        "type": "Point",
        "coordinates": [
          74.2741374,
          16.6489506
        ]
      },
      "id": "node/7004017888"
    },
    {
      "type": "Feature",
      "properties": {
        "@id": "node/7004022585",
        "addr:postcode": "415539",
        "addr:street": "Pune Bengaluru Highway",
        "amenity": "fuel",
        "name:en": "Indian Oil Petrol Pump",
        "opening_hours": "Mo-Su 06:00-23:00"
      },
      "geometry": {
        "type": "Point",
        "coordinates": [
          74.1807834,
          17.218131
        ]
      },
      "id": "node/7004022585"
    },
    {
      "type": "Feature",
      "properties": {
        "@id": "node/7004029786",
        "addr:postcode": "416112",
        "addr:street": "Pune Bengaluru Highway",
        "amenity": "fuel",
        "name:en": "HP Petrol Pump",
        "opening_hours": "Mo-Su 05:00-23:00",
        "phone": "098238 07600"
      },
      "geometry": {
        "type": "Point",
        "coordinates": [
          74.2962127,
          16.8554245
        ]
      },
      "id": "node/7004029786"
    },
    {
      "type": "Feature",
      "properties": {
        "@id": "node/7004058487",
        "addr:postcode": "591237",
        "addr:street": "NH4 Service Rd.",
        "amenity": "fuel",
        "brand": "Indian Oil",
        "brand:wikidata": "Q1289348",
        "brand:wikipedia": "en:Indian Oil Corporation",
        "name": "Indian Oil Petrol Pump",
        "opening_hours": "24/7",
        "phone": "083382 23641"
      },
      "geometry": {
        "type": "Point",
        "coordinates": [
          74.3723674,
          16.4196458
        ]
      },
      "id": "node/7004058487"
    },
    {
      "type": "Feature",
      "properties": {
        "@id": "node/7004060885",
        "addr:postcode": "591229",
        "addr:street": "NH 4 service Road",
        "amenity": "fuel",
        "name": "HP petrol pump",
        "name:en": "HP Petrol Pump",
        "opening_hours": "24/7",
        "phone": "062907 47910"
      },
      "geometry": {
        "type": "Point",
        "coordinates": [
          74.315207,
          16.5693062
        ]
      },
      "id": "node/7004060885"
    },
    {
      "type": "Feature",
      "properties": {
        "@id": "node/7008068139",
        "amenity": "fuel",
        "brand": "HP",
        "fuel:diesel": "yes",
        "fuel:petrol": "yes",
        "name": "Shailaja filling station"
      },
      "geometry": {
        "type": "Point",
        "coordinates": [
          78.4289111,
          18.1188174
        ]
      },
      "id": "node/7008068139"
    },
    {
      "type": "Feature",
      "properties": {
        "@id": "node/7049487277",
        "addr:street": "Kolhapur Road",
        "amenity": "fuel",
        "brand": "Fas Gas",
        "brand:wikidata": "Q61743505",
        "brand:wikipedia": "en:Parkland Fuel",
        "name": "Gas stasion"
      },
      "geometry": {
        "type": "Point",
        "coordinates": [
          74.283197,
          16.6907379
        ]
      },
      "id": "node/7049487277"
    },
    {
      "type": "Feature",
      "properties": {
        "@id": "node/7056492859",
        "amenity": "fuel"
      },
      "geometry": {
        "type": "Point",
        "coordinates": [
          76.6329917,
          12.2655527
        ]
      },
      "id": "node/7056492859"
    },
    {
      "type": "Feature",
      "properties": {
        "@id": "node/7058495643",
        "amenity": "fuel",
        "brand": "Indian Oil",
        "brand:wikidata": "Q1289348",
        "brand:wikipedia": "en:Indian Oil Corporation",
        "name": "Indian Oil"
      },
      "geometry": {
        "type": "Point",
        "coordinates": [
          75.4036223,
          12.2886974
        ]
      },
      "id": "node/7058495643"
    },
    {
      "type": "Feature",
      "properties": {
        "@id": "node/7088194203",
        "amenity": "fuel"
      },
      "geometry": {
        "type": "Point",
        "coordinates": [
          77.975686,
          17.6171842
        ]
      },
      "id": "node/7088194203"
    },
    {
      "type": "Feature",
      "properties": {
        "@id": "node/7117637285",
        "amenity": "fuel",
        "fuel:diesel": "yes",
        "fuel:lpg": "yes",
        "fuel:octane_91": "yes",
        "name": "HP Petrol Bunk"
      },
      "geometry": {
        "type": "Point",
        "coordinates": [
          78.448286,
          17.510307
        ]
      },
      "id": "node/7117637285"
    },
    {
      "type": "Feature",
      "properties": {
        "@id": "node/7169496420",
        "amenity": "fuel"
      },
      "geometry": {
        "type": "Point",
        "coordinates": [
          78.4430706,
          11.653999
        ]
      },
      "id": "node/7169496420"
    },
    {
      "type": "Feature",
      "properties": {
        "@id": "node/7169875150",
        "amenity": "fuel"
      },
      "geometry": {
        "type": "Point",
        "coordinates": [
          78.0535155,
          11.581518
        ]
      },
      "id": "node/7169875150"
    },
    {
      "type": "Feature",
      "properties": {
        "@id": "node/7169876470",
        "amenity": "fuel",
        "compressed_air": "yes"
      },
      "geometry": {
        "type": "Point",
        "coordinates": [
          78.3159176,
          11.6654421
        ]
      },
      "id": "node/7169876470"
    },
    {
      "type": "Feature",
      "properties": {
        "@id": "node/7169884704",
        "amenity": "fuel"
      },
      "geometry": {
        "type": "Point",
        "coordinates": [
          78.3680838,
          11.6526655
        ]
      },
      "id": "node/7169884704"
    },
    {
      "type": "Feature",
      "properties": {
        "@id": "node/7169890033",
        "amenity": "fuel"
      },
      "geometry": {
        "type": "Point",
        "coordinates": [
          78.1068546,
          11.6193198
        ]
      },
      "id": "node/7169890033"
    },
    {
      "type": "Feature",
      "properties": {
        "@id": "node/7178570903",
        "amenity": "fuel",
        "brand": "Indian Oil",
        "brand:wikidata": "Q1289348",
        "name": "indian oil"
      },
      "geometry": {
        "type": "Point",
        "coordinates": [
          78.5200091,
          11.6421452
        ]
      },
      "id": "node/7178570903"
    },
    {
      "type": "Feature",
      "properties": {
        "@id": "node/7178581946",
        "amenity": "fuel"
      },
      "geometry": {
        "type": "Point",
        "coordinates": [
          78.4668273,
          11.6517824
        ]
      },
      "id": "node/7178581946"
    },
    {
      "type": "Feature",
      "properties": {
        "@id": "node/7178582150",
        "amenity": "fuel"
      },
      "geometry": {
        "type": "Point",
        "coordinates": [
          78.1684286,
          11.6335968
        ]
      },
      "id": "node/7178582150"
    },
    {
      "type": "Feature",
      "properties": {
        "@id": "node/7178582792",
        "amenity": "fuel"
      },
      "geometry": {
        "type": "Point",
        "coordinates": [
          78.1530836,
          11.6254384
        ]
      },
      "id": "node/7178582792"
    },
    {
      "type": "Feature",
      "properties": {
        "@id": "node/7178583637",
        "amenity": "fuel"
      },
      "geometry": {
        "type": "Point",
        "coordinates": [
          78.1585096,
          11.626699
        ]
      },
      "id": "node/7178583637"
    },
    {
      "type": "Feature",
      "properties": {
        "@id": "node/7178594295",
        "amenity": "fuel"
      },
      "geometry": {
        "type": "Point",
        "coordinates": [
          78.5492314,
          11.6207845
        ]
      },
      "id": "node/7178594295"
    },
    {
      "type": "Feature",
      "properties": {
        "@id": "node/7178595512",
        "amenity": "fuel"
      },
      "geometry": {
        "type": "Point",
        "coordinates": [
          78.1564123,
          11.6258209
        ]
      },
      "id": "node/7178595512"
    },
    {
      "type": "Feature",
      "properties": {
        "@id": "node/7178596863",
        "amenity": "fuel"
      },
      "geometry": {
        "type": "Point",
        "coordinates": [
          78.1618792,
          11.6274704
        ]
      },
      "id": "node/7178596863"
    },
    {
      "type": "Feature",
      "properties": {
        "@id": "node/7178599987",
        "amenity": "fuel"
      },
      "geometry": {
        "type": "Point",
        "coordinates": [
          78.4437441,
          11.654339
        ]
      },
      "id": "node/7178599987"
    },
    {
      "type": "Feature",
      "properties": {
        "@id": "node/7178600901",
        "amenity": "fuel",
        "compressed_air": "yes"
      },
      "geometry": {
        "type": "Point",
        "coordinates": [
          77.910395,
          11.5018662
        ]
      },
      "id": "node/7178600901"
    },
    {
      "type": "Feature",
      "properties": {
        "@id": "node/7178602914",
        "amenity": "fuel",
        "brand": "Indian Oil",
        "brand:wikidata": "Q1289348",
        "brand:wikipedia": "en:Indian Oil Corporation",
        "name": "Indian Oil"
      },
      "geometry": {
        "type": "Point",
        "coordinates": [
          78.0002151,
          11.5511616
        ]
      },
      "id": "node/7178602914"
    },
    {
      "type": "Feature",
      "properties": {
        "@id": "node/7178634097",
        "amenity": "fuel",
        "brand": "Bharat Petroleum",
        "brand:wikidata": "Q854826",
        "name": "Bharat Petroleum"
      },
      "geometry": {
        "type": "Point",
        "coordinates": [
          78.0659638,
          11.5879269
        ]
      },
      "id": "node/7178634097"
    },
    {
      "type": "Feature",
      "properties": {
        "@id": "node/7178637119",
        "amenity": "fuel",
        "brand": "Bharat Petroleum",
        "brand:wikidata": "Q854826",
        "compressed_air": "yes",
        "name": "Bharat Petroleum"
      },
      "geometry": {
        "type": "Point",
        "coordinates": [
          78.0023056,
          11.5524395
        ]
      },
      "id": "node/7178637119"
    },
    {
      "type": "Feature",
      "properties": {
        "@id": "node/7178638544",
        "amenity": "fuel",
        "brand": "Bharat Petroleum",
        "brand:wikidata": "Q854826",
        "name": "Bharat Petroleum"
      },
      "geometry": {
        "type": "Point",
        "coordinates": [
          78.1069068,
          11.6188809
        ]
      },
      "id": "node/7178638544"
    },
    {
      "type": "Feature",
      "properties": {
        "@id": "node/7178655637",
        "amenity": "fuel"
      },
      "geometry": {
        "type": "Point",
        "coordinates": [
          78.1525722,
          11.6251682
        ]
      },
      "id": "node/7178655637"
    },
    {
      "type": "Feature",
      "properties": {
        "@id": "node/7178658546",
        "amenity": "fuel",
        "brand": "Indian Oil",
        "brand:wikidata": "Q1289348",
        "brand:wikipedia": "en:Indian Oil Corporation",
        "name": "Indian Oil Petrol Bunk"
      },
      "geometry": {
        "type": "Point",
        "coordinates": [
          78.1355012,
          11.6279473
        ]
      },
      "id": "node/7178658546"
    },
    {
      "type": "Feature",
      "properties": {
        "@id": "node/7178659683",
        "amenity": "fuel",
        "brand": "Indian Oil",
        "brand:wikidata": "Q1289348",
        "brand:wikipedia": "en:Indian Oil Corporation",
        "name": "Indian oil",
        "opening_hours": "24/7"
      },
      "geometry": {
        "type": "Point",
        "coordinates": [
          78.1223016,
          11.6363382
        ]
      },
      "id": "node/7178659683"
    },
    {
      "type": "Feature",
      "properties": {
        "@id": "node/7178669582",
        "amenity": "fuel",
        "name": "Petrol Bunk"
      },
      "geometry": {
        "type": "Point",
        "coordinates": [
          78.1680431,
          11.6328636
        ]
      },
      "id": "node/7178669582"
    },
    {
      "type": "Feature",
      "properties": {
        "@id": "node/7178680965",
        "addr:city": "BASVAKALYAN",
        "addr:housenumber": "Nh 65",
        "addr:postcode": "585327",
        "addr:street": "MUMBAI - HYDERABAD HIGHWAY",
        "amenity": "fuel",
        "brand": "Indian Oil Corporation Ltd",
        "fixme": "add proper tags for:  fuel:Engine_oil; fuel:Lubes;fuel:Nitrogen_Air;fuel:Petrol;fuel:Servo",
        "fuel:diesel": "yes",
        "name": "M/s Pour Pay and Ply Service Station",
        "opening_hours": "24/7",
        "operator": "Dealer",
        "payment:cash": "yes",
        "payment:coins": "yes",
        "payment:credit_cards": "yes",
        "payment:debit_cards": "yes",
        "payment:electronic_purses": "yes",
        "payment:mastercard": "yes",
        "payment:notes": "yes",
        "payment:visa": "yes",
        "phone": "+91 9739425111",
        "self_service": "no",
        "start_date": "01/09/1967"
      },
      "geometry": {
        "type": "Point",
        "coordinates": [
          76.9293815,
          17.8232368
        ]
      },
      "id": "node/7178680965"
    },
    {
      "type": "Feature",
      "properties": {
        "@id": "node/7178691253",
        "amenity": "fuel"
      },
      "geometry": {
        "type": "Point",
        "coordinates": [
          78.1580286,
          11.6263032
        ]
      },
      "id": "node/7178691253"
    },
    {
      "type": "Feature",
      "properties": {
        "@id": "node/7178693220",
        "amenity": "fuel"
      },
      "geometry": {
        "type": "Point",
        "coordinates": [
          78.4428334,
          11.6543321
        ]
      },
      "id": "node/7178693220"
    },
    {
      "type": "Feature",
      "properties": {
        "@id": "node/7180086061",
        "amenity": "fuel",
        "brand": "Hindustan Petroleum",
        "brand:wikidata": "Q1619375",
        "brand:wikipedia": "en:Hindustan Petroleum",
        "name": "HP",
        "official_name": "Hindustan Petroleum"
      },
      "geometry": {
        "type": "Point",
        "coordinates": [
          78.4273843,
          17.435901
        ]
      },
      "id": "node/7180086061"
    },
    {
      "type": "Feature",
      "properties": {
        "@id": "node/7189359985",
        "addr:street": "Kasaragod - Kanhangad state highway",
        "amenity": "fuel",
        "brand": "Bharat Petroleum",
        "brand:wikidata": "Q854826",
        "brand:wikipedia": "en:Bharat Petroleum",
        "name": "Bharat Petroleum",
        "phone": "+91-7736822030"
      },
      "geometry": {
        "type": "Point",
        "coordinates": [
          75.0229814,
          12.4109198
        ]
      },
      "id": "node/7189359985"
    },
    {
      "type": "Feature",
      "properties": {
        "@id": "node/7199476985",
        "addr:street": "Caltex Circle (Gandhi Circle)",
        "amenity": "fuel",
        "brand": "Bharat Petroleum",
        "brand:wikidata": "Q854826",
        "brand:wikipedia": "en:Bharat Petroleum",
        "name": "Bharat Petroleum Pump"
      },
      "geometry": {
        "type": "Point",
        "coordinates": [
          75.37321,
          11.8754529
        ]
      },
      "id": "node/7199476985"
    },
    {
      "type": "Feature",
      "properties": {
        "@id": "node/7202793485",
        "addr:street": "Pamban Madhavan Road",
        "amenity": "fuel",
        "brand": "Bharat Petroleum",
        "brand:wikidata": "Q854826",
        "brand:wikipedia": "en:Bharat Petroleum",
        "name": "Bharat Petroleum",
        "opening_hours": "Mo-Su 06:00-22:00"
      },
      "geometry": {
        "type": "Point",
        "coordinates": [
          75.3704308,
          11.8790204
        ]
      },
      "id": "node/7202793485"
    },
    {
      "type": "Feature",
      "properties": {
        "@id": "node/7215549915",
        "amenity": "fuel",
        "brand": "Hindustan Petroleum",
        "brand:wikidata": "Q1619375",
        "name": "Hindustan Petroleum",
        "name:kn": "ಹಿಂದುಸ್ತಾನ್ ಪೆಟ್ರೋಲಿಯಂ",
        "official_name": "Hindustan Petroleum",
        "operator": "Hindustan Petroleum"
      },
      "geometry": {
        "type": "Point",
        "coordinates": [
          77.5521442,
          13.0206859
        ]
      },
      "id": "node/7215549915"
    },
    {
      "type": "Feature",
      "properties": {
        "@id": "node/7234518629",
        "amenity": "fuel",
        "brand": "Hindustan Petroleum",
        "brand:wikidata": "Q1619375",
        "brand:wikipedia": "en:Hindustan Petroleum",
        "name": "HP",
        "official_name": "Hindustan Petroleum"
      },
      "geometry": {
        "type": "Point",
        "coordinates": [
          78.332471,
          14.3708454
        ]
      },
      "id": "node/7234518629"
    },
    {
      "type": "Feature",
      "properties": {
        "@id": "node/7236131046",
        "amenity": "fuel",
        "name": "Essar Fuel Station"
      },
      "geometry": {
        "type": "Point",
        "coordinates": [
          78.3720524,
          17.380749
        ]
      },
      "id": "node/7236131046"
    },
    {
      "type": "Feature",
      "properties": {
        "@id": "node/7243983835",
        "addr:city": "Hyderabad",
        "addr:street": "Old Bombay Highway",
        "amenity": "fuel",
        "brand": "Indian Oil",
        "brand:wikidata": "Q1289348",
        "brand:wikipedia": "en:Indian Oil Corporation",
        "check_date": "2024-03-29",
        "name": "Bharat Petroleum"
      },
      "geometry": {
        "type": "Point",
        "coordinates": [
          78.4001889,
          17.4088996
        ]
      },
      "id": "node/7243983835"
    },
    {
      "type": "Feature",
      "properties": {
        "@id": "node/7244193691",
        "amenity": "fuel",
        "brand": "Bharat Petroleum",
        "brand:wikidata": "Q854826",
        "brand:wikipedia": "en:Bharat Petroleum",
        "name": "Bharat Petroleum",
        "operator": "Sumeet Filling Station"
      },
      "geometry": {
        "type": "Point",
        "coordinates": [
          78.2804092,
          17.3297785
        ]
      },
      "id": "node/7244193691"
    },
    {
      "type": "Feature",
      "properties": {
        "@id": "node/7244193692",
        "amenity": "fuel",
        "brand": "Indian Oil",
        "brand:wikidata": "Q1289348",
        "brand:wikipedia": "en:Indian Oil Corporation",
        "name": "Indian Oil"
      },
      "geometry": {
        "type": "Point",
        "coordinates": [
          78.2759575,
          17.3303401
        ]
      },
      "id": "node/7244193692"
    },
    {
      "type": "Feature",
      "properties": {
        "@id": "node/7244226213",
        "amenity": "fuel",
        "brand": "Indian Oil",
        "brand:wikidata": "Q1289348",
        "brand:wikipedia": "en:Indian Oil Corporation",
        "name": "Indian Oil"
      },
      "geometry": {
        "type": "Point",
        "coordinates": [
          78.5967626,
          17.4834813
        ]
      },
      "id": "node/7244226213"
    },
    {
      "type": "Feature",
      "properties": {
        "@id": "node/7244233142",
        "addr:city": "patancheru",
        "addr:postcode": "502319",
        "amenity": "fuel",
        "brand": "Indian Oil",
        "brand:wikidata": "Q1289348",
        "brand:wikipedia": "en:Indian Oil Corporation",
        "fuel:diesel": "yes",
        "fuel:petrol": "yes",
        "name": "Indian Oil"
      },
      "geometry": {
        "type": "Point",
        "coordinates": [
          78.2680245,
          17.528416
        ]
      },
      "id": "node/7244233142"
    },
    {
      "type": "Feature",
      "properties": {
        "@id": "node/7244464679",
        "amenity": "fuel",
        "brand": "Indian Oil",
        "brand:wikidata": "Q1289348",
        "brand:wikipedia": "en:Indian Oil Corporation",
        "name": "Indian Oil"
      },
      "geometry": {
        "type": "Point",
        "coordinates": [
          78.4980173,
          17.3662592
        ]
      },
      "id": "node/7244464679"
    },
    {
      "type": "Feature",
      "properties": {
        "@id": "node/7253511666",
        "amenity": "fuel",
        "name": "Bharath petrolium"
      },
      "geometry": {
        "type": "Point",
        "coordinates": [
          78.5487056,
          11.6208218
        ]
      },
      "id": "node/7253511666"
    },
    {
      "type": "Feature",
      "properties": {
        "@id": "node/7276500272",
        "amenity": "fuel",
        "name": "Aegis Auto Gas"
      },
      "geometry": {
        "type": "Point",
        "coordinates": [
          77.5724177,
          12.9862919
        ]
      },
      "id": "node/7276500272"
    },
    {
      "type": "Feature",
      "properties": {
        "@id": "node/7298528946",
        "amenity": "fuel",
        "name": "HP Petrol Pump"
      },
      "geometry": {
        "type": "Point",
        "coordinates": [
          77.9404963,
          16.4151763
        ]
      },
      "id": "node/7298528946"
    },
    {
      "type": "Feature",
      "properties": {
        "@id": "node/7334453815",
        "amenity": "fuel",
        "brand": "Petrom",
        "brand:wikidata": "Q1755034",
        "brand:wikipedia": "en:Petrom",
        "name": "Petrom"
      },
      "geometry": {
        "type": "Point",
        "coordinates": [
          75.1474145,
          12.4587772
        ]
      },
      "id": "node/7334453815"
    },
    {
      "type": "Feature",
      "properties": {
        "@id": "node/7334482085",
        "addr:city": "Chengala",
        "addr:postcode": "671542",
        "addr:street": "Kasargod-Kannur-Calicut Highway",
        "amenity": "fuel",
        "brand": "Hindustan Petroleum",
        "brand:wikidata": "Q1619375",
        "fuel:biogas": "yes",
        "fuel:diesel": "yes",
        "fuel:petrol": "yes",
        "name": "Expance Petroleum",
        "official_name": "Hindustan Petroleum"
      },
      "geometry": {
        "type": "Point",
        "coordinates": [
          75.0507877,
          12.5095305
        ]
      },
      "id": "node/7334482085"
    },
    {
      "type": "Feature",
      "properties": {
        "@id": "node/7358110136",
        "amenity": "fuel",
        "name": "IOC Thankayam Petrol Pump"
      },
      "geometry": {
        "type": "Point",
        "coordinates": [
          75.1838047,
          12.1343026
        ]
      },
      "id": "node/7358110136"
    },
    {
      "type": "Feature",
      "properties": {
        "@id": "node/7359496320",
        "amenity": "fuel",
        "brand": "Hindustan Petroleum",
        "brand:wikidata": "Q1619375",
        "brand:wikipedia": "en:Hindustan Petroleum",
        "name": "Hindustan Petroleum",
        "official_name": "Hindustan Petroleum"
      },
      "geometry": {
        "type": "Point",
        "coordinates": [
          74.9929941,
          12.5032566
        ]
      },
      "id": "node/7359496320"
    },
    {
      "type": "Feature",
      "properties": {
        "@id": "node/7359529111",
        "amenity": "fuel",
        "brand": "Bharat Petroleum",
        "brand:wikidata": "Q854826",
        "brand:wikipedia": "en:Bharat Petroleum",
        "name": "Bharat Petroleum"
      },
      "geometry": {
        "type": "Point",
        "coordinates": [
          74.9940308,
          12.5062971
        ]
      },
      "id": "node/7359529111"
    },
    {
      "type": "Feature",
      "properties": {
        "@id": "node/7361845178",
        "amenity": "fuel",
        "name": "T. A.ahmed Petrol Pump"
      },
      "geometry": {
        "type": "Point",
        "coordinates": [
          74.9959675,
          12.5095232
        ]
      },
      "id": "node/7361845178"
    },
    {
      "type": "Feature",
      "properties": {
        "@id": "node/7361855355",
        "amenity": "fuel",
        "brand": "Indian Oil",
        "brand:wikidata": "Q1289348",
        "brand:wikipedia": "en:Indian Oil Corporation",
        "name": "Indian Oil"
      },
      "geometry": {
        "type": "Point",
        "coordinates": [
          74.9987626,
          12.5130749
        ]
      },
      "id": "node/7361855355"
    },
    {
      "type": "Feature",
      "properties": {
        "@id": "node/7361974404",
        "amenity": "fuel",
        "brand": "Bharat Petroleum",
        "brand:wikidata": "Q854826",
        "brand:wikipedia": "en:Bharat Petroleum",
        "name": "Bharat Petroleum",
        "operator": "K Vasudeva Kamath And Co"
      },
      "geometry": {
        "type": "Point",
        "coordinates": [
          75.0078672,
          12.5152044
        ]
      },
      "id": "node/7361974404"
    },
    {
      "type": "Feature",
      "properties": {
        "@id": "node/7366592126",
        "amenity": "fuel",
        "brand": "Hindustan Petroleum",
        "brand:wikidata": "Q1619375",
        "brand:wikipedia": "en:Hindustan Petroleum",
        "name": "HP",
        "official_name": "Hindustan Petroleum"
      },
      "geometry": {
        "type": "Point",
        "coordinates": [
          75.0578328,
          12.5089377
        ]
      },
      "id": "node/7366592126"
    },
    {
      "type": "Feature",
      "properties": {
        "@id": "node/7366698923",
        "amenity": "fuel",
        "brand": "Hindustan Petroleum",
        "brand:wikidata": "Q1619375",
        "brand:wikipedia": "en:Hindustan Petroleum",
        "name": "HP",
        "official_name": "Hindustan Petroleum"
      },
      "geometry": {
        "type": "Point",
        "coordinates": [
          75.0713007,
          12.541694
        ]
      },
      "id": "node/7366698923"
    },
    {
      "type": "Feature",
      "properties": {
        "@id": "node/7366797530",
        "amenity": "fuel",
        "brand": "Indian Oil",
        "brand:wikidata": "Q1289348",
        "brand:wikipedia": "en:Indian Oil Corporation",
        "name": "Indian Oil"
      },
      "geometry": {
        "type": "Point",
        "coordinates": [
          75.0729857,
          12.5749359
        ]
      },
      "id": "node/7366797530"
    },
    {
      "type": "Feature",
      "properties": {
        "@id": "node/7368678866",
        "amenity": "fuel",
        "brand": "Hindustan Petroleum",
        "brand:wikidata": "Q1619375",
        "brand:wikipedia": "en:Hindustan Petroleum",
        "name": "Hindustan Petroleum",
        "official_name": "Hindustan Petroleum",
        "operator": "HPCL"
      },
      "geometry": {
        "type": "Point",
        "coordinates": [
          75.3750234,
          11.9894773
        ]
      },
      "id": "node/7368678866"
    },
    {
      "type": "Feature",
      "properties": {
        "@id": "node/7371285700",
        "amenity": "fuel",
        "brand": "Bharat Petroleum",
        "brand:wikidata": "Q854826",
        "brand:wikipedia": "en:Bharat Petroleum",
        "name": "Bharat Petroleum"
      },
      "geometry": {
        "type": "Point",
        "coordinates": [
          75.0732749,
          12.5783948
        ]
      },
      "id": "node/7371285700"
    },
    {
      "type": "Feature",
      "properties": {
        "@id": "node/7388757286",
        "amenity": "fuel",
        "brand": "Bharat Petroleum"
      },
      "geometry": {
        "type": "Point",
        "coordinates": [
          75.6679896,
          11.6889455
        ]
      },
      "id": "node/7388757286"
    },
    {
      "type": "Feature",
      "properties": {
        "@id": "node/7388908182",
        "addr:street": "SH 57 Central Chithari Chithari .P.O, Kanhangad, Kerala 671316",
        "amenity": "fuel",
        "brand": "Indian Oil",
        "brand:wikidata": "Q1289348",
        "brand:wikipedia": "en:Indian Oil Corporation",
        "name": "Indian Oil Chithari Fuel"
      },
      "geometry": {
        "type": "Point",
        "coordinates": [
          75.0650887,
          12.3598168
        ]
      },
      "id": "node/7388908182"
    },
    {
      "type": "Feature",
      "properties": {
        "@id": "node/7389173292",
        "amenity": "fuel",
        "building": "yes"
      },
      "geometry": {
        "type": "Point",
        "coordinates": [
          75.5975493,
          11.5936461
        ]
      },
      "id": "node/7389173292"
    },
    {
      "type": "Feature",
      "properties": {
        "@id": "node/7390066508",
        "amenity": "fuel"
      },
      "geometry": {
        "type": "Point",
        "coordinates": [
          75.5522795,
          11.7289135
        ]
      },
      "id": "node/7390066508"
    },
    {
      "type": "Feature",
      "properties": {
        "@id": "node/7390066514",
        "amenity": "fuel",
        "brand": "Indian Oil",
        "brand:wikidata": "Q1289348",
        "name": "Indian Oil"
      },
      "geometry": {
        "type": "Point",
        "coordinates": [
          75.5499038,
          11.7301939
        ]
      },
      "id": "node/7390066514"
    },
    {
      "type": "Feature",
      "properties": {
        "@id": "node/7448036185",
        "addr:street": "Mattul main road",
        "amenity": "fuel",
        "brand": "Bharat Petroleum",
        "name": "Bharat Petroleum"
      },
      "geometry": {
        "type": "Point",
        "coordinates": [
          75.2877716,
          11.96843
        ]
      },
      "id": "node/7448036185"
    },
    {
      "type": "Feature",
      "properties": {
        "@id": "node/7461546927",
        "amenity": "fuel",
        "name": "indian"
      },
      "geometry": {
        "type": "Point",
        "coordinates": [
          75.5000184,
          11.7537355
        ]
      },
      "id": "node/7461546927"
    },
    {
      "type": "Feature",
      "properties": {
        "@id": "node/7461919862",
        "amenity": "fuel",
        "brand": "Indian Oil",
        "brand:wikidata": "Q1289348",
        "brand:wikipedia": "en:Indian Oil Corporation",
        "name": "Indian Oil"
      },
      "geometry": {
        "type": "Point",
        "coordinates": [
          75.3698841,
          12.042139
        ]
      },
      "id": "node/7461919862"
    },
    {
      "type": "Feature",
      "properties": {
        "@id": "node/7465741949",
        "amenity": "fuel",
        "name": "Sri Balaji laxmi Narasimha Ragavendhra Filling Station"
      },
      "geometry": {
        "type": "Point",
        "coordinates": [
          78.4505936,
          17.4880206
        ]
      },
      "id": "node/7465741949"
    },
    {
      "type": "Feature",
      "properties": {
        "@id": "node/7465741950",
        "amenity": "fuel",
        "name": "Sri Venkata Sai Filling Station"
      },
      "geometry": {
        "type": "Point",
        "coordinates": [
          78.4500951,
          17.4883134
        ]
      },
      "id": "node/7465741950"
    },
    {
      "type": "Feature",
      "properties": {
        "@id": "node/7466232185",
        "amenity": "fuel"
      },
      "geometry": {
        "type": "Point",
        "coordinates": [
          75.6758864,
          11.983994
        ]
      },
      "id": "node/7466232185"
    },
    {
      "type": "Feature",
      "properties": {
        "@id": "node/7466591438",
        "amenity": "fuel"
      },
      "geometry": {
        "type": "Point",
        "coordinates": [
          75.6739028,
          11.9826594
        ]
      },
      "id": "node/7466591438"
    },
    {
      "type": "Feature",
      "properties": {
        "@id": "node/7472801669",
        "amenity": "fuel"
      },
      "geometry": {
        "type": "Point",
        "coordinates": [
          75.7640049,
          11.5517113
        ]
      },
      "id": "node/7472801669"
    },
    {
      "type": "Feature",
      "properties": {
        "@id": "node/7486249814",
        "amenity": "fuel",
        "brand": "Bharat Petroleum",
        "brand:wikidata": "Q854826",
        "brand:wikipedia": "en:Bharat Petroleum",
        "name": "Bharat Petroleum"
      },
      "geometry": {
        "type": "Point",
        "coordinates": [
          75.3616067,
          11.9211835
        ]
      },
      "id": "node/7486249814"
    },
    {
      "type": "Feature",
      "properties": {
        "@id": "node/7489360707",
        "amenity": "fuel",
        "brand": "Bharat Petroleum",
        "name": "Bharat Petroleum"
      },
      "geometry": {
        "type": "Point",
        "coordinates": [
          75.7239602,
          11.995691
        ]
      },
      "id": "node/7489360707"
    },
    {
      "type": "Feature",
      "properties": {
        "@id": "node/7498711666",
        "amenity": "fuel",
        "brand": "Indian Oil",
        "brand:wikidata": "Q1289348",
        "brand:wikipedia": "en:Indian Oil Corporation",
        "name": "Indian Oil",
        "operator": "IOCL"
      },
      "geometry": {
        "type": "Point",
        "coordinates": [
          75.3545621,
          11.9247142
        ]
      },
      "id": "node/7498711666"
    },
    {
      "type": "Feature",
      "properties": {
        "@id": "node/7498827805",
        "amenity": "fuel",
        "brand": "Bharat Petroleum",
        "brand:wikidata": "Q854826",
        "brand:wikipedia": "en:Bharat Petroleum",
        "name": "Bharat Petroleum"
      },
      "geometry": {
        "type": "Point",
        "coordinates": [
          75.3654339,
          12.0282188
        ]
      },
      "id": "node/7498827805"
    },
    {
      "type": "Feature",
      "properties": {
        "@id": "node/7498860994",
        "amenity": "fuel",
        "brand": "Indian Oil",
        "brand:wikidata": "Q1289348",
        "brand:wikipedia": "en:Indian Oil Corporation",
        "name": "Indian Oil"
      },
      "geometry": {
        "type": "Point",
        "coordinates": [
          75.3673688,
          12.0240301
        ]
      },
      "id": "node/7498860994"
    },
    {
      "type": "Feature",
      "properties": {
        "@id": "node/7500492938",
        "amenity": "fuel"
      },
      "geometry": {
        "type": "Point",
        "coordinates": [
          75.3527133,
          11.9214814
        ]
      },
      "id": "node/7500492938"
    },
    {
      "type": "Feature",
      "properties": {
        "@id": "node/7500777148",
        "amenity": "fuel"
      },
      "geometry": {
        "type": "Point",
        "coordinates": [
          75.3500085,
          11.9261832
        ]
      },
      "id": "node/7500777148"
    },
    {
      "type": "Feature",
      "properties": {
        "@id": "node/7500862285",
        "amenity": "fuel",
        "brand": "Hindustan Petroleum",
        "brand:wikidata": "Q1619375",
        "brand:wikipedia": "en:Hindustan Petroleum",
        "name": "Hindustan Petroleum",
        "official_name": "Hindustan Petroleum"
      },
      "geometry": {
        "type": "Point",
        "coordinates": [
          75.3546034,
          11.9223918
        ]
      },
      "id": "node/7500862285"
    },
    {
      "type": "Feature",
      "properties": {
        "@id": "node/7507326236",
        "amenity": "fuel",
        "brand": "Bharat Petroleum",
        "brand:wikidata": "Q854826",
        "name": "Bharat Petroleum",
        "operator": "Bharat Petroleum",
        "self_service": "no"
      },
      "geometry": {
        "type": "Point",
        "coordinates": [
          77.6690791,
          13.0309302
        ]
      },
      "id": "node/7507326236"
    },
    {
      "type": "Feature",
      "properties": {
        "@id": "node/7509304596",
        "amenity": "fuel"
      },
      "geometry": {
        "type": "Point",
        "coordinates": [
          75.3960047,
          11.9845044
        ]
      },
      "id": "node/7509304596"
    },
    {
      "type": "Feature",
      "properties": {
        "@id": "node/7509463175",
        "amenity": "fuel",
        "brand": "indian oil cooperation",
        "cash_withdrawal": "yes"
      },
      "geometry": {
        "type": "Point",
        "coordinates": [
          75.3918006,
          11.9929768
        ]
      },
      "id": "node/7509463175"
    },
    {
      "type": "Feature",
      "properties": {
        "@id": "node/7509576162",
        "amenity": "fuel",
        "brand": "Indian Oil",
        "brand:wikidata": "Q1289348",
        "brand:wikipedia": "en:Indian Oil Corporation",
        "name": "Indian Oil"
      },
      "geometry": {
        "type": "Point",
        "coordinates": [
          75.7299316,
          11.904174
        ]
      },
      "id": "node/7509576162"
    },
    {
      "type": "Feature",
      "properties": {
        "@id": "node/7510289106",
        "amenity": "fuel"
      },
      "geometry": {
        "type": "Point",
        "coordinates": [
          75.6720996,
          11.9810361
        ]
      },
      "id": "node/7510289106"
    },
    {
      "type": "Feature",
      "properties": {
        "@id": "node/7510289132",
        "amenity": "fuel",
        "brand": "Bharat Petroleum",
        "name": "Bharat Petroleum"
      },
      "geometry": {
        "type": "Point",
        "coordinates": [
          75.6717843,
          11.9804644
        ]
      },
      "id": "node/7510289132"
    },
    {
      "type": "Feature",
      "properties": {
        "@id": "node/7510289150",
        "amenity": "fuel"
      },
      "geometry": {
        "type": "Point",
        "coordinates": [
          75.669158,
          11.9781693
        ]
      },
      "id": "node/7510289150"
    },
    {
      "type": "Feature",
      "properties": {
        "@id": "node/7512958647",
        "amenity": "fuel",
        "name": "Bharat Petroleum Petrol Pump"
      },
      "geometry": {
        "type": "Point",
        "coordinates": [
          75.3152472,
          11.981214
        ]
      },
      "id": "node/7512958647"
    },
    {
      "type": "Feature",
      "properties": {
        "@id": "node/7515020680",
        "amenity": "fuel",
        "brand": "Hindustan Petroleum",
        "brand:wikidata": "Q1619375",
        "brand:wikipedia": "en:Hindustan Petroleum",
        "name": "Hindustan Petroleum",
        "official_name": "Hindustan Petroleum"
      },
      "geometry": {
        "type": "Point",
        "coordinates": [
          76.0845835,
          11.6184377
        ]
      },
      "id": "node/7515020680"
    },
    {
      "type": "Feature",
      "properties": {
        "@id": "node/7515391390",
        "amenity": "fuel",
        "brand": "Petrolimex",
        "name": "Petrolimex"
      },
      "geometry": {
        "type": "Point",
        "coordinates": [
          76.3117336,
          11.6114441
        ]
      },
      "id": "node/7515391390"
    },
    {
      "type": "Feature",
      "properties": {
        "@id": "node/7523305716",
        "amenity": "fuel",
        "brand": "Indian Oil",
        "brand:wikidata": "Q1289348",
        "brand:wikipedia": "en:Indian Oil Corporation",
        "name": "Jyothi Petro Pump Indian Oil"
      },
      "geometry": {
        "type": "Point",
        "coordinates": [
          75.5916874,
          11.5889677
        ]
      },
      "id": "node/7523305716"
    },
    {
      "type": "Feature",
      "properties": {
        "@id": "node/7525631532",
        "amenity": "fuel",
        "brand": "Indian Oil",
        "brand:wikidata": "Q1289348",
        "brand:wikipedia": "en:Indian Oil Corporation",
        "name": "Indian Oil"
      },
      "geometry": {
        "type": "Point",
        "coordinates": [
          75.2658925,
          12.5022216
        ]
      },
      "id": "node/7525631532"
    },
    {
      "type": "Feature",
      "properties": {
        "@id": "node/7572183671",
        "amenity": "fuel"
      },
      "geometry": {
        "type": "Point",
        "coordinates": [
          76.4911529,
          15.3500394
        ]
      },
      "id": "node/7572183671"
    },
    {
      "type": "Feature",
      "properties": {
        "@id": "node/7625031739",
        "addr:city": "Aimangala",
        "addr:postcode": "577558",
        "amenity": "fuel",
        "brand": "HP",
        "operator": "Ravishankar Filling Station"
      },
      "geometry": {
        "type": "Point",
        "coordinates": [
          76.5272652,
          14.1031076
        ]
      },
      "id": "node/7625031739"
    },
    {
      "type": "Feature",
      "properties": {
        "@id": "node/7775742085",
        "amenity": "fuel",
        "name:en": "HP"
      },
      "geometry": {
        "type": "Point",
        "coordinates": [
          74.1810904,
          16.6920433
        ]
      },
      "id": "node/7775742085"
    },
    {
      "type": "Feature",
      "properties": {
        "@id": "node/7775742886",
        "amenity": "fuel",
        "name:en": "Reliance"
      },
      "geometry": {
        "type": "Point",
        "coordinates": [
          74.174219,
          16.6897013
        ]
      },
      "id": "node/7775742886"
    },
    {
      "type": "Feature",
      "properties": {
        "@id": "node/7777138485",
        "amenity": "fuel",
        "name:en": "Bharat Petrolium"
      },
      "geometry": {
        "type": "Point",
        "coordinates": [
          74.1494837,
          16.6950203
        ]
      },
      "id": "node/7777138485"
    },
    {
      "type": "Feature",
      "properties": {
        "@id": "node/7794501358",
        "amenity": "fuel",
        "brand": "Hindustan Petroleum",
        "brand:wikidata": "Q1619375",
        "brand:wikipedia": "en:Hindustan Petroleum",
        "name": "HP",
        "official_name": "Hindustan Petroleum"
      },
      "geometry": {
        "type": "Point",
        "coordinates": [
          78.5469277,
          17.4684853
        ]
      },
      "id": "node/7794501358"
    },
    {
      "type": "Feature",
      "properties": {
        "@id": "node/7794501359",
        "amenity": "fuel"
      },
      "geometry": {
        "type": "Point",
        "coordinates": [
          78.5452726,
          17.4684524
        ]
      },
      "id": "node/7794501359"
    },
    {
      "type": "Feature",
      "properties": {
        "@id": "node/7795212862",
        "amenity": "fuel"
      },
      "geometry": {
        "type": "Point",
        "coordinates": [
          78.0827026,
          17.610112
        ]
      },
      "id": "node/7795212862"
    },
    {
      "type": "Feature",
      "properties": {
        "@id": "node/7802843548",
        "amenity": "fuel",
        "brand": "Hindustan Petroleum",
        "fuel:diesel": "yes",
        "fuel:petrol": "yes",
        "name": "HP Pertol Bunk",
        "self_service": "no"
      },
      "geometry": {
        "type": "Point",
        "coordinates": [
          78.4923123,
          17.5476077
        ]
      },
      "id": "node/7802843548"
    },
    {
      "type": "Feature",
      "properties": {
        "@id": "node/7852791583",
        "amenity": "fuel",
        "name": "Bharat Petrol Pump"
      },
      "geometry": {
        "type": "Point",
        "coordinates": [
          75.5365125,
          11.694567
        ]
      },
      "id": "node/7852791583"
    },
    {
      "type": "Feature",
      "properties": {
        "@id": "node/7903002277",
        "amenity": "fuel"
      },
      "geometry": {
        "type": "Point",
        "coordinates": [
          78.222371,
          12.5108342
        ]
      },
      "id": "node/7903002277"
    },
    {
      "type": "Feature",
      "properties": {
        "@id": "node/7930461086",
        "amenity": "fuel"
      },
      "geometry": {
        "type": "Point",
        "coordinates": [
          78.2126374,
          12.5271492
        ]
      },
      "id": "node/7930461086"
    },
    {
      "type": "Feature",
      "properties": {
        "@id": "node/7930461087",
        "amenity": "fuel"
      },
      "geometry": {
        "type": "Point",
        "coordinates": [
          78.2213895,
          12.518857
        ]
      },
      "id": "node/7930461087"
    },
    {
      "type": "Feature",
      "properties": {
        "@id": "node/7930461088",
        "amenity": "fuel",
        "compressed_air": "yes"
      },
      "geometry": {
        "type": "Point",
        "coordinates": [
          78.2246263,
          12.5195943
        ]
      },
      "id": "node/7930461088"
    },
    {
      "type": "Feature",
      "properties": {
        "@id": "node/7930461089",
        "amenity": "fuel"
      },
      "geometry": {
        "type": "Point",
        "coordinates": [
          78.2164887,
          12.5299269
        ]
      },
      "id": "node/7930461089"
    },
    {
      "type": "Feature",
      "properties": {
        "@id": "node/8024743185",
        "addr:housenumber": "224821",
        "addr:postcode": "643240",
        "amenity": "fuel",
        "name:en": "KPM petrole",
        "opening_hours": "24/7"
      },
      "geometry": {
        "type": "Point",
        "coordinates": [
          76.3780512,
          11.5637238
        ]
      },
      "id": "node/8024743185"
    },
    {
      "type": "Feature",
      "properties": {
        "@id": "node/8087330614",
        "amenity": "fuel",
        "brand": "Bharat Petroleum",
        "brand:wikidata": "Q854826",
        "brand:wikipedia": "en:Bharat Petroleum",
        "name": "Bharat Petroleum",
        "opening_hours": "24/7"
      },
      "geometry": {
        "type": "Point",
        "coordinates": [
          78.5150117,
          17.3774375
        ]
      },
      "id": "node/8087330614"
    },
    {
      "type": "Feature",
      "properties": {
        "@id": "node/8110908667",
        "addr:city": "Hyderabad",
        "addr:postcode": "500039",
        "addr:street": "Uppal",
        "amenity": "fuel",
        "brand": "Indian Oil",
        "brand:wikidata": "Q1289348",
        "brand:wikipedia": "en:Indian Oil Corporation",
        "name": "Indian Oil"
      },
      "geometry": {
        "type": "Point",
        "coordinates": [
          78.5715883,
          17.4018865
        ]
      },
      "id": "node/8110908667"
    },
    {
      "type": "Feature",
      "properties": {
        "@id": "node/8111020210",
        "addr:city": "Gulbarga",
        "amenity": "fuel",
        "name": "Lahoti HP Petrol Pump"
      },
      "geometry": {
        "type": "Point",
        "coordinates": [
          76.8325937,
          17.3252521
        ]
      },
      "id": "node/8111020210"
    },
    {
      "type": "Feature",
      "properties": {
        "@id": "node/8111032811",
        "amenity": "fuel",
        "brand": "Bharat Petroleum",
        "brand:wikidata": "Q854826",
        "brand:wikipedia": "en:Bharat Petroleum",
        "name": "Bharat Petroleum"
      },
      "geometry": {
        "type": "Point",
        "coordinates": [
          78.5308325,
          17.3558817
        ]
      },
      "id": "node/8111032811"
    },
    {
      "type": "Feature",
      "properties": {
        "@id": "node/8111043515",
        "amenity": "fuel"
      },
      "geometry": {
        "type": "Point",
        "coordinates": [
          78.5215544,
          17.3583937
        ]
      },
      "id": "node/8111043515"
    },
    {
      "type": "Feature",
      "properties": {
        "@id": "node/8113828150",
        "addr:city": "Hyderabad",
        "addr:postcode": "500018",
        "addr:street": "Balakampet",
        "amenity": "fuel",
        "brand": "Bharat Petroleum",
        "brand:wikidata": "Q854826",
        "brand:wikipedia": "en:Bharat Petroleum",
        "name": "Bharat Petroleum"
      },
      "geometry": {
        "type": "Point",
        "coordinates": [
          78.4496696,
          17.449229
        ]
      },
      "id": "node/8113828150"
    },
    {
      "type": "Feature",
      "properties": {
        "@id": "node/8122589859",
        "amenity": "fuel",
        "brand": "Indian Oil",
        "brand:wikidata": "Q1289348",
        "name": "Patel Fuel"
      },
      "geometry": {
        "type": "Point",
        "coordinates": [
          77.577424,
          12.8917783
        ]
      },
      "id": "node/8122589859"
    },
    {
      "type": "Feature",
      "properties": {
        "@id": "node/8233700551",
        "amenity": "fuel",
        "brand": "Indian Oil",
        "brand:wikidata": "Q1289348",
        "brand:wikipedia": "en:Indian Oil Corporation",
        "fuel:diesel": "yes",
        "fuel:petroleum": "yes",
        "name": "Indian petroleum",
        "operator": "Indian gas"
      },
      "geometry": {
        "type": "Point",
        "coordinates": [
          78.5071176,
          17.3724834
        ]
      },
      "id": "node/8233700551"
    },
    {
      "type": "Feature",
      "properties": {
        "@id": "node/8240257727",
        "amenity": "fuel",
        "brand": "Bharat Petroleum",
        "brand:wikidata": "Q854826",
        "check_date": "2023-03-16",
        "fuel:diesel": "yes",
        "fuel:petrol": "yes",
        "name": "Bharat Petroleum",
        "name:kn": "ಭಾರತ್ ಪೆಟ್ರೋಲಿಯಂ",
        "operator": "Bharat Petroleum",
        "self_service": "no"
      },
      "geometry": {
        "type": "Point",
        "coordinates": [
          77.5219448,
          12.9951873
        ]
      },
      "id": "node/8240257727"
    },
    {
      "type": "Feature",
      "properties": {
        "@id": "node/8240257740",
        "amenity": "fuel",
        "brand": "Indian Oil",
        "brand:wikidata": "Q1289348",
        "brand:wikipedia": "en:Indian Oil Corporation",
        "name": "Indian Oil",
        "operator": "Indian Oil"
      },
      "geometry": {
        "type": "Point",
        "coordinates": [
          77.5173345,
          12.9584933
        ]
      },
      "id": "node/8240257740"
    },
    {
      "type": "Feature",
      "properties": {
        "@id": "node/8310474946",
        "addr:city": "Tirthahalli",
        "addr:housenumber": "Opposite Main Bus stand",
        "addr:postcode": "577432",
        "addr:street": "Azad Road",
        "amenity": "fuel",
        "brand": "Indian Oil",
        "brand:wikidata": "Q1289348",
        "brand:wikipedia": "en:Indian Oil Corporation",
        "fuel:diesel": "yes",
        "fuel:petrol": "yes",
        "name": "Sahyadri Petrol Pump",
        "operator": "Indian Oil"
      },
      "geometry": {
        "type": "Point",
        "coordinates": [
          75.2500245,
          13.6907157
        ]
      },
      "id": "node/8310474946"
    },
    {
      "type": "Feature",
      "properties": {
        "@id": "node/8319623913",
        "addr:city": "Alakode",
        "addr:postcode": "670571",
        "addr:street": "Taliparambu-Cherupuzha Road",
        "amenity": "fuel",
        "name": "Pcs Fuel Station, Alakode"
      },
      "geometry": {
        "type": "Point",
        "coordinates": [
          75.4642051,
          12.1956222
        ]
      },
      "id": "node/8319623913"
    },
    {
      "type": "Feature",
      "properties": {
        "@id": "node/8329272608",
        "amenity": "fuel",
        "brand": "Shell",
        "source": "gps"
      },
      "geometry": {
        "type": "Point",
        "coordinates": [
          76.8383896,
          13.7750121
        ]
      },
      "id": "node/8329272608"
    },
    {
      "type": "Feature",
      "properties": {
        "@id": "node/8349014068",
        "amenity": "fuel",
        "contact:phone": "+919391163051",
        "name": "HP PETROL PUMP"
      },
      "geometry": {
        "type": "Point",
        "coordinates": [
          78.0957288,
          17.5856098
        ]
      },
      "id": "node/8349014068"
    },
    {
      "type": "Feature",
      "properties": {
        "@id": "node/8349014069",
        "amenity": "fuel",
        "brand": "Indian Oil",
        "brand:wikidata": "Q1289348",
        "brand:wikipedia": "en:Indian Oil Corporation",
        "contact:phone": "+91 9440484289",
        "name": "Indian Oil"
      },
      "geometry": {
        "type": "Point",
        "coordinates": [
          78.0974239,
          17.5861812
        ]
      },
      "id": "node/8349014069"
    },
    {
      "type": "Feature",
      "properties": {
        "@id": "node/8357680564",
        "amenity": "fuel"
      },
      "geometry": {
        "type": "Point",
        "coordinates": [
          75.1175572,
          12.2579115
        ]
      },
      "id": "node/8357680564"
    },
    {
      "type": "Feature",
      "properties": {
        "@id": "node/8380030447",
        "amenity": "fuel",
        "brand": "Bharat Petroleum",
        "check_date": "2025-06-16",
        "self_service": "no",
        "source": "survey"
      },
      "geometry": {
        "type": "Point",
        "coordinates": [
          75.8759764,
          13.1706363
        ]
      },
      "id": "node/8380030447"
    },
    {
      "type": "Feature",
      "properties": {
        "@id": "node/8380112739",
        "amenity": "fuel",
        "brand": "Petrol Ofisi",
        "brand:wikidata": "Q1278087",
        "brand:wikipedia": "en:Petrol Ofisi",
        "name": "Petrol Ofisi",
        "operator": "petrol"
      },
      "geometry": {
        "type": "Point",
        "coordinates": [
          75.6898047,
          11.710332
        ]
      },
      "id": "node/8380112739"
    },
    {
      "type": "Feature",
      "properties": {
        "@id": "node/8386169031",
        "amenity": "fuel",
        "brand": "Hindustan Petroleum",
        "brand:wikidata": "Q1619375",
        "brand:wikipedia": "en:Hindustan Petroleum",
        "compressed_air": "yes",
        "name": "HP",
        "official_name": "Hindustan Petroleum"
      },
      "geometry": {
        "type": "Point",
        "coordinates": [
          78.3606178,
          17.5131778
        ]
      },
      "id": "node/8386169031"
    },
    {
      "type": "Feature",
      "properties": {
        "@id": "node/8386477096",
        "amenity": "fuel",
        "brand": "Indian Oil",
        "brand:wikidata": "Q1289348",
        "brand:wikipedia": "en:Indian Oil Corporation",
        "fuel:diesel": "yes",
        "fuel:petrol": "yes",
        "name": "Indian Oil",
        "self_service": "no"
      },
      "geometry": {
        "type": "Point",
        "coordinates": [
          78.5183431,
          17.382448
        ]
      },
      "id": "node/8386477096"
    },
    {
      "type": "Feature",
      "properties": {
        "@id": "node/8386581580",
        "amenity": "fuel",
        "brand": "Bharat Petroleum",
        "brand:wikidata": "Q854826",
        "brand:wikipedia": "en:Bharat Petroleum",
        "fuel:diesel": "yes",
        "fuel:petrol": "yes",
        "name": "Bharat Petroleum",
        "self_service": "no"
      },
      "geometry": {
        "type": "Point",
        "coordinates": [
          78.5179366,
          17.3819253
        ]
      },
      "id": "node/8386581580"
    },
    {
      "type": "Feature",
      "properties": {
        "@id": "node/8389281713",
        "amenity": "fuel",
        "brand": "Indian oil",
        "name": "Petrol Bunk"
      },
      "geometry": {
        "type": "Point",
        "coordinates": [
          78.4281042,
          17.3607635
        ]
      },
      "id": "node/8389281713"
    },
    {
      "type": "Feature",
      "properties": {
        "@id": "node/8389341265",
        "amenity": "fuel"
      },
      "geometry": {
        "type": "Point",
        "coordinates": [
          78.5802681,
          17.4282183
        ]
      },
      "id": "node/8389341265"
    },
    {
      "type": "Feature",
      "properties": {
        "@id": "node/8389349354",
        "addr:city": "Hyderabad",
        "addr:postcode": "500076",
        "addr:street": "Nacharam road",
        "amenity": "fuel",
        "brand": "Indian Oil",
        "brand:wikidata": "Q1289348",
        "brand:wikipedia": "en:Indian Oil Corporation",
        "fuel:diesel": "yes",
        "fuel:petrol": "yes",
        "name": "Indian Oil"
      },
      "geometry": {
        "type": "Point",
        "coordinates": [
          78.565075,
          17.4411724
        ]
      },
      "id": "node/8389349354"
    },
    {
      "type": "Feature",
      "properties": {
        "@id": "node/8389349355",
        "addr:city": "Hyderabad",
        "addr:postcode": "500076",
        "addr:street": "Nacharam road",
        "amenity": "fuel",
        "brand": "Hindustan Petroleum",
        "brand:wikidata": "Q1619375",
        "brand:wikipedia": "en:Hindustan Petroleum",
        "fuel:diesel": "yes",
        "fuel:petrol": "yes",
        "name": "HP",
        "official_name": "Hindustan Petroleum"
      },
      "geometry": {
        "type": "Point",
        "coordinates": [
          78.5591336,
          17.4389182
        ]
      },
      "id": "node/8389349355"
    },
    {
      "type": "Feature",
      "properties": {
        "@id": "node/8389349356",
        "addr:city": "Hyderabad",
        "addr:postcode": "500076",
        "addr:street": "Nacharam road",
        "amenity": "fuel",
        "name": "Essar petrol pump"
      },
      "geometry": {
        "type": "Point",
        "coordinates": [
          78.5589997,
          17.4382741
        ]
      },
      "id": "node/8389349356"
    },
    {
      "type": "Feature",
      "properties": {
        "@id": "node/8389349357",
        "addr:city": "Hyderabad",
        "addr:postcode": "500076",
        "addr:street": "Nacharam road",
        "amenity": "fuel",
        "brand": "Indian Oil",
        "brand:wikidata": "Q1289348",
        "brand:wikipedia": "en:Indian Oil Corporation",
        "name": "Indian Oil"
      },
      "geometry": {
        "type": "Point",
        "coordinates": [
          78.5681845,
          17.4468123
        ]
      },
      "id": "node/8389349357"
    },
    {
      "type": "Feature",
      "properties": {
        "@id": "node/8389354239",
        "amenity": "fuel",
        "name": "Bharat petrol bunk"
      },
      "geometry": {
        "type": "Point",
        "coordinates": [
          78.4281697,
          17.3657983
        ]
      },
      "id": "node/8389354239"
    },
    {
      "type": "Feature",
      "properties": {
        "@id": "node/8393826129",
        "amenity": "fuel",
        "brand": "essaar"
      },
      "geometry": {
        "type": "Point",
        "coordinates": [
          77.2284897,
          11.5095818
        ]
      },
      "id": "node/8393826129"
    },
    {
      "type": "Feature",
      "properties": {
        "@id": "node/8396073232",
        "amenity": "fuel"
      },
      "geometry": {
        "type": "Point",
        "coordinates": [
          76.2103825,
          11.6262675
        ]
      },
      "id": "node/8396073232"
    },
    {
      "type": "Feature",
      "properties": {
        "@id": "node/8401812538",
        "amenity": "fuel",
        "brand": "Hindustan Petroleum",
        "brand:wikidata": "Q1619375",
        "name": "HP",
        "official_name": "Hindustan Petroleum"
      },
      "geometry": {
        "type": "Point",
        "coordinates": [
          76.1058791,
          13.0220002
        ]
      },
      "id": "node/8401812538"
    },
    {
      "type": "Feature",
      "properties": {
        "@id": "node/8401846531",
        "amenity": "fuel",
        "brand": "Hindustan Petroleum",
        "brand:wikidata": "Q1619375",
        "name": "HP Petrol Bunk",
        "name:kn": "ಹಿಂದುಸ್ತಾನ್ ಪೆಟ್ರೋಲಿಯಂ",
        "official_name": "Hindustan Petroleum"
      },
      "geometry": {
        "type": "Point",
        "coordinates": [
          76.1067589,
          13.025894
        ]
      },
      "id": "node/8401846531"
    },
    {
      "type": "Feature",
      "properties": {
        "@id": "node/8403998968",
        "addr:city": "Odayamchal",
        "addr:district": "Kasargod",
        "amenity": "fuel",
        "brand": "Bharat Petroleum",
        "brand:wikidata": "Q854826",
        "fuel:diesel": "yes",
        "fuel:octane_95": "yes",
        "fuel:octane_98": "yes",
        "name": "Bharat Petroleum",
        "operator": "A K Group",
        "payment:cash": "yes",
        "payment:contactless": "yes",
        "payment:credit_cards": "yes",
        "payment:debit_cards": "yes",
        "payment:google_pay": "yes",
        "self_service": "no"
      },
      "geometry": {
        "type": "Point",
        "coordinates": [
          75.203847,
          12.4016073
        ]
      },
      "id": "node/8403998968"
    },
    {
      "type": "Feature",
      "properties": {
        "@id": "node/8404003241",
        "addr:city": "Meppadi",
        "addr:postcode": "673577",
        "addr:street": "ooty road",
        "amenity": "fuel",
        "brand": "Hindustan Petroleum",
        "brand:wikidata": "Q1619375",
        "brand:wikipedia": "en:Hindustan Petroleum",
        "fuel:diesel": "yes",
        "fuel:petrol": "yes",
        "name": "HP  petrol pump",
        "official_name": "Hindustan Petroleum"
      },
      "geometry": {
        "type": "Point",
        "coordinates": [
          76.1381385,
          11.5543657
        ]
      },
      "id": "node/8404003241"
    },
    {
      "type": "Feature",
      "properties": {
        "@id": "node/8417554418",
        "amenity": "fuel",
        "brand": "HP",
        "name:en": "HP petrol pump"
      },
      "geometry": {
        "type": "Point",
        "coordinates": [
          74.0260988,
          17.7085554
        ]
      },
      "id": "node/8417554418"
    },
    {
      "type": "Feature",
      "properties": {
        "@id": "node/8444313227",
        "amenity": "fuel"
      },
      "geometry": {
        "type": "Point",
        "coordinates": [
          76.1545689,
          13.4110241
        ]
      },
      "id": "node/8444313227"
    },
    {
      "type": "Feature",
      "properties": {
        "@id": "node/8557604107",
        "amenity": "fuel",
        "fuel:diesel": "yes",
        "name": "HP Petrol Bunk",
        "name:kn": "ಹಿಂದುಸ್ತಾನ್ ಪೆಟ್ರೋಲಿಯಂ",
        "shop": "no"
      },
      "geometry": {
        "type": "Point",
        "coordinates": [
          76.357407,
          12.3258054
        ]
      },
      "id": "node/8557604107"
    },
    {
      "type": "Feature",
      "properties": {
        "@id": "node/8581917913",
        "amenity": "fuel"
      },
      "geometry": {
        "type": "Point",
        "coordinates": [
          76.4276837,
          14.2222169
        ]
      },
      "id": "node/8581917913"
    },
    {
      "type": "Feature",
      "properties": {
        "@id": "node/8707260796",
        "amenity": "fuel",
        "compressed_air": "yes"
      },
      "geometry": {
        "type": "Point",
        "coordinates": [
          78.3735312,
          17.4023739
        ]
      },
      "id": "node/8707260796"
    },
    {
      "type": "Feature",
      "properties": {
        "@id": "node/8764493318",
        "amenity": "fuel",
        "name": "Petrol pump kalpathur",
        "survey:date": "2021-05-25"
      },
      "geometry": {
        "type": "Point",
        "coordinates": [
          75.7359524,
          11.5359302
        ]
      },
      "id": "node/8764493318"
    },
    {
      "type": "Feature",
      "properties": {
        "@id": "node/8766657625",
        "amenity": "fuel",
        "brand": "Hindustan Petroleum",
        "brand:wikidata": "Q1619375",
        "brand:wikipedia": "en:Hindustan Petroleum",
        "name": "HP",
        "official_name": "Hindustan Petroleum"
      },
      "geometry": {
        "type": "Point",
        "coordinates": [
          75.3603731,
          12.1744683
        ]
      },
      "id": "node/8766657625"
    },
    {
      "type": "Feature",
      "properties": {
        "@id": "node/8769064453",
        "addr:city": "Payyannur",
        "addr:postcode": "670307",
        "amenity": "fuel"
      },
      "geometry": {
        "type": "Point",
        "coordinates": [
          75.2170867,
          12.1093234
        ]
      },
      "id": "node/8769064453"
    },
    {
      "type": "Feature",
      "properties": {
        "@id": "node/8769283237",
        "amenity": "fuel",
        "name": "Petrol pump perumbadavu"
      },
      "geometry": {
        "type": "Point",
        "coordinates": [
          75.3878457,
          12.1683221
        ]
      },
      "id": "node/8769283237"
    },
    {
      "type": "Feature",
      "properties": {
        "@id": "node/8773114887",
        "amenity": "fuel",
        "name": "padanna petrol pump"
      },
      "geometry": {
        "type": "Point",
        "coordinates": [
          75.1491415,
          12.1724293
        ]
      },
      "id": "node/8773114887"
    },
    {
      "type": "Feature",
      "properties": {
        "@id": "node/8773337655",
        "amenity": "fuel"
      },
      "geometry": {
        "type": "Point",
        "coordinates": [
          76.1690327,
          11.7916659
        ]
      },
      "id": "node/8773337655"
    },
    {
      "type": "Feature",
      "properties": {
        "@id": "node/8774310238",
        "addr:city": "Malakkallu",
        "addr:district": "Kasaragod",
        "amenity": "fuel",
        "brand": "Indian Oil",
        "brand:wikidata": "Q1289348",
        "name": "Malakkallu Petrol Pump",
        "self_service": "no"
      },
      "geometry": {
        "type": "Point",
        "coordinates": [
          75.270198,
          12.4406627
        ]
      },
      "id": "node/8774310238"
    },
    {
      "type": "Feature",
      "properties": {
        "@id": "node/8779229117",
        "amenity": "fuel",
        "fuel:diesel": "yes",
        "fuel:petrol": "yes",
        "opening_hours": "09:00-12:00",
        "survey:date": "2021-05-29"
      },
      "geometry": {
        "type": "Point",
        "coordinates": [
          75.8812117,
          11.5073364
        ]
      },
      "id": "node/8779229117"
    },
    {
      "type": "Feature",
      "properties": {
        "@id": "node/8784214493",
        "amenity": "fuel",
        "name": "Nayara energy petrol pump"
      },
      "geometry": {
        "type": "Point",
        "coordinates": [
          75.375331,
          12.2484372
        ]
      },
      "id": "node/8784214493"
    },
    {
      "type": "Feature",
      "properties": {
        "@id": "node/8784535317",
        "amenity": "fuel",
        "name": "Thalayad petrol bunk",
        "survey:date": "2021-05-31"
      },
      "geometry": {
        "type": "Point",
        "coordinates": [
          75.8924995,
          11.5044922
        ]
      },
      "id": "node/8784535317"
    },
    {
      "type": "Feature",
      "properties": {
        "@id": "node/8787966388",
        "amenity": "fuel",
        "name": "Assosiated oil agencies"
      },
      "geometry": {
        "type": "Point",
        "coordinates": [
          75.2162969,
          12.1086939
        ]
      },
      "id": "node/8787966388"
    },
    {
      "type": "Feature",
      "properties": {
        "@id": "node/8794911448",
        "amenity": "fuel"
      },
      "geometry": {
        "type": "Point",
        "coordinates": [
          75.6862564,
          12.0003389
        ]
      },
      "id": "node/8794911448"
    },
    {
      "type": "Feature",
      "properties": {
        "@id": "node/8808456519",
        "amenity": "fuel",
        "brand": "Hindustan Petroleum",
        "brand:wikidata": "Q1619375",
        "brand:wikipedia": "en:Hindustan Petroleum",
        "name": "HP",
        "official_name": "Hindustan Petroleum"
      },
      "geometry": {
        "type": "Point",
        "coordinates": [
          75.2811712,
          12.1031609
        ]
      },
      "id": "node/8808456519"
    },
    {
      "type": "Feature",
      "properties": {
        "@id": "node/8848112766",
        "amenity": "fuel",
        "name": "Petrol Bunk"
      },
      "geometry": {
        "type": "Point",
        "coordinates": [
          75.3524551,
          11.9214614
        ]
      },
      "id": "node/8848112766"
    },
    {
      "type": "Feature",
      "properties": {
        "@id": "node/8848637153",
        "amenity": "fuel"
      },
      "geometry": {
        "type": "Point",
        "coordinates": [
          75.1642028,
          12.5515882
        ]
      },
      "id": "node/8848637153"
    },
    {
      "type": "Feature",
      "properties": {
        "@id": "node/8848637166",
        "amenity": "fuel"
      },
      "geometry": {
        "type": "Point",
        "coordinates": [
          75.160786,
          12.5431748
        ]
      },
      "id": "node/8848637166"
    },
    {
      "type": "Feature",
      "properties": {
        "@id": "node/8855438072",
        "amenity": "fuel",
        "name": "Kayamkhani petrol pump"
      },
      "geometry": {
        "type": "Point",
        "coordinates": [
          76.5655323,
          18.4032196
        ]
      },
      "id": "node/8855438072"
    },
    {
      "type": "Feature",
      "properties": {
        "@id": "node/8855479567",
        "amenity": "fuel",
        "name": "Indian oil petrol pump"
      },
      "geometry": {
        "type": "Point",
        "coordinates": [
          76.5588156,
          18.4026125
        ]
      },
      "id": "node/8855479567"
    },
    {
      "type": "Feature",
      "properties": {
        "@id": "node/8857738945",
        "amenity": "fuel",
        "name": "Petrol pump"
      },
      "geometry": {
        "type": "Point",
        "coordinates": [
          76.5464623,
          18.4087882
        ]
      },
      "id": "node/8857738945"
    },
    {
      "type": "Feature",
      "properties": {
        "@id": "node/8857743812",
        "amenity": "fuel",
        "name": "Reliance Petrol pump"
      },
      "geometry": {
        "type": "Point",
        "coordinates": [
          76.5507159,
          18.4071012
        ]
      },
      "id": "node/8857743812"
    },
    {
      "type": "Feature",
      "properties": {
        "@id": "node/8907674291",
        "amenity": "fuel"
      },
      "geometry": {
        "type": "Point",
        "coordinates": [
          76.0887377,
          11.6297347
        ]
      },
      "id": "node/8907674291"
    },
    {
      "type": "Feature",
      "properties": {
        "@id": "node/8917315460",
        "amenity": "fuel",
        "brand": "Indian Oil",
        "brand:wikidata": "Q1289348",
        "brand:wikipedia": "en:Indian Oil Corporation",
        "name": "Indian Oil",
        "name:kn": "ಇಂಡಿಯನ್ ಆಯಿಲ್",
        "self_service": "no"
      },
      "geometry": {
        "type": "Point",
        "coordinates": [
          77.5194852,
          13.6387059
        ]
      },
      "id": "node/8917315460"
    },
    {
      "type": "Feature",
      "properties": {
        "@id": "node/8917315465",
        "amenity": "fuel"
      },
      "geometry": {
        "type": "Point",
        "coordinates": [
          77.5165347,
          13.635333
        ]
      },
      "id": "node/8917315465"
    },
    {
      "type": "Feature",
      "properties": {
        "@id": "node/8917315468",
        "amenity": "fuel"
      },
      "geometry": {
        "type": "Point",
        "coordinates": [
          77.5171758,
          13.6260741
        ]
      },
      "id": "node/8917315468"
    },
    {
      "type": "Feature",
      "properties": {
        "@id": "node/8918253456",
        "amenity": "fuel",
        "brand": "Hindustan Petroleum",
        "brand:wikidata": "Q1619375",
        "brand:wikipedia": "en:Hindustan Petroleum",
        "fuel:diesel": "yes",
        "fuel:petrol": "yes",
        "name": "HP",
        "name:kn": "ಹಿಂದುಸ್ತಾನ್ ಪೆಟ್ರೋಲಿಯಂ",
        "official_name": "Hindustan Petroleum",
        "self_service": "no"
      },
      "geometry": {
        "type": "Point",
        "coordinates": [
          77.5178406,
          13.614924
        ]
      },
      "id": "node/8918253456"
    },
    {
      "type": "Feature",
      "properties": {
        "@id": "node/8918253457",
        "amenity": "fuel",
        "brand": "Indian Oil",
        "brand:wikidata": "Q1289348",
        "brand:wikipedia": "en:Indian Oil Corporation",
        "fuel:diesel": "yes",
        "fuel:petrol": "yes",
        "name": "Indian Oil",
        "name:kn": "ಇಂಡಿಯನ್ ಆಯಿಲ್",
        "self_service": "no"
      },
      "geometry": {
        "type": "Point",
        "coordinates": [
          77.5147487,
          13.6073426
        ]
      },
      "id": "node/8918253457"
    },
    {
      "type": "Feature",
      "properties": {
        "@id": "node/8918253458",
        "amenity": "fuel",
        "brand": "Reliance",
        "name": "Reliance Fuel Station"
      },
      "geometry": {
        "type": "Point",
        "coordinates": [
          77.511815,
          13.6044782
        ]
      },
      "id": "node/8918253458"
    },
    {
      "type": "Feature",
      "properties": {
        "@id": "node/8918253461",
        "amenity": "fuel",
        "brand": "Hindustan Petroleum",
        "brand:wikidata": "Q1619375",
        "brand:wikipedia": "en:Hindustan Petroleum",
        "name": "HP",
        "official_name": "Hindustan Petroleum",
        "self_service": "no"
      },
      "geometry": {
        "type": "Point",
        "coordinates": [
          77.5101701,
          13.5678427
        ]
      },
      "id": "node/8918253461"
    },
    {
      "type": "Feature",
      "properties": {
        "@id": "node/8918253462",
        "amenity": "fuel",
        "brand": "Indian Oil",
        "brand:wikidata": "Q1289348",
        "brand:wikipedia": "en:Indian Oil Corporation",
        "name": "Indian Oil",
        "name:kn": "ಇಂಡಿಯನ್ ಆಯಿಲ್",
        "self_service": "no"
      },
      "geometry": {
        "type": "Point",
        "coordinates": [
          77.5154071,
          13.5051984
        ]
      },
      "id": "node/8918253462"
    },
    {
      "type": "Feature",
      "properties": {
        "@id": "node/8918253463",
        "amenity": "fuel",
        "brand": "Hindustan Petroleum",
        "brand:wikidata": "Q1619375",
        "brand:wikipedia": "en:Hindustan Petroleum",
        "name": "HP",
        "name:kn": "ಹಿಂದುಸ್ತಾನ್ ಪೆಟ್ರೋಲಿಯಂ",
        "official_name": "Hindustan Petroleum"
      },
      "geometry": {
        "type": "Point",
        "coordinates": [
          77.5145756,
          13.4975111
        ]
      },
      "id": "node/8918253463"
    },
    {
      "type": "Feature",
      "properties": {
        "@id": "node/8918253464",
        "amenity": "fuel",
        "brand": "Bharat Petroleum",
        "brand:wikidata": "Q854826",
        "brand:wikipedia": "en:Bharat Petroleum",
        "name": "Bharat Petroleum",
        "name:kn": "ಭಾರತ್ ಪೆಟ್ರೋಲಿಯಂ"
      },
      "geometry": {
        "type": "Point",
        "coordinates": [
          77.5136436,
          13.4925491
        ]
      },
      "id": "node/8918253464"
    },
    {
      "type": "Feature",
      "properties": {
        "@id": "node/8997592562",
        "amenity": "fuel",
        "name": "S A R A Fuel Station"
      },
      "geometry": {
        "type": "Point",
        "coordinates": [
          76.6230936,
          12.2744346
        ]
      },
      "id": "node/8997592562"
    },
    {
      "type": "Feature",
      "properties": {
        "@id": "node/9094412717",
        "amenity": "fuel",
        "brand": "Hindustan Petroleum",
        "brand:wikidata": "Q1619375",
        "brand:wikipedia": "en:Hindustan Petroleum",
        "name": "hp gas",
        "official_name": "Hindustan Petroleum",
        "shop": "gas",
        "survey:date": "2021-09-15"
      },
      "geometry": {
        "type": "Point",
        "coordinates": [
          75.6053011,
          11.5976212
        ]
      },
      "id": "node/9094412717"
    },
    {
      "type": "Feature",
      "properties": {
        "@id": "node/9136812743",
        "amenity": "fuel",
        "name": "Petrol station"
      },
      "geometry": {
        "type": "Point",
        "coordinates": [
          74.3648584,
          16.5896816
        ]
      },
      "id": "node/9136812743"
    },
    {
      "type": "Feature",
      "properties": {
        "@id": "node/9137819240",
        "amenity": "fuel",
        "name": "Bhuyekar petrol pump"
      },
      "geometry": {
        "type": "Point",
        "coordinates": [
          74.3131606,
          16.5799508
        ]
      },
      "id": "node/9137819240"
    },
    {
      "type": "Feature",
      "properties": {
        "@id": "node/9148167179",
        "amenity": "fuel",
        "brand": "Bharat Petroleum",
        "brand:wikidata": "Q854826",
        "brand:wikipedia": "en:Bharat Petroleum"
      },
      "geometry": {
        "type": "Point",
        "coordinates": [
          74.310216,
          16.5840634
        ]
      },
      "id": "node/9148167179"
    },
    {
      "type": "Feature",
      "properties": {
        "@id": "node/9148179033",
        "amenity": "fuel"
      },
      "geometry": {
        "type": "Point",
        "coordinates": [
          74.2857448,
          16.6344532
        ]
      },
      "id": "node/9148179033"
    },
    {
      "type": "Feature",
      "properties": {
        "@id": "node/9148179034",
        "amenity": "fuel"
      },
      "geometry": {
        "type": "Point",
        "coordinates": [
          74.3029177,
          16.6139565
        ]
      },
      "id": "node/9148179034"
    },
    {
      "type": "Feature",
      "properties": {
        "@id": "node/9148183730",
        "amenity": "fuel"
      },
      "geometry": {
        "type": "Point",
        "coordinates": [
          74.2437787,
          16.6916747
        ]
      },
      "id": "node/9148183730"
    },
    {
      "type": "Feature",
      "properties": {
        "@id": "node/9148184142",
        "amenity": "fuel",
        "brand": "Indian Oil",
        "brand:wikidata": "Q1289348",
        "brand:wikipedia": "en:Indian Oil Corporation"
      },
      "geometry": {
        "type": "Point",
        "coordinates": [
          74.3065264,
          16.5978084
        ]
      },
      "id": "node/9148184142"
    },
    {
      "type": "Feature",
      "properties": {
        "@id": "node/9148186062",
        "amenity": "fuel"
      },
      "geometry": {
        "type": "Point",
        "coordinates": [
          74.2895271,
          16.6326497
        ]
      },
      "id": "node/9148186062"
    },
    {
      "type": "Feature",
      "properties": {
        "@id": "node/9148186255",
        "amenity": "fuel"
      },
      "geometry": {
        "type": "Point",
        "coordinates": [
          74.2981091,
          16.621153
        ]
      },
      "id": "node/9148186255"
    },
    {
      "type": "Feature",
      "properties": {
        "@id": "node/9148186855",
        "amenity": "fuel"
      },
      "geometry": {
        "type": "Point",
        "coordinates": [
          74.2940809,
          16.6239152
        ]
      },
      "id": "node/9148186855"
    },
    {
      "type": "Feature",
      "properties": {
        "@id": "node/9148190228",
        "amenity": "fuel"
      },
      "geometry": {
        "type": "Point",
        "coordinates": [
          74.2776082,
          16.6408361
        ]
      },
      "id": "node/9148190228"
    },
    {
      "type": "Feature",
      "properties": {
        "@id": "node/9148190456",
        "amenity": "fuel"
      },
      "geometry": {
        "type": "Point",
        "coordinates": [
          74.2923133,
          16.6285583
        ]
      },
      "id": "node/9148190456"
    },
    {
      "type": "Feature",
      "properties": {
        "@id": "node/9162360058",
        "amenity": "fuel"
      },
      "geometry": {
        "type": "Point",
        "coordinates": [
          75.7670228,
          13.3423984
        ]
      },
      "id": "node/9162360058"
    },
    {
      "type": "Feature",
      "properties": {
        "@id": "node/9192964457",
        "amenity": "fuel",
        "brand": "Nayara",
        "brand:wikidata": "Q1360409",
        "compressed_air": "yes",
        "name": "Nayara"
      },
      "geometry": {
        "type": "Point",
        "coordinates": [
          77.4856137,
          12.9201996
        ]
      },
      "id": "node/9192964457"
    },
    {
      "type": "Feature",
      "properties": {
        "@id": "node/9213563987",
        "amenity": "fuel",
        "name": "Ageis auto gas/Emission testng"
      },
      "geometry": {
        "type": "Point",
        "coordinates": [
          77.4926135,
          12.9383074
        ]
      },
      "id": "node/9213563987"
    },
    {
      "type": "Feature",
      "properties": {
        "@id": "node/9233507808",
        "amenity": "fuel",
        "name": "Usha Chowk Petrol Pump"
      },
      "geometry": {
        "type": "Point",
        "coordinates": [
          77.1094738,
          18.3932447
        ]
      },
      "id": "node/9233507808"
    },
    {
      "type": "Feature",
      "properties": {
        "@id": "node/9233525322",
        "amenity": "fuel",
        "operator": "Bharat Petrol"
      },
      "geometry": {
        "type": "Point",
        "coordinates": [
          77.0965295,
          18.3927764
        ]
      },
      "id": "node/9233525322"
    },
    {
      "type": "Feature",
      "properties": {
        "@id": "node/9348093569",
        "amenity": "fuel",
        "brand": "Hindustan Petroleum",
        "brand:wikidata": "Q1619375",
        "brand:wikipedia": "en:Hindustan Petroleum",
        "name": "Hindustan petroleum",
        "official_name": "Hindustan Petroleum"
      },
      "geometry": {
        "type": "Point",
        "coordinates": [
          75.0150055,
          12.5179444
        ]
      },
      "id": "node/9348093569"
    },
    {
      "type": "Feature",
      "properties": {
        "@id": "node/9369819269",
        "amenity": "fuel"
      },
      "geometry": {
        "type": "Point",
        "coordinates": [
          78.5623559,
          17.4661203
        ]
      },
      "id": "node/9369819269"
    },
    {
      "type": "Feature",
      "properties": {
        "@id": "node/9370052904",
        "amenity": "fuel",
        "fuel:gasoline": "yes",
        "fuel:octane_95": "yes",
        "name": "HP",
        "not:brand:wikidata": "Q1619375"
      },
      "geometry": {
        "type": "Point",
        "coordinates": [
          78.5646842,
          17.4771897
        ]
      },
      "id": "node/9370052904"
    },
    {
      "type": "Feature",
      "properties": {
        "@id": "node/9387589640",
        "amenity": "fuel",
        "brand": "Indian Oil",
        "brand:wikidata": "Q1289348",
        "name": "Indian Oil",
        "name:kn": "ಇಂಡಿಯನ್ ಆಯಿಲ್"
      },
      "geometry": {
        "type": "Point",
        "coordinates": [
          74.9135203,
          15.5206409
        ]
      },
      "id": "node/9387589640"
    },
    {
      "type": "Feature",
      "properties": {
        "@id": "node/9387595389",
        "amenity": "fuel",
        "brand": "Shell",
        "brand:wikidata": "Q110716465",
        "name": "Shell"
      },
      "geometry": {
        "type": "Point",
        "coordinates": [
          74.9050241,
          15.5284068
        ]
      },
      "id": "node/9387595389"
    },
    {
      "type": "Feature",
      "properties": {
        "@id": "node/9521099125",
        "amenity": "fuel",
        "brand": "Hindustan Petroleum",
        "brand:wikidata": "Q1619375",
        "brand:wikipedia": "en:Hindustan Petroleum",
        "name": "Hindustan Petroleum",
        "official_name": "Hindustan Petroleum"
      },
      "geometry": {
        "type": "Point",
        "coordinates": [
          76.0860805,
          18.0102564
        ]
      },
      "id": "node/9521099125"
    },
    {
      "type": "Feature",
      "properties": {
        "@id": "node/9521099126",
        "amenity": "fuel",
        "brand": "Indian Oil",
        "brand:wikidata": "Q1289348",
        "brand:wikipedia": "en:Indian Oil Corporation",
        "name": "IndianOil"
      },
      "geometry": {
        "type": "Point",
        "coordinates": [
          76.0816229,
          18.0093805
        ]
      },
      "id": "node/9521099126"
    },
    {
      "type": "Feature",
      "properties": {
        "@id": "node/9521099127",
        "amenity": "fuel",
        "brand": "Bharat Petroleum",
        "brand:wikidata": "Q854826",
        "brand:wikipedia": "en:Bharat Petroleum",
        "name": "Bharat Petroleum"
      },
      "geometry": {
        "type": "Point",
        "coordinates": [
          76.0803186,
          18.0093338
        ]
      },
      "id": "node/9521099127"
    },
    {
      "type": "Feature",
      "properties": {
        "@id": "node/9526533431",
        "addr:city": "Kanhangad",
        "addr:postcode": "671315",
        "addr:street": "Kasaragod - Kanhangad Road",
        "amenity": "fuel",
        "brand": "Bharat Petroleum",
        "brand:wikidata": "Q854826",
        "brand:wikipedia": "en:Bharat Petroleum",
        "compressed_air": "yes",
        "name": "Bharat Petroleum"
      },
      "geometry": {
        "type": "Point",
        "coordinates": [
          75.0862911,
          12.3230195
        ]
      },
      "id": "node/9526533431"
    },
    {
      "type": "Feature",
      "properties": {
        "@id": "node/9527967833",
        "amenity": "fuel",
        "name": "Star Auto LPG"
      },
      "geometry": {
        "type": "Point",
        "coordinates": [
          77.6298009,
          13.04959
        ]
      },
      "id": "node/9527967833"
    },
    {
      "type": "Feature",
      "properties": {
        "@id": "node/9555830864",
        "amenity": "fuel",
        "brand": "Indian Oil",
        "brand:wikidata": "Q1289348",
        "name": "Indian Oil",
        "name:kn": "ಇಂಡಿಯನ್ ಆಯಿಲ್"
      },
      "geometry": {
        "type": "Point",
        "coordinates": [
          75.4724509,
          13.7273007
        ]
      },
      "id": "node/9555830864"
    },
    {
      "type": "Feature",
      "properties": {
        "@id": "node/9555841311",
        "amenity": "fuel",
        "brand": "Bharat Petroleum",
        "brand:wikidata": "Q854826",
        "name": "Bharat Petroleum",
        "name:kn": "ಭಾರತ್ ಪೆಟ್ರೋಲಿಯಂ"
      },
      "geometry": {
        "type": "Point",
        "coordinates": [
          75.4633464,
          13.7228713
        ]
      },
      "id": "node/9555841311"
    },
    {
      "type": "Feature",
      "properties": {
        "@id": "node/9568589340",
        "amenity": "fuel",
        "brand": "Indian Oil",
        "brand:wikidata": "Q1289348",
        "compressed_air": "yes",
        "name": "Indian Oil Fuel Station"
      },
      "geometry": {
        "type": "Point",
        "coordinates": [
          77.5684168,
          12.8758687
        ]
      },
      "id": "node/9568589340"
    },
    {
      "type": "Feature",
      "properties": {
        "@id": "node/9577551017",
        "amenity": "fuel",
        "compressed_air": "yes",
        "name": "MRPL Fuel Station"
      },
      "geometry": {
        "type": "Point",
        "coordinates": [
          77.570379,
          12.8741353
        ]
      },
      "id": "node/9577551017"
    },
    {
      "type": "Feature",
      "properties": {
        "@id": "node/9603264226",
        "amenity": "fuel",
        "brand": "HP"
      },
      "geometry": {
        "type": "Point",
        "coordinates": [
          77.9351778,
          16.4851611
        ]
      },
      "id": "node/9603264226"
    },
    {
      "type": "Feature",
      "properties": {
        "@id": "node/9624315234",
        "amenity": "fuel",
        "brand": "Bharat Petroleum",
        "name": "Bharat Petroleum",
        "name:kn": "ಭಾರತ್ ಪೆಟ್ರೋಲಿಯಂ",
        "operator": "Bharat Petroleum"
      },
      "geometry": {
        "type": "Point",
        "coordinates": [
          77.2756729,
          12.7227171
        ]
      },
      "id": "node/9624315234"
    },
    {
      "type": "Feature",
      "properties": {
        "@id": "node/9624315268",
        "amenity": "fuel",
        "brand": "Go Gas",
        "name": "Go Gas",
        "operator": "Go Gas"
      },
      "geometry": {
        "type": "Point",
        "coordinates": [
          77.2658291,
          12.7093786
        ]
      },
      "id": "node/9624315268"
    },
    {
      "type": "Feature",
      "properties": {
        "@id": "node/9624315279",
        "amenity": "fuel",
        "brand": "Hindustan Petroleum",
        "name": "Hindustan Petroleum",
        "name:kn": "ಹಿಂದುಸ್ತಾನ್ ಪೆಟ್ರೋಲಿಯಂ",
        "operator": "Hindustan Petroleum"
      },
      "geometry": {
        "type": "Point",
        "coordinates": [
          77.2505486,
          12.6986115
        ]
      },
      "id": "node/9624315279"
    },
    {
      "type": "Feature",
      "properties": {
        "@id": "node/9624315311",
        "amenity": "fuel",
        "brand": "Reliance Petrol",
        "name": "Reliance Petrol",
        "operator": "Reliance Petrol"
      },
      "geometry": {
        "type": "Point",
        "coordinates": [
          77.2002465,
          12.6530471
        ]
      },
      "id": "node/9624315311"
    },
    {
      "type": "Feature",
      "properties": {
        "@id": "node/9624319285",
        "amenity": "fuel",
        "brand": "Bharat Petroleum",
        "check_date": "2023-10-08",
        "name": "Bharat Petroleum",
        "name:kn": "ಭಾರತ್ ಪೆಟ್ರೋಲಿಯಂ",
        "operator": "Bharat Petroleum",
        "self_service": "no"
      },
      "geometry": {
        "type": "Point",
        "coordinates": [
          77.097575,
          12.623814
        ]
      },
      "id": "node/9624319285"
    },
    {
      "type": "Feature",
      "properties": {
        "@id": "node/9624319291",
        "amenity": "fuel",
        "brand": "Indian Oil",
        "name": "Indian Oil",
        "name:kn": "ಇಂಡಿಯನ್ ಆಯಿಲ್",
        "operator": "Indian Oil"
      },
      "geometry": {
        "type": "Point",
        "coordinates": [
          77.0596625,
          12.6133653
        ]
      },
      "id": "node/9624319291"
    },
    {
      "type": "Feature",
      "properties": {
        "@id": "node/9624319294",
        "amenity": "fuel",
        "brand": "Hindustan Petroleum",
        "name": "Hindustan Petroleum",
        "name:kn": "ಹಿಂದುಸ್ತಾನ್ ಪೆಟ್ರೋಲಿಯಂ",
        "operator": "Hindustan Petroleum"
      },
      "geometry": {
        "type": "Point",
        "coordinates": [
          77.0536262,
          12.607862
        ]
      },
      "id": "node/9624319294"
    },
    {
      "type": "Feature",
      "properties": {
        "@id": "node/9624319300",
        "amenity": "fuel",
        "brand": "Reliance Petrol",
        "name": "Reliance Petrol",
        "operator": "Reliance Petrol"
      },
      "geometry": {
        "type": "Point",
        "coordinates": [
          77.0529503,
          12.5977948
        ]
      },
      "id": "node/9624319300"
    },
    {
      "type": "Feature",
      "properties": {
        "@id": "node/9624319318",
        "amenity": "fuel",
        "brand": "Indian Oil",
        "brand:wikidata": "Q1289348",
        "name": "Indian Oil",
        "name:kn": "ಇಂಡಿಯನ್ ಆಯಿಲ್",
        "operator": "Indian Oil"
      },
      "geometry": {
        "type": "Point",
        "coordinates": [
          77.0337161,
          12.5186724
        ]
      },
      "id": "node/9624319318"
    },
    {
      "type": "Feature",
      "properties": {
        "@id": "node/9624319329",
        "amenity": "fuel",
        "brand": "Hindustan Petroleum",
        "name": "Hindustan Petroleum",
        "name:kn": "ಹಿಂದುಸ್ತಾನ್ ಪೆಟ್ರೋಲಿಯಂ",
        "operator": "Hindustan Petroleum"
      },
      "geometry": {
        "type": "Point",
        "coordinates": [
          77.0357171,
          12.4899151
        ]
      },
      "id": "node/9624319329"
    },
    {
      "type": "Feature",
      "properties": {
        "@id": "node/9624319335",
        "amenity": "fuel",
        "brand": "Indian Oil",
        "name": "Indian Oil",
        "name:kn": "ಇಂಡಿಯನ್ ಆಯಿಲ್",
        "operator": "Indian Oil"
      },
      "geometry": {
        "type": "Point",
        "coordinates": [
          77.0358834,
          12.4812732
        ]
      },
      "id": "node/9624319335"
    },
    {
      "type": "Feature",
      "properties": {
        "@id": "node/9624319336",
        "amenity": "fuel",
        "brand": "Hindustan Petroleum",
        "name": "Hindustan Petroleum",
        "name:kn": "ಹಿಂದುಸ್ತಾನ್ ಪೆಟ್ರೋಲಿಯಂ",
        "operator": "Hindustan Petroleum"
      },
      "geometry": {
        "type": "Point",
        "coordinates": [
          77.0349312,
          12.4773894
        ]
      },
      "id": "node/9624319336"
    },
    {
      "type": "Feature",
      "properties": {
        "@id": "node/9624319339",
        "amenity": "fuel",
        "brand": "Bharat Petroleum",
        "name": "Bharat Petroleum",
        "name:kn": "ಭಾರತ್ ಪೆಟ್ರೋಲಿಯಂ",
        "operator": "Bharat Petroleum"
      },
      "geometry": {
        "type": "Point",
        "coordinates": [
          77.0406336,
          12.4150348
        ]
      },
      "id": "node/9624319339"
    },
    {
      "type": "Feature",
      "properties": {
        "@id": "node/9624319344",
        "amenity": "fuel",
        "brand": "Hindustan Petroleum",
        "name": "Hindustan Petroleum",
        "name:kn": "ಹಿಂದುಸ್ತಾನ್ ಪೆಟ್ರೋಲಿಯಂ",
        "operator": "Hindustan Petroleum"
      },
      "geometry": {
        "type": "Point",
        "coordinates": [
          77.0591328,
          12.3868816
        ]
      },
      "id": "node/9624319344"
    },
    {
      "type": "Feature",
      "properties": {
        "@id": "node/9624319345",
        "amenity": "fuel",
        "brand": "Hindustan Petroleum",
        "name": "Hindustan Petroleum",
        "name:kn": "ಹಿಂದುಸ್ತಾನ್ ಪೆಟ್ರೋಲಿಯಂ",
        "operator": "Hindustan Petroleum"
      },
      "geometry": {
        "type": "Point",
        "coordinates": [
          77.0597309,
          12.3866484
        ]
      },
      "id": "node/9624319345"
    },
    {
      "type": "Feature",
      "properties": {
        "@id": "node/9626752885",
        "amenity": "fuel"
      },
      "geometry": {
        "type": "Point",
        "coordinates": [
          78.3165776,
          17.4957674
        ]
      },
      "id": "node/9626752885"
    },
    {
      "type": "Feature",
      "properties": {
        "@id": "node/9689248574",
        "amenity": "fuel"
      },
      "geometry": {
        "type": "Point",
        "coordinates": [
          77.8000856,
          14.150589
        ]
      },
      "id": "node/9689248574"
    },
    {
      "type": "Feature",
      "properties": {
        "@id": "node/9690178391",
        "amenity": "fuel",
        "brand": "Nayara",
        "brand:wikidata": "Q5399377",
        "name": "Nayara",
        "operator": "Nayara"
      },
      "geometry": {
        "type": "Point",
        "coordinates": [
          77.5256373,
          12.9706594
        ]
      },
      "id": "node/9690178391"
    },
    {
      "type": "Feature",
      "properties": {
        "@id": "node/9705063753",
        "amenity": "fuel"
      },
      "geometry": {
        "type": "Point",
        "coordinates": [
          76.1325035,
          13.1488463
        ]
      },
      "id": "node/9705063753"
    },
    {
      "type": "Feature",
      "properties": {
        "@id": "node/9732099995",
        "amenity": "fuel",
        "brand": "Indian Oil Petrol Pump",
        "brand:wikidata": "Q1289348",
        "name": "Indian Oil Petrol Pump"
      },
      "geometry": {
        "type": "Point",
        "coordinates": [
          78.4502828,
          17.390678
        ]
      },
      "id": "node/9732099995"
    },
    {
      "type": "Feature",
      "properties": {
        "@id": "node/9732100001",
        "amenity": "fuel",
        "brand": "Hindustan Petroleum",
        "brand:wikidata": "Q1619375",
        "name": "HP",
        "official_name": "Hindustan Petroleum"
      },
      "geometry": {
        "type": "Point",
        "coordinates": [
          78.4552104,
          17.3887447
        ]
      },
      "id": "node/9732100001"
    },
    {
      "type": "Feature",
      "properties": {
        "@id": "node/9780841943",
        "addr:city": "Gopinathampatti kooturoad",
        "addr:district": "Dharmapuri",
        "addr:postcode": "636903",
        "addr:state": "TN",
        "amenity": "fuel",
        "brand": "Indian Oil",
        "brand:wikidata": "Q1289348",
        "compressed_air": "yes",
        "fuel:diesel": "yes",
        "fuel:petrol": "yes",
        "name": "Indian Oil",
        "name:kn": "ಇಂಡಿಯನ್ ಆಯಿಲ್",
        "opening_hours": "24/7"
      },
      "geometry": {
        "type": "Point",
        "coordinates": [
          78.4484277,
          12.0001699
        ]
      },
      "id": "node/9780841943"
    },
    {
      "type": "Feature",
      "properties": {
        "@id": "node/9790925218",
        "amenity": "fuel",
        "brand": "Indian Oil",
        "brand:wikidata": "Q1289348",
        "brand:wikipedia": "en:Indian Oil Corporation",
        "check_date": "2025-01-05",
        "compressed_air": "yes",
        "fuel:diesel": "yes",
        "fuel:petrol": "yes",
        "name": "Indian Oil",
        "opening_hours": "24/7"
      },
      "geometry": {
        "type": "Point",
        "coordinates": [
          78.4735356,
          12.0325389
        ]
      },
      "id": "node/9790925218"
    },
    {
      "type": "Feature",
      "properties": {
        "@id": "node/9790925318",
        "amenity": "fuel",
        "brand": "Hindustan Petroleum",
        "brand:wikidata": "Q1619375",
        "brand:wikipedia": "en:Hindustan Petroleum",
        "check_date": "2025-01-05",
        "compressed_air": "yes",
        "fuel:diesel": "yes",
        "fuel:petrol": "yes",
        "name": "HP",
        "official_name": "Hindustan Petroleum",
        "opening_hours": "24/7",
        "self_service": "no"
      },
      "geometry": {
        "type": "Point",
        "coordinates": [
          78.4720183,
          12.0305568
        ]
      },
      "id": "node/9790925318"
    },
    {
      "type": "Feature",
      "properties": {
        "@id": "node/9792276922",
        "amenity": "fuel",
        "brand": "Bharat Petroleum",
        "brand:wikidata": "Q854826",
        "brand:wikipedia": "en:Indian Oil Corporation",
        "check_date": "2024-06-30",
        "compressed_air": "yes",
        "name": "Bharat Petroleum",
        "opening_hours": "24/7"
      },
      "geometry": {
        "type": "Point",
        "coordinates": [
          78.4835283,
          12.0450854
        ]
      },
      "id": "node/9792276922"
    },
    {
      "type": "Feature",
      "properties": {
        "@id": "node/9792277419",
        "amenity": "fuel",
        "brand": "JIO BP",
        "brand:wikidata": "Q7311026",
        "check_date": "2024-12-28",
        "compressed_air": "yes",
        "name": "Jio Bp",
        "opening_hours": "24/7",
        "survey:date": "2022-06-03"
      },
      "geometry": {
        "type": "Point",
        "coordinates": [
          78.4801254,
          12.0474061
        ]
      },
      "id": "node/9792277419"
    },
    {
      "type": "Feature",
      "properties": {
        "@id": "node/9813590823",
        "amenity": "fuel",
        "brand": "Hindustan Petroleum",
        "brand:wikidata": "Q1619375",
        "brand:wikipedia": "en:Hindustan Petroleum",
        "name": "HP",
        "official_name": "Hindustan Petroleum",
        "survey:date": "2022-06-08"
      },
      "geometry": {
        "type": "Point",
        "coordinates": [
          78.4488459,
          12.5515875
        ]
      },
      "id": "node/9813590823"
    },
    {
      "type": "Feature",
      "properties": {
        "@id": "node/9816712776",
        "addr:city": "Supe",
        "addr:postcode": "412204",
        "addr:street": "Songaon Shendre Road",
        "amenity": "fuel",
        "brand": "Indian Oil Petrol Pump",
        "brand:wikidata": "Q1289348",
        "fuel:cng": "yes",
        "fuel:diesel": "yes",
        "fuel:petrol": "yes",
        "name": "Yashwantraya Petrol Station & CNG Station",
        "opening_hours": "24/7",
        "operator": "Barawkar And Lonkar",
        "payment:cash": "yes",
        "payment:credit_cards": "yes"
      },
      "geometry": {
        "type": "Point",
        "coordinates": [
          74.3744032,
          18.3363877
        ]
      },
      "id": "node/9816712776"
    },
    {
      "type": "Feature",
      "properties": {
        "@id": "node/9816856538",
        "addr:city": "supe",
        "addr:postcode": "412204",
        "amenity": "fuel",
        "brand": "Bharat Petroleum",
        "brand:wikidata": "Q854826",
        "fuel:diesel": "yes",
        "fuel:petrol": "yes",
        "name": "Bharat Petroleum"
      },
      "geometry": {
        "type": "Point",
        "coordinates": [
          74.3623602,
          18.3261879
        ]
      },
      "id": "node/9816856538"
    },
    {
      "type": "Feature",
      "properties": {
        "@id": "node/9816870784",
        "amenity": "fuel",
        "brand": "Hindustan Petroleum",
        "brand:wikidata": "Q1619375",
        "fuel:diesel": "yes",
        "fuel:petrol": "yes",
        "name": "Hindustan Petroleum",
        "official_name": "Hindustan Petroleum",
        "operator": "HP"
      },
      "geometry": {
        "type": "Point",
        "coordinates": [
          74.3813214,
          18.3454384
        ]
      },
      "id": "node/9816870784"
    },
    {
      "type": "Feature",
      "properties": {
        "@id": "node/9816871929",
        "addr:city": "Supe",
        "addr:postcode": "412204",
        "amenity": "fuel",
        "brand": "Hindustan Petroleum",
        "brand:wikidata": "Q1619375",
        "fuel:diesel": "yes",
        "fuel:petrol": "yes",
        "name": "APMC Petrol Pump",
        "official_name": "Hindustan Petroleum",
        "operator": "APMC"
      },
      "geometry": {
        "type": "Point",
        "coordinates": [
          74.3773351,
          18.3388075
        ]
      },
      "id": "node/9816871929"
    },
    {
      "type": "Feature",
      "properties": {
        "@id": "node/9818921455",
        "addr:city": "Padvi",
        "addr:postcode": "412203",
        "addr:street": "Supa Chufula Road",
        "amenity": "fuel",
        "brand": "Indian Oil",
        "brand:wikidata": "Q1289348",
        "fuel:diesel": "yes",
        "fuel:petrol": "yes",
        "name": "Darshan Petroleum",
        "operator": "Lonkar Brother"
      },
      "geometry": {
        "type": "Point",
        "coordinates": [
          74.387426,
          18.3922413
        ]
      },
      "id": "node/9818921455"
    },
    {
      "type": "Feature",
      "properties": {
        "@id": "node/9886360478",
        "amenity": "fuel"
      },
      "geometry": {
        "type": "Point",
        "coordinates": [
          77.958443,
          17.4240798
        ]
      },
      "id": "node/9886360478"
    },
    {
      "type": "Feature",
      "properties": {
        "@id": "node/9887289842",
        "amenity": "fuel",
        "brand": "Indian Oil",
        "brand:wikidata": "Q1289348",
        "name": "Indian Oil"
      },
      "geometry": {
        "type": "Point",
        "coordinates": [
          78.3749999,
          17.5225373
        ]
      },
      "id": "node/9887289842"
    },
    {
      "type": "Feature",
      "properties": {
        "@id": "node/9903987787",
        "addr:city": "hyderabad",
        "addr:postcode": "500090",
        "addr:street": "Pragathi Nagar Road",
        "amenity": "fuel",
        "brand": "Bharat Petroleum",
        "brand:wikidata": "Q854826",
        "name": "Bharat Petroleum"
      },
      "geometry": {
        "type": "Point",
        "coordinates": [
          78.3942172,
          17.5355831
        ]
      },
      "id": "node/9903987787"
    },
    {
      "type": "Feature",
      "properties": {
        "@id": "node/9903987788",
        "addr:city": "hyderabad",
        "addr:postcode": "500090",
        "addr:street": "Pragathi Nagar Road",
        "amenity": "fuel",
        "brand": "Indian Oil",
        "brand:wikidata": "Q1289348",
        "name": "Indian Oil"
      },
      "geometry": {
        "type": "Point",
        "coordinates": [
          78.3943002,
          17.5411109
        ]
      },
      "id": "node/9903987788"
    },
    {
      "type": "Feature",
      "properties": {
        "@id": "node/9903987805",
        "addr:city": "Hyderabad",
        "addr:postcode": "500085",
        "addr:street": "Nizampet - Miyapur Road Mumbai Highway",
        "amenity": "fuel",
        "brand": "Indian Oil",
        "brand:wikidata": "Q1289348",
        "check_date": "2024-03-16",
        "name": "Indian Oil"
      },
      "geometry": {
        "type": "Point",
        "coordinates": [
          78.388678,
          17.4982754
        ]
      },
      "id": "node/9903987805"
    },
    {
      "type": "Feature",
      "properties": {
        "@id": "node/9914734117",
        "amenity": "fuel",
        "name": "Bharat Petroleu'"
      },
      "geometry": {
        "type": "Point",
        "coordinates": [
          78.4110758,
          17.3733859
        ]
      },
      "id": "node/9914734117"
    },
    {
      "type": "Feature",
      "properties": {
        "@id": "node/9925995519",
        "amenity": "fuel",
        "brand": "Indian Oil",
        "brand:wikidata": "Q1289348",
        "brand:wikipedia": "en:Indian Oil Corporation",
        "check_date": "2022-08-02",
        "name": "Indian Oil",
        "name:kn": "ಇಂಡಿಯನ್ ಆಯಿಲ್"
      },
      "geometry": {
        "type": "Point",
        "coordinates": [
          76.4193298,
          15.2813308
        ]
      },
      "id": "node/9925995519"
    },
    {
      "type": "Feature",
      "properties": {
        "@id": "node/9952118456",
        "amenity": "fuel",
        "check_date": "2022-08-14",
        "fuel:diesel": "yes",
        "fuel:petrol": "yes",
        "name": "Janai petroleum",
        "name:en": "Janai petroleum",
        "name:mr": "जानाई पेट्रोलियम"
      },
      "geometry": {
        "type": "Point",
        "coordinates": [
          74.5284049,
          18.1871394
        ]
      },
      "id": "node/9952118456"
    },
    {
      "type": "Feature",
      "properties": {
        "@id": "node/9952120133",
        "amenity": "fuel",
        "check_date": "2022-08-14",
        "fuel:diesel": "yes",
        "fuel:petrol": "yes",
        "name": "Bhairavnath petroleum",
        "name:en": "Bhairavnath petroleum",
        "name:mr": "भैरवनाथ पेट्रोल"
      },
      "geometry": {
        "type": "Point",
        "coordinates": [
          74.544186,
          18.1736549
        ]
      },
      "id": "node/9952120133"
    },
    {
      "type": "Feature",
      "properties": {
        "@id": "node/9952188935",
        "amenity": "fuel",
        "check_date": "2022-08-14",
        "fuel:diesel": "yes",
        "fuel:petrol": "yes",
        "operator": "Bharat petroleum"
      },
      "geometry": {
        "type": "Point",
        "coordinates": [
          74.0362523,
          18.3422443
        ]
      },
      "id": "node/9952188935"
    },
    {
      "type": "Feature",
      "properties": {
        "@id": "node/9956447401",
        "addr:city": "Harur",
        "addr:postcode": "636903",
        "amenity": "fuel",
        "brand": "Indian Oil",
        "brand:wikidata": "Q1289348",
        "compressed_air": "yes",
        "name": "Indian Oil Petrol Pump",
        "opening_hours": "24/7"
      },
      "geometry": {
        "type": "Point",
        "coordinates": [
          78.4776524,
          12.0582821
        ]
      },
      "id": "node/9956447401"
    },
    {
      "type": "Feature",
      "properties": {
        "@id": "node/10008345154",
        "amenity": "fuel"
      },
      "geometry": {
        "type": "Point",
        "coordinates": [
          76.652158,
          12.3012746
        ]
      },
      "id": "node/10008345154"
    },
    {
      "type": "Feature",
      "properties": {
        "@id": "node/10083914256",
        "amenity": "fuel",
        "brand": "Indian Oil",
        "brand:wikidata": "Q1289348",
        "check_date": "2022-10-08",
        "fuel:diesel": "yes",
        "fuel:petrol": "yes",
        "name": "Indian Oil"
      },
      "geometry": {
        "type": "Point",
        "coordinates": [
          77.5833897,
          12.8172913
        ]
      },
      "id": "node/10083914256"
    },
    {
      "type": "Feature",
      "properties": {
        "@id": "node/10147799313",
        "amenity": "fuel",
        "brand": "Bharat Petroleum",
        "compressed_air": "yes",
        "name": "Kedarnath petroleum"
      },
      "geometry": {
        "type": "Point",
        "coordinates": [
          74.1769916,
          17.2755311
        ]
      },
      "id": "node/10147799313"
    },
    {
      "type": "Feature",
      "properties": {
        "@id": "node/10171386848",
        "amenity": "fuel",
        "name": "HP",
        "name:kn": "ಹಿಂದುಸ್ತಾನ್ ಪೆಟ್ರೋಲಿಯಂ"
      },
      "geometry": {
        "type": "Point",
        "coordinates": [
          74.9934176,
          13.1933614
        ]
      },
      "id": "node/10171386848"
    },
    {
      "type": "Feature",
      "properties": {
        "@id": "node/10172907606",
        "amenity": "fuel",
        "brand": "Petrom",
        "brand:wikidata": "Q1755034",
        "name": "Petrom"
      },
      "geometry": {
        "type": "Point",
        "coordinates": [
          74.0282255,
          18.3532735
        ]
      },
      "id": "node/10172907606"
    },
    {
      "type": "Feature",
      "properties": {
        "@id": "node/10197656870",
        "amenity": "fuel",
        "brand": "Hindustan Petroleum",
        "brand:wikidata": "Q1619375",
        "check_date": "2025-11-26",
        "check_date:compressed_air": "2025-11-26",
        "compressed_air": "yes",
        "fuel:diesel": "yes",
        "fuel:petrol": "yes",
        "name": "HP",
        "official_name": "Hindustan Petroleum",
        "self_service": "no",
        "source": "survey"
      },
      "geometry": {
        "type": "Point",
        "coordinates": [
          78.0539677,
          12.6435093
        ]
      },
      "id": "node/10197656870"
    },
    {
      "type": "Feature",
      "properties": {
        "@id": "node/10197696777",
        "amenity": "fuel",
        "brand": "Bharat Petroleum",
        "brand:wikidata": "Q854826",
        "check_date": "2022-11-16",
        "fuel:diesel": "yes",
        "fuel:petrol": "yes",
        "name": "Bharat Petroleum",
        "name:kn": "ಭಾರತ್ ಪೆಟ್ರೋಲಿಯಂ",
        "self_service": "no",
        "source": "survey"
      },
      "geometry": {
        "type": "Point",
        "coordinates": [
          78.2080814,
          12.3049394
        ]
      },
      "id": "node/10197696777"
    },
    {
      "type": "Feature",
      "properties": {
        "@id": "node/10197696778",
        "amenity": "fuel",
        "brand": "Hindustan Petroleum",
        "brand:wikidata": "Q1619375",
        "check_date": "2022-11-16",
        "fuel:diesel": "yes",
        "fuel:petrol": "yes",
        "name": "HP",
        "official_name": "Hindustan Petroleum",
        "self_service": "no",
        "source": "survey"
      },
      "geometry": {
        "type": "Point",
        "coordinates": [
          78.2069218,
          12.3140533
        ]
      },
      "id": "node/10197696778"
    },
    {
      "type": "Feature",
      "properties": {
        "@id": "node/10197723059",
        "amenity": "fuel",
        "brand": "Bharat Petroleum",
        "brand:wikidata": "Q854826",
        "check_date": "2022-11-16",
        "fuel:diesel": "yes",
        "fuel:petrol": "yes",
        "name": "Bharat Petroleum",
        "self_service": "no",
        "source": "survey"
      },
      "geometry": {
        "type": "Point",
        "coordinates": [
          78.1575402,
          12.5815568
        ]
      },
      "id": "node/10197723059"
    },
    {
      "type": "Feature",
      "properties": {
        "@id": "node/10197724625",
        "amenity": "fuel",
        "brand": "Hindustan Petroleum",
        "brand:wikidata": "Q1619375",
        "check_date": "2022-11-16",
        "compressed_air": "yes",
        "fuel:diesel": "yes",
        "fuel:petrol": "yes",
        "name": "HP",
        "official_name": "Hindustan Petroleum",
        "self_service": "no",
        "source": "survey"
      },
      "geometry": {
        "type": "Point",
        "coordinates": [
          78.0251957,
          12.6539938
        ]
      },
      "id": "node/10197724625"
    },
    {
      "type": "Feature",
      "properties": {
        "@id": "node/10218082461",
        "amenity": "fuel",
        "brand": "Bharat Petroleum",
        "brand:wikidata": "Q854826",
        "check_date": "2022-11-25",
        "compressed_air": "yes",
        "fuel:diesel": "yes",
        "fuel:petrol": "yes",
        "name": "Bharat Petroleum",
        "name:kn": "ಭಾರತ್ ಪೆಟ್ರೋಲಿಯಂ",
        "self_service": "no",
        "source": "survey"
      },
      "geometry": {
        "type": "Point",
        "coordinates": [
          77.5028976,
          12.9285826
        ]
      },
      "id": "node/10218082461"
    },
    {
      "type": "Feature",
      "properties": {
        "@id": "node/10262056037",
        "amenity": "fuel"
      },
      "geometry": {
        "type": "Point",
        "coordinates": [
          77.5053493,
          17.6200904
        ]
      },
      "id": "node/10262056037"
    },
    {
      "type": "Feature",
      "properties": {
        "@id": "node/10262056038",
        "amenity": "fuel"
      },
      "geometry": {
        "type": "Point",
        "coordinates": [
          77.5052619,
          17.61967
        ]
      },
      "id": "node/10262056038"
    },
    {
      "type": "Feature",
      "properties": {
        "@id": "node/10262056039",
        "amenity": "fuel"
      },
      "geometry": {
        "type": "Point",
        "coordinates": [
          77.5056881,
          17.6195786
        ]
      },
      "id": "node/10262056039"
    },
    {
      "type": "Feature",
      "properties": {
        "@id": "node/10262056040",
        "amenity": "fuel"
      },
      "geometry": {
        "type": "Point",
        "coordinates": [
          77.5057584,
          17.6199929
        ]
      },
      "id": "node/10262056040"
    },
    {
      "type": "Feature",
      "properties": {
        "@id": "node/10262070838",
        "amenity": "fuel"
      },
      "geometry": {
        "type": "Point",
        "coordinates": [
          78.2812208,
          18.076274
        ]
      },
      "id": "node/10262070838"
    },
    {
      "type": "Feature",
      "properties": {
        "@id": "node/10262070839",
        "amenity": "fuel"
      },
      "geometry": {
        "type": "Point",
        "coordinates": [
          78.2814571,
          18.0766056
        ]
      },
      "id": "node/10262070839"
    },
    {
      "type": "Feature",
      "properties": {
        "@id": "node/10262070840",
        "amenity": "fuel"
      },
      "geometry": {
        "type": "Point",
        "coordinates": [
          78.2818283,
          18.0763666
        ]
      },
      "id": "node/10262070840"
    },
    {
      "type": "Feature",
      "properties": {
        "@id": "node/10262070841",
        "amenity": "fuel"
      },
      "geometry": {
        "type": "Point",
        "coordinates": [
          78.281592,
          18.0760349
        ]
      },
      "id": "node/10262070841"
    },
    {
      "type": "Feature",
      "properties": {
        "@id": "node/10262184270",
        "amenity": "fuel",
        "name": "Bharath Fuel Station"
      },
      "geometry": {
        "type": "Point",
        "coordinates": [
          78.2778761,
          18.0644051
        ]
      },
      "id": "node/10262184270"
    },
    {
      "type": "Feature",
      "properties": {
        "@id": "node/10262368333",
        "amenity": "fuel",
        "brand": "Nayara",
        "name": "Petrol Bunk"
      },
      "geometry": {
        "type": "Point",
        "coordinates": [
          78.5371163,
          17.462328
        ]
      },
      "id": "node/10262368333"
    },
    {
      "type": "Feature",
      "properties": {
        "@id": "node/10277917164",
        "amenity": "fuel",
        "name": "Sri venkata Pentol Bunk"
      },
      "geometry": {
        "type": "Point",
        "coordinates": [
          78.1225312,
          18.3974692
        ]
      },
      "id": "node/10277917164"
    },
    {
      "type": "Feature",
      "properties": {
        "@id": "node/10277918656",
        "amenity": "fuel"
      },
      "geometry": {
        "type": "Point",
        "coordinates": [
          78.5260577,
          17.3266162
        ]
      },
      "id": "node/10277918656"
    },
    {
      "type": "Feature",
      "properties": {
        "@id": "node/10277933412",
        "amenity": "fuel",
        "name": "Barath Petrol"
      },
      "geometry": {
        "type": "Point",
        "coordinates": [
          78.1306502,
          18.3991872
        ]
      },
      "id": "node/10277933412"
    },
    {
      "type": "Feature",
      "properties": {
        "@id": "node/10277933422",
        "amenity": "fuel",
        "name": "HP Petrol Bunk"
      },
      "geometry": {
        "type": "Point",
        "coordinates": [
          78.1408674,
          18.3974197
        ]
      },
      "id": "node/10277933422"
    },
    {
      "type": "Feature",
      "properties": {
        "@id": "node/10279460617",
        "amenity": "fuel"
      },
      "geometry": {
        "type": "Point",
        "coordinates": [
          78.5626889,
          17.4663296
        ]
      },
      "id": "node/10279460617"
    },
    {
      "type": "Feature",
      "properties": {
        "@id": "node/10279481533",
        "amenity": "fuel",
        "name": "indiana petrol pump"
      },
      "geometry": {
        "type": "Point",
        "coordinates": [
          78.4427517,
          17.3590055
        ]
      },
      "id": "node/10279481533"
    },
    {
      "type": "Feature",
      "properties": {
        "@id": "node/10279507194",
        "amenity": "fuel"
      },
      "geometry": {
        "type": "Point",
        "coordinates": [
          78.5640739,
          17.4679641
        ]
      },
      "id": "node/10279507194"
    },
    {
      "type": "Feature",
      "properties": {
        "@id": "node/10279507195",
        "amenity": "fuel"
      },
      "geometry": {
        "type": "Point",
        "coordinates": [
          78.5640048,
          17.4676475
        ]
      },
      "id": "node/10279507195"
    },
    {
      "type": "Feature",
      "properties": {
        "@id": "node/10279507196",
        "amenity": "fuel"
      },
      "geometry": {
        "type": "Point",
        "coordinates": [
          78.5641918,
          17.4676139
        ]
      },
      "id": "node/10279507196"
    },
    {
      "type": "Feature",
      "properties": {
        "@id": "node/10279507197",
        "amenity": "fuel"
      },
      "geometry": {
        "type": "Point",
        "coordinates": [
          78.5643528,
          17.4678588
        ]
      },
      "id": "node/10279507197"
    },
    {
      "type": "Feature",
      "properties": {
        "@id": "node/10279596182",
        "amenity": "fuel"
      },
      "geometry": {
        "type": "Point",
        "coordinates": [
          78.525868,
          17.3272354
        ]
      },
      "id": "node/10279596182"
    },
    {
      "type": "Feature",
      "properties": {
        "@id": "node/10279737666",
        "amenity": "fuel",
        "name": "Mohini Petrol Pump"
      },
      "geometry": {
        "type": "Point",
        "coordinates": [
          78.4443429,
          17.3593287
        ]
      },
      "id": "node/10279737666"
    },
    {
      "type": "Feature",
      "properties": {
        "@id": "node/10279742385",
        "amenity": "fuel"
      },
      "geometry": {
        "type": "Point",
        "coordinates": [
          78.5203,
          17.3312094
        ]
      },
      "id": "node/10279742385"
    },
    {
      "type": "Feature",
      "properties": {
        "@id": "node/10280090371",
        "amenity": "fuel",
        "name": "HPCL - Swapna Filling Station"
      },
      "geometry": {
        "type": "Point",
        "coordinates": [
          78.4407182,
          17.3128597
        ]
      },
      "id": "node/10280090371"
    },
    {
      "type": "Feature",
      "properties": {
        "@id": "node/10280153462",
        "amenity": "fuel",
        "name": "Bharath Petrol"
      },
      "geometry": {
        "type": "Point",
        "coordinates": [
          78.2438573,
          18.4304414
        ]
      },
      "id": "node/10280153462"
    },
    {
      "type": "Feature",
      "properties": {
        "@id": "node/10280153703",
        "amenity": "fuel",
        "brand": "Hindustan Petroleum",
        "brand:wikidata": "Q1619375",
        "name": "HP",
        "official_name": "Hindustan Petroleum"
      },
      "geometry": {
        "type": "Point",
        "coordinates": [
          78.302552,
          18.3641508
        ]
      },
      "id": "node/10280153703"
    },
    {
      "type": "Feature",
      "properties": {
        "@id": "node/10280153720",
        "amenity": "fuel",
        "name": "Bharath Petrol"
      },
      "geometry": {
        "type": "Point",
        "coordinates": [
          78.3071863,
          18.3494878
        ]
      },
      "id": "node/10280153720"
    },
    {
      "type": "Feature",
      "properties": {
        "@id": "node/10280153721",
        "amenity": "fuel",
        "name": "Bharath Petrol"
      },
      "geometry": {
        "type": "Point",
        "coordinates": [
          78.3070462,
          18.3493214
        ]
      },
      "id": "node/10280153721"
    },
    {
      "type": "Feature",
      "properties": {
        "@id": "node/10296485011",
        "amenity": "fuel",
        "brand": "Bharat Petroleum",
        "brand:wikidata": "Q854826",
        "compressed_air": "yes",
        "name": "Bharat Petroleum Petrol Pump , Kas Petroleum",
        "opening_hours": "24/7"
      },
      "geometry": {
        "type": "Point",
        "coordinates": [
          78.4772403,
          12.0683276
        ]
      },
      "id": "node/10296485011"
    },
    {
      "type": "Feature",
      "properties": {
        "@id": "node/10313018678",
        "amenity": "fuel",
        "fuel:diesel": "yes",
        "fuel:e10": "yes",
        "fuel:octane_91": "yes",
        "fuel:octane_95": "yes",
        "name": "Petrol Pump IOC"
      },
      "geometry": {
        "type": "Point",
        "coordinates": [
          77.9279217,
          11.8497098
        ]
      },
      "id": "node/10313018678"
    },
    {
      "type": "Feature",
      "properties": {
        "@id": "node/10314831056",
        "amenity": "fuel",
        "name": "Nayara",
        "name:kn": "ನಯಾರ"
      },
      "geometry": {
        "type": "Point",
        "coordinates": [
          76.0883367,
          13.0230632
        ]
      },
      "id": "node/10314831056"
    },
    {
      "type": "Feature",
      "properties": {
        "@id": "node/10536537933",
        "addr:city": "Veeranam",
        "addr:district": "Salem",
        "addr:postcode": "636122",
        "addr:street": "MDR 675, Veeranam Main Rd.",
        "amenity": "fuel",
        "brand": "Bharat Petroleum",
        "brand:wikidata": "Q854826",
        "fuel:Petrol": "yes",
        "fuel:diesel": "yes",
        "name": "Bharat Petroleum"
      },
      "geometry": {
        "type": "Point",
        "coordinates": [
          78.2103794,
          11.6776297
        ]
      },
      "id": "node/10536537933"
    },
    {
      "type": "Feature",
      "properties": {
        "@id": "node/10536537934",
        "addr:city": "Veeranam",
        "addr:district": "Salem",
        "addr:postcode": "636122",
        "addr:street": "MDR 675, Veeranam Main Rd",
        "amenity": "fuel",
        "brand": "Indian Oil",
        "brand:wikidata": "Q1289348",
        "name": "Indian Oil"
      },
      "geometry": {
        "type": "Point",
        "coordinates": [
          78.2142472,
          11.6809995
        ]
      },
      "id": "node/10536537934"
    },
    {
      "type": "Feature",
      "properties": {
        "@id": "node/10536537935",
        "addr:city": "Allikuttai",
        "addr:district": "Salem",
        "addr:postcode": "636017",
        "addr:street": "MDR 675, Veeranam Main Rd",
        "amenity": "fuel",
        "brand": "Hindustan Petroleum",
        "brand:wikidata": "Q1619375",
        "name": "HP",
        "official_name": "Hindustan Petroleum"
      },
      "geometry": {
        "type": "Point",
        "coordinates": [
          78.1979593,
          11.6738724
        ]
      },
      "id": "node/10536537935"
    },
    {
      "type": "Feature",
      "properties": {
        "@id": "node/10536537936",
        "addr:city": "Pallipatti, Salem",
        "addr:district": "Salem",
        "addr:postcode": "636122",
        "addr:street": "MDR 675",
        "amenity": "fuel",
        "brand": "Nayara",
        "brand:wikidata": "Q5399377",
        "name": "Nayara+ Petorl"
      },
      "geometry": {
        "type": "Point",
        "coordinates": [
          78.245577,
          11.7032835
        ]
      },
      "id": "node/10536537936"
    },
    {
      "type": "Feature",
      "properties": {
        "@id": "node/10536537937",
        "amenity": "fuel"
      },
      "geometry": {
        "type": "Point",
        "coordinates": [
          78.257238,
          11.7029723
        ]
      },
      "id": "node/10536537937"
    },
    {
      "type": "Feature",
      "properties": {
        "@id": "node/10536537938",
        "amenity": "fuel",
        "brand": "Bharat Petroleum",
        "brand:wikidata": "Q854826",
        "name": "Bharat Petroleum"
      },
      "geometry": {
        "type": "Point",
        "coordinates": [
          78.2478799,
          11.6883497
        ]
      },
      "id": "node/10536537938"
    },
    {
      "type": "Feature",
      "properties": {
        "@id": "node/10564237918",
        "amenity": "fuel",
        "brand": "Bharat Petroleum",
        "brand:wikidata": "Q854826",
        "check_date": "2023-01-18",
        "fuel:diesel": "yes",
        "fuel:petrol": "yes",
        "name": "Bharat Petroleum",
        "self_service": "no",
        "source": "survey"
      },
      "geometry": {
        "type": "Point",
        "coordinates": [
          77.8221115,
          12.7194374
        ]
      },
      "id": "node/10564237918"
    },
    {
      "type": "Feature",
      "properties": {
        "@id": "node/10573620402",
        "amenity": "fuel",
        "check_date": "2023-01-22",
        "name": "Hp Petrol Pump - K K K Sri Raam Petrol Bunk",
        "name:en": "HP PETROL PUMP - K K K SRI RAAM PETROL BUNK",
        "payment:mastercard": "yes",
        "payment:visa": "yes"
      },
      "geometry": {
        "type": "Point",
        "coordinates": [
          77.4568546,
          11.5149137
        ]
      },
      "id": "node/10573620402"
    },
    {
      "type": "Feature",
      "properties": {
        "@id": "node/10603454036",
        "amenity": "fuel",
        "brand": "Petrom",
        "brand:wikidata": "Q1755034",
        "name": "HP Petrol Pump, Sadashivnagar"
      },
      "geometry": {
        "type": "Point",
        "coordinates": [
          74.2940468,
          16.4213407
        ]
      },
      "id": "node/10603454036"
    },
    {
      "type": "Feature",
      "properties": {
        "@id": "node/10603456178",
        "amenity": "fuel",
        "brand": "Petrom",
        "brand:wikidata": "Q1755034",
        "name": "Utkarsh Petrol Pump (BPCL)"
      },
      "geometry": {
        "type": "Point",
        "coordinates": [
          74.2799182,
          16.4269853
        ]
      },
      "id": "node/10603456178"
    },
    {
      "type": "Feature",
      "properties": {
        "@id": "node/10687931404",
        "addr:street": "Nr Ragvendra Swami Layout",
        "amenity": "fuel",
        "brand": "Shell",
        "brand:wikidata": "Q110716465",
        "fuel:GTL_diesel": "yes",
        "fuel:octane_95": "yes",
        "fuel:octane_98": "yes",
        "name": "Shell Pertol Station",
        "operator": "Shell"
      },
      "geometry": {
        "type": "Point",
        "coordinates": [
          77.5771096,
          12.891779
        ]
      },
      "id": "node/10687931404"
    },
    {
      "type": "Feature",
      "properties": {
        "@id": "node/10688132799",
        "amenity": "fuel",
        "brand": "Hindustan Petroleum",
        "brand:wikidata": "Q1619375",
        "check_date": "2023-02-23",
        "fuel:diesel": "yes",
        "fuel:petrol": "yes",
        "name": "HP",
        "official_name": "Hindustan Petroleum",
        "self_service": "no"
      },
      "geometry": {
        "type": "Point",
        "coordinates": [
          78.0831605,
          11.868307
        ]
      },
      "id": "node/10688132799"
    },
    {
      "type": "Feature",
      "properties": {
        "@id": "node/10688137238",
        "amenity": "fuel",
        "brand": "Bharat Petroleum",
        "brand:wikidata": "Q854826",
        "check_date": "2024-10-20",
        "fuel:diesel": "yes",
        "fuel:petrol": "yes",
        "name": "Bharat Petroleum",
        "name:kn": "ಭಾರತ್ ಪೆಟ್ರೋಲಿಯಂ",
        "self_service": "no",
        "source": "survey"
      },
      "geometry": {
        "type": "Point",
        "coordinates": [
          78.0994228,
          12.6078935
        ]
      },
      "id": "node/10688137238"
    },
    {
      "type": "Feature",
      "properties": {
        "@id": "node/10688146859",
        "amenity": "fuel",
        "brand": "Nayara",
        "brand:wikidata": "Q1360409",
        "check_date": "2023-02-22",
        "fuel:petrol": "yes",
        "name": "Nayara",
        "source": "survey"
      },
      "geometry": {
        "type": "Point",
        "coordinates": [
          78.0668406,
          11.7257041
        ]
      },
      "id": "node/10688146859"
    },
    {
      "type": "Feature",
      "properties": {
        "@id": "node/10688146864",
        "amenity": "fuel",
        "brand": "Indian Oil",
        "brand:wikidata": "Q1289348",
        "check_date": "2023-02-23",
        "name": "Indian Oil"
      },
      "geometry": {
        "type": "Point",
        "coordinates": [
          78.0702762,
          11.722251
        ]
      },
      "id": "node/10688146864"
    },
    {
      "type": "Feature",
      "properties": {
        "@id": "node/10688146867",
        "amenity": "fuel",
        "brand": "Bharat Petroleum",
        "brand:wikidata": "Q854826",
        "check_date": "2023-02-23",
        "fuel:diesel": "yes",
        "fuel:petrol": "yes",
        "name": "Bharat Petroleum",
        "self_service": "no"
      },
      "geometry": {
        "type": "Point",
        "coordinates": [
          78.0558467,
          11.7759768
        ]
      },
      "id": "node/10688146867"
    },
    {
      "type": "Feature",
      "properties": {
        "@id": "node/10688149978",
        "amenity": "fuel",
        "brand": "Indian Oil",
        "brand:wikidata": "Q1289348",
        "check_date": "2026-01-18",
        "check_date:compressed_air": "2026-01-18",
        "compressed_air": "yes",
        "name": "Indian Oil"
      },
      "geometry": {
        "type": "Point",
        "coordinates": [
          77.6913125,
          12.8151265
        ]
      },
      "id": "node/10688149978"
    },
    {
      "type": "Feature",
      "properties": {
        "@id": "node/10688153207",
        "amenity": "fuel",
        "brand": "Nayara",
        "brand:wikidata": "Q1360409",
        "check_date": "2023-02-23",
        "name": "Nayara"
      },
      "geometry": {
        "type": "Point",
        "coordinates": [
          78.1158177,
          11.6903334
        ]
      },
      "id": "node/10688153207"
    },
    {
      "type": "Feature",
      "properties": {
        "@id": "node/10688153219",
        "amenity": "fuel",
        "brand": "Hindustan Petroleum",
        "brand:wikidata": "Q1619375",
        "check_date": "2023-02-22",
        "fuel:diesel": "yes",
        "fuel:petrol": "yes",
        "name": "HP",
        "official_name": "Hindustan Petroleum",
        "self_service": "no",
        "source": "survey",
        "wheelchair": "yes"
      },
      "geometry": {
        "type": "Point",
        "coordinates": [
          78.1340663,
          11.6751409
        ]
      },
      "id": "node/10688153219"
    },
    {
      "type": "Feature",
      "properties": {
        "@id": "node/10688153228",
        "amenity": "fuel",
        "brand": "Indian Oil",
        "brand:wikidata": "Q1289348",
        "check_date": "2023-02-22",
        "name": "Indian Oil"
      },
      "geometry": {
        "type": "Point",
        "coordinates": [
          78.143145,
          11.667727
        ]
      },
      "id": "node/10688153228"
    },
    {
      "type": "Feature",
      "properties": {
        "@id": "node/10688153231",
        "amenity": "fuel",
        "brand": "Indian Oil",
        "brand:wikidata": "Q1289348",
        "check_date": "2023-02-22",
        "name": "Indian Oil"
      },
      "geometry": {
        "type": "Point",
        "coordinates": [
          78.1273362,
          11.6753914
        ]
      },
      "id": "node/10688153231"
    },
    {
      "type": "Feature",
      "properties": {
        "@id": "node/10688153235",
        "amenity": "fuel",
        "brand": "Bharat Petroleum",
        "brand:wikidata": "Q854826",
        "check_date": "2023-02-22",
        "name": "Bharat Petroleum",
        "wheelchair": "yes"
      },
      "geometry": {
        "type": "Point",
        "coordinates": [
          78.1201381,
          11.672613
        ]
      },
      "id": "node/10688153235"
    },
    {
      "type": "Feature",
      "properties": {
        "@id": "node/10688153236",
        "amenity": "fuel",
        "brand": "Indian Oil",
        "brand:wikidata": "Q1289348",
        "check_date": "2023-02-22",
        "name": "Indian Oil"
      },
      "geometry": {
        "type": "Point",
        "coordinates": [
          78.1124118,
          11.6794646
        ]
      },
      "id": "node/10688153236"
    },
    {
      "type": "Feature",
      "properties": {
        "@id": "node/10688153237",
        "amenity": "fuel",
        "brand": "Bharat Petroleum",
        "brand:wikidata": "Q854826",
        "check_date": "2023-02-23",
        "name": "Bharat Petroleum"
      },
      "geometry": {
        "type": "Point",
        "coordinates": [
          78.1192349,
          11.6844454
        ]
      },
      "id": "node/10688153237"
    },
    {
      "type": "Feature",
      "properties": {
        "@id": "node/10688153238",
        "amenity": "fuel",
        "brand": "Hindustan Petroleum",
        "brand:wikidata": "Q1619375",
        "check_date": "2023-02-23",
        "name": "HP",
        "official_name": "Hindustan Petroleum"
      },
      "geometry": {
        "type": "Point",
        "coordinates": [
          78.1155852,
          11.6811204
        ]
      },
      "id": "node/10688153238"
    },
    {
      "type": "Feature",
      "properties": {
        "@id": "node/10688155520",
        "amenity": "fuel",
        "brand": "Hindustan Petroleum",
        "brand:wikidata": "Q1619375",
        "check_date": "2023-02-23",
        "fuel:diesel": "yes",
        "fuel:petrol": "yes",
        "name": "HP",
        "official_name": "Hindustan Petroleum",
        "self_service": "no"
      },
      "geometry": {
        "type": "Point",
        "coordinates": [
          78.0573245,
          11.8002224
        ]
      },
      "id": "node/10688155520"
    },
    {
      "type": "Feature",
      "properties": {
        "@id": "node/10688158137",
        "amenity": "fuel",
        "brand": "Indian Oil",
        "brand:wikidata": "Q1289348",
        "check_date": "2026-01-01",
        "check_date:compressed_air": "2026-01-01",
        "compressed_air": "yes",
        "fuel:diesel": "yes",
        "fuel:petrol": "yes",
        "name": "Indian Oil",
        "self_service": "no",
        "source": "survey"
      },
      "geometry": {
        "type": "Point",
        "coordinates": [
          78.0463309,
          12.6464599
        ]
      },
      "id": "node/10688158137"
    },
    {
      "type": "Feature",
      "properties": {
        "@id": "node/10688158358",
        "amenity": "fuel",
        "check_date": "2023-02-23"
      },
      "geometry": {
        "type": "Point",
        "coordinates": [
          78.0654629,
          11.8241136
        ]
      },
      "id": "node/10688158358"
    },
    {
      "type": "Feature",
      "properties": {
        "@id": "node/10732094033",
        "addr:city": "Salem",
        "addr:postcode": "636012",
        "addr:street": "Karuppur - Vellapatty - Thathiyangarpatty Road",
        "amenity": "fuel",
        "brand": "Indian Oil",
        "brand:wikidata": "Q1289348",
        "name": "Indian Oil Corporation",
        "operator": "Government"
      },
      "geometry": {
        "type": "Point",
        "coordinates": [
          78.0907788,
          11.7146952
        ]
      },
      "id": "node/10732094033"
    },
    {
      "type": "Feature",
      "properties": {
        "@id": "node/10738598991",
        "amenity": "fuel",
        "brand": "Indian Oil",
        "brand:wikidata": "Q1289348",
        "check_date": "2023-03-16",
        "name": "Indian Oil"
      },
      "geometry": {
        "type": "Point",
        "coordinates": [
          77.5225363,
          12.9946331
        ]
      },
      "id": "node/10738598991"
    },
    {
      "type": "Feature",
      "properties": {
        "@id": "node/10743184733",
        "amenity": "fuel",
        "brand": "Bharat Petroleum",
        "fuel:diesel": "yes",
        "fuel:octane_91": "yes",
        "fuel:octane_95": "yes",
        "name": "Ravi Fuels"
      },
      "geometry": {
        "type": "Point",
        "coordinates": [
          75.7064545,
          12.024116
        ]
      },
      "id": "node/10743184733"
    },
    {
      "type": "Feature",
      "properties": {
        "@id": "node/10753151495",
        "amenity": "fuel",
        "brand": "Nayara",
        "brand:wikidata": "Q1360409",
        "name": "Nayara",
        "operator": "Nayara"
      },
      "geometry": {
        "type": "Point",
        "coordinates": [
          77.5771639,
          13.0311635
        ]
      },
      "id": "node/10753151495"
    },
    {
      "type": "Feature",
      "properties": {
        "@id": "node/10777526912",
        "amenity": "fuel",
        "brand": "Indian Oil Petrol Pump",
        "brand:wikidata": "Q1289348",
        "name": "Indian Oil Petrol Pump"
      },
      "geometry": {
        "type": "Point",
        "coordinates": [
          77.104152,
          18.402163
        ]
      },
      "id": "node/10777526912"
    },
    {
      "type": "Feature",
      "properties": {
        "@id": "node/10792883040",
        "amenity": "fuel",
        "brand": "Indian Oil",
        "brand:wikidata": "Q1289348",
        "check_date": "2023-04-05",
        "fuel:diesel": "yes",
        "fuel:petrol": "yes",
        "name": "Indian Oil",
        "self_service": "no"
      },
      "geometry": {
        "type": "Point",
        "coordinates": [
          78.5783739,
          12.5590504
        ]
      },
      "id": "node/10792883040"
    },
    {
      "type": "Feature",
      "properties": {
        "@id": "node/10806996671",
        "addr:city": "killari pati",
        "addr:postcode": "413516",
        "addr:street": "NH 548 B",
        "amenity": "fuel",
        "brand": "Hindustan Petrol (HP)",
        "fuel:diesel": "yes",
        "fuel:petrol": "yes",
        "name": "Om Petroleum",
        "opening_hours": "Mo-Su 09:00-21:00"
      },
      "geometry": {
        "type": "Point",
        "coordinates": [
          76.5921855,
          18.0548559
        ]
      },
      "id": "node/10806996671"
    },
    {
      "type": "Feature",
      "properties": {
        "@id": "node/10807009230",
        "addr:city": "KILLARI",
        "addr:postcode": "413516",
        "addr:street": "NH 548 B",
        "amenity": "fuel",
        "fuel:PETROL": "yes",
        "fuel:diesel": "yes",
        "name": "Baba Fuel"
      },
      "geometry": {
        "type": "Point",
        "coordinates": [
          76.5922056,
          18.0651465
        ]
      },
      "id": "node/10807009230"
    },
    {
      "type": "Feature",
      "properties": {
        "@id": "node/10819097882",
        "amenity": "fuel"
      },
      "geometry": {
        "type": "Point",
        "coordinates": [
          77.8656102,
          14.5633418
        ]
      },
      "id": "node/10819097882"
    },
    {
      "type": "Feature",
      "properties": {
        "@id": "node/10819158099",
        "amenity": "fuel"
      },
      "geometry": {
        "type": "Point",
        "coordinates": [
          77.7492305,
          14.5313731
        ]
      },
      "id": "node/10819158099"
    },
    {
      "type": "Feature",
      "properties": {
        "@id": "node/10824615369",
        "amenity": "fuel",
        "brand": "Indian Oil Petrol Pump",
        "brand:wikidata": "Q1289348",
        "name": "Indian Oil Petrol Pump"
      },
      "geometry": {
        "type": "Point",
        "coordinates": [
          75.3917596,
          12.0747388
        ]
      },
      "id": "node/10824615369"
    },
    {
      "type": "Feature",
      "properties": {
        "@id": "node/10836292007",
        "amenity": "fuel"
      },
      "geometry": {
        "type": "Point",
        "coordinates": [
          78.2268299,
          14.4119836
        ]
      },
      "id": "node/10836292007"
    },
    {
      "type": "Feature",
      "properties": {
        "@id": "node/10853093227",
        "amenity": "fuel",
        "brand": "Go Gas",
        "name": "Go Gas"
      },
      "geometry": {
        "type": "Point",
        "coordinates": [
          77.5798621,
          12.9472886
        ]
      },
      "id": "node/10853093227"
    },
    {
      "type": "Feature",
      "properties": {
        "@id": "node/10925755813",
        "amenity": "fuel",
        "name": "petrol station"
      },
      "geometry": {
        "type": "Point",
        "coordinates": [
          78.0021341,
          14.9106682
        ]
      },
      "id": "node/10925755813"
    },
    {
      "type": "Feature",
      "properties": {
        "@id": "node/10925960826",
        "amenity": "fuel",
        "name": "fuel Station"
      },
      "geometry": {
        "type": "Point",
        "coordinates": [
          78.0148119,
          14.9191199
        ]
      },
      "id": "node/10925960826"
    },
    {
      "type": "Feature",
      "properties": {
        "@id": "node/10926086731",
        "amenity": "fuel",
        "name": "indian fuel station"
      },
      "geometry": {
        "type": "Point",
        "coordinates": [
          78.012361,
          14.9083252
        ]
      },
      "id": "node/10926086731"
    },
    {
      "type": "Feature",
      "properties": {
        "@id": "node/10926086736",
        "amenity": "fuel",
        "name": "fuel station"
      },
      "geometry": {
        "type": "Point",
        "coordinates": [
          78.0162639,
          14.9084611
        ]
      },
      "id": "node/10926086736"
    },
    {
      "type": "Feature",
      "properties": {
        "@id": "node/10926248985",
        "amenity": "fuel",
        "name": "fuel station"
      },
      "geometry": {
        "type": "Point",
        "coordinates": [
          77.9857433,
          14.9094642
        ]
      },
      "id": "node/10926248985"
    },
    {
      "type": "Feature",
      "properties": {
        "@id": "node/10942531741",
        "amenity": "fuel",
        "brand": "Indian Oil Petrol Pump",
        "brand:wikidata": "Q1289348",
        "name": "Indian Oil Petrol Pump"
      },
      "geometry": {
        "type": "Point",
        "coordinates": [
          75.4957254,
          12.0414683
        ]
      },
      "id": "node/10942531741"
    },
    {
      "type": "Feature",
      "properties": {
        "@id": "node/10956407600",
        "amenity": "fuel",
        "brand": "Hindustan Petroleum",
        "brand:wikidata": "Q1619375",
        "name": "HP",
        "official_name": "Hindustan Petroleum"
      },
      "geometry": {
        "type": "Point",
        "coordinates": [
          75.2080866,
          15.3610427
        ]
      },
      "id": "node/10956407600"
    },
    {
      "type": "Feature",
      "properties": {
        "@id": "node/10956407632",
        "amenity": "fuel",
        "brand": "Indian Oil",
        "brand:wikidata": "Q1289348",
        "name": "Indian Oil",
        "name:kn": "ಇಂಡಿಯನ್ ಆಯಿಲ್"
      },
      "geometry": {
        "type": "Point",
        "coordinates": [
          75.2131489,
          15.3625978
        ]
      },
      "id": "node/10956407632"
    },
    {
      "type": "Feature",
      "properties": {
        "@id": "node/10956407677",
        "amenity": "fuel",
        "brand": "Bharat Petroleum",
        "brand:wikidata": "Q854826",
        "name": "Bharat Petroleum",
        "name:kn": "ಭಾರತ್ ಪೆಟ್ರೋಲಿಯಂ"
      },
      "geometry": {
        "type": "Point",
        "coordinates": [
          75.1874971,
          15.357923
        ]
      },
      "id": "node/10956407677"
    },
    {
      "type": "Feature",
      "properties": {
        "@id": "node/10966218541",
        "amenity": "fuel",
        "brand": "Indian Oil",
        "brand:wikidata": "Q1289348",
        "name": "Rajlakshmi Petroleum"
      },
      "geometry": {
        "type": "Point",
        "coordinates": [
          74.1666407,
          15.3679638
        ]
      },
      "id": "node/10966218541"
    },
    {
      "type": "Feature",
      "properties": {
        "@id": "node/10966245295",
        "amenity": "fuel",
        "brand": "Hindustan Petroleum",
        "brand:wikidata": "Q1619375",
        "name": "HP Petrol Pump",
        "official_name": "Hindustan Petroleum"
      },
      "geometry": {
        "type": "Point",
        "coordinates": [
          74.1750107,
          15.3648765
        ]
      },
      "id": "node/10966245295"
    },
    {
      "type": "Feature",
      "properties": {
        "@id": "node/10969359482",
        "amenity": "fuel",
        "brand": "Hindustan Petroleum",
        "brand:wikidata": "Q1619375",
        "check_date": "2023-06-11",
        "name": "HP",
        "name:kn": "ಹಿಂದುಸ್ತಾನ್ ಪೆಟ್ರೋಲಿಯಂ",
        "official_name": "Hindustan Petroleum",
        "self_service": "no",
        "source": "survey"
      },
      "geometry": {
        "type": "Point",
        "coordinates": [
          76.6097739,
          12.3643713
        ]
      },
      "id": "node/10969359482"
    },
    {
      "type": "Feature",
      "properties": {
        "@id": "node/10969372533",
        "amenity": "fuel",
        "brand": "Indian Oil",
        "brand:wikidata": "Q1289348",
        "check_date": "2023-06-11",
        "name": "Indian Oil",
        "name:kn": "ಇಂಡಿಯನ್ ಆಯಿಲ್",
        "self_service": "no"
      },
      "geometry": {
        "type": "Point",
        "coordinates": [
          76.6328216,
          12.3343036
        ]
      },
      "id": "node/10969372533"
    },
    {
      "type": "Feature",
      "properties": {
        "@id": "node/11005961466",
        "amenity": "fuel",
        "brand": "Bharat Petroleum",
        "name": "Cauvery Petro Services",
        "source": "GPS"
      },
      "geometry": {
        "type": "Point",
        "coordinates": [
          77.5840531,
          12.8799104
        ]
      },
      "id": "node/11005961466"
    },
    {
      "type": "Feature",
      "properties": {
        "@id": "node/11025430405",
        "amenity": "fuel"
      },
      "geometry": {
        "type": "Point",
        "coordinates": [
          78.084603,
          17.5881065
        ]
      },
      "id": "node/11025430405"
    },
    {
      "type": "Feature",
      "properties": {
        "@id": "node/11034095983",
        "amenity": "fuel"
      },
      "geometry": {
        "type": "Point",
        "coordinates": [
          74.5078316,
          14.0617751
        ]
      },
      "id": "node/11034095983"
    },
    {
      "type": "Feature",
      "properties": {
        "@id": "node/11034113686",
        "amenity": "fuel",
        "brand": "Indian Oil",
        "brand:wikidata": "Q1289348",
        "name": "Indian Oil",
        "name:kn": "ಇಂಡಿಯನ್ ಆಯಿಲ್"
      },
      "geometry": {
        "type": "Point",
        "coordinates": [
          74.5142862,
          14.0507533
        ]
      },
      "id": "node/11034113686"
    },
    {
      "type": "Feature",
      "properties": {
        "@id": "node/11034196975",
        "amenity": "fuel",
        "brand": "Indian Oil",
        "brand:wikidata": "Q1289348",
        "name": "Indian Oil",
        "name:kn": "ಇಂಡಿಯನ್ ಆಯಿಲ್"
      },
      "geometry": {
        "type": "Point",
        "coordinates": [
          74.6147097,
          13.8992452
        ]
      },
      "id": "node/11034196975"
    },
    {
      "type": "Feature",
      "properties": {
        "@id": "node/11034229595",
        "amenity": "fuel",
        "brand": "Indian Oil",
        "brand:wikidata": "Q1289348",
        "name": "Indian Oil"
      },
      "geometry": {
        "type": "Point",
        "coordinates": [
          74.6288572,
          13.8731702
        ]
      },
      "id": "node/11034229595"
    },
    {
      "type": "Feature",
      "properties": {
        "@id": "node/11034229596",
        "amenity": "fuel",
        "brand": "Indian Oil",
        "brand:wikidata": "Q1289348",
        "name": "Indian Oil",
        "name:kn": "ಇಂಡಿಯನ್ ಆಯಿಲ್"
      },
      "geometry": {
        "type": "Point",
        "coordinates": [
          74.63387,
          13.824678
        ]
      },
      "id": "node/11034229596"
    },
    {
      "type": "Feature",
      "properties": {
        "@id": "node/11034229597",
        "amenity": "fuel",
        "name": "Bharat Petroleum"
      },
      "geometry": {
        "type": "Point",
        "coordinates": [
          74.6380034,
          13.7817149
        ]
      },
      "id": "node/11034229597"
    },
    {
      "type": "Feature",
      "properties": {
        "@id": "node/11034245252",
        "amenity": "fuel",
        "brand": "Indian Oil",
        "brand:wikidata": "Q1289348",
        "name": "Indian Oil",
        "name:kn": "ಇಂಡಿಯನ್ ಆಯಿಲ್"
      },
      "geometry": {
        "type": "Point",
        "coordinates": [
          74.6031586,
          13.9118249
        ]
      },
      "id": "node/11034245252"
    },
    {
      "type": "Feature",
      "properties": {
        "@id": "node/11034245253",
        "amenity": "fuel",
        "name": "Indian Oil",
        "name:kn": "ಇಂಡಿಯನ್ ಆಯಿಲ್"
      },
      "geometry": {
        "type": "Point",
        "coordinates": [
          74.6367138,
          13.7650405
        ]
      },
      "id": "node/11034245253"
    },
    {
      "type": "Feature",
      "properties": {
        "@id": "node/11034251822",
        "amenity": "fuel"
      },
      "geometry": {
        "type": "Point",
        "coordinates": [
          74.6403348,
          13.7924611
        ]
      },
      "id": "node/11034251822"
    },
    {
      "type": "Feature",
      "properties": {
        "@id": "node/11034261586",
        "amenity": "fuel",
        "name": "Indian Oil",
        "name:kn": "ಇಂಡಿಯನ್ ಆಯಿಲ್"
      },
      "geometry": {
        "type": "Point",
        "coordinates": [
          74.5588612,
          13.9922581
        ]
      },
      "id": "node/11034261586"
    },
    {
      "type": "Feature",
      "properties": {
        "@id": "node/11057280479",
        "amenity": "fuel",
        "brand": "Bharat Petroleum",
        "brand:wikidata": "Q854826",
        "name": "Bharat Petroleum"
      },
      "geometry": {
        "type": "Point",
        "coordinates": [
          76.5758007,
          18.3991077
        ]
      },
      "id": "node/11057280479"
    },
    {
      "type": "Feature",
      "properties": {
        "@id": "node/11096986058",
        "amenity": "fuel"
      },
      "geometry": {
        "type": "Point",
        "coordinates": [
          75.7468407,
          12.0206092
        ]
      },
      "id": "node/11096986058"
    },
    {
      "type": "Feature",
      "properties": {
        "@id": "node/11097134414",
        "amenity": "fuel",
        "brand": "Bharat Petroleum",
        "brand:wikidata": "Q854826",
        "name": "Bharat Petroleum"
      },
      "geometry": {
        "type": "Point",
        "coordinates": [
          75.8170989,
          11.5792977
        ]
      },
      "id": "node/11097134414"
    },
    {
      "type": "Feature",
      "properties": {
        "@id": "node/11115703308",
        "amenity": "fuel",
        "brand": "Indian Oil",
        "brand:wikidata": "Q1289348",
        "name": "Indian Oil"
      },
      "geometry": {
        "type": "Point",
        "coordinates": [
          76.7031788,
          17.8279997
        ]
      },
      "id": "node/11115703308"
    },
    {
      "type": "Feature",
      "properties": {
        "@id": "node/11115703378",
        "amenity": "fuel",
        "brand": "Indian Oil",
        "brand:wikidata": "Q1289348",
        "name": "Indian Oil"
      },
      "geometry": {
        "type": "Point",
        "coordinates": [
          76.7629058,
          17.8272455
        ]
      },
      "id": "node/11115703378"
    },
    {
      "type": "Feature",
      "properties": {
        "@id": "node/11125665105",
        "amenity": "fuel",
        "name": "Hindustan Petroleum Corporation Limited"
      },
      "geometry": {
        "type": "Point",
        "coordinates": [
          78.1601958,
          17.5669303
        ]
      },
      "id": "node/11125665105"
    },
    {
      "type": "Feature",
      "properties": {
        "@id": "node/11125668503",
        "amenity": "fuel",
        "description": "Fuel station. Castrol's branding is more dominant than Reliance's.",
        "name": "Reliance Petrol Pump"
      },
      "geometry": {
        "type": "Point",
        "coordinates": [
          78.0016836,
          17.6097924
        ]
      },
      "id": "node/11125668503"
    },
    {
      "type": "Feature",
      "properties": {
        "@id": "node/11125676168",
        "amenity": "fuel",
        "brand": "Bharat Petroleum",
        "brand:wikidata": "Q854826",
        "name": "Bharat Petroleum Corporation Limited"
      },
      "geometry": {
        "type": "Point",
        "coordinates": [
          78.1111394,
          17.5815314
        ]
      },
      "id": "node/11125676168"
    },
    {
      "type": "Feature",
      "properties": {
        "@id": "node/11125679085",
        "amenity": "fuel",
        "brand": "Indian Oil",
        "brand:wikidata": "Q1289348",
        "name": "Indian Oil Corporation Limited"
      },
      "geometry": {
        "type": "Point",
        "coordinates": [
          78.0513835,
          17.5991421
        ]
      },
      "id": "node/11125679085"
    },
    {
      "type": "Feature",
      "properties": {
        "@id": "node/11125685009",
        "amenity": "fuel",
        "name": "Indian Oil Corporation Limited"
      },
      "geometry": {
        "type": "Point",
        "coordinates": [
          78.0128441,
          17.6071615
        ]
      },
      "id": "node/11125685009"
    },
    {
      "type": "Feature",
      "properties": {
        "@id": "node/11125689777",
        "amenity": "fuel",
        "name": "Bharat Petroleum"
      },
      "geometry": {
        "type": "Point",
        "coordinates": [
          78.0319683,
          17.6046938
        ]
      },
      "id": "node/11125689777"
    },
    {
      "type": "Feature",
      "properties": {
        "@id": "node/11125790258",
        "amenity": "fuel",
        "name": "Indian Oil Corporation Limited"
      },
      "geometry": {
        "type": "Point",
        "coordinates": [
          77.8538636,
          17.6411843
        ]
      },
      "id": "node/11125790258"
    },
    {
      "type": "Feature",
      "properties": {
        "@id": "node/11125790557",
        "amenity": "fuel",
        "brand": "Indian Oil",
        "brand:wikidata": "Q1289348",
        "name": "Indian Oil Corporation Limited"
      },
      "geometry": {
        "type": "Point",
        "coordinates": [
          77.9146359,
          17.6254467
        ]
      },
      "id": "node/11125790557"
    },
    {
      "type": "Feature",
      "properties": {
        "@id": "node/11125817779",
        "amenity": "fuel",
        "name": "Indian Oil Corporation Limited"
      },
      "geometry": {
        "type": "Point",
        "coordinates": [
          77.9061586,
          17.627779
        ]
      },
      "id": "node/11125817779"
    },
    {
      "type": "Feature",
      "properties": {
        "@id": "node/11125819312",
        "amenity": "fuel",
        "name": "Hindustan Petroleum Corporation Limited"
      },
      "geometry": {
        "type": "Point",
        "coordinates": [
          77.6970449,
          17.666963
        ]
      },
      "id": "node/11125819312"
    },
    {
      "type": "Feature",
      "properties": {
        "@id": "node/11125985479",
        "amenity": "fuel",
        "name": "Bharat Petroleum Corporation Limited"
      },
      "geometry": {
        "type": "Point",
        "coordinates": [
          77.5512157,
          17.6995321
        ]
      },
      "id": "node/11125985479"
    },
    {
      "type": "Feature",
      "properties": {
        "@id": "node/11126000768",
        "amenity": "fuel",
        "name": "Reliance Petroleum"
      },
      "geometry": {
        "type": "Point",
        "coordinates": [
          77.6627186,
          17.6767928
        ]
      },
      "id": "node/11126000768"
    },
    {
      "type": "Feature",
      "properties": {
        "@id": "node/11126553145",
        "amenity": "fuel",
        "name": "Indian Oil Corporation Limited"
      },
      "geometry": {
        "type": "Point",
        "coordinates": [
          76.8235346,
          17.8360179
        ]
      },
      "id": "node/11126553145"
    },
    {
      "type": "Feature",
      "properties": {
        "@id": "node/11126579292",
        "amenity": "fuel",
        "name": "Hindustan Petroleum Corporation Limited",
        "name:kn": "ಹಿಂದುಸ್ತಾನ್ ಪೆಟ್ರೋಲಿಯಂ"
      },
      "geometry": {
        "type": "Point",
        "coordinates": [
          77.0023009,
          17.8072256
        ]
      },
      "id": "node/11126579292"
    },
    {
      "type": "Feature",
      "properties": {
        "@id": "node/11126589859",
        "amenity": "fuel",
        "name": "Bharat Petroleum Corporation Limited",
        "name:kn": "ಭಾರತ್ ಪೆಟ್ರೋಲಿಯಂ"
      },
      "geometry": {
        "type": "Point",
        "coordinates": [
          77.403581,
          17.7090857
        ]
      },
      "id": "node/11126589859"
    },
    {
      "type": "Feature",
      "properties": {
        "@id": "node/11126638123",
        "amenity": "fuel",
        "name": "Indian Oil Corporation Limited"
      },
      "geometry": {
        "type": "Point",
        "coordinates": [
          77.2601043,
          17.7641351
        ]
      },
      "id": "node/11126638123"
    },
    {
      "type": "Feature",
      "properties": {
        "@id": "node/11126639436",
        "amenity": "fuel",
        "name": "Hindustan Petroleum",
        "name:kn": "ಹಿಂದುಸ್ತಾನ್ ಪೆಟ್ರೋಲಿಯಂ"
      },
      "geometry": {
        "type": "Point",
        "coordinates": [
          77.03366,
          17.7966231
        ]
      },
      "id": "node/11126639436"
    },
    {
      "type": "Feature",
      "properties": {
        "@id": "node/11126640070",
        "amenity": "fuel",
        "name": "Hindustan Petroleum",
        "name:kn": "ಹಿಂದುಸ್ತಾನ್ ಪೆಟ್ರೋಲಿಯಂ"
      },
      "geometry": {
        "type": "Point",
        "coordinates": [
          77.0923734,
          17.7694421
        ]
      },
      "id": "node/11126640070"
    },
    {
      "type": "Feature",
      "properties": {
        "@id": "node/11126642842",
        "amenity": "fuel",
        "name": "Hindustan Petroleum",
        "name:kn": "ಹಿಂದುಸ್ತಾನ್ ಪೆಟ್ರೋಲಿಯಂ"
      },
      "geometry": {
        "type": "Point",
        "coordinates": [
          77.0865773,
          17.7709282
        ]
      },
      "id": "node/11126642842"
    },
    {
      "type": "Feature",
      "properties": {
        "@id": "node/11126650552",
        "amenity": "fuel",
        "name": "Indian Oil Corporation Limited"
      },
      "geometry": {
        "type": "Point",
        "coordinates": [
          76.9678582,
          17.8163064
        ]
      },
      "id": "node/11126650552"
    },
    {
      "type": "Feature",
      "properties": {
        "@id": "node/11145692158",
        "amenity": "fuel",
        "brand": "Hindustan Petroleum",
        "brand:wikidata": "Q1619375",
        "name": "HP Pertol Pump",
        "official_name": "Hindustan Petroleum"
      },
      "geometry": {
        "type": "Point",
        "coordinates": [
          74.256163,
          17.0478949
        ]
      },
      "id": "node/11145692158"
    },
    {
      "type": "Feature",
      "properties": {
        "@id": "node/11145763351",
        "amenity": "fuel",
        "brand": "Indian Oil",
        "brand:wikidata": "Q1289348",
        "name": "Indian Oil"
      },
      "geometry": {
        "type": "Point",
        "coordinates": [
          74.2734136,
          16.9512662
        ]
      },
      "id": "node/11145763351"
    },
    {
      "type": "Feature",
      "properties": {
        "@id": "node/11146609201",
        "amenity": "fuel",
        "brand": "Nayara",
        "brand:wikidata": "Q5399377",
        "name": "Nayara",
        "name:kn": "ನಯಾರ"
      },
      "geometry": {
        "type": "Point",
        "coordinates": [
          76.1276739,
          13.0133041
        ]
      },
      "id": "node/11146609201"
    },
    {
      "type": "Feature",
      "properties": {
        "@id": "node/11179574608",
        "amenity": "fuel",
        "name": "Nayara Petrol Pump"
      },
      "geometry": {
        "type": "Point",
        "coordinates": [
          75.3672935,
          12.4555855
        ]
      },
      "id": "node/11179574608"
    },
    {
      "type": "Feature",
      "properties": {
        "@id": "node/11201269485",
        "amenity": "fuel",
        "brand": "Hindustan Petroleum",
        "brand:wikidata": "Q1619375",
        "check_date": "2023-09-19",
        "name": "HP",
        "official_name": "Hindustan Petroleum"
      },
      "geometry": {
        "type": "Point",
        "coordinates": [
          75.2861862,
          12.8399557
        ]
      },
      "id": "node/11201269485"
    },
    {
      "type": "Feature",
      "properties": {
        "@id": "node/11201314025",
        "amenity": "fuel",
        "brand": "Indian Oil",
        "brand:wikidata": "Q1289348",
        "check_date": "2023-09-18",
        "name": "Indian Oil",
        "name:kn": "ಇಂಡಿಯನ್ ಆಯಿಲ್"
      },
      "geometry": {
        "type": "Point",
        "coordinates": [
          74.7437894,
          13.3040868
        ]
      },
      "id": "node/11201314025"
    },
    {
      "type": "Feature",
      "properties": {
        "@id": "node/11201326115",
        "amenity": "fuel",
        "brand": "Indian Oil",
        "brand:wikidata": "Q1289348",
        "check_date": "2023-09-18",
        "name": "Indian Oil",
        "name:kn": "ಇಂಡಿಯನ್ ಆಯಿಲ್"
      },
      "geometry": {
        "type": "Point",
        "coordinates": [
          74.7470546,
          13.2284585
        ]
      },
      "id": "node/11201326115"
    },
    {
      "type": "Feature",
      "properties": {
        "@id": "node/11201326116",
        "amenity": "fuel",
        "brand": "Bharat Petroleum",
        "brand:wikidata": "Q854826",
        "check_date": "2023-09-18",
        "name": "Bharat Petroleum",
        "name:kn": "ಭಾರತ್ ಪೆಟ್ರೋಲಿಯಂ"
      },
      "geometry": {
        "type": "Point",
        "coordinates": [
          74.7507583,
          13.2112437
        ]
      },
      "id": "node/11201326116"
    },
    {
      "type": "Feature",
      "properties": {
        "@id": "node/11201334522",
        "amenity": "fuel",
        "brand": "Bharat Petroleum",
        "brand:wikidata": "Q854826",
        "check_date": "2023-09-18",
        "name": "Bharat Petroleum",
        "name:kn": "ಭಾರತ್ ಪೆಟ್ರೋಲಿಯಂ"
      },
      "geometry": {
        "type": "Point",
        "coordinates": [
          74.7894384,
          13.0828687
        ]
      },
      "id": "node/11201334522"
    },
    {
      "type": "Feature",
      "properties": {
        "@id": "node/11201334523",
        "amenity": "fuel",
        "brand": "Hindustan Petroleum",
        "brand:wikidata": "Q1619375",
        "check_date": "2023-09-18",
        "name": "HP",
        "name:kn": "ಹಿಂದುಸ್ತಾನ್ ಪೆಟ್ರೋಲಿಯಂ",
        "official_name": "Hindustan Petroleum"
      },
      "geometry": {
        "type": "Point",
        "coordinates": [
          74.7584776,
          13.1776006
        ]
      },
      "id": "node/11201334523"
    },
    {
      "type": "Feature",
      "properties": {
        "@id": "node/11208564624",
        "amenity": "fuel",
        "name": "Go Gas Station (LPG)"
      },
      "geometry": {
        "type": "Point",
        "coordinates": [
          76.5695719,
          18.4159953
        ]
      },
      "id": "node/11208564624"
    },
    {
      "type": "Feature",
      "properties": {
        "@id": "node/11210392485",
        "amenity": "fuel",
        "brand": "Bharat Petroleum",
        "brand:wikidata": "Q854826",
        "name": "Bharat Petroleum"
      },
      "geometry": {
        "type": "Point",
        "coordinates": [
          76.6056694,
          18.4104827
        ]
      },
      "id": "node/11210392485"
    },
    {
      "type": "Feature",
      "properties": {
        "@id": "node/11210655778",
        "amenity": "fuel",
        "brand": "Hindustan Petroleum",
        "brand:wikidata": "Q1619375",
        "name": "HP",
        "official_name": "Hindustan Petroleum"
      },
      "geometry": {
        "type": "Point",
        "coordinates": [
          76.6176156,
          18.3897376
        ]
      },
      "id": "node/11210655778"
    },
    {
      "type": "Feature",
      "properties": {
        "@id": "node/11210741636",
        "amenity": "fuel",
        "name": "Khubba Petroleum"
      },
      "geometry": {
        "type": "Point",
        "coordinates": [
          76.5867762,
          18.3841244
        ]
      },
      "id": "node/11210741636"
    },
    {
      "type": "Feature",
      "properties": {
        "@id": "node/11210790659",
        "amenity": "fuel",
        "name": "Mankari Petrol Pump"
      },
      "geometry": {
        "type": "Point",
        "coordinates": [
          76.5772396,
          18.3852629
        ]
      },
      "id": "node/11210790659"
    },
    {
      "type": "Feature",
      "properties": {
        "@id": "node/11210796331",
        "amenity": "fuel",
        "brand": "Bharat Petroleum",
        "brand:wikidata": "Q854826",
        "name": "Bharat Petroleum Kamdar Petrol Pump"
      },
      "geometry": {
        "type": "Point",
        "coordinates": [
          76.575606,
          18.3854935
        ]
      },
      "id": "node/11210796331"
    },
    {
      "type": "Feature",
      "properties": {
        "@id": "node/11210871972",
        "amenity": "fuel",
        "name": "Ashoka CNG Pump"
      },
      "geometry": {
        "type": "Point",
        "coordinates": [
          76.5582705,
          18.3768707
        ]
      },
      "id": "node/11210871972"
    },
    {
      "type": "Feature",
      "properties": {
        "@id": "node/11210884696",
        "amenity": "fuel",
        "brand": "Hindustan Petroleum",
        "brand:wikidata": "Q1619375",
        "name": "HP",
        "official_name": "Hindustan Petroleum"
      },
      "geometry": {
        "type": "Point",
        "coordinates": [
          76.5581504,
          18.3788132
        ]
      },
      "id": "node/11210884696"
    },
    {
      "type": "Feature",
      "properties": {
        "@id": "node/11210934846",
        "amenity": "fuel",
        "name": "Ashoka CNG"
      },
      "geometry": {
        "type": "Point",
        "coordinates": [
          76.5509666,
          18.3859615
        ]
      },
      "id": "node/11210934846"
    },
    {
      "type": "Feature",
      "properties": {
        "@id": "node/11248255458",
        "amenity": "fuel",
        "brand": "Bharat Petroleum",
        "brand:wikidata": "Q854826",
        "check_date": "2024-01-25",
        "name": "Bharat Petroleum",
        "name:en": "Bharat Petroleum",
        "name:kn": "ಭಾರತ್ ಪೆಟ್ರೋಲಿಯಂ",
        "self_service": "no"
      },
      "geometry": {
        "type": "Point",
        "coordinates": [
          77.5511498,
          12.9573596
        ]
      },
      "id": "node/11248255458"
    },
    {
      "type": "Feature",
      "properties": {
        "@id": "node/11248279565",
        "amenity": "fuel",
        "brand": "Indian Oil",
        "brand:wikidata": "Q1289348",
        "check_date": "2023-10-08",
        "name": "Indian Oil",
        "name:kn": "ಇಂಡಿಯನ್ ಆಯಿಲ್",
        "self_service": "no"
      },
      "geometry": {
        "type": "Point",
        "coordinates": [
          76.2872143,
          12.3125004
        ]
      },
      "id": "node/11248279565"
    },
    {
      "type": "Feature",
      "properties": {
        "@id": "node/11248309830",
        "amenity": "fuel",
        "brand": "Indian Oil",
        "brand:wikidata": "Q1289348",
        "check_date": "2023-10-08",
        "name": "Indian Oil",
        "name:kn": "ಇಂಡಿಯನ್ ಆಯಿಲ್",
        "self_service": "no"
      },
      "geometry": {
        "type": "Point",
        "coordinates": [
          76.7623412,
          12.4732511
        ]
      },
      "id": "node/11248309830"
    },
    {
      "type": "Feature",
      "properties": {
        "@id": "node/11248309834",
        "amenity": "fuel",
        "brand": "Hindustan Petroleum",
        "brand:wikidata": "Q1619375",
        "check_date": "2023-10-08",
        "name": "HP",
        "official_name": "Hindustan Petroleum",
        "self_service": "no"
      },
      "geometry": {
        "type": "Point",
        "coordinates": [
          76.667762,
          12.4191597
        ]
      },
      "id": "node/11248309834"
    },
    {
      "type": "Feature",
      "properties": {
        "@id": "node/11248313103",
        "amenity": "fuel",
        "brand": "Bharat Petroleum",
        "brand:wikidata": "Q854826",
        "check_date": "2023-10-08",
        "name": "Bharat Petroleum",
        "name:kn": "ಭಾರತ್ ಪೆಟ್ರೋಲಿಯಂ",
        "self_service": "no"
      },
      "geometry": {
        "type": "Point",
        "coordinates": [
          76.5904787,
          12.3905407
        ]
      },
      "id": "node/11248313103"
    },
    {
      "type": "Feature",
      "properties": {
        "@id": "node/11248313104",
        "amenity": "fuel",
        "brand": "Indian Oil",
        "brand:wikidata": "Q1289348",
        "check_date": "2023-10-08",
        "name": "Indian Oil",
        "name:kn": "ಇಂಡಿಯನ್ ಆಯಿಲ್",
        "self_service": "no"
      },
      "geometry": {
        "type": "Point",
        "coordinates": [
          76.5929392,
          12.3904046
        ]
      },
      "id": "node/11248313104"
    },
    {
      "type": "Feature",
      "properties": {
        "@id": "node/11248323627",
        "amenity": "fuel",
        "brand": "Hindustan Petroleum",
        "brand:wikidata": "Q1619375",
        "check_date": "2023-10-08",
        "name": "HP",
        "name:kn": "ಹಿಂದುಸ್ತಾನ್ ಪೆಟ್ರೋಲಿಯಂ",
        "official_name": "Hindustan Petroleum",
        "self_service": "no"
      },
      "geometry": {
        "type": "Point",
        "coordinates": [
          77.0097154,
          12.571861
        ]
      },
      "id": "node/11248323627"
    },
    {
      "type": "Feature",
      "properties": {
        "@id": "node/11248323751",
        "amenity": "fuel",
        "brand": "Indian Oil",
        "brand:wikidata": "Q1289348",
        "check_date": "2023-10-08",
        "name": "Indian Oil",
        "name:kn": "ಇಂಡಿಯನ್ ಆಯಿಲ್",
        "self_service": "no"
      },
      "geometry": {
        "type": "Point",
        "coordinates": [
          76.147947,
          12.3379175
        ]
      },
      "id": "node/11248323751"
    },
    {
      "type": "Feature",
      "properties": {
        "@id": "node/11248325889",
        "amenity": "fuel",
        "brand": "Bharat Petroleum",
        "brand:wikidata": "Q854826",
        "check_date": "2023-10-08",
        "name": "Bharat Petroleum",
        "name:kn": "ಭಾರತ್ ಪೆಟ್ರೋಲಿಯಂ",
        "self_service": "no"
      },
      "geometry": {
        "type": "Point",
        "coordinates": [
          75.8453673,
          12.596847
        ]
      },
      "id": "node/11248325889"
    },
    {
      "type": "Feature",
      "properties": {
        "@id": "node/11248325890",
        "amenity": "fuel",
        "brand": "Hindustan Petroleum",
        "brand:wikidata": "Q1619375",
        "check_date": "2023-10-08",
        "name": "HP",
        "name:kn": "ಹಿಂದುಸ್ತಾನ್ ಪೆಟ್ರೋಲಿಯಂ",
        "official_name": "Hindustan Petroleum",
        "self_service": "no"
      },
      "geometry": {
        "type": "Point",
        "coordinates": [
          75.840802,
          12.583366
        ]
      },
      "id": "node/11248325890"
    },
    {
      "type": "Feature",
      "properties": {
        "@id": "node/11248332959",
        "amenity": "fuel",
        "brand": "Hindustan Petroleum",
        "brand:wikidata": "Q1619375",
        "check_date": "2023-10-08",
        "name": "HP",
        "name:kn": "ಹಿಂದುಸ್ತಾನ್ ಪೆಟ್ರೋಲಿಯಂ",
        "official_name": "Hindustan Petroleum",
        "self_service": "no"
      },
      "geometry": {
        "type": "Point",
        "coordinates": [
          76.5379197,
          12.359774
        ]
      },
      "id": "node/11248332959"
    },
    {
      "type": "Feature",
      "properties": {
        "@id": "node/11248334145",
        "amenity": "fuel",
        "brand": "Hindustan Petroleum",
        "brand:wikidata": "Q1619375",
        "check_date": "2023-10-08",
        "name": "HP",
        "name:kn": "ಹಿಂದುಸ್ತಾನ್ ಪೆಟ್ರೋಲಿಯಂ",
        "official_name": "Hindustan Petroleum",
        "self_service": "no"
      },
      "geometry": {
        "type": "Point",
        "coordinates": [
          76.1049394,
          12.337428
        ]
      },
      "id": "node/11248334145"
    },
    {
      "type": "Feature",
      "properties": {
        "@id": "node/11248335784",
        "amenity": "fuel",
        "brand": "Bharat Petroleum",
        "brand:wikidata": "Q854826",
        "check_date": "2023-10-08",
        "name": "Bharat Petroleum",
        "name:kn": "ಭಾರತ್ ಪೆಟ್ರೋಲಿಯಂ",
        "self_service": "no"
      },
      "geometry": {
        "type": "Point",
        "coordinates": [
          75.9684173,
          12.4505902
        ]
      },
      "id": "node/11248335784"
    },
    {
      "type": "Feature",
      "properties": {
        "@id": "node/11248335785",
        "amenity": "fuel",
        "brand": "Indian Oil",
        "brand:wikidata": "Q1289348",
        "check_date": "2023-10-08",
        "name": "Indian Oil",
        "name:kn": "ಇಂಡಿಯನ್ ಆಯಿಲ್",
        "self_service": "no"
      },
      "geometry": {
        "type": "Point",
        "coordinates": [
          75.9639221,
          12.4618592
        ]
      },
      "id": "node/11248335785"
    },
    {
      "type": "Feature",
      "properties": {
        "@id": "node/11248335786",
        "amenity": "fuel",
        "brand": "Bharat Petroleum",
        "brand:wikidata": "Q854826",
        "check_date": "2023-10-08",
        "name": "Bharat Petroleum",
        "self_service": "no"
      },
      "geometry": {
        "type": "Point",
        "coordinates": [
          75.9614238,
          12.4725263
        ]
      },
      "id": "node/11248335786"
    },
    {
      "type": "Feature",
      "properties": {
        "@id": "node/11248335787",
        "amenity": "fuel",
        "brand": "Nayara",
        "brand:wikidata": "Q5399377",
        "check_date": "2023-10-08",
        "name": "Nayara",
        "self_service": "no"
      },
      "geometry": {
        "type": "Point",
        "coordinates": [
          75.9585958,
          12.4820022
        ]
      },
      "id": "node/11248335787"
    },
    {
      "type": "Feature",
      "properties": {
        "@id": "node/11248335789",
        "amenity": "fuel",
        "brand": "Hindustan Petroleum",
        "brand:wikidata": "Q1619375",
        "check_date": "2023-10-08",
        "name": "HP",
        "name:kn": "ಹಿಂದುಸ್ತಾನ್ ಪೆಟ್ರೋಲಿಯಂ",
        "official_name": "Hindustan Petroleum",
        "self_service": "no"
      },
      "geometry": {
        "type": "Point",
        "coordinates": [
          75.9549515,
          12.4866567
        ]
      },
      "id": "node/11248335789"
    },
    {
      "type": "Feature",
      "properties": {
        "@id": "node/11248335791",
        "amenity": "fuel",
        "brand": "Indian Oil",
        "brand:wikidata": "Q1289348",
        "check_date": "2023-10-08",
        "name": "Indian Oil",
        "name:kn": "ಇಂಡಿಯನ್ ಆಯಿಲ್",
        "self_service": "no"
      },
      "geometry": {
        "type": "Point",
        "coordinates": [
          75.9531339,
          12.4961779
        ]
      },
      "id": "node/11248335791"
    },
    {
      "type": "Feature",
      "properties": {
        "@id": "node/11248335796",
        "addr:street": "Bengaluru - Mysuru Road",
        "amenity": "fuel",
        "brand": "Nayara",
        "brand:wikidata": "Q5399377",
        "name": "Nayara",
        "name:kn": "ನಯಾರ",
        "self_service": "no"
      },
      "geometry": {
        "type": "Point",
        "coordinates": [
          77.1568927,
          12.6429692
        ]
      },
      "id": "node/11248335796"
    },
    {
      "type": "Feature",
      "properties": {
        "@id": "node/11248346697",
        "amenity": "fuel",
        "brand": "Indian Oil",
        "brand:wikidata": "Q1289348",
        "check_date": "2023-10-08",
        "name": "Indian Oil",
        "name:kn": "ಇಂಡಿಯನ್ ಆಯಿಲ್",
        "self_service": "no"
      },
      "geometry": {
        "type": "Point",
        "coordinates": [
          76.8155702,
          12.4981684
        ]
      },
      "id": "node/11248346697"
    },
    {
      "type": "Feature",
      "properties": {
        "@id": "node/11248353141",
        "amenity": "fuel",
        "brand": "Hindustan Petroleum",
        "brand:wikidata": "Q1619375",
        "check_date": "2023-10-08",
        "name": "HP",
        "official_name": "Hindustan Petroleum",
        "self_service": "no"
      },
      "geometry": {
        "type": "Point",
        "coordinates": [
          76.6977528,
          12.4292268
        ]
      },
      "id": "node/11248353141"
    },
    {
      "type": "Feature",
      "properties": {
        "@id": "node/11248353145",
        "amenity": "fuel",
        "brand": "Indian Oil",
        "brand:wikidata": "Q1289348",
        "check_date": "2023-10-08",
        "name": "Indian Oil",
        "name:kn": "ಇಂಡಿಯನ್ ಆಯಿಲ್",
        "self_service": "no"
      },
      "geometry": {
        "type": "Point",
        "coordinates": [
          76.7268131,
          12.44173
        ]
      },
      "id": "node/11248353145"
    },
    {
      "type": "Feature",
      "properties": {
        "@id": "node/11261818667",
        "amenity": "fuel",
        "brand": "Indian Oil",
        "brand:wikidata": "Q1289348",
        "compressed_air": "yes",
        "name": "Indian oil",
        "opening_hours": "24/7"
      },
      "geometry": {
        "type": "Point",
        "coordinates": [
          78.3996528,
          11.9893645
        ]
      },
      "id": "node/11261818667"
    },
    {
      "type": "Feature",
      "properties": {
        "@id": "node/11276565182",
        "amenity": "fuel",
        "name": "Indian Oil Fuel Station"
      },
      "geometry": {
        "type": "Point",
        "coordinates": [
          77.4961194,
          13.0140808
        ]
      },
      "id": "node/11276565182"
    },
    {
      "type": "Feature",
      "properties": {
        "@id": "node/11295751265",
        "amenity": "fuel",
        "brand": "Indian Oil",
        "brand:wikidata": "Q1289348",
        "name": "IOC",
        "operator": "IOC"
      },
      "geometry": {
        "type": "Point",
        "coordinates": [
          78.1691979,
          11.6601098
        ]
      },
      "id": "node/11295751265"
    },
    {
      "type": "Feature",
      "properties": {
        "@id": "node/11297178959",
        "amenity": "fuel"
      },
      "geometry": {
        "type": "Point",
        "coordinates": [
          75.277746,
          14.9114516
        ]
      },
      "id": "node/11297178959"
    },
    {
      "type": "Feature",
      "properties": {
        "@id": "node/11304958471",
        "amenity": "fuel",
        "name": "Petrol Pump"
      },
      "geometry": {
        "type": "Point",
        "coordinates": [
          77.8739094,
          11.6918681
        ]
      },
      "id": "node/11304958471"
    },
    {
      "type": "Feature",
      "properties": {
        "@id": "node/11328489491",
        "amenity": "fuel",
        "name": "Sri Nivasa Petroleum"
      },
      "geometry": {
        "type": "Point",
        "coordinates": [
          76.0032487,
          12.2247041
        ]
      },
      "id": "node/11328489491"
    },
    {
      "type": "Feature",
      "properties": {
        "@id": "node/11359564571",
        "amenity": "fuel",
        "brand": "Bharat Petroleum",
        "brand:wikidata": "Q854826",
        "name": "Bharat Petroleum"
      },
      "geometry": {
        "type": "Point",
        "coordinates": [
          78.2107199,
          13.1381666
        ]
      },
      "id": "node/11359564571"
    },
    {
      "type": "Feature",
      "properties": {
        "@id": "node/11359564572",
        "amenity": "fuel"
      },
      "geometry": {
        "type": "Point",
        "coordinates": [
          78.1268764,
          13.1214991
        ]
      },
      "id": "node/11359564572"
    },
    {
      "type": "Feature",
      "properties": {
        "@id": "node/11359564573",
        "amenity": "fuel",
        "brand": "Indian Oil"
      },
      "geometry": {
        "type": "Point",
        "coordinates": [
          78.0744596,
          13.1209505
        ]
      },
      "id": "node/11359564573"
    },
    {
      "type": "Feature",
      "properties": {
        "@id": "node/11359587098",
        "amenity": "fuel",
        "brand": "HP"
      },
      "geometry": {
        "type": "Point",
        "coordinates": [
          78.3594643,
          13.1571655
        ]
      },
      "id": "node/11359587098"
    },
    {
      "type": "Feature",
      "properties": {
        "@id": "node/11359587099",
        "amenity": "fuel",
        "brand": "HP"
      },
      "geometry": {
        "type": "Point",
        "coordinates": [
          78.4172614,
          13.1809409
        ]
      },
      "id": "node/11359587099"
    },
    {
      "type": "Feature",
      "properties": {
        "@id": "node/11359587100",
        "amenity": "fuel",
        "brand": "HP"
      },
      "geometry": {
        "type": "Point",
        "coordinates": [
          78.408368,
          13.1702876
        ]
      },
      "id": "node/11359587100"
    },
    {
      "type": "Feature",
      "properties": {
        "@id": "node/11359647406",
        "amenity": "fuel",
        "brand": "BP"
      },
      "geometry": {
        "type": "Point",
        "coordinates": [
          77.7865053,
          13.7539315
        ]
      },
      "id": "node/11359647406"
    },
    {
      "type": "Feature",
      "properties": {
        "@id": "node/11359647407",
        "amenity": "fuel"
      },
      "geometry": {
        "type": "Point",
        "coordinates": [
          77.775921,
          13.7803147
        ]
      },
      "id": "node/11359647407"
    },
    {
      "type": "Feature",
      "properties": {
        "@id": "node/11359647409",
        "amenity": "fuel",
        "brand": "Nayara"
      },
      "geometry": {
        "type": "Point",
        "coordinates": [
          77.7551228,
          13.8020033
        ]
      },
      "id": "node/11359647409"
    },
    {
      "type": "Feature",
      "properties": {
        "@id": "node/11359668040",
        "amenity": "fuel",
        "brand": "Nayara"
      },
      "geometry": {
        "type": "Point",
        "coordinates": [
          77.7250649,
          13.321568
        ]
      },
      "id": "node/11359668040"
    },
    {
      "type": "Feature",
      "properties": {
        "@id": "node/11359669572",
        "amenity": "fuel",
        "brand": "Nayara",
        "brand:wikidata": "Q5399377",
        "name": "Nayara",
        "name:kn": "ನಯಾರ"
      },
      "geometry": {
        "type": "Point",
        "coordinates": [
          77.7802809,
          13.5729753
        ]
      },
      "id": "node/11359669572"
    },
    {
      "type": "Feature",
      "properties": {
        "@id": "node/11359669573",
        "amenity": "fuel",
        "brand": "Nayara"
      },
      "geometry": {
        "type": "Point",
        "coordinates": [
          77.785483,
          13.6494949
        ]
      },
      "id": "node/11359669573"
    },
    {
      "type": "Feature",
      "properties": {
        "@id": "node/11365546316",
        "amenity": "fuel"
      },
      "geometry": {
        "type": "Point",
        "coordinates": [
          78.5232837,
          18.1269727
        ]
      },
      "id": "node/11365546316"
    },
    {
      "type": "Feature",
      "properties": {
        "@id": "node/11369103574",
        "amenity": "fuel",
        "brand": "Hindustan Petroleum",
        "brand:wikidata": "Q1619375",
        "name": "HP",
        "official_name": "Hindustan Petroleum"
      },
      "geometry": {
        "type": "Point",
        "coordinates": [
          78.1223618,
          11.6688471
        ]
      },
      "id": "node/11369103574"
    },
    {
      "type": "Feature",
      "properties": {
        "@id": "node/11389571173",
        "amenity": "fuel",
        "note": "Diesel; Petrol"
      },
      "geometry": {
        "type": "Point",
        "coordinates": [
          74.8604898,
          12.924613
        ]
      },
      "id": "node/11389571173"
    },
    {
      "type": "Feature",
      "properties": {
        "@id": "node/11395418470",
        "amenity": "fuel",
        "brand": "Hindustan Petroleum",
        "brand:wikidata": "Q1619375",
        "fuel:diesel": "yes",
        "fuel:octane_95": "yes",
        "name": "HP",
        "name:kn": "ಹಿಂದುಸ್ತಾನ್ ಪೆಟ್ರೋಲಿಯಂ",
        "official_name": "Hindustan Petroleum"
      },
      "geometry": {
        "type": "Point",
        "coordinates": [
          74.8348089,
          13.4210479
        ]
      },
      "id": "node/11395418470"
    },
    {
      "type": "Feature",
      "properties": {
        "@id": "node/11496873542",
        "amenity": "fuel"
      },
      "geometry": {
        "type": "Point",
        "coordinates": [
          76.1674267,
          12.8552645
        ]
      },
      "id": "node/11496873542"
    },
    {
      "type": "Feature",
      "properties": {
        "@id": "node/11548835227",
        "amenity": "fuel",
        "brand": "Hindustan Petroleum",
        "brand:wikidata": "Q1619375",
        "name": "HP",
        "official_name": "Hindustan Petroleum"
      },
      "geometry": {
        "type": "Point",
        "coordinates": [
          78.4100881,
          17.3354729
        ]
      },
      "id": "node/11548835227"
    },
    {
      "type": "Feature",
      "properties": {
        "@id": "node/11548963161",
        "amenity": "fuel",
        "brand": "Indian Oil",
        "brand:wikidata": "Q1289348",
        "name": "Indian Oil"
      },
      "geometry": {
        "type": "Point",
        "coordinates": [
          78.4366343,
          17.3190393
        ]
      },
      "id": "node/11548963161"
    },
    {
      "type": "Feature",
      "properties": {
        "@id": "node/11548982392",
        "amenity": "fuel",
        "brand": "Bharat Petroleum",
        "brand:wikidata": "Q854826",
        "name": "Bharat Petroleum"
      },
      "geometry": {
        "type": "Point",
        "coordinates": [
          78.4432203,
          17.3153408
        ]
      },
      "id": "node/11548982392"
    },
    {
      "type": "Feature",
      "properties": {
        "@id": "node/11549068182",
        "amenity": "fuel",
        "brand": "Indian Oil",
        "brand:wikidata": "Q1289348",
        "name": "Indian Oil"
      },
      "geometry": {
        "type": "Point",
        "coordinates": [
          78.4261405,
          17.3346572
        ]
      },
      "id": "node/11549068182"
    },
    {
      "type": "Feature",
      "properties": {
        "@id": "node/11549389352",
        "amenity": "fuel",
        "brand": "Indian Oil",
        "brand:wikidata": "Q1289348",
        "name": "Indian Oil"
      },
      "geometry": {
        "type": "Point",
        "coordinates": [
          78.4558016,
          17.3609137
        ]
      },
      "id": "node/11549389352"
    },
    {
      "type": "Feature",
      "properties": {
        "@id": "node/11549578529",
        "amenity": "fuel",
        "brand": "Bharat Petroleum",
        "brand:wikidata": "Q854826",
        "name": "Bharat Petroleum"
      },
      "geometry": {
        "type": "Point",
        "coordinates": [
          78.45,
          17.3726422
        ]
      },
      "id": "node/11549578529"
    },
    {
      "type": "Feature",
      "properties": {
        "@id": "node/11572365801",
        "amenity": "fuel",
        "brand": "Indian Oil",
        "brand:wikidata": "Q1289348",
        "name": "Indian Oil"
      },
      "geometry": {
        "type": "Point",
        "coordinates": [
          78.4235432,
          17.5729804
        ]
      },
      "id": "node/11572365801"
    },
    {
      "type": "Feature",
      "properties": {
        "@id": "node/11578152623",
        "amenity": "fuel",
        "brand": "Bharat Petroleum",
        "brand:wikidata": "Q854826",
        "name": "Bharat Petroleum"
      },
      "geometry": {
        "type": "Point",
        "coordinates": [
          78.4876229,
          17.6101257
        ]
      },
      "id": "node/11578152623"
    },
    {
      "type": "Feature",
      "properties": {
        "@id": "node/11581240667",
        "amenity": "fuel",
        "brand": "Indian Oil",
        "brand:wikidata": "Q1289348",
        "name": "Indian Oil"
      },
      "geometry": {
        "type": "Point",
        "coordinates": [
          78.5950005,
          17.4715755
        ]
      },
      "id": "node/11581240667"
    },
    {
      "type": "Feature",
      "properties": {
        "@id": "node/11581739155",
        "amenity": "fuel",
        "brand": "Hindustan Petroleum",
        "brand:wikidata": "Q1619375",
        "name": "HP",
        "official_name": "Hindustan Petroleum"
      },
      "geometry": {
        "type": "Point",
        "coordinates": [
          78.395648,
          17.6019251
        ]
      },
      "id": "node/11581739155"
    },
    {
      "type": "Feature",
      "properties": {
        "@id": "node/11582105366",
        "addr:street": "NH 63",
        "amenity": "fuel",
        "name": "Indian Oil",
        "name:kn": "ಇಂಡಿಯನ್ ಆಯಿಲ್",
        "website": "https://locator.iocl.com/indianoil-ssshetty-sons-petrol-pump-algeri-ankola-204655/Home"
      },
      "geometry": {
        "type": "Point",
        "coordinates": [
          74.3090159,
          14.6926285
        ]
      },
      "id": "node/11582105366"
    },
    {
      "type": "Feature",
      "properties": {
        "@id": "node/11586583595",
        "addr:city": "RAMAPURAM",
        "addr:district": "NANDYAL",
        "addr:postcode": "518122",
        "addr:street": "MAIN ROAD",
        "amenity": "fuel",
        "brand": "Hindustan Petroleum",
        "brand:wikidata": "Q1619375",
        "fuel:diesel": "yes",
        "fuel:petrol": "yes",
        "name": "NANDHI FILLING STATION",
        "official_name": "Hindustan Petroleum"
      },
      "geometry": {
        "type": "Point",
        "coordinates": [
          78.1142706,
          15.1411464
        ]
      },
      "id": "node/11586583595"
    },
    {
      "type": "Feature",
      "properties": {
        "@id": "node/11698703056",
        "amenity": "fuel"
      },
      "geometry": {
        "type": "Point",
        "coordinates": [
          77.9096932,
          15.7577303
        ]
      },
      "id": "node/11698703056"
    },
    {
      "type": "Feature",
      "properties": {
        "@id": "node/11698727769",
        "amenity": "fuel"
      },
      "geometry": {
        "type": "Point",
        "coordinates": [
          77.9080644,
          15.7565324
        ]
      },
      "id": "node/11698727769"
    },
    {
      "type": "Feature",
      "properties": {
        "@id": "node/11698727789",
        "amenity": "fuel"
      },
      "geometry": {
        "type": "Point",
        "coordinates": [
          77.8974892,
          15.7544494
        ]
      },
      "id": "node/11698727789"
    },
    {
      "type": "Feature",
      "properties": {
        "@id": "node/11698727812",
        "amenity": "fuel"
      },
      "geometry": {
        "type": "Point",
        "coordinates": [
          77.7861676,
          15.6975742
        ]
      },
      "id": "node/11698727812"
    },
    {
      "type": "Feature",
      "properties": {
        "@id": "node/11698727839",
        "amenity": "fuel"
      },
      "geometry": {
        "type": "Point",
        "coordinates": [
          77.7501034,
          15.67567
        ]
      },
      "id": "node/11698727839"
    },
    {
      "type": "Feature",
      "properties": {
        "@id": "node/11698727916",
        "amenity": "fuel"
      },
      "geometry": {
        "type": "Point",
        "coordinates": [
          77.5479814,
          15.5592072
        ]
      },
      "id": "node/11698727916"
    },
    {
      "type": "Feature",
      "properties": {
        "@id": "node/11698728293",
        "amenity": "fuel",
        "brand": "Indian Oil",
        "brand:wikidata": "Q1289348",
        "name": "Indian Oil",
        "source": "PMGSY"
      },
      "geometry": {
        "type": "Point",
        "coordinates": [
          77.3972065,
          15.4782278
        ]
      },
      "id": "node/11698728293"
    },
    {
      "type": "Feature",
      "properties": {
        "@id": "node/11698728411",
        "amenity": "fuel"
      },
      "geometry": {
        "type": "Point",
        "coordinates": [
          77.2943509,
          15.6308284
        ]
      },
      "id": "node/11698728411"
    },
    {
      "type": "Feature",
      "properties": {
        "@id": "node/11698728462",
        "amenity": "fuel"
      },
      "geometry": {
        "type": "Point",
        "coordinates": [
          77.2600625,
          15.6274905
        ]
      },
      "id": "node/11698728462"
    },
    {
      "type": "Feature",
      "properties": {
        "@id": "node/11698728471",
        "amenity": "fuel"
      },
      "geometry": {
        "type": "Point",
        "coordinates": [
          77.2567191,
          15.6283285
        ]
      },
      "id": "node/11698728471"
    },
    {
      "type": "Feature",
      "properties": {
        "@id": "node/11701404274",
        "amenity": "fuel"
      },
      "geometry": {
        "type": "Point",
        "coordinates": [
          76.8103046,
          14.7005177
        ]
      },
      "id": "node/11701404274"
    },
    {
      "type": "Feature",
      "properties": {
        "@id": "node/11729573079",
        "amenity": "fuel"
      },
      "geometry": {
        "type": "Point",
        "coordinates": [
          78.2863384,
          17.7355108
        ]
      },
      "id": "node/11729573079"
    },
    {
      "type": "Feature",
      "properties": {
        "@id": "node/11729573089",
        "amenity": "fuel"
      },
      "geometry": {
        "type": "Point",
        "coordinates": [
          78.2792733,
          17.7416542
        ]
      },
      "id": "node/11729573089"
    },
    {
      "type": "Feature",
      "properties": {
        "@id": "node/11741253769",
        "amenity": "fuel",
        "brand": "Hindustan Petroleum",
        "source": "GPS"
      },
      "geometry": {
        "type": "Point",
        "coordinates": [
          74.9301213,
          15.5154685
        ]
      },
      "id": "node/11741253769"
    },
    {
      "type": "Feature",
      "properties": {
        "@id": "node/11754624587",
        "amenity": "fuel",
        "brand": "Hindustan Petroleum",
        "brand:wikidata": "Q1619375",
        "check_date": "2024-04-29",
        "name": "HP",
        "name:kn": "ಹಿಂದುಸ್ತಾನ್ ಪೆಟ್ರೋಲಿಯಂ",
        "official_name": "Hindustan Petroleum"
      },
      "geometry": {
        "type": "Point",
        "coordinates": [
          76.5519231,
          12.2001366
        ]
      },
      "id": "node/11754624587"
    },
    {
      "type": "Feature",
      "properties": {
        "@id": "node/11757447377",
        "amenity": "fuel",
        "check_date": "2024-03-24",
        "name": "Reliance",
        "name:kn": "ರಿಲಾಯನ್ಸ್"
      },
      "geometry": {
        "type": "Point",
        "coordinates": [
          76.9326259,
          12.5466131
        ]
      },
      "id": "node/11757447377"
    },
    {
      "type": "Feature",
      "properties": {
        "@id": "node/11761413367",
        "amenity": "fuel"
      },
      "geometry": {
        "type": "Point",
        "coordinates": [
          76.7457929,
          14.8082529
        ]
      },
      "id": "node/11761413367"
    },
    {
      "type": "Feature",
      "properties": {
        "@id": "node/11770988838",
        "amenity": "fuel",
        "brand": "Indian Oil",
        "brand:wikidata": "Q1289348",
        "check_date": "2024-03-29",
        "name": "Indian Oil"
      },
      "geometry": {
        "type": "Point",
        "coordinates": [
          78.4446343,
          17.467945
        ]
      },
      "id": "node/11770988838"
    },
    {
      "type": "Feature",
      "properties": {
        "@id": "node/11770988841",
        "amenity": "fuel",
        "brand": "Bharat Petroleum",
        "brand:wikidata": "Q854826",
        "check_date": "2024-03-29",
        "name": "Bharat Petroleum"
      },
      "geometry": {
        "type": "Point",
        "coordinates": [
          78.369946,
          17.4323776
        ]
      },
      "id": "node/11770988841"
    },
    {
      "type": "Feature",
      "properties": {
        "@id": "node/11770988854",
        "amenity": "fuel",
        "brand": "Hindustan Petroleum",
        "brand:wikidata": "Q1619375",
        "check_date": "2024-03-29",
        "name": "HP",
        "official_name": "Hindustan Petroleum"
      },
      "geometry": {
        "type": "Point",
        "coordinates": [
          78.500774,
          17.434867
        ]
      },
      "id": "node/11770988854"
    },
    {
      "type": "Feature",
      "properties": {
        "@id": "node/11770988863",
        "amenity": "fuel",
        "brand": "Bharat Petroleum",
        "brand:wikidata": "Q854826",
        "check_date": "2024-03-29",
        "name": "Bharat Petroleum"
      },
      "geometry": {
        "type": "Point",
        "coordinates": [
          78.4690961,
          17.4617134
        ]
      },
      "id": "node/11770988863"
    },
    {
      "type": "Feature",
      "properties": {
        "@id": "node/11770988864",
        "amenity": "fuel",
        "brand": "Bharat Petroleum",
        "brand:wikidata": "Q854826",
        "check_date": "2024-03-29",
        "name": "Bharat Petroleum"
      },
      "geometry": {
        "type": "Point",
        "coordinates": [
          78.462813,
          17.4626973
        ]
      },
      "id": "node/11770988864"
    },
    {
      "type": "Feature",
      "properties": {
        "@id": "node/11770988867",
        "amenity": "fuel",
        "brand": "Indian Oil",
        "brand:wikidata": "Q1289348",
        "check_date": "2024-03-29",
        "name": "Indian Oil"
      },
      "geometry": {
        "type": "Point",
        "coordinates": [
          78.4469855,
          17.466143
        ]
      },
      "id": "node/11770988867"
    },
    {
      "type": "Feature",
      "properties": {
        "@id": "node/11770988868",
        "amenity": "fuel",
        "brand": "Bharat Petroleum",
        "brand:wikidata": "Q854826",
        "check_date": "2024-03-29",
        "name": "Bharat Petroleum"
      },
      "geometry": {
        "type": "Point",
        "coordinates": [
          78.447275,
          17.4665698
        ]
      },
      "id": "node/11770988868"
    },
    {
      "type": "Feature",
      "properties": {
        "@id": "node/11770993370",
        "amenity": "fuel",
        "brand": "Hindustan Petroleum",
        "brand:wikidata": "Q1619375",
        "check_date": "2024-03-29",
        "name": "HP",
        "official_name": "Hindustan Petroleum"
      },
      "geometry": {
        "type": "Point",
        "coordinates": [
          78.38424,
          17.458549
        ]
      },
      "id": "node/11770993370"
    },
    {
      "type": "Feature",
      "properties": {
        "@id": "node/11770993371",
        "amenity": "fuel",
        "check_date": "2024-03-29",
        "name": "Go Gas"
      },
      "geometry": {
        "type": "Point",
        "coordinates": [
          78.4444689,
          17.4680674
        ]
      },
      "id": "node/11770993371"
    },
    {
      "type": "Feature",
      "properties": {
        "@id": "node/11770993372",
        "amenity": "fuel",
        "brand": "Bharat Petroleum",
        "brand:wikidata": "Q854826",
        "check_date": "2024-03-29",
        "name": "Bharat Petroleum"
      },
      "geometry": {
        "type": "Point",
        "coordinates": [
          78.4208759,
          17.4770601
        ]
      },
      "id": "node/11770993372"
    },
    {
      "type": "Feature",
      "properties": {
        "@id": "node/11770993375",
        "amenity": "fuel",
        "brand": "Hindustan Petroleum",
        "brand:wikidata": "Q1619375",
        "check_date": "2024-03-29",
        "name": "HP",
        "official_name": "Hindustan Petroleum"
      },
      "geometry": {
        "type": "Point",
        "coordinates": [
          78.4182078,
          17.4790052
        ]
      },
      "id": "node/11770993375"
    },
    {
      "type": "Feature",
      "properties": {
        "@id": "node/11772090392",
        "amenity": "fuel",
        "brand": "Nayara",
        "brand:wikidata": "Q5399377",
        "check_date": "2024-03-29",
        "name": "Nayara"
      },
      "geometry": {
        "type": "Point",
        "coordinates": [
          78.3569022,
          17.4873249
        ]
      },
      "id": "node/11772090392"
    },
    {
      "type": "Feature",
      "properties": {
        "@id": "node/11774365337",
        "amenity": "fuel",
        "brand": "Bharat Petroleum",
        "brand:wikidata": "Q854826",
        "check_date": "2024-03-31",
        "name": "Bharat Petroleum"
      },
      "geometry": {
        "type": "Point",
        "coordinates": [
          78.4785666,
          17.3733667
        ]
      },
      "id": "node/11774365337"
    },
    {
      "type": "Feature",
      "properties": {
        "@id": "node/11774365338",
        "amenity": "fuel",
        "brand": "Bharat Petroleum",
        "brand:wikidata": "Q854826",
        "check_date": "2025-01-07",
        "check_date:compressed_air": "2025-01-07",
        "compressed_air": "yes",
        "name": "Bharat Petroleum"
      },
      "geometry": {
        "type": "Point",
        "coordinates": [
          78.4743828,
          17.3847326
        ]
      },
      "id": "node/11774365338"
    },
    {
      "type": "Feature",
      "properties": {
        "@id": "node/11774365339",
        "amenity": "fuel",
        "check_date": "2024-03-31",
        "fuel:cng": "yes",
        "name": "Extra Gas"
      },
      "geometry": {
        "type": "Point",
        "coordinates": [
          78.4700623,
          17.3943492
        ]
      },
      "id": "node/11774365339"
    },
    {
      "type": "Feature",
      "properties": {
        "@id": "node/11774401371",
        "amenity": "fuel",
        "brand": "Hindustan Petroleum",
        "brand:wikidata": "Q1619375",
        "check_date": "2024-03-31",
        "name": "HP",
        "official_name": "Hindustan Petroleum"
      },
      "geometry": {
        "type": "Point",
        "coordinates": [
          78.4248423,
          17.473159
        ]
      },
      "id": "node/11774401371"
    },
    {
      "type": "Feature",
      "properties": {
        "@id": "node/11801796621",
        "amenity": "fuel"
      },
      "geometry": {
        "type": "Point",
        "coordinates": [
          78.5915654,
          14.7378096
        ]
      },
      "id": "node/11801796621"
    },
    {
      "type": "Feature",
      "properties": {
        "@id": "node/11801796622",
        "amenity": "fuel"
      },
      "geometry": {
        "type": "Point",
        "coordinates": [
          78.5870824,
          14.7384572
        ]
      },
      "id": "node/11801796622"
    },
    {
      "type": "Feature",
      "properties": {
        "@id": "node/11801796623",
        "amenity": "fuel"
      },
      "geometry": {
        "type": "Point",
        "coordinates": [
          78.5712357,
          14.7406239
        ]
      },
      "id": "node/11801796623"
    },
    {
      "type": "Feature",
      "properties": {
        "@id": "node/11801796624",
        "amenity": "fuel"
      },
      "geometry": {
        "type": "Point",
        "coordinates": [
          78.5550204,
          14.7533014
        ]
      },
      "id": "node/11801796624"
    },
    {
      "type": "Feature",
      "properties": {
        "@id": "node/11801796625",
        "amenity": "fuel"
      },
      "geometry": {
        "type": "Point",
        "coordinates": [
          78.5554516,
          14.7544742
        ]
      },
      "id": "node/11801796625"
    },
    {
      "type": "Feature",
      "properties": {
        "@id": "node/11802246185",
        "amenity": "fuel"
      },
      "geometry": {
        "type": "Point",
        "coordinates": [
          78.5443674,
          14.2203661
        ]
      },
      "id": "node/11802246185"
    },
    {
      "type": "Feature",
      "properties": {
        "@id": "node/11802246198",
        "amenity": "fuel"
      },
      "geometry": {
        "type": "Point",
        "coordinates": [
          78.5005921,
          14.2588431
        ]
      },
      "id": "node/11802246198"
    },
    {
      "type": "Feature",
      "properties": {
        "@id": "node/11802246199",
        "amenity": "fuel"
      },
      "geometry": {
        "type": "Point",
        "coordinates": [
          78.5278797,
          14.4079105
        ]
      },
      "id": "node/11802246199"
    },
    {
      "type": "Feature",
      "properties": {
        "@id": "node/11811095790",
        "amenity": "fuel",
        "brand": "Petrol Ofisi",
        "brand:wikidata": "Q1278087",
        "name": "Petrol Ofisi"
      },
      "geometry": {
        "type": "Point",
        "coordinates": [
          74.1452197,
          18.4875062
        ]
      },
      "id": "node/11811095790"
    },
    {
      "type": "Feature",
      "properties": {
        "@id": "node/11816373104",
        "amenity": "fuel"
      },
      "geometry": {
        "type": "Point",
        "coordinates": [
          76.1370066,
          18.3203097
        ]
      },
      "id": "node/11816373104"
    },
    {
      "type": "Feature",
      "properties": {
        "@id": "node/11816373105",
        "amenity": "fuel"
      },
      "geometry": {
        "type": "Point",
        "coordinates": [
          76.1370621,
          18.3203038
        ]
      },
      "id": "node/11816373105"
    },
    {
      "type": "Feature",
      "properties": {
        "@id": "node/11816373106",
        "amenity": "fuel"
      },
      "geometry": {
        "type": "Point",
        "coordinates": [
          76.1370621,
          18.3201722
        ]
      },
      "id": "node/11816373106"
    },
    {
      "type": "Feature",
      "properties": {
        "@id": "node/11816373107",
        "amenity": "fuel"
      },
      "geometry": {
        "type": "Point",
        "coordinates": [
          76.1370035,
          18.3201634
        ]
      },
      "id": "node/11816373107"
    },
    {
      "type": "Feature",
      "properties": {
        "@id": "node/11834822743",
        "addr:district": "Kolhapur",
        "addr:postcode": "416202",
        "amenity": "fuel",
        "brand": "Indian Oil Petrol Pump",
        "brand:wikidata": "Q1289348",
        "name": "Shetkari Sahkari Tambakhu K.V. Sangh Petrol Pump"
      },
      "geometry": {
        "type": "Point",
        "coordinates": [
          74.385589,
          16.6428686
        ]
      },
      "id": "node/11834822743"
    },
    {
      "type": "Feature",
      "properties": {
        "@id": "node/11834828086",
        "amenity": "fuel"
      },
      "geometry": {
        "type": "Point",
        "coordinates": [
          77.5627052,
          14.6834623
        ]
      },
      "id": "node/11834828086"
    },
    {
      "type": "Feature",
      "properties": {
        "@id": "node/11861785416",
        "amenity": "fuel",
        "fuel:diesel": "yes",
        "fuel:octane_80": "no",
        "fuel:octane_91": "yes",
        "fuel:octane_95": "yes"
      },
      "geometry": {
        "type": "Point",
        "coordinates": [
          77.8957567,
          12.1283219
        ]
      },
      "id": "node/11861785416"
    },
    {
      "type": "Feature",
      "properties": {
        "@id": "node/11865327638",
        "amenity": "fuel",
        "brand": "Hindustan Petroleum",
        "brand:wikidata": "Q1619375",
        "name": "HP",
        "official_name": "Hindustan Petroleum"
      },
      "geometry": {
        "type": "Point",
        "coordinates": [
          78.4738002,
          17.4736254
        ]
      },
      "id": "node/11865327638"
    },
    {
      "type": "Feature",
      "properties": {
        "@id": "node/11865669274",
        "amenity": "fuel",
        "brand": "Indian Oil",
        "brand:wikidata": "Q1289348",
        "name": "Indian Oil"
      },
      "geometry": {
        "type": "Point",
        "coordinates": [
          77.8167013,
          12.7086114
        ]
      },
      "id": "node/11865669274"
    },
    {
      "type": "Feature",
      "properties": {
        "@id": "node/11866196012",
        "amenity": "fuel",
        "brand": "Indian Oil Petrol Pump",
        "brand:wikidata": "Q1289348",
        "name": "Indian Oil Petrol Pump"
      },
      "geometry": {
        "type": "Point",
        "coordinates": [
          74.3729877,
          16.3968967
        ]
      },
      "id": "node/11866196012"
    },
    {
      "type": "Feature",
      "properties": {
        "@id": "node/11868150776",
        "amenity": "fuel",
        "brand": "Hindustan Petroleum",
        "brand:wikidata": "Q1619375",
        "name": "HP",
        "official_name": "Hindustan Petroleum"
      },
      "geometry": {
        "type": "Point",
        "coordinates": [
          78.5176824,
          17.4367392
        ]
      },
      "id": "node/11868150776"
    },
    {
      "type": "Feature",
      "properties": {
        "@id": "node/11868202391",
        "amenity": "fuel",
        "brand": "Total",
        "brand:wikidata": "Q154037",
        "name": "Total"
      },
      "geometry": {
        "type": "Point",
        "coordinates": [
          78.5325161,
          17.4424014
        ]
      },
      "id": "node/11868202391"
    },
    {
      "type": "Feature",
      "properties": {
        "@id": "node/11868267640",
        "amenity": "fuel",
        "brand": "Bharat Petroleum",
        "brand:wikidata": "Q854826",
        "check_date": "2024-04-29",
        "name": "Bharat Petroleum",
        "name:kn": "ಭಾರತ ಪೆಟ್ರೋಲಿಯಂ"
      },
      "geometry": {
        "type": "Point",
        "coordinates": [
          76.6621886,
          12.3664244
        ]
      },
      "id": "node/11868267640"
    },
    {
      "type": "Feature",
      "properties": {
        "@id": "node/11868283263",
        "amenity": "fuel",
        "brand": "Hindustan Petroleum",
        "brand:wikidata": "Q1619375",
        "check_date": "2024-04-29",
        "name": "HP",
        "name:kn": "ಹಿಂದುಸ್ತಾನ್ ಪೆಟ್ರೋಲಿಯಂ",
        "official_name": "Hindustan Petroleum"
      },
      "geometry": {
        "type": "Point",
        "coordinates": [
          76.3348612,
          12.0834231
        ]
      },
      "id": "node/11868283263"
    },
    {
      "type": "Feature",
      "properties": {
        "@id": "node/11868283264",
        "amenity": "fuel",
        "brand": "Indian Oil",
        "brand:wikidata": "Q1289348",
        "check_date": "2024-04-29",
        "name": "Indian Oil",
        "name:kn": "ಇಂಡಿಯನ್ ಆಯಿಲ್"
      },
      "geometry": {
        "type": "Point",
        "coordinates": [
          76.3453517,
          12.0547179
        ]
      },
      "id": "node/11868283264"
    },
    {
      "type": "Feature",
      "properties": {
        "@id": "node/11868283266",
        "amenity": "fuel",
        "brand": "Bharat Petroleum",
        "brand:wikidata": "Q854826",
        "check_date": "2024-04-29",
        "name": "Bharat Petroleum",
        "name:kn": "ಭಾರತ ಪೆಟ್ರೋಲಿಯಂ"
      },
      "geometry": {
        "type": "Point",
        "coordinates": [
          76.3592258,
          12.0727008
        ]
      },
      "id": "node/11868283266"
    },
    {
      "type": "Feature",
      "properties": {
        "@id": "node/11868283267",
        "amenity": "fuel",
        "brand": "Indian Oil",
        "brand:wikidata": "Q1289348",
        "check_date": "2024-04-29",
        "name": "Indian Oil",
        "name:kn": "ಇಂಡಿಯನ್ ಆಯಿಲ್"
      },
      "geometry": {
        "type": "Point",
        "coordinates": [
          76.3611474,
          12.0813678
        ]
      },
      "id": "node/11868283267"
    },
    {
      "type": "Feature",
      "properties": {
        "@id": "node/11868311452",
        "amenity": "fuel",
        "brand": "Indian Oil",
        "brand:wikidata": "Q1289348",
        "check_date": "2024-04-29",
        "name": "Indian Oil",
        "name:kn": "ಇಂಡಿಯನ್ ಆಯಿಲ್"
      },
      "geometry": {
        "type": "Point",
        "coordinates": [
          76.2994989,
          12.0235342
        ]
      },
      "id": "node/11868311452"
    },
    {
      "type": "Feature",
      "properties": {
        "@id": "node/11868311453",
        "amenity": "fuel",
        "brand": "Bharat Petroleum",
        "brand:wikidata": "Q854826",
        "check_date": "2024-04-29",
        "name": "Bharat Petroleum",
        "name:kn": "ಭಾರತ್ ಪೆಟ್ರೋಲಿಯಂ"
      },
      "geometry": {
        "type": "Point",
        "coordinates": [
          76.2778691,
          12.1894847
        ]
      },
      "id": "node/11868311453"
    },
    {
      "type": "Feature",
      "properties": {
        "@id": "node/11868333563",
        "amenity": "fuel",
        "brand": "Hindustan Petroleum",
        "brand:wikidata": "Q1619375",
        "check_date": "2024-04-29",
        "name": "HP",
        "official_name": "Hindustan Petroleum"
      },
      "geometry": {
        "type": "Point",
        "coordinates": [
          75.942168,
          12.449197
        ]
      },
      "id": "node/11868333563"
    },
    {
      "type": "Feature",
      "properties": {
        "@id": "node/11868340813",
        "amenity": "fuel",
        "brand": "Hindustan Petroleum",
        "brand:wikidata": "Q1619375",
        "check_date": "2024-04-29",
        "name": "HP",
        "name:kn": "ಹಿಂದುಸ್ತಾನ್ ಪೆಟ್ರೋಲಿಯಂ",
        "official_name": "Hindustan Petroleum"
      },
      "geometry": {
        "type": "Point",
        "coordinates": [
          76.4767448,
          12.1214216
        ]
      },
      "id": "node/11868340813"
    },
    {
      "type": "Feature",
      "properties": {
        "@id": "node/11868340814",
        "amenity": "fuel",
        "brand": "Nayara",
        "brand:wikidata": "Q5399377",
        "check_date": "2024-04-29",
        "name": "Nayara",
        "name:kn": "ನಯಾರ"
      },
      "geometry": {
        "type": "Point",
        "coordinates": [
          76.4862536,
          12.1217769
        ]
      },
      "id": "node/11868340814"
    },
    {
      "type": "Feature",
      "properties": {
        "@id": "node/11868366998",
        "amenity": "fuel",
        "brand": "Bharat Petroleum",
        "brand:wikidata": "Q854826",
        "check_date": "2024-04-29",
        "name": "Bharat Petroleum",
        "name:kn": "ಭಾರತ ಪೆಟ್ರೋಲಿಯಂ"
      },
      "geometry": {
        "type": "Point",
        "coordinates": [
          76.672889,
          12.3225159
        ]
      },
      "id": "node/11868366998"
    },
    {
      "type": "Feature",
      "properties": {
        "@id": "node/11868367001",
        "amenity": "fuel",
        "brand": "Nayara",
        "brand:wikidata": "Q5399377",
        "check_date": "2024-04-29",
        "name": "Nayara",
        "name:kn": "ನಯಾರ"
      },
      "geometry": {
        "type": "Point",
        "coordinates": [
          76.686571,
          12.3292647
        ]
      },
      "id": "node/11868367001"
    },
    {
      "type": "Feature",
      "properties": {
        "@id": "node/11868371118",
        "amenity": "fuel",
        "brand": "Indian Oil",
        "brand:wikidata": "Q1289348",
        "check_date": "2024-04-29",
        "name": "Indian Oil",
        "name:kn": "ಇಂಡಿಯನ್ ಆಯಿಲ್"
      },
      "geometry": {
        "type": "Point",
        "coordinates": [
          76.6056403,
          12.2626005
        ]
      },
      "id": "node/11868371118"
    },
    {
      "type": "Feature",
      "properties": {
        "@id": "node/11868373693",
        "amenity": "fuel",
        "brand": "Indian Oil",
        "brand:wikidata": "Q1289348",
        "check_date": "2024-04-29",
        "name": "Indian Oil"
      },
      "geometry": {
        "type": "Point",
        "coordinates": [
          75.8565491,
          12.4416126
        ]
      },
      "id": "node/11868373693"
    },
    {
      "type": "Feature",
      "properties": {
        "@id": "node/11868375068",
        "amenity": "fuel",
        "brand": "Nayara",
        "brand:wikidata": "Q5399377",
        "check_date": "2024-04-29",
        "name": "Nayara",
        "name:kn": "ನಯಾರ"
      },
      "geometry": {
        "type": "Point",
        "coordinates": [
          76.3890304,
          12.1081764
        ]
      },
      "id": "node/11868375068"
    },
    {
      "type": "Feature",
      "properties": {
        "@id": "node/11868375569",
        "amenity": "fuel",
        "brand": "Bharat Petroleum",
        "brand:wikidata": "Q854826",
        "check_date": "2024-04-29",
        "name": "Bharat Petroleum",
        "name:kn": "ಭಾರತ್ ಪೆಟ್ರೋಲಿಯಂ"
      },
      "geometry": {
        "type": "Point",
        "coordinates": [
          76.3670933,
          12.088412
        ]
      },
      "id": "node/11868375569"
    },
    {
      "type": "Feature",
      "properties": {
        "@id": "node/11873259308",
        "amenity": "fuel",
        "check_date": "2024-05-02",
        "name": "Bharath Petroleum"
      },
      "geometry": {
        "type": "Point",
        "coordinates": [
          74.4253954,
          14.4336626
        ]
      },
      "id": "node/11873259308"
    },
    {
      "type": "Feature",
      "properties": {
        "@id": "node/11873446435",
        "amenity": "fuel",
        "brand": "Indian Oil",
        "brand:wikidata": "Q1289348",
        "name": "Indian Oil"
      },
      "geometry": {
        "type": "Point",
        "coordinates": [
          78.5042445,
          17.4411728
        ]
      },
      "id": "node/11873446435"
    },
    {
      "type": "Feature",
      "properties": {
        "@id": "node/11875948236",
        "addr:city": "Kurkoti",
        "addr:district": "Gulbarga",
        "addr:postcode": "585316",
        "amenity": "fuel",
        "brand": "Bharat Petroleum",
        "brand:wikidata": "Q854826",
        "fuel:diesel": "yes",
        "name": "Bharat Petroleum",
        "self_service": "no"
      },
      "geometry": {
        "type": "Point",
        "coordinates": [
          76.9295559,
          17.4962155
        ]
      },
      "id": "node/11875948236"
    },
    {
      "type": "Feature",
      "properties": {
        "@id": "node/11876180801",
        "amenity": "fuel"
      },
      "geometry": {
        "type": "Point",
        "coordinates": [
          78.5912611,
          13.3518912
        ]
      },
      "id": "node/11876180801"
    },
    {
      "type": "Feature",
      "properties": {
        "@id": "node/11876241156",
        "amenity": "fuel",
        "brand": "Bharat Petroleum",
        "brand:wikidata": "Q854826",
        "name": "Bharat Petroleum",
        "name:kn": "ಭಾರತ್ ಪೆಟ್ರೋಲಿಯಂ",
        "operator": "TENGLI PETROLEUM"
      },
      "geometry": {
        "type": "Point",
        "coordinates": [
          76.8497841,
          17.3634765
        ]
      },
      "id": "node/11876241156"
    },
    {
      "type": "Feature",
      "properties": {
        "@id": "node/11876241157",
        "amenity": "fuel",
        "brand": "Hindustan Petroleum",
        "brand:wikidata": "Q1619375",
        "name": "HP",
        "official_name": "Hindustan Petroleum"
      },
      "geometry": {
        "type": "Point",
        "coordinates": [
          76.8523993,
          17.3695581
        ]
      },
      "id": "node/11876241157"
    },
    {
      "type": "Feature",
      "properties": {
        "@id": "node/11876241159",
        "amenity": "fuel",
        "brand": "Indian Oil",
        "brand:wikidata": "Q1289348",
        "name": "Indian Oil"
      },
      "geometry": {
        "type": "Point",
        "coordinates": [
          76.8443844,
          17.3548671
        ]
      },
      "id": "node/11876241159"
    },
    {
      "type": "Feature",
      "properties": {
        "@id": "node/11882797691",
        "amenity": "fuel"
      },
      "geometry": {
        "type": "Point",
        "coordinates": [
          74.8357969,
          14.6143445
        ]
      },
      "id": "node/11882797691"
    },
    {
      "type": "Feature",
      "properties": {
        "@id": "node/11897865663",
        "amenity": "fuel",
        "brand": "Hindustan Petroleum",
        "brand:wikidata": "Q1619375",
        "check_date": "2024-05-12",
        "name": "HP Gas Station",
        "official_name": "Hindustan Petroleum"
      },
      "geometry": {
        "type": "Point",
        "coordinates": [
          77.5711141,
          13.0075192
        ]
      },
      "id": "node/11897865663"
    },
    {
      "type": "Feature",
      "properties": {
        "@id": "node/11906447550",
        "amenity": "fuel",
        "brand": "Bharat Petroleum",
        "brand:wikidata": "Q854826",
        "name": "Bharat Petroleum",
        "name:kn": "ಭಾರತ್ ಪೆಟ್ರೋಲಿಯಂ",
        "operator": "Bharat Petroleum"
      },
      "geometry": {
        "type": "Point",
        "coordinates": [
          74.8398876,
          12.8744602
        ]
      },
      "id": "node/11906447550"
    },
    {
      "type": "Feature",
      "properties": {
        "@id": "node/11906872667",
        "amenity": "fuel",
        "brand": "Indian Oil",
        "brand:wikidata": "Q1289348",
        "name": "Indian Oil"
      },
      "geometry": {
        "type": "Point",
        "coordinates": [
          77.2060392,
          13.2631099
        ]
      },
      "id": "node/11906872667"
    },
    {
      "type": "Feature",
      "properties": {
        "@id": "node/11909428591",
        "amenity": "fuel"
      },
      "geometry": {
        "type": "Point",
        "coordinates": [
          74.6329212,
          18.2087577
        ]
      },
      "id": "node/11909428591"
    },
    {
      "type": "Feature",
      "properties": {
        "@id": "node/11909428592",
        "amenity": "fuel"
      },
      "geometry": {
        "type": "Point",
        "coordinates": [
          74.6330949,
          18.2087584
        ]
      },
      "id": "node/11909428592"
    },
    {
      "type": "Feature",
      "properties": {
        "@id": "node/11909428593",
        "amenity": "fuel"
      },
      "geometry": {
        "type": "Point",
        "coordinates": [
          74.6330962,
          18.2084763
        ]
      },
      "id": "node/11909428593"
    },
    {
      "type": "Feature",
      "properties": {
        "@id": "node/11909428594",
        "amenity": "fuel"
      },
      "geometry": {
        "type": "Point",
        "coordinates": [
          74.6329226,
          18.2084756
        ]
      },
      "id": "node/11909428594"
    },
    {
      "type": "Feature",
      "properties": {
        "@id": "node/11912005107",
        "amenity": "fuel",
        "brand": "Hindustan Petroleum",
        "brand:wikidata": "Q1619375",
        "name": "HP",
        "official_name": "Hindustan Petroleum"
      },
      "geometry": {
        "type": "Point",
        "coordinates": [
          77.5370757,
          13.318215
        ]
      },
      "id": "node/11912005107"
    },
    {
      "type": "Feature",
      "properties": {
        "@id": "node/11912093380",
        "amenity": "fuel",
        "brand": "Indian Oil",
        "brand:wikidata": "Q1289348",
        "name": "Indian Oil"
      },
      "geometry": {
        "type": "Point",
        "coordinates": [
          77.5328562,
          13.3269771
        ]
      },
      "id": "node/11912093380"
    },
    {
      "type": "Feature",
      "properties": {
        "@id": "node/11912281547",
        "amenity": "fuel",
        "brand": "Bharat Petroleum",
        "brand:wikidata": "Q854826",
        "name": "Bharat Petroleum"
      },
      "geometry": {
        "type": "Point",
        "coordinates": [
          77.5321107,
          13.3308931
        ]
      },
      "id": "node/11912281547"
    },
    {
      "type": "Feature",
      "properties": {
        "@id": "node/11968716243",
        "addr:district": "Udupi",
        "addr:postcode": "576231",
        "addr:street": "NH 66, Thekkatte, Kundapura",
        "amenity": "fuel",
        "brand": "Indian Oil",
        "brand:wikidata": "Q1289348",
        "name": "Indian Oil"
      },
      "geometry": {
        "type": "Point",
        "coordinates": [
          74.7014719,
          13.5545117
        ]
      },
      "id": "node/11968716243"
    },
    {
      "type": "Feature",
      "properties": {
        "@id": "node/11968716244",
        "addr:district": "Udupi",
        "addr:postcode": "576231",
        "addr:street": "NH66, Tekkatte, Kundapura",
        "amenity": "fuel",
        "brand": "Bharat Petroleum",
        "brand:wikidata": "Q854826",
        "name": "Bharat Petroleum"
      },
      "geometry": {
        "type": "Point",
        "coordinates": [
          74.7006829,
          13.5559078
        ]
      },
      "id": "node/11968716244"
    },
    {
      "type": "Feature",
      "properties": {
        "@id": "node/11978007865",
        "addr:district": "Udupi",
        "addr:postcode": "576226",
        "addr:street": "NH66, Kundapura",
        "amenity": "fuel",
        "brand": "Bharat Petroleum",
        "brand:wikidata": "Q854826",
        "name": "Bharat Petroleum"
      },
      "geometry": {
        "type": "Point",
        "coordinates": [
          74.7130965,
          13.4781262
        ]
      },
      "id": "node/11978007865"
    },
    {
      "type": "Feature",
      "properties": {
        "@id": "node/11982982904",
        "amenity": "fuel",
        "check_date": "2024-06-15"
      },
      "geometry": {
        "type": "Point",
        "coordinates": [
          78.0579578,
          15.7729144
        ]
      },
      "id": "node/11982982904"
    },
    {
      "type": "Feature",
      "properties": {
        "@id": "node/11985788743",
        "addr:district": "Dakshina Kannada",
        "addr:postcode": "574231",
        "addr:street": "Melkar, Panemangalore",
        "amenity": "fuel",
        "brand": "Indian Oil",
        "brand:wikidata": "Q1289348",
        "name": "Indian Oil",
        "name:kn": "ಇಂಡಿಯನ್ ಆಯಿಲ್"
      },
      "geometry": {
        "type": "Point",
        "coordinates": [
          75.0546916,
          12.8607264
        ]
      },
      "id": "node/11985788743"
    },
    {
      "type": "Feature",
      "properties": {
        "@id": "node/11998123413",
        "amenity": "fuel",
        "check_date": "2024-06-21",
        "name": "Indian Gas Station"
      },
      "geometry": {
        "type": "Point",
        "coordinates": [
          78.1635651,
          14.1006225
        ]
      },
      "id": "node/11998123413"
    },
    {
      "type": "Feature",
      "properties": {
        "@id": "node/11999133270",
        "amenity": "fuel",
        "fuel:GTL_diesel": "no",
        "fuel:diesel": "yes",
        "fuel:octane_91": "yes",
        "fuel:octane_95": "no"
      },
      "geometry": {
        "type": "Point",
        "coordinates": [
          77.5047,
          11.5263227
        ]
      },
      "id": "node/11999133270"
    },
    {
      "type": "Feature",
      "properties": {
        "@id": "node/12028767314",
        "amenity": "fuel",
        "brand": "Indian Oil",
        "brand:wikidata": "Q1289348",
        "name": "Indian Oil"
      },
      "geometry": {
        "type": "Point",
        "coordinates": [
          78.4388344,
          17.4087339
        ]
      },
      "id": "node/12028767314"
    },
    {
      "type": "Feature",
      "properties": {
        "@id": "node/12038530161",
        "amenity": "fuel",
        "compressed_air": "yes",
        "name": "Indian Oil Petrol Bunk"
      },
      "geometry": {
        "type": "Point",
        "coordinates": [
          78.5698587,
          12.5001802
        ]
      },
      "id": "node/12038530161"
    },
    {
      "type": "Feature",
      "properties": {
        "@id": "node/12038538299",
        "amenity": "fuel",
        "name": "Bharat Petroleum Petrol Bunk"
      },
      "geometry": {
        "type": "Point",
        "coordinates": [
          78.5688321,
          12.4973892
        ]
      },
      "id": "node/12038538299"
    },
    {
      "type": "Feature",
      "properties": {
        "@id": "node/12041342380",
        "addr:district": "Udupi",
        "addr:postcode": "576215",
        "addr:street": "Brahmavara Hebri Road",
        "amenity": "fuel",
        "brand": "Indian Oil",
        "brand:wikidata": "Q1289348",
        "name": "Indian Oil"
      },
      "geometry": {
        "type": "Point",
        "coordinates": [
          74.7986058,
          13.4249131
        ]
      },
      "id": "node/12041342380"
    },
    {
      "type": "Feature",
      "properties": {
        "@id": "node/12041990342",
        "amenity": "fuel",
        "brand": "Indian Oil",
        "brand:wikidata": "Q1289348",
        "name": "Indian Oil",
        "name:kn": "ಇಂಡಿಯನ್ ಆಯಿಲ್"
      },
      "geometry": {
        "type": "Point",
        "coordinates": [
          77.4339211,
          12.6158755
        ]
      },
      "id": "node/12041990342"
    },
    {
      "type": "Feature",
      "properties": {
        "@id": "node/12041990343",
        "amenity": "fuel",
        "brand": "Hindustan Petroleum",
        "brand:wikidata": "Q1619375",
        "name": "HP",
        "name:kn": "ಹಿಂದುಸ್ತಾನ್ ಪೆಟ್ರೋಲಿಯಂ",
        "official_name": "Hindustan Petroleum"
      },
      "geometry": {
        "type": "Point",
        "coordinates": [
          77.4346694,
          12.6156085
        ]
      },
      "id": "node/12041990343"
    },
    {
      "type": "Feature",
      "properties": {
        "@id": "node/12042878042",
        "amenity": "fuel",
        "brand": "Bharat Petroleum",
        "brand:wikidata": "Q854826",
        "name": "Bharat Petroleum"
      },
      "geometry": {
        "type": "Point",
        "coordinates": [
          78.417629,
          17.519763
        ]
      },
      "id": "node/12042878042"
    },
    {
      "type": "Feature",
      "properties": {
        "@id": "node/12069796369",
        "addr:district": "Dakshina Kannada",
        "addr:street": "Panambur",
        "amenity": "fuel",
        "name": "MRPL HiQ"
      },
      "geometry": {
        "type": "Point",
        "coordinates": [
          74.8157364,
          12.9409889
        ]
      },
      "id": "node/12069796369"
    },
    {
      "type": "Feature",
      "properties": {
        "@id": "node/12069832603",
        "addr:district": "Dakshina Kannada",
        "addr:postcode": "575010",
        "amenity": "fuel",
        "name": "GAIL Gas CNG Station",
        "operator": "GAIL"
      },
      "geometry": {
        "type": "Point",
        "coordinates": [
          74.812042,
          12.9477956
        ]
      },
      "id": "node/12069832603"
    },
    {
      "type": "Feature",
      "properties": {
        "@id": "node/12078422685",
        "amenity": "fuel",
        "brand": "Nayara",
        "brand:wikidata": "Q5399377",
        "check_date": "2024-07-28",
        "name": "Nayara",
        "self_service": "no",
        "source": "survey"
      },
      "geometry": {
        "type": "Point",
        "coordinates": [
          78.1611066,
          12.5808399
        ]
      },
      "id": "node/12078422685"
    },
    {
      "type": "Feature",
      "properties": {
        "@id": "node/12078431218",
        "amenity": "fuel",
        "brand": "Hindustan Petroleum",
        "brand:wikidata": "Q1619375",
        "check_date": "2024-07-28",
        "name": "HP",
        "official_name": "Hindustan Petroleum",
        "self_service": "no",
        "source": "survey"
      },
      "geometry": {
        "type": "Point",
        "coordinates": [
          77.9699638,
          12.5810153
        ]
      },
      "id": "node/12078431218"
    },
    {
      "type": "Feature",
      "properties": {
        "@id": "node/12078439751",
        "amenity": "fuel",
        "brand": "Indian Oil",
        "brand:wikidata": "Q1289348",
        "check_date": "2024-07-28",
        "name": "Indian Oil",
        "self_service": "no",
        "source": "survey"
      },
      "geometry": {
        "type": "Point",
        "coordinates": [
          78.0311855,
          12.5037766
        ]
      },
      "id": "node/12078439751"
    },
    {
      "type": "Feature",
      "properties": {
        "@id": "node/12078439752",
        "amenity": "fuel",
        "brand": "Hindustan Petroleum",
        "brand:wikidata": "Q1619375",
        "check_date": "2024-07-28",
        "name": "HP",
        "official_name": "Hindustan Petroleum",
        "self_service": "no",
        "source": "survey"
      },
      "geometry": {
        "type": "Point",
        "coordinates": [
          78.0274474,
          12.4965162
        ]
      },
      "id": "node/12078439752"
    },
    {
      "type": "Feature",
      "properties": {
        "@id": "node/12078448175",
        "amenity": "fuel",
        "brand": "Hindustan Petroleum",
        "brand:wikidata": "Q1619375",
        "check_date": "2024-07-28",
        "name": "HP",
        "official_name": "Hindustan Petroleum",
        "self_service": "no",
        "source": "survey"
      },
      "geometry": {
        "type": "Point",
        "coordinates": [
          77.9451314,
          12.6029269
        ]
      },
      "id": "node/12078448175"
    },
    {
      "type": "Feature",
      "properties": {
        "@id": "node/12078449265",
        "amenity": "fuel",
        "check_date": "2024-07-28",
        "self_service": "no",
        "source": "survey"
      },
      "geometry": {
        "type": "Point",
        "coordinates": [
          77.6288166,
          12.9079574
        ]
      },
      "id": "node/12078449265"
    },
    {
      "type": "Feature",
      "properties": {
        "@id": "node/12089402755",
        "amenity": "fuel",
        "fuel:diesel": "yes",
        "fuel:petrol": "yes",
        "name": "Dream Fuel Junction",
        "opening_hours": "06:00-23:00",
        "survey:date": "2024-08-03"
      },
      "geometry": {
        "type": "Point",
        "coordinates": [
          77.477533,
          12.9525606
        ]
      },
      "id": "node/12089402755"
    },
    {
      "type": "Feature",
      "properties": {
        "@id": "node/12089402757",
        "amenity": "fuel",
        "name": "Pali Fuel - Bharat Petroleum",
        "survey:date": "2024-08-03"
      },
      "geometry": {
        "type": "Point",
        "coordinates": [
          77.4811488,
          12.9682598
        ]
      },
      "id": "node/12089402757"
    },
    {
      "type": "Feature",
      "properties": {
        "@id": "node/12089402758",
        "amenity": "fuel",
        "brand": "Indian Oil",
        "brand:wikidata": "Q1289348",
        "brand:wikipedia": "en:Indian Oil Corporation",
        "name": "Indian Oil",
        "opening_hours": "05:30-22:30",
        "phone": "+91 94482 76566",
        "self_service": "no",
        "survey:date": "2024-08-03"
      },
      "geometry": {
        "type": "Point",
        "coordinates": [
          77.4845912,
          12.9515993
        ]
      },
      "id": "node/12089402758"
    },
    {
      "type": "Feature",
      "properties": {
        "@id": "node/12089426448",
        "amenity": "fuel",
        "brand": "Indian Oil",
        "brand:wikidata": "Q1289348",
        "brand:wikipedia": "en:Indian Oil Corporation",
        "name": "Indian Oil",
        "opening_hours": "05:00-22:00",
        "survey:date": "2024-08-03"
      },
      "geometry": {
        "type": "Point",
        "coordinates": [
          77.4790448,
          12.9564191
        ]
      },
      "id": "node/12089426448"
    },
    {
      "type": "Feature",
      "properties": {
        "@id": "node/12090110378",
        "addr:floor": "G",
        "amenity": "fuel",
        "brand": "Bharat Petroleum",
        "brand:wikidata": "Q854826",
        "check_date": "2024-08-03",
        "level": "0",
        "name": "Bharat Petroleum",
        "name:en": "Bharat Petroleum"
      },
      "geometry": {
        "type": "Point",
        "coordinates": [
          76.5894656,
          12.4465495
        ]
      },
      "id": "node/12090110378"
    },
    {
      "type": "Feature",
      "properties": {
        "@id": "node/12090120399",
        "addr:floor": "G",
        "amenity": "fuel",
        "brand": "Hindustan Petroleum",
        "brand:wikidata": "Q1619375",
        "check_date": "2024-08-03",
        "level": "0",
        "name": "HP",
        "name:en": "HP",
        "name:kn": "ಹಿಂದುಸ್ತಾನ್ ಪೆಟ್ರೋಲಿಯಂ",
        "official_name": "Hindustan Petroleum"
      },
      "geometry": {
        "type": "Point",
        "coordinates": [
          76.5921107,
          12.4480703
        ]
      },
      "id": "node/12090120399"
    },
    {
      "type": "Feature",
      "properties": {
        "@id": "node/12098269547",
        "amenity": "fuel"
      },
      "geometry": {
        "type": "Point",
        "coordinates": [
          78.4727429,
          13.0036583
        ]
      },
      "id": "node/12098269547"
    },
    {
      "type": "Feature",
      "properties": {
        "@id": "node/12098269552",
        "amenity": "fuel"
      },
      "geometry": {
        "type": "Point",
        "coordinates": [
          78.3480738,
          12.7271612
        ]
      },
      "id": "node/12098269552"
    },
    {
      "type": "Feature",
      "properties": {
        "@id": "node/12098269555",
        "amenity": "fuel"
      },
      "geometry": {
        "type": "Point",
        "coordinates": [
          78.4896436,
          12.9000305
        ]
      },
      "id": "node/12098269555"
    },
    {
      "type": "Feature",
      "properties": {
        "@id": "node/12098269557",
        "amenity": "fuel"
      },
      "geometry": {
        "type": "Point",
        "coordinates": [
          78.4039887,
          12.8752615
        ]
      },
      "id": "node/12098269557"
    },
    {
      "type": "Feature",
      "properties": {
        "@id": "node/12098269562",
        "amenity": "fuel"
      },
      "geometry": {
        "type": "Point",
        "coordinates": [
          78.4607273,
          12.8335783
        ]
      },
      "id": "node/12098269562"
    },
    {
      "type": "Feature",
      "properties": {
        "@id": "node/12098269569",
        "amenity": "fuel",
        "brand": "Bharat Petroleum",
        "brand:wikidata": "Q854826",
        "name": "Bharat Petroleum",
        "name:kn": "ಭಾರತ್ ಪೆಟ್ರೋಲಿಯಂ"
      },
      "geometry": {
        "type": "Point",
        "coordinates": [
          78.4957809,
          13.0150729
        ]
      },
      "id": "node/12098269569"
    },
    {
      "type": "Feature",
      "properties": {
        "@id": "node/12098269570",
        "amenity": "fuel"
      },
      "geometry": {
        "type": "Point",
        "coordinates": [
          78.4909316,
          12.9999745
        ]
      },
      "id": "node/12098269570"
    },
    {
      "type": "Feature",
      "properties": {
        "@id": "node/12098269573",
        "amenity": "fuel"
      },
      "geometry": {
        "type": "Point",
        "coordinates": [
          78.4381262,
          12.9081745
        ]
      },
      "id": "node/12098269573"
    },
    {
      "type": "Feature",
      "properties": {
        "@id": "node/12098269576",
        "amenity": "fuel"
      },
      "geometry": {
        "type": "Point",
        "coordinates": [
          78.3025009,
          12.7368523
        ]
      },
      "id": "node/12098269576"
    },
    {
      "type": "Feature",
      "properties": {
        "@id": "node/12098269579",
        "amenity": "fuel"
      },
      "geometry": {
        "type": "Point",
        "coordinates": [
          78.3460554,
          12.7505446
        ]
      },
      "id": "node/12098269579"
    },
    {
      "type": "Feature",
      "properties": {
        "@id": "node/12098269582",
        "amenity": "fuel"
      },
      "geometry": {
        "type": "Point",
        "coordinates": [
          78.3404026,
          12.8610788
        ]
      },
      "id": "node/12098269582"
    },
    {
      "type": "Feature",
      "properties": {
        "@id": "node/12098336314",
        "amenity": "fuel"
      },
      "geometry": {
        "type": "Point",
        "coordinates": [
          77.6309097,
          14.6890279
        ]
      },
      "id": "node/12098336314"
    },
    {
      "type": "Feature",
      "properties": {
        "@id": "node/12098336315",
        "amenity": "fuel"
      },
      "geometry": {
        "type": "Point",
        "coordinates": [
          77.8815819,
          15.4204073
        ]
      },
      "id": "node/12098336315"
    },
    {
      "type": "Feature",
      "properties": {
        "@id": "node/12098336316",
        "amenity": "fuel"
      },
      "geometry": {
        "type": "Point",
        "coordinates": [
          77.7423904,
          15.2406934
        ]
      },
      "id": "node/12098336316"
    },
    {
      "type": "Feature",
      "properties": {
        "@id": "node/12098336317",
        "amenity": "fuel"
      },
      "geometry": {
        "type": "Point",
        "coordinates": [
          77.681738,
          15.1167226
        ]
      },
      "id": "node/12098336317"
    },
    {
      "type": "Feature",
      "properties": {
        "@id": "node/12098336318",
        "amenity": "fuel"
      },
      "geometry": {
        "type": "Point",
        "coordinates": [
          77.8577952,
          15.3908173
        ]
      },
      "id": "node/12098336318"
    },
    {
      "type": "Feature",
      "properties": {
        "@id": "node/12098336319",
        "amenity": "fuel",
        "brand": "Indian Oil",
        "brand:wikidata": "Q1289348",
        "name": "Indian Oil",
        "name:kn": "ಇಂಡಿಯನ್ ಆಯಿಲ್"
      },
      "geometry": {
        "type": "Point",
        "coordinates": [
          77.0501923,
          15.4917051
        ]
      },
      "id": "node/12098336319"
    },
    {
      "type": "Feature",
      "properties": {
        "@id": "node/12098336320",
        "amenity": "fuel"
      },
      "geometry": {
        "type": "Point",
        "coordinates": [
          77.3898801,
          15.0270646
        ]
      },
      "id": "node/12098336320"
    },
    {
      "type": "Feature",
      "properties": {
        "@id": "node/12098336321",
        "amenity": "fuel",
        "brand": "Hindustan Petroleum",
        "brand:wikidata": "Q1619375",
        "name": "HP"
      },
      "geometry": {
        "type": "Point",
        "coordinates": [
          77.2238289,
          15.3879033
        ]
      },
      "id": "node/12098336321"
    },
    {
      "type": "Feature",
      "properties": {
        "@id": "node/12098336322",
        "amenity": "fuel",
        "brand": "Indian Oil",
        "brand:wikidata": "Q1289348",
        "name": "Indian Oil"
      },
      "geometry": {
        "type": "Point",
        "coordinates": [
          77.6316972,
          15.0756741
        ]
      },
      "id": "node/12098336322"
    },
    {
      "type": "Feature",
      "properties": {
        "@id": "node/12098336323",
        "amenity": "fuel"
      },
      "geometry": {
        "type": "Point",
        "coordinates": [
          77.5842019,
          14.9053615
        ]
      },
      "id": "node/12098336323"
    },
    {
      "type": "Feature",
      "properties": {
        "@id": "node/12098336324",
        "amenity": "fuel"
      },
      "geometry": {
        "type": "Point",
        "coordinates": [
          77.1782757,
          15.0661067
        ]
      },
      "id": "node/12098336324"
    },
    {
      "type": "Feature",
      "properties": {
        "@id": "node/12098336325",
        "amenity": "fuel",
        "brand": "Essar",
        "brand:wikidata": "Q5399372",
        "name": "Essar"
      },
      "geometry": {
        "type": "Point",
        "coordinates": [
          77.2855447,
          15.2725506
        ]
      },
      "id": "node/12098336325"
    },
    {
      "type": "Feature",
      "properties": {
        "@id": "node/12098336326",
        "amenity": "fuel"
      },
      "geometry": {
        "type": "Point",
        "coordinates": [
          77.549563,
          15.2974098
        ]
      },
      "id": "node/12098336326"
    },
    {
      "type": "Feature",
      "properties": {
        "@id": "node/12098336327",
        "amenity": "fuel"
      },
      "geometry": {
        "type": "Point",
        "coordinates": [
          77.8387965,
          15.3795926
        ]
      },
      "id": "node/12098336327"
    },
    {
      "type": "Feature",
      "properties": {
        "@id": "node/12098336328",
        "amenity": "fuel"
      },
      "geometry": {
        "type": "Point",
        "coordinates": [
          77.5997268,
          14.7687531
        ]
      },
      "id": "node/12098336328"
    },
    {
      "type": "Feature",
      "properties": {
        "@id": "node/12098336329",
        "amenity": "fuel",
        "brand": "Hindustan Petroleum",
        "brand:wikidata": "Q1619375",
        "name": "HP"
      },
      "geometry": {
        "type": "Point",
        "coordinates": [
          77.5997015,
          14.7504386
        ]
      },
      "id": "node/12098336329"
    },
    {
      "type": "Feature",
      "properties": {
        "@id": "node/12098336330",
        "amenity": "fuel",
        "brand": "Bharat Petroleum",
        "brand:wikidata": "Q854826",
        "name": "Bharat Petroleum"
      },
      "geometry": {
        "type": "Point",
        "coordinates": [
          77.8294334,
          15.366414
        ]
      },
      "id": "node/12098336330"
    },
    {
      "type": "Feature",
      "properties": {
        "@id": "node/12098336331",
        "amenity": "fuel",
        "brand": "Indian Oil",
        "brand:wikidata": "Q1289348",
        "name": "Indian Oil"
      },
      "geometry": {
        "type": "Point",
        "coordinates": [
          77.8120159,
          15.7750174
        ]
      },
      "id": "node/12098336331"
    },
    {
      "type": "Feature",
      "properties": {
        "@id": "node/12098336332",
        "amenity": "fuel"
      },
      "geometry": {
        "type": "Point",
        "coordinates": [
          77.4129019,
          15.2442369
        ]
      },
      "id": "node/12098336332"
    },
    {
      "type": "Feature",
      "properties": {
        "@id": "node/12098336333",
        "amenity": "fuel"
      },
      "geometry": {
        "type": "Point",
        "coordinates": [
          77.807028,
          15.3296978
        ]
      },
      "id": "node/12098336333"
    },
    {
      "type": "Feature",
      "properties": {
        "@id": "node/12098336334",
        "amenity": "fuel",
        "brand": "Bharat Petroleum",
        "brand:wikidata": "Q854826",
        "name": "Bharat Petroleum"
      },
      "geometry": {
        "type": "Point",
        "coordinates": [
          77.54656,
          15.5449855
        ]
      },
      "id": "node/12098336334"
    },
    {
      "type": "Feature",
      "properties": {
        "@id": "node/12098336335",
        "amenity": "fuel"
      },
      "geometry": {
        "type": "Point",
        "coordinates": [
          77.2059703,
          14.8859441
        ]
      },
      "id": "node/12098336335"
    },
    {
      "type": "Feature",
      "properties": {
        "@id": "node/12098336336",
        "amenity": "fuel"
      },
      "geometry": {
        "type": "Point",
        "coordinates": [
          77.8353225,
          15.8744742
        ]
      },
      "id": "node/12098336336"
    },
    {
      "type": "Feature",
      "properties": {
        "@id": "node/12098336337",
        "amenity": "fuel"
      },
      "geometry": {
        "type": "Point",
        "coordinates": [
          77.6557741,
          14.7230569
        ]
      },
      "id": "node/12098336337"
    },
    {
      "type": "Feature",
      "properties": {
        "@id": "node/12098336338",
        "amenity": "fuel"
      },
      "geometry": {
        "type": "Point",
        "coordinates": [
          77.6832946,
          15.8189032
        ]
      },
      "id": "node/12098336338"
    },
    {
      "type": "Feature",
      "properties": {
        "@id": "node/12098336339",
        "amenity": "fuel"
      },
      "geometry": {
        "type": "Point",
        "coordinates": [
          77.2657156,
          15.767959
        ]
      },
      "id": "node/12098336339"
    },
    {
      "type": "Feature",
      "properties": {
        "@id": "node/12098336341",
        "amenity": "fuel",
        "brand": "Indian Oil",
        "brand:wikidata": "Q1289348",
        "name": "Indian Oil"
      },
      "geometry": {
        "type": "Point",
        "coordinates": [
          77.9377321,
          15.5509736
        ]
      },
      "id": "node/12098336341"
    },
    {
      "type": "Feature",
      "properties": {
        "@id": "node/12098336342",
        "amenity": "fuel"
      },
      "geometry": {
        "type": "Point",
        "coordinates": [
          77.43965,
          14.7311016
        ]
      },
      "id": "node/12098336342"
    },
    {
      "type": "Feature",
      "properties": {
        "@id": "node/12098336343",
        "amenity": "fuel",
        "brand": "Indian Oil",
        "brand:wikidata": "Q1289348",
        "name": "Indian Oil"
      },
      "geometry": {
        "type": "Point",
        "coordinates": [
          77.8397644,
          15.5508463
        ]
      },
      "id": "node/12098336343"
    },
    {
      "type": "Feature",
      "properties": {
        "@id": "node/12098336344",
        "amenity": "fuel"
      },
      "geometry": {
        "type": "Point",
        "coordinates": [
          77.2545717,
          14.9362856
        ]
      },
      "id": "node/12098336344"
    },
    {
      "type": "Feature",
      "properties": {
        "@id": "node/12098336345",
        "amenity": "fuel",
        "brand": "Hindustan Petroleum",
        "brand:wikidata": "Q1619375",
        "name": "HP"
      },
      "geometry": {
        "type": "Point",
        "coordinates": [
          77.7962602,
          15.0680856
        ]
      },
      "id": "node/12098336345"
    },
    {
      "type": "Feature",
      "properties": {
        "@id": "node/12098336346",
        "amenity": "fuel",
        "brand": "Hindustan Petroleum",
        "brand:wikidata": "Q1619375",
        "name": "HP"
      },
      "geometry": {
        "type": "Point",
        "coordinates": [
          77.8225577,
          15.0504762
        ]
      },
      "id": "node/12098336346"
    },
    {
      "type": "Feature",
      "properties": {
        "@id": "node/12098336347",
        "amenity": "fuel"
      },
      "geometry": {
        "type": "Point",
        "coordinates": [
          77.5841697,
          14.913431
        ]
      },
      "id": "node/12098336347"
    },
    {
      "type": "Feature",
      "properties": {
        "@id": "node/12098336348",
        "amenity": "fuel"
      },
      "geometry": {
        "type": "Point",
        "coordinates": [
          78.0007233,
          15.5661833
        ]
      },
      "id": "node/12098336348"
    },
    {
      "type": "Feature",
      "properties": {
        "@id": "node/12098336349",
        "amenity": "fuel"
      },
      "geometry": {
        "type": "Point",
        "coordinates": [
          77.121811,
          15.8895511
        ]
      },
      "id": "node/12098336349"
    },
    {
      "type": "Feature",
      "properties": {
        "@id": "node/12098336350",
        "amenity": "fuel"
      },
      "geometry": {
        "type": "Point",
        "coordinates": [
          77.5887234,
          14.949992
        ]
      },
      "id": "node/12098336350"
    },
    {
      "type": "Feature",
      "properties": {
        "@id": "node/12098336351",
        "amenity": "fuel"
      },
      "geometry": {
        "type": "Point",
        "coordinates": [
          77.777412,
          15.6892579
        ]
      },
      "id": "node/12098336351"
    },
    {
      "type": "Feature",
      "properties": {
        "@id": "node/12106365004",
        "amenity": "fuel"
      },
      "geometry": {
        "type": "Point",
        "coordinates": [
          78.4329258,
          15.5109563
        ]
      },
      "id": "node/12106365004"
    },
    {
      "type": "Feature",
      "properties": {
        "@id": "node/12106365005",
        "amenity": "fuel"
      },
      "geometry": {
        "type": "Point",
        "coordinates": [
          78.4222132,
          15.3638712
        ]
      },
      "id": "node/12106365005"
    },
    {
      "type": "Feature",
      "properties": {
        "@id": "node/12106365006",
        "amenity": "fuel"
      },
      "geometry": {
        "type": "Point",
        "coordinates": [
          78.5967424,
          15.0270289
        ]
      },
      "id": "node/12106365006"
    },
    {
      "type": "Feature",
      "properties": {
        "@id": "node/12106365007",
        "amenity": "fuel"
      },
      "geometry": {
        "type": "Point",
        "coordinates": [
          78.2126865,
          15.3561952
        ]
      },
      "id": "node/12106365007"
    },
    {
      "type": "Feature",
      "properties": {
        "@id": "node/12106365008",
        "amenity": "fuel",
        "brand": "Hindustan Petroleum",
        "brand:wikidata": "Q1619375",
        "name": "HP"
      },
      "geometry": {
        "type": "Point",
        "coordinates": [
          78.1547665,
          15.4598851
        ]
      },
      "id": "node/12106365008"
    },
    {
      "type": "Feature",
      "properties": {
        "@id": "node/12106365009",
        "amenity": "fuel",
        "brand": "Hindustan Petroleum",
        "brand:wikidata": "Q1619375",
        "name": "HP"
      },
      "geometry": {
        "type": "Point",
        "coordinates": [
          77.9675272,
          15.3145317
        ]
      },
      "id": "node/12106365009"
    },
    {
      "type": "Feature",
      "properties": {
        "@id": "node/12106365010",
        "amenity": "fuel"
      },
      "geometry": {
        "type": "Point",
        "coordinates": [
          78.5031434,
          15.1359927
        ]
      },
      "id": "node/12106365010"
    },
    {
      "type": "Feature",
      "properties": {
        "@id": "node/12106365011",
        "amenity": "fuel"
      },
      "geometry": {
        "type": "Point",
        "coordinates": [
          78.2844063,
          15.3797473
        ]
      },
      "id": "node/12106365011"
    },
    {
      "type": "Feature",
      "properties": {
        "@id": "node/12106365012",
        "amenity": "fuel"
      },
      "geometry": {
        "type": "Point",
        "coordinates": [
          78.2093923,
          15.506211
        ]
      },
      "id": "node/12106365012"
    },
    {
      "type": "Feature",
      "properties": {
        "@id": "node/12106365013",
        "amenity": "fuel"
      },
      "geometry": {
        "type": "Point",
        "coordinates": [
          78.2909109,
          15.1542395
        ]
      },
      "id": "node/12106365013"
    },
    {
      "type": "Feature",
      "properties": {
        "@id": "node/12106365014",
        "amenity": "fuel"
      },
      "geometry": {
        "type": "Point",
        "coordinates": [
          78.0782674,
          15.7257024
        ]
      },
      "id": "node/12106365014"
    },
    {
      "type": "Feature",
      "properties": {
        "@id": "node/12106365015",
        "amenity": "fuel"
      },
      "geometry": {
        "type": "Point",
        "coordinates": [
          78.1801585,
          15.017678
        ]
      },
      "id": "node/12106365015"
    },
    {
      "type": "Feature",
      "properties": {
        "@id": "node/12106365016",
        "amenity": "fuel"
      },
      "geometry": {
        "type": "Point",
        "coordinates": [
          78.5716299,
          15.8695409
        ]
      },
      "id": "node/12106365016"
    },
    {
      "type": "Feature",
      "properties": {
        "@id": "node/12106365017",
        "amenity": "fuel"
      },
      "geometry": {
        "type": "Point",
        "coordinates": [
          78.4616036,
          15.4312463
        ]
      },
      "id": "node/12106365017"
    },
    {
      "type": "Feature",
      "properties": {
        "@id": "node/12106365018",
        "amenity": "fuel",
        "brand": "Indian Oil",
        "brand:wikidata": "Q1289348",
        "name": "Indian Oil"
      },
      "geometry": {
        "type": "Point",
        "coordinates": [
          78.2902273,
          15.7699623
        ]
      },
      "id": "node/12106365018"
    },
    {
      "type": "Feature",
      "properties": {
        "@id": "node/12106365019",
        "amenity": "fuel",
        "brand": "Indian Oil",
        "brand:wikidata": "Q1289348",
        "name": "Indian Oil"
      },
      "geometry": {
        "type": "Point",
        "coordinates": [
          78.4927744,
          15.8401777
        ]
      },
      "id": "node/12106365019"
    },
    {
      "type": "Feature",
      "properties": {
        "@id": "node/12106365020",
        "amenity": "fuel"
      },
      "geometry": {
        "type": "Point",
        "coordinates": [
          78.3241606,
          15.9165652
        ]
      },
      "id": "node/12106365020"
    },
    {
      "type": "Feature",
      "properties": {
        "@id": "node/12106365021",
        "amenity": "fuel"
      },
      "geometry": {
        "type": "Point",
        "coordinates": [
          78.1066488,
          15.2054877
        ]
      },
      "id": "node/12106365021"
    },
    {
      "type": "Feature",
      "properties": {
        "@id": "node/12106365023",
        "amenity": "fuel"
      },
      "geometry": {
        "type": "Point",
        "coordinates": [
          78.4421682,
          15.6670013
        ]
      },
      "id": "node/12106365023"
    },
    {
      "type": "Feature",
      "properties": {
        "@id": "node/12106365024",
        "amenity": "fuel"
      },
      "geometry": {
        "type": "Point",
        "coordinates": [
          78.5943442,
          14.9699332
        ]
      },
      "id": "node/12106365024"
    },
    {
      "type": "Feature",
      "properties": {
        "@id": "node/12106365025",
        "amenity": "fuel"
      },
      "geometry": {
        "type": "Point",
        "coordinates": [
          78.404227,
          14.8250565
        ]
      },
      "id": "node/12106365025"
    },
    {
      "type": "Feature",
      "properties": {
        "@id": "node/12106365026",
        "amenity": "fuel"
      },
      "geometry": {
        "type": "Point",
        "coordinates": [
          78.5373533,
          15.5283364
        ]
      },
      "id": "node/12106365026"
    },
    {
      "type": "Feature",
      "properties": {
        "@id": "node/12106365027",
        "amenity": "fuel"
      },
      "geometry": {
        "type": "Point",
        "coordinates": [
          78.1253937,
          15.7826085
        ]
      },
      "id": "node/12106365027"
    },
    {
      "type": "Feature",
      "properties": {
        "@id": "node/12106365028",
        "amenity": "fuel"
      },
      "geometry": {
        "type": "Point",
        "coordinates": [
          78.5796237,
          14.8663006
        ]
      },
      "id": "node/12106365028"
    },
    {
      "type": "Feature",
      "properties": {
        "@id": "node/12106365029",
        "amenity": "fuel"
      },
      "geometry": {
        "type": "Point",
        "coordinates": [
          78.340997,
          15.3451082
        ]
      },
      "id": "node/12106365029"
    },
    {
      "type": "Feature",
      "properties": {
        "@id": "node/12106365030",
        "amenity": "fuel"
      },
      "geometry": {
        "type": "Point",
        "coordinates": [
          78.4261364,
          15.6780472
        ]
      },
      "id": "node/12106365030"
    },
    {
      "type": "Feature",
      "properties": {
        "@id": "node/12106365031",
        "amenity": "fuel"
      },
      "geometry": {
        "type": "Point",
        "coordinates": [
          78.0350778,
          15.0109467
        ]
      },
      "id": "node/12106365031"
    },
    {
      "type": "Feature",
      "properties": {
        "@id": "node/12106365032",
        "addr:city": "BANAGANAPALLI",
        "addr:district": "NANDYAL",
        "addr:postcode": "518124",
        "addr:street": "GM THEATRE",
        "amenity": "fuel",
        "brand": "GM",
        "name": "GM movie theatre",
        "self_service": "no"
      },
      "geometry": {
        "type": "Point",
        "coordinates": [
          78.2293153,
          15.3193663
        ]
      },
      "id": "node/12106365032"
    },
    {
      "type": "Feature",
      "properties": {
        "@id": "node/12106365033",
        "amenity": "fuel",
        "brand": "Essar",
        "brand:wikidata": "Q5399372",
        "name": "Essar"
      },
      "geometry": {
        "type": "Point",
        "coordinates": [
          78.5523497,
          15.9297786
        ]
      },
      "id": "node/12106365033"
    },
    {
      "type": "Feature",
      "properties": {
        "@id": "node/12106365034",
        "amenity": "fuel"
      },
      "geometry": {
        "type": "Point",
        "coordinates": [
          78.2038164,
          15.0589834
        ]
      },
      "id": "node/12106365034"
    },
    {
      "type": "Feature",
      "properties": {
        "@id": "node/12106365035",
        "amenity": "fuel"
      },
      "geometry": {
        "type": "Point",
        "coordinates": [
          78.4588794,
          15.2059223
        ]
      },
      "id": "node/12106365035"
    },
    {
      "type": "Feature",
      "properties": {
        "@id": "node/12106365036",
        "amenity": "fuel"
      },
      "geometry": {
        "type": "Point",
        "coordinates": [
          78.454232,
          15.0260603
        ]
      },
      "id": "node/12106365036"
    },
    {
      "type": "Feature",
      "properties": {
        "@id": "node/12106365037",
        "amenity": "fuel"
      },
      "geometry": {
        "type": "Point",
        "coordinates": [
          78.3463145,
          14.9124899
        ]
      },
      "id": "node/12106365037"
    },
    {
      "type": "Feature",
      "properties": {
        "@id": "node/12106365038",
        "amenity": "fuel"
      },
      "geometry": {
        "type": "Point",
        "coordinates": [
          78.266762,
          15.8554726
        ]
      },
      "id": "node/12106365038"
    },
    {
      "type": "Feature",
      "properties": {
        "@id": "node/12106365039",
        "amenity": "fuel"
      },
      "geometry": {
        "type": "Point",
        "coordinates": [
          78.5802489,
          15.172033
        ]
      },
      "id": "node/12106365039"
    },
    {
      "type": "Feature",
      "properties": {
        "@id": "node/12106365040",
        "amenity": "fuel"
      },
      "geometry": {
        "type": "Point",
        "coordinates": [
          78.1743162,
          15.6331618
        ]
      },
      "id": "node/12106365040"
    },
    {
      "type": "Feature",
      "properties": {
        "@id": "node/12106365041",
        "amenity": "fuel"
      },
      "geometry": {
        "type": "Point",
        "coordinates": [
          78.5325268,
          14.930383
        ]
      },
      "id": "node/12106365041"
    },
    {
      "type": "Feature",
      "properties": {
        "@id": "node/12106365042",
        "amenity": "fuel"
      },
      "geometry": {
        "type": "Point",
        "coordinates": [
          78.1929646,
          15.3269018
        ]
      },
      "id": "node/12106365042"
    },
    {
      "type": "Feature",
      "properties": {
        "@id": "node/12106365043",
        "amenity": "fuel"
      },
      "geometry": {
        "type": "Point",
        "coordinates": [
          78.3153811,
          15.4163356
        ]
      },
      "id": "node/12106365043"
    },
    {
      "type": "Feature",
      "properties": {
        "@id": "node/12106365044",
        "amenity": "fuel"
      },
      "geometry": {
        "type": "Point",
        "coordinates": [
          78.3664675,
          14.8764484
        ]
      },
      "id": "node/12106365044"
    },
    {
      "type": "Feature",
      "properties": {
        "@id": "node/12106365045",
        "amenity": "fuel"
      },
      "geometry": {
        "type": "Point",
        "coordinates": [
          78.5098048,
          15.3983987
        ]
      },
      "id": "node/12106365045"
    },
    {
      "type": "Feature",
      "properties": {
        "@id": "node/12106365046",
        "amenity": "fuel"
      },
      "geometry": {
        "type": "Point",
        "coordinates": [
          78.1755738,
          15.5864428
        ]
      },
      "id": "node/12106365046"
    },
    {
      "type": "Feature",
      "properties": {
        "@id": "node/12106365047",
        "amenity": "fuel"
      },
      "geometry": {
        "type": "Point",
        "coordinates": [
          78.4402089,
          15.5608477
        ]
      },
      "id": "node/12106365047"
    },
    {
      "type": "Feature",
      "properties": {
        "@id": "node/12106365048",
        "amenity": "fuel"
      },
      "geometry": {
        "type": "Point",
        "coordinates": [
          78.3919205,
          15.3909197
        ]
      },
      "id": "node/12106365048"
    },
    {
      "type": "Feature",
      "properties": {
        "@id": "node/12106365049",
        "amenity": "fuel",
        "brand": "Indian Oil",
        "brand:wikidata": "Q1289348",
        "name": "Indian Oil"
      },
      "geometry": {
        "type": "Point",
        "coordinates": [
          78.0732611,
          15.4055054
        ]
      },
      "id": "node/12106365049"
    },
    {
      "type": "Feature",
      "properties": {
        "@id": "node/12106365050",
        "amenity": "fuel"
      },
      "geometry": {
        "type": "Point",
        "coordinates": [
          78.348499,
          15.5110275
        ]
      },
      "id": "node/12106365050"
    },
    {
      "type": "Feature",
      "properties": {
        "@id": "node/12106365051",
        "amenity": "fuel",
        "brand": "Bharat Petroleum",
        "brand:wikidata": "Q854826",
        "name": "Bharat Petroleum"
      },
      "geometry": {
        "type": "Point",
        "coordinates": [
          78.3195401,
          15.227649
        ]
      },
      "id": "node/12106365051"
    },
    {
      "type": "Feature",
      "properties": {
        "@id": "node/12109813375",
        "amenity": "fuel"
      },
      "geometry": {
        "type": "Point",
        "coordinates": [
          78.4702912,
          14.456113
        ]
      },
      "id": "node/12109813375"
    },
    {
      "type": "Feature",
      "properties": {
        "@id": "node/12109813376",
        "amenity": "fuel"
      },
      "geometry": {
        "type": "Point",
        "coordinates": [
          77.9331304,
          14.8811764
        ]
      },
      "id": "node/12109813376"
    },
    {
      "type": "Feature",
      "properties": {
        "@id": "node/12109813378",
        "amenity": "fuel"
      },
      "geometry": {
        "type": "Point",
        "coordinates": [
          78.127346,
          14.6310222
        ]
      },
      "id": "node/12109813378"
    },
    {
      "type": "Feature",
      "properties": {
        "@id": "node/12109813379",
        "amenity": "fuel"
      },
      "geometry": {
        "type": "Point",
        "coordinates": [
          77.8064467,
          14.7993302
        ]
      },
      "id": "node/12109813379"
    },
    {
      "type": "Feature",
      "properties": {
        "@id": "node/12109813381",
        "amenity": "fuel",
        "brand": "Hindustan Petroleum",
        "brand:wikidata": "Q1619375",
        "name": "HP"
      },
      "geometry": {
        "type": "Point",
        "coordinates": [
          78.2305643,
          14.4238361
        ]
      },
      "id": "node/12109813381"
    },
    {
      "type": "Feature",
      "properties": {
        "@id": "node/12109813382",
        "amenity": "fuel",
        "brand": "Hindustan Petroleum",
        "brand:wikidata": "Q1619375",
        "name": "HP"
      },
      "geometry": {
        "type": "Point",
        "coordinates": [
          78.2320397,
          14.4401034
        ]
      },
      "id": "node/12109813382"
    },
    {
      "type": "Feature",
      "properties": {
        "@id": "node/12109813385",
        "amenity": "fuel"
      },
      "geometry": {
        "type": "Point",
        "coordinates": [
          77.9749747,
          14.5669937
        ]
      },
      "id": "node/12109813385"
    },
    {
      "type": "Feature",
      "properties": {
        "@id": "node/12109813387",
        "amenity": "fuel"
      },
      "geometry": {
        "type": "Point",
        "coordinates": [
          77.7368292,
          14.4439705
        ]
      },
      "id": "node/12109813387"
    },
    {
      "type": "Feature",
      "properties": {
        "@id": "node/12109813388",
        "amenity": "fuel"
      },
      "geometry": {
        "type": "Point",
        "coordinates": [
          78.5471463,
          14.6994389
        ]
      },
      "id": "node/12109813388"
    },
    {
      "type": "Feature",
      "properties": {
        "@id": "node/12109813389",
        "amenity": "fuel"
      },
      "geometry": {
        "type": "Point",
        "coordinates": [
          77.7797381,
          14.5100486
        ]
      },
      "id": "node/12109813389"
    },
    {
      "type": "Feature",
      "properties": {
        "@id": "node/12109813391",
        "amenity": "fuel",
        "brand": "Indian Oil",
        "brand:wikidata": "Q1289348",
        "name": "Indian Oil"
      },
      "geometry": {
        "type": "Point",
        "coordinates": [
          78.2793497,
          14.569068
        ]
      },
      "id": "node/12109813391"
    },
    {
      "type": "Feature",
      "properties": {
        "@id": "node/12109813396",
        "amenity": "fuel"
      },
      "geometry": {
        "type": "Point",
        "coordinates": [
          77.9695166,
          14.8175994
        ]
      },
      "id": "node/12109813396"
    },
    {
      "type": "Feature",
      "properties": {
        "@id": "node/12109813397",
        "amenity": "fuel"
      },
      "geometry": {
        "type": "Point",
        "coordinates": [
          78.5635953,
          14.6234422
        ]
      },
      "id": "node/12109813397"
    },
    {
      "type": "Feature",
      "properties": {
        "@id": "node/12109813399",
        "amenity": "fuel"
      },
      "geometry": {
        "type": "Point",
        "coordinates": [
          78.5478817,
          14.6309185
        ]
      },
      "id": "node/12109813399"
    },
    {
      "type": "Feature",
      "properties": {
        "@id": "node/12109813400",
        "amenity": "fuel"
      },
      "geometry": {
        "type": "Point",
        "coordinates": [
          78.1218634,
          14.496106
        ]
      },
      "id": "node/12109813400"
    },
    {
      "type": "Feature",
      "properties": {
        "@id": "node/12109832601",
        "amenity": "fuel",
        "brand": "Bharat Petroleum",
        "brand:wikidata": "Q854826",
        "name": "Bharat Petroleum"
      },
      "geometry": {
        "type": "Point",
        "coordinates": [
          78.4565253,
          14.3568436
        ]
      },
      "id": "node/12109832601"
    },
    {
      "type": "Feature",
      "properties": {
        "@id": "node/12109832603",
        "amenity": "fuel"
      },
      "geometry": {
        "type": "Point",
        "coordinates": [
          77.8551366,
          14.5602959
        ]
      },
      "id": "node/12109832603"
    },
    {
      "type": "Feature",
      "properties": {
        "@id": "node/12109832605",
        "amenity": "fuel"
      },
      "geometry": {
        "type": "Point",
        "coordinates": [
          77.8186641,
          14.7059333
        ]
      },
      "id": "node/12109832605"
    },
    {
      "type": "Feature",
      "properties": {
        "@id": "node/12109832610",
        "amenity": "fuel",
        "brand": "Indian Oil",
        "brand:wikidata": "Q1289348",
        "name": "Indian Oil"
      },
      "geometry": {
        "type": "Point",
        "coordinates": [
          77.9898952,
          14.356668
        ]
      },
      "id": "node/12109832610"
    },
    {
      "type": "Feature",
      "properties": {
        "@id": "node/12109832611",
        "amenity": "fuel"
      },
      "geometry": {
        "type": "Point",
        "coordinates": [
          77.9705015,
          14.6748093
        ]
      },
      "id": "node/12109832611"
    },
    {
      "type": "Feature",
      "properties": {
        "@id": "node/12109832612",
        "amenity": "fuel"
      },
      "geometry": {
        "type": "Point",
        "coordinates": [
          78.4736377,
          14.6909884
        ]
      },
      "id": "node/12109832612"
    },
    {
      "type": "Feature",
      "properties": {
        "@id": "node/12109832613",
        "amenity": "fuel"
      },
      "geometry": {
        "type": "Point",
        "coordinates": [
          77.9078258,
          14.8608655
        ]
      },
      "id": "node/12109832613"
    },
    {
      "type": "Feature",
      "properties": {
        "@id": "node/12109832615",
        "amenity": "fuel"
      },
      "geometry": {
        "type": "Point",
        "coordinates": [
          78.4390433,
          14.6710603
        ]
      },
      "id": "node/12109832615"
    },
    {
      "type": "Feature",
      "properties": {
        "@id": "node/12109832616",
        "amenity": "fuel"
      },
      "geometry": {
        "type": "Point",
        "coordinates": [
          77.7855165,
          14.5614716
        ]
      },
      "id": "node/12109832616"
    },
    {
      "type": "Feature",
      "properties": {
        "@id": "node/12109832617",
        "amenity": "fuel"
      },
      "geometry": {
        "type": "Point",
        "coordinates": [
          78.2957373,
          14.584342
        ]
      },
      "id": "node/12109832617"
    },
    {
      "type": "Feature",
      "properties": {
        "@id": "node/12115230234",
        "amenity": "fuel"
      },
      "geometry": {
        "type": "Point",
        "coordinates": [
          77.1156415,
          14.5353665
        ]
      },
      "id": "node/12115230234"
    },
    {
      "type": "Feature",
      "properties": {
        "@id": "node/12115230235",
        "amenity": "fuel"
      },
      "geometry": {
        "type": "Point",
        "coordinates": [
          77.7511615,
          13.9795394
        ]
      },
      "id": "node/12115230235"
    },
    {
      "type": "Feature",
      "properties": {
        "@id": "node/12115230236",
        "amenity": "fuel"
      },
      "geometry": {
        "type": "Point",
        "coordinates": [
          77.7547824,
          13.9816555
        ]
      },
      "id": "node/12115230236"
    },
    {
      "type": "Feature",
      "properties": {
        "@id": "node/12115230237",
        "amenity": "fuel"
      },
      "geometry": {
        "type": "Point",
        "coordinates": [
          77.7774873,
          13.9827668
        ]
      },
      "id": "node/12115230237"
    },
    {
      "type": "Feature",
      "properties": {
        "@id": "node/12115230238",
        "amenity": "fuel"
      },
      "geometry": {
        "type": "Point",
        "coordinates": [
          77.3290986,
          14.4856875
        ]
      },
      "id": "node/12115230238"
    },
    {
      "type": "Feature",
      "properties": {
        "@id": "node/12115230240",
        "amenity": "fuel",
        "brand": "Indian Oil",
        "brand:wikidata": "Q1289348",
        "name": "Indian Oil"
      },
      "geometry": {
        "type": "Point",
        "coordinates": [
          77.8816702,
          14.1736858
        ]
      },
      "id": "node/12115230240"
    },
    {
      "type": "Feature",
      "properties": {
        "@id": "node/12115230241",
        "amenity": "fuel"
      },
      "geometry": {
        "type": "Point",
        "coordinates": [
          78.541762,
          13.6152929
        ]
      },
      "id": "node/12115230241"
    },
    {
      "type": "Feature",
      "properties": {
        "@id": "node/12115230242",
        "amenity": "fuel"
      },
      "geometry": {
        "type": "Point",
        "coordinates": [
          78.201954,
          13.9043942
        ]
      },
      "id": "node/12115230242"
    },
    {
      "type": "Feature",
      "properties": {
        "@id": "node/12115230244",
        "amenity": "fuel"
      },
      "geometry": {
        "type": "Point",
        "coordinates": [
          78.5184618,
          14.0203343
        ]
      },
      "id": "node/12115230244"
    },
    {
      "type": "Feature",
      "properties": {
        "@id": "node/12115230246",
        "amenity": "fuel"
      },
      "geometry": {
        "type": "Point",
        "coordinates": [
          78.4687879,
          13.5489673
        ]
      },
      "id": "node/12115230246"
    },
    {
      "type": "Feature",
      "properties": {
        "@id": "node/12115230247",
        "amenity": "fuel"
      },
      "geometry": {
        "type": "Point",
        "coordinates": [
          78.2029694,
          14.2781473
        ]
      },
      "id": "node/12115230247"
    },
    {
      "type": "Feature",
      "properties": {
        "@id": "node/12115230248",
        "amenity": "fuel"
      },
      "geometry": {
        "type": "Point",
        "coordinates": [
          78.2415656,
          14.2455588
        ]
      },
      "id": "node/12115230248"
    },
    {
      "type": "Feature",
      "properties": {
        "@id": "node/12115230250",
        "amenity": "fuel"
      },
      "geometry": {
        "type": "Point",
        "coordinates": [
          78.2702462,
          14.0904847
        ]
      },
      "id": "node/12115230250"
    },
    {
      "type": "Feature",
      "properties": {
        "@id": "node/12115230251",
        "amenity": "fuel"
      },
      "geometry": {
        "type": "Point",
        "coordinates": [
          78.583777,
          13.3835361
        ]
      },
      "id": "node/12115230251"
    },
    {
      "type": "Feature",
      "properties": {
        "@id": "node/12115230252",
        "amenity": "fuel"
      },
      "geometry": {
        "type": "Point",
        "coordinates": [
          77.4138725,
          14.0935495
        ]
      },
      "id": "node/12115230252"
    },
    {
      "type": "Feature",
      "properties": {
        "@id": "node/12115230253",
        "amenity": "fuel"
      },
      "geometry": {
        "type": "Point",
        "coordinates": [
          78.3164586,
          14.0935106
        ]
      },
      "id": "node/12115230253"
    },
    {
      "type": "Feature",
      "properties": {
        "@id": "node/12115230255",
        "amenity": "fuel"
      },
      "geometry": {
        "type": "Point",
        "coordinates": [
          77.0421743,
          14.2930474
        ]
      },
      "id": "node/12115230255"
    },
    {
      "type": "Feature",
      "properties": {
        "@id": "node/12115230256",
        "amenity": "fuel"
      },
      "geometry": {
        "type": "Point",
        "coordinates": [
          77.234709,
          14.336763
        ]
      },
      "id": "node/12115230256"
    },
    {
      "type": "Feature",
      "properties": {
        "@id": "node/12115230257",
        "amenity": "fuel"
      },
      "geometry": {
        "type": "Point",
        "coordinates": [
          78.5823787,
          13.7700027
        ]
      },
      "id": "node/12115230257"
    },
    {
      "type": "Feature",
      "properties": {
        "@id": "node/12115230258",
        "amenity": "fuel"
      },
      "geometry": {
        "type": "Point",
        "coordinates": [
          78.2681243,
          13.7966875
        ]
      },
      "id": "node/12115230258"
    },
    {
      "type": "Feature",
      "properties": {
        "@id": "node/12115230259",
        "amenity": "fuel",
        "brand": "Indian Oil",
        "brand:wikidata": "Q1289348",
        "name": "Indian Oil"
      },
      "geometry": {
        "type": "Point",
        "coordinates": [
          77.6810458,
          13.9631588
        ]
      },
      "id": "node/12115230259"
    },
    {
      "type": "Feature",
      "properties": {
        "@id": "node/12115230260",
        "amenity": "fuel"
      },
      "geometry": {
        "type": "Point",
        "coordinates": [
          78.4687065,
          14.0413401
        ]
      },
      "id": "node/12115230260"
    },
    {
      "type": "Feature",
      "properties": {
        "@id": "node/12115230261",
        "amenity": "fuel"
      },
      "geometry": {
        "type": "Point",
        "coordinates": [
          77.0523735,
          13.7854681
        ]
      },
      "id": "node/12115230261"
    },
    {
      "type": "Feature",
      "properties": {
        "@id": "node/12115230262",
        "amenity": "fuel"
      },
      "geometry": {
        "type": "Point",
        "coordinates": [
          78.49986,
          13.5444031
        ]
      },
      "id": "node/12115230262"
    },
    {
      "type": "Feature",
      "properties": {
        "@id": "node/12115230263",
        "amenity": "fuel"
      },
      "geometry": {
        "type": "Point",
        "coordinates": [
          77.1260295,
          14.7166552
        ]
      },
      "id": "node/12115230263"
    },
    {
      "type": "Feature",
      "properties": {
        "@id": "node/12115230264",
        "amenity": "fuel"
      },
      "geometry": {
        "type": "Point",
        "coordinates": [
          78.5507525,
          13.6441035
        ]
      },
      "id": "node/12115230264"
    },
    {
      "type": "Feature",
      "properties": {
        "@id": "node/12115230265",
        "amenity": "fuel"
      },
      "geometry": {
        "type": "Point",
        "coordinates": [
          78.5039719,
          14.0234618
        ]
      },
      "id": "node/12115230265"
    },
    {
      "type": "Feature",
      "properties": {
        "@id": "node/12115230267",
        "amenity": "fuel",
        "brand": "Essar",
        "brand:wikidata": "Q5399372",
        "name": "Essar"
      },
      "geometry": {
        "type": "Point",
        "coordinates": [
          78.5432014,
          14.2214728
        ]
      },
      "id": "node/12115230267"
    },
    {
      "type": "Feature",
      "properties": {
        "@id": "node/12115230268",
        "amenity": "fuel"
      },
      "geometry": {
        "type": "Point",
        "coordinates": [
          76.9748109,
          14.9442356
        ]
      },
      "id": "node/12115230268"
    },
    {
      "type": "Feature",
      "properties": {
        "@id": "node/12115230269",
        "amenity": "fuel"
      },
      "geometry": {
        "type": "Point",
        "coordinates": [
          77.1012497,
          14.0137955
        ]
      },
      "id": "node/12115230269"
    },
    {
      "type": "Feature",
      "properties": {
        "@id": "node/12115230270",
        "amenity": "fuel",
        "brand": "Bharat Petroleum",
        "brand:wikidata": "Q854826",
        "name": "Bharat Petroleum"
      },
      "geometry": {
        "type": "Point",
        "coordinates": [
          77.778394,
          13.9824692
        ]
      },
      "id": "node/12115230270"
    },
    {
      "type": "Feature",
      "properties": {
        "@id": "node/12115230271",
        "amenity": "fuel"
      },
      "geometry": {
        "type": "Point",
        "coordinates": [
          77.962165,
          14.0678005
        ]
      },
      "id": "node/12115230271"
    },
    {
      "type": "Feature",
      "properties": {
        "@id": "node/12115230275",
        "amenity": "fuel",
        "brand": "Indian Oil",
        "brand:wikidata": "Q1289348",
        "name": "Indian Oil"
      },
      "geometry": {
        "type": "Point",
        "coordinates": [
          77.4629279,
          14.4875951
        ]
      },
      "id": "node/12115230275"
    },
    {
      "type": "Feature",
      "properties": {
        "@id": "node/12115230276",
        "amenity": "fuel",
        "brand": "Indian Oil",
        "brand:wikidata": "Q1289348",
        "name": "Indian Oil"
      },
      "geometry": {
        "type": "Point",
        "coordinates": [
          77.9936845,
          14.0209182
        ]
      },
      "id": "node/12115230276"
    },
    {
      "type": "Feature",
      "properties": {
        "@id": "node/12115230278",
        "amenity": "fuel"
      },
      "geometry": {
        "type": "Point",
        "coordinates": [
          78.4192398,
          13.3670477
        ]
      },
      "id": "node/12115230278"
    },
    {
      "type": "Feature",
      "properties": {
        "@id": "node/12115230279",
        "amenity": "fuel"
      },
      "geometry": {
        "type": "Point",
        "coordinates": [
          77.7129294,
          13.883567
        ]
      },
      "id": "node/12115230279"
    },
    {
      "type": "Feature",
      "properties": {
        "@id": "node/12115230280",
        "amenity": "fuel"
      },
      "geometry": {
        "type": "Point",
        "coordinates": [
          78.2734537,
          13.9355496
        ]
      },
      "id": "node/12115230280"
    },
    {
      "type": "Feature",
      "properties": {
        "@id": "node/12115230282",
        "amenity": "fuel"
      },
      "geometry": {
        "type": "Point",
        "coordinates": [
          78.5265647,
          13.9271278
        ]
      },
      "id": "node/12115230282"
    },
    {
      "type": "Feature",
      "properties": {
        "@id": "node/12115230283",
        "amenity": "fuel"
      },
      "geometry": {
        "type": "Point",
        "coordinates": [
          78.5360318,
          13.3639026
        ]
      },
      "id": "node/12115230283"
    },
    {
      "type": "Feature",
      "properties": {
        "@id": "node/12115230284",
        "amenity": "fuel"
      },
      "geometry": {
        "type": "Point",
        "coordinates": [
          78.4854631,
          13.6339807
        ]
      },
      "id": "node/12115230284"
    },
    {
      "type": "Feature",
      "properties": {
        "@id": "node/12115230285",
        "amenity": "fuel"
      },
      "geometry": {
        "type": "Point",
        "coordinates": [
          78.4847363,
          13.631144
        ]
      },
      "id": "node/12115230285"
    },
    {
      "type": "Feature",
      "properties": {
        "@id": "node/12115230286",
        "amenity": "fuel"
      },
      "geometry": {
        "type": "Point",
        "coordinates": [
          77.0082106,
          14.7920477
        ]
      },
      "id": "node/12115230286"
    },
    {
      "type": "Feature",
      "properties": {
        "@id": "node/12115230287",
        "amenity": "fuel"
      },
      "geometry": {
        "type": "Point",
        "coordinates": [
          78.448535,
          13.8191653
        ]
      },
      "id": "node/12115230287"
    },
    {
      "type": "Feature",
      "properties": {
        "@id": "node/12115230288",
        "amenity": "fuel"
      },
      "geometry": {
        "type": "Point",
        "coordinates": [
          78.4927206,
          13.5557775
        ]
      },
      "id": "node/12115230288"
    },
    {
      "type": "Feature",
      "properties": {
        "@id": "node/12115230289",
        "amenity": "fuel"
      },
      "geometry": {
        "type": "Point",
        "coordinates": [
          77.6940807,
          13.8338533
        ]
      },
      "id": "node/12115230289"
    },
    {
      "type": "Feature",
      "properties": {
        "@id": "node/12115230290",
        "amenity": "fuel"
      },
      "geometry": {
        "type": "Point",
        "coordinates": [
          76.8685924,
          14.9954449
        ]
      },
      "id": "node/12115230290"
    },
    {
      "type": "Feature",
      "properties": {
        "@id": "node/12115230292",
        "amenity": "fuel"
      },
      "geometry": {
        "type": "Point",
        "coordinates": [
          78.1817579,
          13.9876292
        ]
      },
      "id": "node/12115230292"
    },
    {
      "type": "Feature",
      "properties": {
        "@id": "node/12115230294",
        "amenity": "fuel"
      },
      "geometry": {
        "type": "Point",
        "coordinates": [
          78.4094875,
          14.0617445
        ]
      },
      "id": "node/12115230294"
    },
    {
      "type": "Feature",
      "properties": {
        "@id": "node/12115230295",
        "amenity": "fuel"
      },
      "geometry": {
        "type": "Point",
        "coordinates": [
          76.9778797,
          15.00101
        ]
      },
      "id": "node/12115230295"
    },
    {
      "type": "Feature",
      "properties": {
        "@id": "node/12115230296",
        "amenity": "fuel"
      },
      "geometry": {
        "type": "Point",
        "coordinates": [
          78.5158612,
          14.0309584
        ]
      },
      "id": "node/12115230296"
    },
    {
      "type": "Feature",
      "properties": {
        "@id": "node/12115230297",
        "amenity": "fuel"
      },
      "geometry": {
        "type": "Point",
        "coordinates": [
          78.5681932,
          13.3433431
        ]
      },
      "id": "node/12115230297"
    },
    {
      "type": "Feature",
      "properties": {
        "@id": "node/12115230299",
        "amenity": "fuel"
      },
      "geometry": {
        "type": "Point",
        "coordinates": [
          78.550788,
          13.407517
        ]
      },
      "id": "node/12115230299"
    },
    {
      "type": "Feature",
      "properties": {
        "@id": "node/12115244502",
        "amenity": "fuel"
      },
      "geometry": {
        "type": "Point",
        "coordinates": [
          77.597328,
          14.0103613
        ]
      },
      "id": "node/12115244502"
    },
    {
      "type": "Feature",
      "properties": {
        "@id": "node/12115244503",
        "amenity": "fuel"
      },
      "geometry": {
        "type": "Point",
        "coordinates": [
          76.8359886,
          15.0020801
        ]
      },
      "id": "node/12115244503"
    },
    {
      "type": "Feature",
      "properties": {
        "@id": "node/12115244504",
        "amenity": "fuel"
      },
      "geometry": {
        "type": "Point",
        "coordinates": [
          78.1707279,
          14.1096812
        ]
      },
      "id": "node/12115244504"
    },
    {
      "type": "Feature",
      "properties": {
        "@id": "node/12115244505",
        "amenity": "fuel"
      },
      "geometry": {
        "type": "Point",
        "coordinates": [
          78.3196131,
          13.7519344
        ]
      },
      "id": "node/12115244505"
    },
    {
      "type": "Feature",
      "properties": {
        "@id": "node/12115244506",
        "amenity": "fuel",
        "brand": "Bharat Petroleum",
        "brand:wikidata": "Q854826",
        "name": "Bharat Petroleum"
      },
      "geometry": {
        "type": "Point",
        "coordinates": [
          77.5209956,
          14.4557071
        ]
      },
      "id": "node/12115244506"
    },
    {
      "type": "Feature",
      "properties": {
        "@id": "node/12115244507",
        "amenity": "fuel"
      },
      "geometry": {
        "type": "Point",
        "coordinates": [
          78.2143922,
          13.8883549
        ]
      },
      "id": "node/12115244507"
    },
    {
      "type": "Feature",
      "properties": {
        "@id": "node/12115244508",
        "amenity": "fuel"
      },
      "geometry": {
        "type": "Point",
        "coordinates": [
          77.1129157,
          14.5533476
        ]
      },
      "id": "node/12115244508"
    },
    {
      "type": "Feature",
      "properties": {
        "@id": "node/12115244509",
        "amenity": "fuel"
      },
      "geometry": {
        "type": "Point",
        "coordinates": [
          77.4755055,
          13.8644936
        ]
      },
      "id": "node/12115244509"
    },
    {
      "type": "Feature",
      "properties": {
        "@id": "node/12115244510",
        "amenity": "fuel"
      },
      "geometry": {
        "type": "Point",
        "coordinates": [
          77.0597777,
          14.8109017
        ]
      },
      "id": "node/12115244510"
    },
    {
      "type": "Feature",
      "properties": {
        "@id": "node/12115244511",
        "amenity": "fuel"
      },
      "geometry": {
        "type": "Point",
        "coordinates": [
          78.4278627,
          13.6708929
        ]
      },
      "id": "node/12115244511"
    },
    {
      "type": "Feature",
      "properties": {
        "@id": "node/12115244512",
        "amenity": "fuel"
      },
      "geometry": {
        "type": "Point",
        "coordinates": [
          76.8550697,
          14.8049989
        ]
      },
      "id": "node/12115244512"
    },
    {
      "type": "Feature",
      "properties": {
        "@id": "node/12115244513",
        "amenity": "fuel"
      },
      "geometry": {
        "type": "Point",
        "coordinates": [
          78.5840252,
          13.774581
        ]
      },
      "id": "node/12115244513"
    },
    {
      "type": "Feature",
      "properties": {
        "@id": "node/12115244514",
        "amenity": "fuel"
      },
      "geometry": {
        "type": "Point",
        "coordinates": [
          77.4552917,
          13.8295664
        ]
      },
      "id": "node/12115244514"
    },
    {
      "type": "Feature",
      "properties": {
        "@id": "node/12115244515",
        "amenity": "fuel"
      },
      "geometry": {
        "type": "Point",
        "coordinates": [
          78.5467651,
          13.5094067
        ]
      },
      "id": "node/12115244515"
    },
    {
      "type": "Feature",
      "properties": {
        "@id": "node/12115244516",
        "amenity": "fuel"
      },
      "geometry": {
        "type": "Point",
        "coordinates": [
          76.8620526,
          14.5627188
        ]
      },
      "id": "node/12115244516"
    },
    {
      "type": "Feature",
      "properties": {
        "@id": "node/12115244517",
        "amenity": "fuel",
        "brand": "Indian Oil",
        "brand:wikidata": "Q1289348",
        "name": "Indian Oil"
      },
      "geometry": {
        "type": "Point",
        "coordinates": [
          77.7670076,
          14.1885652
        ]
      },
      "id": "node/12115244517"
    },
    {
      "type": "Feature",
      "properties": {
        "@id": "node/12115244518",
        "amenity": "fuel"
      },
      "geometry": {
        "type": "Point",
        "coordinates": [
          78.4293354,
          13.3646571
        ]
      },
      "id": "node/12115244518"
    },
    {
      "type": "Feature",
      "properties": {
        "@id": "node/12115244519",
        "amenity": "fuel"
      },
      "geometry": {
        "type": "Point",
        "coordinates": [
          77.4820348,
          13.8522993
        ]
      },
      "id": "node/12115244519"
    },
    {
      "type": "Feature",
      "properties": {
        "@id": "node/12115244520",
        "amenity": "fuel",
        "brand": "Indian Oil",
        "brand:wikidata": "Q1289348",
        "name": "Indian Oil"
      },
      "geometry": {
        "type": "Point",
        "coordinates": [
          77.9794872,
          14.0041009
        ]
      },
      "id": "node/12115244520"
    },
    {
      "type": "Feature",
      "properties": {
        "@id": "node/12117252637",
        "amenity": "fuel",
        "brand": "Indian Oil",
        "brand:wikidata": "Q1289348",
        "compressed_air": "yes",
        "name": "Indian Oil"
      },
      "geometry": {
        "type": "Point",
        "coordinates": [
          77.6982128,
          12.8082863
        ]
      },
      "id": "node/12117252637"
    },
    {
      "type": "Feature",
      "properties": {
        "@id": "node/12141938852",
        "amenity": "fuel",
        "brand": "Indian Oil",
        "brand:wikidata": "Q1289348",
        "name": "Indian Oil"
      },
      "geometry": {
        "type": "Point",
        "coordinates": [
          77.574335,
          12.9171682
        ]
      },
      "id": "node/12141938852"
    },
    {
      "type": "Feature",
      "properties": {
        "@id": "node/12143861406",
        "amenity": "fuel",
        "brand": "Hindustan Petroleum",
        "brand:wikidata": "Q1619375",
        "name": "HP",
        "official_name": "Hindustan Petroleum"
      },
      "geometry": {
        "type": "Point",
        "coordinates": [
          77.4234356,
          13.0796472
        ]
      },
      "id": "node/12143861406"
    },
    {
      "type": "Feature",
      "properties": {
        "@id": "node/12143892929",
        "amenity": "fuel",
        "brand": "Nayara",
        "brand:wikidata": "Q5399377",
        "name": "Nayara"
      },
      "geometry": {
        "type": "Point",
        "coordinates": [
          77.6799763,
          12.9425359
        ]
      },
      "id": "node/12143892929"
    },
    {
      "type": "Feature",
      "properties": {
        "@id": "node/12144112008",
        "amenity": "fuel",
        "brand": "Bharat Petroleum",
        "brand:wikidata": "Q854826",
        "name": "Bharat Petroleum"
      },
      "geometry": {
        "type": "Point",
        "coordinates": [
          77.4506777,
          13.0678316
        ]
      },
      "id": "node/12144112008"
    },
    {
      "type": "Feature",
      "properties": {
        "@id": "node/12144366869",
        "amenity": "fuel",
        "brand": "Indian Oil",
        "brand:wikidata": "Q1289348",
        "check_date": "2024-08-29",
        "name": "Indian Oil",
        "self_service": "no",
        "source": "survey"
      },
      "geometry": {
        "type": "Point",
        "coordinates": [
          78.2239587,
          12.5036305
        ]
      },
      "id": "node/12144366869"
    },
    {
      "type": "Feature",
      "properties": {
        "@id": "node/12144444734",
        "amenity": "fuel",
        "brand": "Hindustan Petroleum",
        "brand:wikidata": "Q1619375",
        "check_date": "2024-08-29",
        "name": "HP",
        "official_name": "Hindustan Petroleum",
        "self_service": "no",
        "source": "survey"
      },
      "geometry": {
        "type": "Point",
        "coordinates": [
          78.215064,
          12.4728627
        ]
      },
      "id": "node/12144444734"
    },
    {
      "type": "Feature",
      "properties": {
        "@id": "node/12145536674",
        "amenity": "fuel",
        "brand": "Bharat Petroleum",
        "brand:wikidata": "Q854826",
        "name": "Bharat Petroleum"
      },
      "geometry": {
        "type": "Point",
        "coordinates": [
          77.5509305,
          12.9572457
        ]
      },
      "id": "node/12145536674"
    },
    {
      "type": "Feature",
      "properties": {
        "@id": "node/12145547063",
        "amenity": "fuel",
        "brand": "Hindustan Petroleum",
        "brand:wikidata": "Q1619375",
        "name": "HP",
        "official_name": "Hindustan Petroleum"
      },
      "geometry": {
        "type": "Point",
        "coordinates": [
          77.5039923,
          12.9294303
        ]
      },
      "id": "node/12145547063"
    },
    {
      "type": "Feature",
      "properties": {
        "@id": "node/12150953167",
        "amenity": "fuel",
        "brand": "TotalEnergies",
        "brand:wikidata": "Q154037",
        "name": "TotalEnergies"
      },
      "geometry": {
        "type": "Point",
        "coordinates": [
          77.5527632,
          13.0195518
        ]
      },
      "id": "node/12150953167"
    },
    {
      "type": "Feature",
      "properties": {
        "@id": "node/12151337498",
        "amenity": "fuel",
        "brand": "Total",
        "brand:wikidata": "Q154037",
        "name": "Total"
      },
      "geometry": {
        "type": "Point",
        "coordinates": [
          77.605377,
          12.9506877
        ]
      },
      "id": "node/12151337498"
    },
    {
      "type": "Feature",
      "properties": {
        "@id": "node/12151512022",
        "amenity": "fuel",
        "brand": "Hindustan Petroleum",
        "brand:wikidata": "Q1619375",
        "name": "HP",
        "official_name": "Hindustan Petroleum"
      },
      "geometry": {
        "type": "Point",
        "coordinates": [
          77.5569183,
          12.8857538
        ]
      },
      "id": "node/12151512022"
    },
    {
      "type": "Feature",
      "properties": {
        "@id": "node/12167710739",
        "amenity": "fuel",
        "brand": "TotalEnergies",
        "brand:wikidata": "Q154037",
        "name": "TotalEnergies"
      },
      "geometry": {
        "type": "Point",
        "coordinates": [
          77.5854427,
          12.9420666
        ]
      },
      "id": "node/12167710739"
    },
    {
      "type": "Feature",
      "properties": {
        "@id": "node/12209120300",
        "amenity": "fuel",
        "check_date": "2024-09-29",
        "name": "HP"
      },
      "geometry": {
        "type": "Point",
        "coordinates": [
          75.5201848,
          13.9571004
        ]
      },
      "id": "node/12209120300"
    },
    {
      "type": "Feature",
      "properties": {
        "@id": "node/12212978265",
        "amenity": "fuel",
        "brand": "Bharat Petroleum",
        "brand:wikidata": "Q854826",
        "check_date": "2024-10-01",
        "name": "Bharat Petroleum"
      },
      "geometry": {
        "type": "Point",
        "coordinates": [
          77.6600987,
          13.1322181
        ]
      },
      "id": "node/12212978265"
    },
    {
      "type": "Feature",
      "properties": {
        "@id": "node/12215539413",
        "amenity": "fuel"
      },
      "geometry": {
        "type": "Point",
        "coordinates": [
          76.129663,
          16.3428395
        ]
      },
      "id": "node/12215539413"
    },
    {
      "type": "Feature",
      "properties": {
        "@id": "node/12254997079",
        "amenity": "fuel",
        "name": "BPCL"
      },
      "geometry": {
        "type": "Point",
        "coordinates": [
          74.9754979,
          17.189633
        ]
      },
      "id": "node/12254997079"
    },
    {
      "type": "Feature",
      "properties": {
        "@id": "node/12265548493",
        "amenity": "fuel",
        "name": "Bharat Petroleum"
      },
      "geometry": {
        "type": "Point",
        "coordinates": [
          77.6229561,
          13.0358602
        ]
      },
      "id": "node/12265548493"
    },
    {
      "type": "Feature",
      "properties": {
        "@id": "node/12265566064",
        "amenity": "fuel",
        "brand": "Hindustan Petroleum"
      },
      "geometry": {
        "type": "Point",
        "coordinates": [
          77.6187666,
          13.018365
        ]
      },
      "id": "node/12265566064"
    },
    {
      "type": "Feature",
      "properties": {
        "@id": "node/12265573693",
        "amenity": "fuel",
        "name": "Gas Plus"
      },
      "geometry": {
        "type": "Point",
        "coordinates": [
          77.6207124,
          13.0282177
        ]
      },
      "id": "node/12265573693"
    },
    {
      "type": "Feature",
      "properties": {
        "@id": "node/12265588386",
        "amenity": "fuel",
        "name": "HP"
      },
      "geometry": {
        "type": "Point",
        "coordinates": [
          77.6284623,
          13.1024731
        ]
      },
      "id": "node/12265588386"
    },
    {
      "type": "Feature",
      "properties": {
        "@id": "node/12270717492",
        "amenity": "fuel",
        "brand": "Essar",
        "brand:wikidata": "Q5399372",
        "check_date": "2024-10-20",
        "name": "Essar"
      },
      "geometry": {
        "type": "Point",
        "coordinates": [
          78.1299922,
          12.6056187
        ]
      },
      "id": "node/12270717492"
    },
    {
      "type": "Feature",
      "properties": {
        "@id": "node/12285541096",
        "amenity": "fuel",
        "check_date": "2024-10-24",
        "fuel:cng": "yes",
        "name": "Go Gas"
      },
      "geometry": {
        "type": "Point",
        "coordinates": [
          77.5962148,
          13.0393786
        ]
      },
      "id": "node/12285541096"
    },
    {
      "type": "Feature",
      "properties": {
        "@id": "node/12289415658",
        "amenity": "fuel",
        "brand": "Indian Oil",
        "brand:wikidata": "Q1289348",
        "check_date": "2024-10-26",
        "check_date:compressed_air": "2024-10-26",
        "check_date:opening_hours": "2024-10-26",
        "compressed_air": "yes",
        "fuel:diesel": "yes",
        "fuel:petrol": "yes",
        "name": "Indian Oil",
        "opening_hours": "24/7",
        "operator": "Indian Oil Corporation",
        "payment:cash": "yes",
        "payment:credit_cards": "yes",
        "payment:debit_cards": "yes",
        "self_service": "no"
      },
      "geometry": {
        "type": "Point",
        "coordinates": [
          78.4982843,
          11.5711105
        ]
      },
      "id": "node/12289415658"
    },
    {
      "type": "Feature",
      "properties": {
        "@id": "node/12298708524",
        "amenity": "fuel",
        "name": "Indian Oil Petrol Pump - Cheemeni Open Prison"
      },
      "geometry": {
        "type": "Point",
        "coordinates": [
          75.2669583,
          12.229803
        ]
      },
      "id": "node/12298708524"
    },
    {
      "type": "Feature",
      "properties": {
        "@id": "node/12300892632",
        "amenity": "fuel"
      },
      "geometry": {
        "type": "Point",
        "coordinates": [
          75.9699069,
          17.6588693
        ]
      },
      "id": "node/12300892632"
    },
    {
      "type": "Feature",
      "properties": {
        "@id": "node/12300916425",
        "amenity": "fuel"
      },
      "geometry": {
        "type": "Point",
        "coordinates": [
          75.997157,
          17.7095614
        ]
      },
      "id": "node/12300916425"
    },
    {
      "type": "Feature",
      "properties": {
        "@id": "node/12300916426",
        "amenity": "fuel"
      },
      "geometry": {
        "type": "Point",
        "coordinates": [
          75.9936308,
          17.7081748
        ]
      },
      "id": "node/12300916426"
    },
    {
      "type": "Feature",
      "properties": {
        "@id": "node/12311251248",
        "amenity": "fuel",
        "brand": "Hindustan Petroleum",
        "brand:wikidata": "Q1619375",
        "name": "HP",
        "official_name": "Hindustan Petroleum"
      },
      "geometry": {
        "type": "Point",
        "coordinates": [
          78.5999015,
          17.4869646
        ]
      },
      "id": "node/12311251248"
    },
    {
      "type": "Feature",
      "properties": {
        "@id": "node/12313760962",
        "amenity": "fuel",
        "brand": "Hindustan Petroleum",
        "brand:wikidata": "Q1619375",
        "name": "HP",
        "official_name": "Hindustan Petroleum"
      },
      "geometry": {
        "type": "Point",
        "coordinates": [
          78.3179536,
          17.3393435
        ]
      },
      "id": "node/12313760962"
    },
    {
      "type": "Feature",
      "properties": {
        "@id": "node/12320288493",
        "amenity": "fuel",
        "brand": "Hindustan Petroleum",
        "brand:wikidata": "Q1619375",
        "name": "HP",
        "official_name": "Hindustan Petroleum"
      },
      "geometry": {
        "type": "Point",
        "coordinates": [
          78.5236464,
          17.4196553
        ]
      },
      "id": "node/12320288493"
    },
    {
      "type": "Feature",
      "properties": {
        "@id": "node/12330366761",
        "amenity": "fuel",
        "brand": "Bharat Petroleum",
        "brand:wikidata": "Q854826",
        "name": "Bharat Petroleum"
      },
      "geometry": {
        "type": "Point",
        "coordinates": [
          74.4613112,
          15.875884
        ]
      },
      "id": "node/12330366761"
    },
    {
      "type": "Feature",
      "properties": {
        "@id": "node/12336587671",
        "amenity": "fuel",
        "brand": "Essar",
        "brand:wikidata": "Q5399372",
        "name": "Essar"
      },
      "geometry": {
        "type": "Point",
        "coordinates": [
          78.5438246,
          17.3725422
        ]
      },
      "id": "node/12336587671"
    },
    {
      "type": "Feature",
      "properties": {
        "@id": "node/12347237275",
        "amenity": "fuel",
        "check_date": "2025-09-16",
        "name": "Jio BP Sri Veerabhadreshwar Petroleum",
        "operator": "Jio BP"
      },
      "geometry": {
        "type": "Point",
        "coordinates": [
          77.5109532,
          17.9213477
        ]
      },
      "id": "node/12347237275"
    },
    {
      "type": "Feature",
      "properties": {
        "@id": "node/12347266606",
        "amenity": "fuel",
        "brand": "Nayara",
        "brand:wikidata": "Q5399377",
        "check_date": "2024-11-16",
        "name": "Nayara"
      },
      "geometry": {
        "type": "Point",
        "coordinates": [
          78.0360889,
          11.5147021
        ]
      },
      "id": "node/12347266606"
    },
    {
      "type": "Feature",
      "properties": {
        "@id": "node/12347588560",
        "amenity": "fuel",
        "check_date": "2024-11-17"
      },
      "geometry": {
        "type": "Point",
        "coordinates": [
          76.0429206,
          11.563781
        ]
      },
      "id": "node/12347588560"
    },
    {
      "type": "Feature",
      "properties": {
        "@id": "node/12350910696",
        "amenity": "fuel"
      },
      "geometry": {
        "type": "Point",
        "coordinates": [
          76.0228451,
          11.5243231
        ]
      },
      "id": "node/12350910696"
    },
    {
      "type": "Feature",
      "properties": {
        "@id": "node/12379454693",
        "amenity": "fuel"
      },
      "geometry": {
        "type": "Point",
        "coordinates": [
          74.235281,
          16.4150229
        ]
      },
      "id": "node/12379454693"
    },
    {
      "type": "Feature",
      "properties": {
        "@id": "node/12462528085",
        "amenity": "fuel"
      },
      "geometry": {
        "type": "Point",
        "coordinates": [
          78.5101249,
          17.3913192
        ]
      },
      "id": "node/12462528085"
    },
    {
      "type": "Feature",
      "properties": {
        "@id": "node/12466442937",
        "amenity": "fuel",
        "brand": "Indian Oil",
        "brand:wikidata": "Q1289348",
        "check_date": "2025-01-01",
        "name": "Indian Oil"
      },
      "geometry": {
        "type": "Point",
        "coordinates": [
          77.5680606,
          12.9463785
        ]
      },
      "id": "node/12466442937"
    },
    {
      "type": "Feature",
      "properties": {
        "@id": "node/12475636746",
        "amenity": "fuel",
        "brand": "Indian Oil",
        "brand:wikidata": "Q1289348",
        "check_date": "2025-01-05",
        "name": "Indian Oil Corporation",
        "payment:cash": "yes",
        "payment:credit_cards": "yes",
        "payment:debit_cards": "yes",
        "self_service": "no"
      },
      "geometry": {
        "type": "Point",
        "coordinates": [
          78.4752826,
          12.0520987
        ]
      },
      "id": "node/12475636746"
    },
    {
      "type": "Feature",
      "properties": {
        "@id": "node/12507515761",
        "amenity": "fuel",
        "brand": "Nayara",
        "brand:wikidata": "Q5399377",
        "check_date": "2025-01-18",
        "check_date:compressed_air": "2025-01-18",
        "compressed_air": "yes",
        "name": "Nayara",
        "name:en": "Nayara",
        "payment:cash": "yes",
        "payment:credit_cards": "yes",
        "payment:debit_cards": "yes"
      },
      "geometry": {
        "type": "Point",
        "coordinates": [
          77.4517468,
          12.8682472
        ]
      },
      "id": "node/12507515761"
    },
    {
      "type": "Feature",
      "properties": {
        "@id": "node/12534073590",
        "addr:district": "udupi",
        "addr:postcode": "576105",
        "amenity": "fuel",
        "amenity_1": "distilled water",
        "brand": "Hindustan Petroleum",
        "brand:wikidata": "Q1619375",
        "compressed_air": "no",
        "fuel:diesel": "yes",
        "fuel:gasoline": "yes",
        "name": "HP",
        "official_name": "Hindustan Petroleum",
        "operator": "Vruddhi Fuels",
        "payment:cash": "yes",
        "payment:contactless": "yes",
        "payment:credit_cards": "yes",
        "payment:debit_cards": "yes",
        "payment:upi": "yes",
        "payment:upi_qr": "yes",
        "self_service": "no"
      },
      "geometry": {
        "type": "Point",
        "coordinates": [
          74.7149114,
          13.3897599
        ]
      },
      "id": "node/12534073590"
    },
    {
      "type": "Feature",
      "properties": {
        "@id": "node/12534429589",
        "amenity": "fuel",
        "brand": "Indian Oil",
        "brand:wikidata": "Q1289348",
        "name": "Indian Oil",
        "self_service": "no"
      },
      "geometry": {
        "type": "Point",
        "coordinates": [
          74.711449,
          13.3899264
        ]
      },
      "id": "node/12534429589"
    },
    {
      "type": "Feature",
      "properties": {
        "@id": "node/12535447334",
        "amenity": "fuel",
        "brand": "Bharat Petroleum",
        "brand:wikidata": "Q854826",
        "check_date": "2025-01-27",
        "name": "Bharat Petroleum"
      },
      "geometry": {
        "type": "Point",
        "coordinates": [
          75.7404241,
          12.4182469
        ]
      },
      "id": "node/12535447334"
    },
    {
      "type": "Feature",
      "properties": {
        "@id": "node/12538889103",
        "amenity": "fuel",
        "name": "Indian oil Bunk"
      },
      "geometry": {
        "type": "Point",
        "coordinates": [
          78.5657658,
          17.4765556
        ]
      },
      "id": "node/12538889103"
    },
    {
      "type": "Feature",
      "properties": {
        "@id": "node/12545877447",
        "amenity": "fuel",
        "check_date": "2025-01-29",
        "name": "Barur Gas Indane"
      },
      "geometry": {
        "type": "Point",
        "coordinates": [
          78.3063179,
          12.309658
        ]
      },
      "id": "node/12545877447"
    },
    {
      "type": "Feature",
      "properties": {
        "@id": "node/12560755497",
        "addr:city": "Bengaluru, Karnataka",
        "addr:district": "Bangalore",
        "addr:postcode": "560008",
        "addr:street": "HAL Old Airport Road",
        "amenity": "fuel",
        "brand": "Indian Oil",
        "brand:wikidata": "Q1289348",
        "compressed_air": "yes",
        "name": "Indian Oil"
      },
      "geometry": {
        "type": "Point",
        "coordinates": [
          77.6457581,
          12.9600064
        ]
      },
      "id": "node/12560755497"
    },
    {
      "type": "Feature",
      "properties": {
        "@id": "node/12564674794",
        "amenity": "fuel",
        "brand": "Indian Oil",
        "brand:wikidata": "Q1289348",
        "check_date": "2025-02-07",
        "name": "Indian Oil"
      },
      "geometry": {
        "type": "Point",
        "coordinates": [
          78.3544536,
          12.5437611
        ]
      },
      "id": "node/12564674794"
    },
    {
      "type": "Feature",
      "properties": {
        "@id": "node/12564674798",
        "amenity": "fuel",
        "brand": "Hindustan Petroleum",
        "brand:wikidata": "Q1619375",
        "check_date": "2025-02-07",
        "name": "HP",
        "official_name": "Hindustan Petroleum"
      },
      "geometry": {
        "type": "Point",
        "coordinates": [
          78.3565788,
          12.5426954
        ]
      },
      "id": "node/12564674798"
    },
    {
      "type": "Feature",
      "properties": {
        "@id": "node/12564694400",
        "amenity": "fuel",
        "brand": "Hindustan Petroleum",
        "brand:wikidata": "Q1619375",
        "check_date": "2025-02-07",
        "name": "HP",
        "official_name": "Hindustan Petroleum"
      },
      "geometry": {
        "type": "Point",
        "coordinates": [
          78.1653579,
          12.1632759
        ]
      },
      "id": "node/12564694400"
    },
    {
      "type": "Feature",
      "properties": {
        "@id": "node/12564709358",
        "amenity": "fuel",
        "check_date": "2025-02-07",
        "name": "Auto LPG",
        "source": "survey"
      },
      "geometry": {
        "type": "Point",
        "coordinates": [
          77.8411399,
          12.7288515
        ]
      },
      "id": "node/12564709358"
    },
    {
      "type": "Feature",
      "properties": {
        "@id": "node/12564722207",
        "amenity": "fuel",
        "brand": "Indian Oil",
        "brand:wikidata": "Q1289348",
        "check_date": "2025-02-07",
        "name": "Indian Oil"
      },
      "geometry": {
        "type": "Point",
        "coordinates": [
          78.1724965,
          12.180066
        ]
      },
      "id": "node/12564722207"
    },
    {
      "type": "Feature",
      "properties": {
        "@id": "node/12564722209",
        "amenity": "fuel",
        "brand": "Nayara",
        "brand:wikidata": "Q5399377",
        "check_date": "2025-02-07",
        "name": "Nayara"
      },
      "geometry": {
        "type": "Point",
        "coordinates": [
          78.1511305,
          12.1601204
        ]
      },
      "id": "node/12564722209"
    },
    {
      "type": "Feature",
      "properties": {
        "@id": "node/12564722210",
        "amenity": "fuel",
        "brand": "Bharat Petroleum",
        "brand:wikidata": "Q854826",
        "check_date": "2025-02-07",
        "name": "Bharat Petroleum"
      },
      "geometry": {
        "type": "Point",
        "coordinates": [
          78.1569969,
          12.1577563
        ]
      },
      "id": "node/12564722210"
    },
    {
      "type": "Feature",
      "properties": {
        "@id": "node/12564722214",
        "amenity": "fuel",
        "brand": "Hindustan Petroleum",
        "brand:wikidata": "Q1619375",
        "check_date": "2025-02-07",
        "name": "HP",
        "official_name": "Hindustan Petroleum"
      },
      "geometry": {
        "type": "Point",
        "coordinates": [
          78.1291094,
          12.169823
        ]
      },
      "id": "node/12564722214"
    },
    {
      "type": "Feature",
      "properties": {
        "@id": "node/12564722215",
        "amenity": "fuel",
        "brand": "Bharat Petroleum",
        "brand:wikidata": "Q854826",
        "check_date": "2025-02-07",
        "name": "Bharat Petroleum"
      },
      "geometry": {
        "type": "Point",
        "coordinates": [
          78.130174,
          12.1675304
        ]
      },
      "id": "node/12564722215"
    },
    {
      "type": "Feature",
      "properties": {
        "@id": "node/12564722216",
        "amenity": "fuel",
        "brand": "Indian Oil",
        "brand:wikidata": "Q1289348",
        "check_date": "2025-02-07",
        "name": "Indian Oil"
      },
      "geometry": {
        "type": "Point",
        "coordinates": [
          78.1279892,
          12.1814068
        ]
      },
      "id": "node/12564722216"
    },
    {
      "type": "Feature",
      "properties": {
        "@id": "node/12564723109",
        "amenity": "fuel",
        "brand": "Hindustan Petroleum",
        "brand:wikidata": "Q1619375",
        "check_date": "2025-02-07",
        "name": "HP",
        "official_name": "Hindustan Petroleum"
      },
      "geometry": {
        "type": "Point",
        "coordinates": [
          78.368515,
          12.5355073
        ]
      },
      "id": "node/12564723109"
    },
    {
      "type": "Feature",
      "properties": {
        "@id": "node/12596106643",
        "addr:city": "jagalur",
        "addr:district": "DAVANAGERE",
        "addr:postcode": "577528",
        "addr:street": "Jagalur 577528, Davangere, Karnataka, India",
        "amenity": "fuel",
        "name": "Bharath"
      },
      "geometry": {
        "type": "Point",
        "coordinates": [
          76.3419987,
          14.5243586
        ]
      },
      "id": "node/12596106643"
    },
    {
      "type": "Feature",
      "properties": {
        "@id": "node/12596128974",
        "addr:city": "Davanagere",
        "addr:postcode": "577528",
        "addr:street": "Jagalur 577528, Davangere, Karnataka, India",
        "amenity": "fuel",
        "name": "Indian Oil"
      },
      "geometry": {
        "type": "Point",
        "coordinates": [
          76.3411841,
          14.5251109
        ]
      },
      "id": "node/12596128974"
    },
    {
      "type": "Feature",
      "properties": {
        "@id": "node/12596143901",
        "amenity": "fuel",
        "name": "BHARATH PETROLIUM"
      },
      "geometry": {
        "type": "Point",
        "coordinates": [
          76.3544706,
          14.522295
        ]
      },
      "id": "node/12596143901"
    },
    {
      "type": "Feature",
      "properties": {
        "@id": "node/12596410833",
        "amenity": "fuel",
        "name": "ioc petrolum"
      },
      "geometry": {
        "type": "Point",
        "coordinates": [
          78.5454337,
          17.3431549
        ]
      },
      "id": "node/12596410833"
    },
    {
      "type": "Feature",
      "properties": {
        "@id": "node/12606736601",
        "amenity": "fuel",
        "name": "Total Energies"
      },
      "geometry": {
        "type": "Point",
        "coordinates": [
          77.7282768,
          13.414018
        ]
      },
      "id": "node/12606736601"
    },
    {
      "type": "Feature",
      "properties": {
        "@id": "node/12609025402",
        "amenity": "fuel",
        "name": "HP",
        "name:kn": "ಹಿಂದುಸ್ತಾನ್ ಪೆಟ್ರೋಲಿಯಂ"
      },
      "geometry": {
        "type": "Point",
        "coordinates": [
          77.7276322,
          13.409657
        ]
      },
      "id": "node/12609025402"
    },
    {
      "type": "Feature",
      "properties": {
        "@id": "node/12609026401",
        "amenity": "fuel",
        "name": "Reliance",
        "name:kn": "ರಿಲಾಯನ್ಸ್"
      },
      "geometry": {
        "type": "Point",
        "coordinates": [
          77.7296243,
          13.4225794
        ]
      },
      "id": "node/12609026401"
    },
    {
      "type": "Feature",
      "properties": {
        "@id": "node/12609825204",
        "amenity": "fuel",
        "brand": "Nayara",
        "brand:wikidata": "Q5399377",
        "check_date": "2025-02-22",
        "name": "Nayara"
      },
      "geometry": {
        "type": "Point",
        "coordinates": [
          78.4652953,
          12.0224258
        ]
      },
      "id": "node/12609825204"
    },
    {
      "type": "Feature",
      "properties": {
        "@id": "node/12609851116",
        "amenity": "fuel",
        "brand": "Nayara",
        "brand:wikidata": "Q5399377",
        "check_date": "2025-02-22",
        "name": "Nayara"
      },
      "geometry": {
        "type": "Point",
        "coordinates": [
          78.4652953,
          12.0224258
        ]
      },
      "id": "node/12609851116"
    },
    {
      "type": "Feature",
      "properties": {
        "@id": "node/12618666896",
        "amenity": "fuel",
        "name": "IndianOil"
      },
      "geometry": {
        "type": "Point",
        "coordinates": [
          78.3637845,
          17.5436738
        ]
      },
      "id": "node/12618666896"
    },
    {
      "type": "Feature",
      "properties": {
        "@id": "node/12618672636",
        "amenity": "fuel",
        "name": "IndianOil"
      },
      "geometry": {
        "type": "Point",
        "coordinates": [
          78.3622489,
          17.5478654
        ]
      },
      "id": "node/12618672636"
    },
    {
      "type": "Feature",
      "properties": {
        "@id": "node/12630658253",
        "amenity": "fuel",
        "brand": "Shell",
        "brand:wikidata": "Q110716465",
        "name": "Shell"
      },
      "geometry": {
        "type": "Point",
        "coordinates": [
          77.6907112,
          13.2000331
        ]
      },
      "id": "node/12630658253"
    },
    {
      "type": "Feature",
      "properties": {
        "@id": "node/12690379042",
        "addr:city": "birkur",
        "addr:district": "kamareddy",
        "addr:postcode": "503321",
        "addr:street": "main road birkur",
        "amenity": "fuel",
        "name": "indian fuel pump"
      },
      "geometry": {
        "type": "Point",
        "coordinates": [
          77.802123,
          18.4580108
        ]
      },
      "id": "node/12690379042"
    },
    {
      "type": "Feature",
      "properties": {
        "@id": "node/12690485161",
        "addr:city": "birkur",
        "addr:district": "Kamareddy",
        "addr:postcode": "503321",
        "addr:street": "near BusStand",
        "amenity": "fuel",
        "name": "HP fuel station"
      },
      "geometry": {
        "type": "Point",
        "coordinates": [
          77.8022652,
          18.4652311
        ]
      },
      "id": "node/12690485161"
    },
    {
      "type": "Feature",
      "properties": {
        "@id": "node/12690496993",
        "addr:city": "Banswada",
        "addr:district": "Kamareddy",
        "addr:postcode": "503187",
        "addr:street": "Tadkol road",
        "amenity": "fuel",
        "name": "Kacham Sangaiah HP Petrol pump"
      },
      "geometry": {
        "type": "Point",
        "coordinates": [
          77.875298,
          18.3739392
        ]
      },
      "id": "node/12690496993"
    },
    {
      "type": "Feature",
      "properties": {
        "@id": "node/12698426001",
        "addr:street": "11th Cross Road",
        "amenity": "fuel",
        "name": "Tumkur Petroleum Co.",
        "self_service": "no"
      },
      "geometry": {
        "type": "Point",
        "coordinates": [
          77.121977,
          13.328657
        ]
      },
      "id": "node/12698426001"
    },
    {
      "type": "Feature",
      "properties": {
        "@id": "node/12714985201",
        "amenity": "fuel",
        "name": "Shivdev"
      },
      "geometry": {
        "type": "Point",
        "coordinates": [
          77.1094847,
          13.3338485
        ]
      },
      "id": "node/12714985201"
    },
    {
      "type": "Feature",
      "properties": {
        "@id": "node/12732627601",
        "amenity": "fuel",
        "name": "Nayara Energy- Rathna Petrol Station"
      },
      "geometry": {
        "type": "Point",
        "coordinates": [
          78.1933591,
          13.1365612
        ]
      },
      "id": "node/12732627601"
    },
    {
      "type": "Feature",
      "properties": {
        "@id": "node/12732628201",
        "amenity": "fuel",
        "name": "A V G fuel station"
      },
      "geometry": {
        "type": "Point",
        "coordinates": [
          78.1939252,
          13.1357873
        ]
      },
      "id": "node/12732628201"
    },
    {
      "type": "Feature",
      "properties": {
        "@id": "node/12736448057",
        "amenity": "fuel",
        "brand": "Indian Oil",
        "brand:wikidata": "Q1289348",
        "check_date": "2025-04-07",
        "name": "Indian Oil"
      },
      "geometry": {
        "type": "Point",
        "coordinates": [
          75.1355005,
          15.355577
        ]
      },
      "id": "node/12736448057"
    },
    {
      "type": "Feature",
      "properties": {
        "@id": "node/12736545398",
        "addr:city": "HARAPANAHALLI",
        "addr:district": "vijayanagara",
        "addr:postcode": "583131",
        "addr:street": "KOTTUR ROAD",
        "amenity": "fuel",
        "brand": "Indian Oil",
        "brand:wikidata": "Q1289348",
        "fuel:diesel": "yes",
        "fuel:octane_92": "yes",
        "name": "Indian Oil",
        "name:kn": "ಇಂಡಿಯನ್ ಆಯಿಲ್"
      },
      "geometry": {
        "type": "Point",
        "coordinates": [
          76.0097791,
          14.7806223
        ]
      },
      "id": "node/12736545398"
    },
    {
      "type": "Feature",
      "properties": {
        "@id": "node/12736546209",
        "amenity": "fuel",
        "brand": "Bharat Petroleum",
        "brand:wikidata": "Q854826",
        "name": "Bharat Petroleum"
      },
      "geometry": {
        "type": "Point",
        "coordinates": [
          75.9931381,
          14.7794466
        ]
      },
      "id": "node/12736546209"
    },
    {
      "type": "Feature",
      "properties": {
        "@id": "node/12737008901",
        "addr:postcode": "515672",
        "addr:street": "Next to Cube Stop, NH-44, Hyderabad Bengaluru Highway, Village Regatipali, Anantapur, Dharmavaram",
        "amenity": "fuel",
        "name": "HP Petrol Station",
        "opening_hours": "24/7",
        "operator": "HP"
      },
      "geometry": {
        "type": "Point",
        "coordinates": [
          77.6377501,
          14.4010142
        ]
      },
      "id": "node/12737008901"
    },
    {
      "type": "Feature",
      "properties": {
        "@id": "node/12802543082",
        "amenity": "fuel",
        "brand": "Bharat Petroleum",
        "brand:wikidata": "Q854826",
        "fuel:diesel": "yes",
        "fuel:petrol": "yes",
        "name": "Brahmadev Bharat Petroleum",
        "self_service": "no"
      },
      "geometry": {
        "type": "Point",
        "coordinates": [
          75.0162368,
          16.631078
        ]
      },
      "id": "node/12802543082"
    },
    {
      "type": "Feature",
      "properties": {
        "@id": "node/12813483057",
        "addr:city": "Kolichal",
        "amenity": "fuel",
        "brand": "Indian Oil",
        "brand:wikidata": "Q1289348",
        "name": "Kolichal Petrol Pump",
        "self_service": "no"
      },
      "geometry": {
        "type": "Point",
        "coordinates": [
          75.2998621,
          12.4481349
        ]
      },
      "id": "node/12813483057"
    },
    {
      "type": "Feature",
      "properties": {
        "@id": "node/12825819418",
        "amenity": "fuel",
        "brand": "Bharat Petroleum",
        "brand:wikidata": "Q854826",
        "check_date": "2025-05-10",
        "name": "Bharat Petroleum"
      },
      "geometry": {
        "type": "Point",
        "coordinates": [
          75.1320254,
          12.215601
        ]
      },
      "id": "node/12825819418"
    },
    {
      "type": "Feature",
      "properties": {
        "@id": "node/12864992296",
        "amenity": "fuel",
        "brand": "Petrol Pump"
      },
      "geometry": {
        "type": "Point",
        "coordinates": [
          77.9505363,
          11.8261864
        ]
      },
      "id": "node/12864992296"
    },
    {
      "type": "Feature",
      "properties": {
        "@id": "node/12870553641",
        "amenity": "fuel",
        "brand": "Nayara",
        "brand:wikidata": "Q5399377",
        "fuel:diesel": "yes",
        "fuel:petrol": "yes",
        "name": "Laxmi Fuel Station"
      },
      "geometry": {
        "type": "Point",
        "coordinates": [
          75.9240556,
          15.0176006
        ]
      },
      "id": "node/12870553641"
    },
    {
      "type": "Feature",
      "properties": {
        "@id": "node/12876472292",
        "amenity": "fuel",
        "brand": "Hindustan Petroleum",
        "brand:wikidata": "Q1619375",
        "check_date": "2025-08-18",
        "check_date:compressed_air": "2025-08-18",
        "compressed_air": "yes",
        "name": "HP",
        "official_name": "Hindustan Petroleum",
        "self_service": "no"
      },
      "geometry": {
        "type": "Point",
        "coordinates": [
          77.6478369,
          12.8770005
        ]
      },
      "id": "node/12876472292"
    },
    {
      "type": "Feature",
      "properties": {
        "@id": "node/12876480317",
        "amenity": "fuel",
        "brand": "Indian Oil",
        "brand:wikidata": "Q1289348",
        "check_date": "2025-05-31",
        "name": "Indian Oil",
        "self_service": "no",
        "source": "survey"
      },
      "geometry": {
        "type": "Point",
        "coordinates": [
          77.8705182,
          12.6718865
        ]
      },
      "id": "node/12876480317"
    },
    {
      "type": "Feature",
      "properties": {
        "@id": "node/12915151600",
        "amenity": "fuel",
        "check_date": "2025-06-14",
        "name": "Gail Gas"
      },
      "geometry": {
        "type": "Point",
        "coordinates": [
          77.6301995,
          13.0311175
        ]
      },
      "id": "node/12915151600"
    },
    {
      "type": "Feature",
      "properties": {
        "@id": "node/12918666174",
        "amenity": "fuel",
        "brand": "Bharat Petroleum",
        "brand:wikidata": "Q854826",
        "check_date": "2025-06-16",
        "name": "Bharat Petroleum",
        "name:kn": "ಭಾರತ್ ಪೆಟ್ರೋಲಿಯಂ",
        "self_service": "no",
        "source": "survey"
      },
      "geometry": {
        "type": "Point",
        "coordinates": [
          77.1536947,
          13.0543248
        ]
      },
      "id": "node/12918666174"
    },
    {
      "type": "Feature",
      "properties": {
        "@id": "node/12918679342",
        "amenity": "fuel",
        "brand": "Hindustan Petroleum",
        "brand:wikidata": "Q1619375",
        "check_date": "2025-06-16",
        "name": "HP",
        "official_name": "Hindustan Petroleum",
        "self_service": "no",
        "source": "survey"
      },
      "geometry": {
        "type": "Point",
        "coordinates": [
          75.3590087,
          13.2304684
        ]
      },
      "id": "node/12918679342"
    },
    {
      "type": "Feature",
      "properties": {
        "@id": "node/12918679343",
        "amenity": "fuel",
        "brand": "Indian Oil",
        "brand:wikidata": "Q1289348",
        "check_date": "2025-06-16",
        "name": "Indian Oil",
        "self_service": "no",
        "source": "survey"
      },
      "geometry": {
        "type": "Point",
        "coordinates": [
          75.359254,
          13.2316771
        ]
      },
      "id": "node/12918679343"
    },
    {
      "type": "Feature",
      "properties": {
        "@id": "node/12918682024",
        "amenity": "fuel",
        "brand": "Hindustan Petroleum",
        "brand:wikidata": "Q1619375",
        "check_date": "2025-06-16",
        "name": "Hindustan Petroleum",
        "name:kn": "ಹಿಂದುಸ್ತಾನ್ ಪೆಟ್ರೋಲಿಯಂ",
        "official_name": "Hindustan Petroleum",
        "self_service": "no",
        "source": "survey"
      },
      "geometry": {
        "type": "Point",
        "coordinates": [
          75.9961614,
          13.1230511
        ]
      },
      "id": "node/12918682024"
    },
    {
      "type": "Feature",
      "properties": {
        "@id": "node/12918686017",
        "amenity": "fuel",
        "brand": "Bharat Petroleum",
        "brand:wikidata": "Q854826",
        "check_date": "2025-06-16",
        "name": "Bharat Petroleum",
        "self_service": "no",
        "source": "survey"
      },
      "geometry": {
        "type": "Point",
        "coordinates": [
          76.7405287,
          12.9623637
        ]
      },
      "id": "node/12918686017"
    },
    {
      "type": "Feature",
      "properties": {
        "@id": "node/12918686019",
        "amenity": "fuel",
        "brand": "Nayara",
        "brand:wikidata": "Q5399377",
        "check_date": "2025-06-16",
        "name": "Nayara",
        "name:kn": "ನಯಾರ",
        "self_service": "no",
        "source": "survey"
      },
      "geometry": {
        "type": "Point",
        "coordinates": [
          76.7537089,
          12.9638176
        ]
      },
      "id": "node/12918686019"
    },
    {
      "type": "Feature",
      "properties": {
        "@id": "node/12941892981",
        "amenity": "fuel",
        "check_date": "2025-06-21",
        "name": "Premier"
      },
      "geometry": {
        "type": "Point",
        "coordinates": [
          77.6400749,
          13.0252988
        ]
      },
      "id": "node/12941892981"
    },
    {
      "type": "Feature",
      "properties": {
        "@id": "node/12977371126",
        "amenity": "fuel",
        "check_date": "2025-07-04"
      },
      "geometry": {
        "type": "Point",
        "coordinates": [
          77.6924602,
          12.8153432
        ]
      },
      "id": "node/12977371126"
    },
    {
      "type": "Feature",
      "properties": {
        "@id": "node/12977371129",
        "amenity": "fuel",
        "check_date": "2025-07-04"
      },
      "geometry": {
        "type": "Point",
        "coordinates": [
          77.6816793,
          12.8300865
        ]
      },
      "id": "node/12977371129"
    },
    {
      "type": "Feature",
      "properties": {
        "@id": "node/12993137180",
        "amenity": "fuel",
        "brand": "Indian Oil",
        "brand:wikidata": "Q1289348",
        "name": "Indian Oil",
        "name:kn": "ಇಂಡಿಯನ್ ಆಯಿಲ್"
      },
      "geometry": {
        "type": "Point",
        "coordinates": [
          74.9104537,
          12.8918238
        ]
      },
      "id": "node/12993137180"
    },
    {
      "type": "Feature",
      "properties": {
        "@id": "node/12993628701",
        "amenity": "fuel",
        "name": "Hindustan Petroleum"
      },
      "geometry": {
        "type": "Point",
        "coordinates": [
          78.223147,
          17.5438089
        ]
      },
      "id": "node/12993628701"
    },
    {
      "type": "Feature",
      "properties": {
        "@id": "node/13030811811",
        "amenity": "fuel",
        "check_date": "2025-07-28",
        "name": "Indian Oil"
      },
      "geometry": {
        "type": "Point",
        "coordinates": [
          77.5013056,
          17.9245721
        ]
      },
      "id": "node/13030811811"
    },
    {
      "type": "Feature",
      "properties": {
        "@id": "node/13045121469",
        "amenity": "fuel",
        "name": "Indian Oil"
      },
      "geometry": {
        "type": "Point",
        "coordinates": [
          77.9570733,
          16.3760661
        ]
      },
      "id": "node/13045121469"
    },
    {
      "type": "Feature",
      "properties": {
        "@id": "node/13045121487",
        "amenity": "fuel",
        "name": "Hindustan Petroleum Corporation Limited"
      },
      "geometry": {
        "type": "Point",
        "coordinates": [
          77.9322602,
          16.3823039
        ]
      },
      "id": "node/13045121487"
    },
    {
      "type": "Feature",
      "properties": {
        "@id": "node/13045121488",
        "amenity": "fuel",
        "name": "Indian Oil"
      },
      "geometry": {
        "type": "Point",
        "coordinates": [
          77.9397556,
          16.3879008
        ]
      },
      "id": "node/13045121488"
    },
    {
      "type": "Feature",
      "properties": {
        "@id": "node/13059749479",
        "amenity": "fuel",
        "brand": "Bharat Petroleum",
        "brand:wikidata": "Q854826",
        "check_date": "2025-08-07",
        "name": "Bharat Petroleum"
      },
      "geometry": {
        "type": "Point",
        "coordinates": [
          77.8335272,
          12.7226244
        ]
      },
      "id": "node/13059749479"
    },
    {
      "type": "Feature",
      "properties": {
        "@id": "node/13059757334",
        "amenity": "fuel",
        "brand": "Bharat Petroleum",
        "brand:wikidata": "Q854826",
        "check_date": "2025-08-09",
        "name": "Bharat Petroleum"
      },
      "geometry": {
        "type": "Point",
        "coordinates": [
          77.8657712,
          12.6762598
        ]
      },
      "id": "node/13059757334"
    },
    {
      "type": "Feature",
      "properties": {
        "@id": "node/13073959951",
        "amenity": "fuel",
        "brand": "Bharat Petroleum",
        "brand:wikidata": "Q854826",
        "name": "Bharat Petroleum"
      },
      "geometry": {
        "type": "Point",
        "coordinates": [
          78.3963715,
          17.4964949
        ]
      },
      "id": "node/13073959951"
    },
    {
      "type": "Feature",
      "properties": {
        "@id": "node/13096980920",
        "amenity": "fuel",
        "brand": "Hindustan Petroleum",
        "brand:wikidata": "Q1619375",
        "check_date": "2025-08-26",
        "name": "HP",
        "official_name": "Hindustan Petroleum",
        "self_service": "no"
      },
      "geometry": {
        "type": "Point",
        "coordinates": [
          78.4645748,
          12.3413147
        ]
      },
      "id": "node/13096980920"
    },
    {
      "type": "Feature",
      "properties": {
        "@id": "node/13097000379",
        "amenity": "fuel",
        "brand": "Bharat Petroleum",
        "brand:wikidata": "Q854826",
        "check_date": "2025-08-26",
        "name": "Bharat Petroleum",
        "self_service": "no"
      },
      "geometry": {
        "type": "Point",
        "coordinates": [
          78.3376231,
          12.4700092
        ]
      },
      "id": "node/13097000379"
    },
    {
      "type": "Feature",
      "properties": {
        "@id": "node/13097022934",
        "amenity": "fuel",
        "brand": "Bharat Petroleum",
        "brand:wikidata": "Q854826",
        "check_date": "2025-08-26",
        "name": "Bharat Petroleum",
        "self_service": "no"
      },
      "geometry": {
        "type": "Point",
        "coordinates": [
          78.2329647,
          12.5153813
        ]
      },
      "id": "node/13097022934"
    },
    {
      "type": "Feature",
      "properties": {
        "@id": "node/13097022935",
        "amenity": "fuel",
        "check_date": "2025-08-26",
        "self_service": "no"
      },
      "geometry": {
        "type": "Point",
        "coordinates": [
          78.231598,
          12.5154665
        ]
      },
      "id": "node/13097022935"
    },
    {
      "type": "Feature",
      "properties": {
        "@id": "node/13120636975",
        "addr:housenumber": "Plot no 14",
        "addr:postcode": "560048",
        "addr:street": "Kundalahalli Main Road",
        "amenity": "fuel",
        "name": "Hindustan Petroleum",
        "opening_hours": "24/7",
        "phone": "+919888751222",
        "self_service": "no",
        "website": "https://petrolpump.hpretail.in/hindustan-petroleum-corporation-limited-vriddhii-fuels-petrol-pump-itpl-main-road-bengaluru-419690/Home"
      },
      "geometry": {
        "type": "Point",
        "coordinates": [
          77.7077508,
          12.9857026
        ]
      },
      "id": "node/13120636975"
    },
    {
      "type": "Feature",
      "properties": {
        "@id": "node/13120641506",
        "amenity": "fuel"
      },
      "geometry": {
        "type": "Point",
        "coordinates": [
          77.7088261,
          12.9872387
        ]
      },
      "id": "node/13120641506"
    },
    {
      "type": "Feature",
      "properties": {
        "@id": "node/13131307640",
        "amenity": "fuel",
        "brand": "Shell",
        "brand:wikidata": "Q110716465",
        "name": "Shell"
      },
      "geometry": {
        "type": "Point",
        "coordinates": [
          77.6293838,
          12.7866887
        ]
      },
      "id": "node/13131307640"
    },
    {
      "type": "Feature",
      "properties": {
        "@id": "node/13189937439",
        "amenity": "fuel",
        "compressed_air": "yes"
      },
      "geometry": {
        "type": "Point",
        "coordinates": [
          78.3553758,
          17.5301667
        ]
      },
      "id": "node/13189937439"
    },
    {
      "type": "Feature",
      "properties": {
        "@id": "node/13189996503",
        "amenity": "fuel"
      },
      "geometry": {
        "type": "Point",
        "coordinates": [
          78.3593263,
          17.5390039
        ]
      },
      "id": "node/13189996503"
    },
    {
      "type": "Feature",
      "properties": {
        "@id": "node/13190036033",
        "amenity": "fuel"
      },
      "geometry": {
        "type": "Point",
        "coordinates": [
          77.9614279,
          16.3729921
        ]
      },
      "id": "node/13190036033"
    },
    {
      "type": "Feature",
      "properties": {
        "@id": "node/13208170228",
        "amenity": "fuel",
        "brand": "Indian Oil",
        "brand:wikidata": "Q1289348",
        "check_date": "2025-10-11",
        "name": "Indian Oil"
      },
      "geometry": {
        "type": "Point",
        "coordinates": [
          78.4347957,
          17.4550094
        ]
      },
      "id": "node/13208170228"
    },
    {
      "type": "Feature",
      "properties": {
        "@id": "node/13208170229",
        "amenity": "fuel",
        "brand": "Bharat Petroleum",
        "brand:wikidata": "Q854826",
        "check_date": "2025-10-11",
        "name": "Bharat Petroleum"
      },
      "geometry": {
        "type": "Point",
        "coordinates": [
          78.4350198,
          17.4544867
        ]
      },
      "id": "node/13208170229"
    },
    {
      "type": "Feature",
      "properties": {
        "@id": "node/13227600333",
        "amenity": "fuel",
        "brand": "Hindustan Petroleum",
        "brand:wikidata": "Q1619375",
        "check_date": "2025-10-12",
        "name": "HP",
        "official_name": "Hindustan Petroleum"
      },
      "geometry": {
        "type": "Point",
        "coordinates": [
          78.420432,
          17.3780543
        ]
      },
      "id": "node/13227600333"
    },
    {
      "type": "Feature",
      "properties": {
        "@id": "node/13227600337",
        "amenity": "fuel",
        "brand": "Nayara",
        "brand:wikidata": "Q5399377",
        "check_date": "2025-10-12",
        "name": "Nayara"
      },
      "geometry": {
        "type": "Point",
        "coordinates": [
          78.4230294,
          17.3886398
        ]
      },
      "id": "node/13227600337"
    },
    {
      "type": "Feature",
      "properties": {
        "@id": "node/13227600338",
        "amenity": "fuel",
        "brand": "Indian Oil",
        "brand:wikidata": "Q1289348",
        "check_date": "2025-10-12",
        "name": "Indian Oil"
      },
      "geometry": {
        "type": "Point",
        "coordinates": [
          78.4235621,
          17.3918997
        ]
      },
      "id": "node/13227600338"
    },
    {
      "type": "Feature",
      "properties": {
        "@id": "node/13227600349",
        "amenity": "fuel",
        "brand": "Hindustan Petroleum",
        "brand:wikidata": "Q1619375",
        "check_date": "2025-10-12",
        "name": "HP",
        "official_name": "Hindustan Petroleum"
      },
      "geometry": {
        "type": "Point",
        "coordinates": [
          78.4063492,
          17.4043298
        ]
      },
      "id": "node/13227600349"
    },
    {
      "type": "Feature",
      "properties": {
        "@id": "node/13257094401",
        "amenity": "fuel",
        "name": "Indian oil"
      },
      "geometry": {
        "type": "Point",
        "coordinates": [
          74.9259752,
          13.4505517
        ]
      },
      "id": "node/13257094401"
    },
    {
      "type": "Feature",
      "properties": {
        "@id": "node/13260824601",
        "amenity": "fuel",
        "name": "JioBP"
      },
      "geometry": {
        "type": "Point",
        "coordinates": [
          74.6946945,
          13.6040794
        ]
      },
      "id": "node/13260824601"
    },
    {
      "type": "Feature",
      "properties": {
        "@id": "node/13260858201",
        "amenity": "fuel",
        "name": "Indian oil"
      },
      "geometry": {
        "type": "Point",
        "coordinates": [
          74.7064699,
          13.5154126
        ]
      },
      "id": "node/13260858201"
    },
    {
      "type": "Feature",
      "properties": {
        "@id": "node/13264172802",
        "amenity": "fuel",
        "name": "fuel bank"
      },
      "geometry": {
        "type": "Point",
        "coordinates": [
          77.040859,
          15.4886403
        ]
      },
      "id": "node/13264172802"
    },
    {
      "type": "Feature",
      "properties": {
        "@id": "node/13288740261",
        "amenity": "fuel",
        "name": "Indian Oil"
      },
      "geometry": {
        "type": "Point",
        "coordinates": [
          76.9746857,
          15.0103258
        ]
      },
      "id": "node/13288740261"
    },
    {
      "type": "Feature",
      "properties": {
        "@id": "node/13290093782",
        "amenity": "fuel",
        "name": "Indian Oil"
      },
      "geometry": {
        "type": "Point",
        "coordinates": [
          74.0290923,
          17.6077915
        ]
      },
      "id": "node/13290093782"
    },
    {
      "type": "Feature",
      "properties": {
        "@id": "node/13290107969",
        "amenity": "fuel",
        "name": "Indian Oil"
      },
      "geometry": {
        "type": "Point",
        "coordinates": [
          74.0904609,
          17.4526512
        ]
      },
      "id": "node/13290107969"
    },
    {
      "type": "Feature",
      "properties": {
        "@id": "node/13290107972",
        "amenity": "fuel",
        "name": "Bharat Petroleum"
      },
      "geometry": {
        "type": "Point",
        "coordinates": [
          74.0517351,
          17.5579151
        ]
      },
      "id": "node/13290107972"
    },
    {
      "type": "Feature",
      "properties": {
        "@id": "node/13290117718",
        "amenity": "fuel",
        "name": "Bharat Petroleum"
      },
      "geometry": {
        "type": "Point",
        "coordinates": [
          74.0828323,
          17.489924
        ]
      },
      "id": "node/13290117718"
    },
    {
      "type": "Feature",
      "properties": {
        "@id": "node/13299123208",
        "addr:full": "113/2, Narmada Colony, Vijaya Bank Colony, Banaswadi, near to Vijaya Bank Colony, Bengaluru, Karnataka, 560043",
        "addr:postcode": "560043",
        "addr:state": "Karnataka",
        "amenity": "fuel",
        "brand": "Indian Oil",
        "brand:wikidata": "Q1289348",
        "compressed_air": "yes",
        "opening_hours": "Mo-Su 06:00-22:00",
        "phone": "+918025491499",
        "website": "https://locator.iocl.com/indianoil-sree-bhalajie-enterprises-petrol-pump-banaswadi-bengaluru-199945/Home"
      },
      "geometry": {
        "type": "Point",
        "coordinates": [
          77.661934,
          13.014797
        ]
      },
      "id": "node/13299123208"
    },
    {
      "type": "Feature",
      "properties": {
        "@id": "node/13299230990",
        "addr:full": "petrol bunk, Kokapet, Hyderabad, near oceanpark, Hyderabad, Telangana, 500075",
        "addr:postcode": "500075",
        "addr:state": "Telangana",
        "amenity": "fuel",
        "brand": "Indian Oil",
        "brand:wikidata": "Q1289348",
        "name": "Indian Oil",
        "opening_hours": "Mo-Su 06:00-22:00",
        "phone": "+919848991510",
        "website": "https://locator.iocl.com/indianoil-green-gas-petrol-pump-vikarabad-vikarabad-234281/Home"
      },
      "geometry": {
        "type": "Point",
        "coordinates": [
          78.3285791,
          17.3880309
        ]
      },
      "id": "node/13299230990"
    },
    {
      "type": "Feature",
      "properties": {
        "@id": "node/13324218853",
        "amenity": "fuel",
        "brand": "Hindustan Petroleum",
        "brand:wikidata": "Q1619375",
        "check_date": "2025-11-11",
        "name": "HP",
        "official_name": "Hindustan Petroleum"
      },
      "geometry": {
        "type": "Point",
        "coordinates": [
          76.0118759,
          13.5574642
        ]
      },
      "id": "node/13324218853"
    },
    {
      "type": "Feature",
      "properties": {
        "@id": "node/13324219528",
        "amenity": "fuel",
        "check_date": "2025-11-22",
        "internet_access": "wlan",
        "internet_access:fee": "no",
        "name": "Nayra Petrol Pump",
        "toilets": "yes"
      },
      "geometry": {
        "type": "Point",
        "coordinates": [
          74.254132,
          17.0166492
        ]
      },
      "id": "node/13324219528"
    },
    {
      "type": "Feature",
      "properties": {
        "@id": "node/13324219529",
        "amenity": "fuel",
        "check_date": "2025-11-22",
        "internet_access": "wlan",
        "internet_access:fee": "no",
        "name": "Nayra Petrol Pump",
        "toilets": "yes"
      },
      "geometry": {
        "type": "Point",
        "coordinates": [
          74.254132,
          17.0166492
        ]
      },
      "id": "node/13324219529"
    },
    {
      "type": "Feature",
      "properties": {
        "@id": "node/13326003888",
        "amenity": "fuel",
        "fixme": "location"
      },
      "geometry": {
        "type": "Point",
        "coordinates": [
          77.3244622,
          13.0652067
        ]
      },
      "id": "node/13326003888"
    },
    {
      "type": "Feature",
      "properties": {
        "@id": "node/13335353382",
        "addr:city": "Davanagere",
        "addr:postcode": "577006",
        "addr:street": "Kondajji Road",
        "amenity": "fuel",
        "brand": "Hindustan Petroleum",
        "brand:wikidata": "Q1619375",
        "fuel:diesel": "yes",
        "fuel:gasoline": "yes",
        "name": "HP",
        "official_name": "Hindustan Petroleum",
        "self_service": "no"
      },
      "geometry": {
        "type": "Point",
        "coordinates": [
          75.9064305,
          14.4794338
        ]
      },
      "id": "node/13335353382"
    },
    {
      "type": "Feature",
      "properties": {
        "@id": "node/13389079024",
        "amenity": "fuel",
        "brand": "Indian Oil",
        "brand:wikidata": "Q1289348",
        "name": "Indian oil"
      },
      "geometry": {
        "type": "Point",
        "coordinates": [
          76.2995645,
          15.4271041
        ]
      },
      "id": "node/13389079024"
    },
    {
      "type": "Feature",
      "properties": {
        "@id": "node/13389079025",
        "amenity": "fuel"
      },
      "geometry": {
        "type": "Point",
        "coordinates": [
          76.2369428,
          15.583912
        ]
      },
      "id": "node/13389079025"
    },
    {
      "type": "Feature",
      "properties": {
        "@id": "node/13389079026",
        "amenity": "fuel",
        "name": "Shri Basava Petroleum"
      },
      "geometry": {
        "type": "Point",
        "coordinates": [
          76.1526911,
          15.6464353
        ]
      },
      "id": "node/13389079026"
    },
    {
      "type": "Feature",
      "properties": {
        "@id": "node/13389079027",
        "amenity": "fuel",
        "brand": "Bharat Petroleum",
        "brand:wikidata": "Q854826",
        "name": "Bharat petroleum"
      },
      "geometry": {
        "type": "Point",
        "coordinates": [
          75.9753871,
          15.7307201
        ]
      },
      "id": "node/13389079027"
    },
    {
      "type": "Feature",
      "properties": {
        "@id": "node/13389079028",
        "amenity": "fuel",
        "brand": "Indian Oil",
        "brand:wikidata": "Q1289348",
        "name": "Indian oil"
      },
      "geometry": {
        "type": "Point",
        "coordinates": [
          75.9638862,
          15.7328687
        ]
      },
      "id": "node/13389079028"
    },
    {
      "type": "Feature",
      "properties": {
        "@id": "node/13389079029",
        "amenity": "fuel",
        "brand": "Indian Oil",
        "brand:wikidata": "Q1289348",
        "name": "Indian oil"
      },
      "geometry": {
        "type": "Point",
        "coordinates": [
          75.8540124,
          15.8013116
        ]
      },
      "id": "node/13389079029"
    },
    {
      "type": "Feature",
      "properties": {
        "@id": "node/13389079030",
        "amenity": "fuel",
        "brand": "Indian Oil",
        "brand:wikidata": "Q1289348",
        "name": "Indian oil"
      },
      "geometry": {
        "type": "Point",
        "coordinates": [
          75.6903218,
          15.9038989
        ]
      },
      "id": "node/13389079030"
    },
    {
      "type": "Feature",
      "properties": {
        "@id": "node/13412457701",
        "amenity": "fuel",
        "email": "veto-zen-dragonfly@duck.com",
        "name:en": "HP Petrol Station"
      },
      "geometry": {
        "type": "Point",
        "coordinates": [
          75.2343742,
          12.2374586
        ]
      },
      "id": "node/13412457701"
    },
    {
      "type": "Feature",
      "properties": {
        "@id": "node/13413216456",
        "amenity": "fuel",
        "brand": "Bharat Petroleum",
        "brand:wikidata": "Q854826",
        "name": "Bharat petroleum"
      },
      "geometry": {
        "type": "Point",
        "coordinates": [
          75.5014397,
          12.1240961
        ]
      },
      "id": "node/13413216456"
    },
    {
      "type": "Feature",
      "properties": {
        "@id": "node/13436972479",
        "amenity": "fuel",
        "brand": "Hindustan Petroleum",
        "brand:wikidata": "Q1619375",
        "name": "HP",
        "official_name": "Hindustan Petroleum"
      },
      "geometry": {
        "type": "Point",
        "coordinates": [
          78.4247523,
          17.5234466
        ]
      },
      "id": "node/13436972479"
    },
    {
      "type": "Feature",
      "properties": {
        "@id": "node/13518341801",
        "amenity": "fuel",
        "name": "Indian Oil"
      },
      "geometry": {
        "type": "Point",
        "coordinates": [
          77.7258012,
          13.3372454
        ]
      },
      "id": "node/13518341801"
    },
    {
      "type": "Feature",
      "properties": {
        "@id": "node/13519381327",
        "amenity": "fuel",
        "check_date": "2026-02-02",
        "name": "Bharath Petroleum",
        "operator": "Bharath Petroleum",
        "payment:cash": "yes",
        "payment:credit_cards": "yes",
        "payment:debit_cards": "yes",
        "self_service": "no",
        "wheelchair": "yes"
      },
      "geometry": {
        "type": "Point",
        "coordinates": [
          77.5842241,
          13.0205063
        ]
      },
      "id": "node/13519381327"
    },
    {
      "type": "Feature",
      "properties": {
        "@id": "node/13531212092",
        "amenity": "fuel",
        "brand": "Bharat Petroleum",
        "brand:wikidata": "Q854826",
        "check_date": "2026-02-07",
        "name": "Bharat Petroleum"
      },
      "geometry": {
        "type": "Point",
        "coordinates": [
          78.4427385,
          17.4373889
        ]
      },
      "id": "node/13531212092"
    },
    {
      "type": "Feature",
      "properties": {
        "@id": "node/13531377449",
        "amenity": "fuel",
        "brand": "Indian Oil",
        "brand:wikidata": "Q1289348",
        "check_date": "2026-02-07",
        "name": "Indian Oil"
      },
      "geometry": {
        "type": "Point",
        "coordinates": [
          78.4414208,
          17.4270025
        ]
      },
      "id": "node/13531377449"
    },
    {
      "type": "Feature",
      "properties": {
        "@id": "node/13532195621",
        "amenity": "fuel",
        "brand": "Indian Oil",
        "brand:wikidata": "Q1289348",
        "check_date": "2026-02-07",
        "name": "Indian Oil"
      },
      "geometry": {
        "type": "Point",
        "coordinates": [
          78.4555839,
          17.4299165
        ]
      },
      "id": "node/13532195621"
    },
    {
      "type": "Feature",
      "properties": {
        "@id": "node/13536912480",
        "amenity": "fuel",
        "brand": "Indian Oil",
        "brand:wikidata": "Q1289348",
        "check_date": "2026-02-09",
        "name": "Indian Oil"
      },
      "geometry": {
        "type": "Point",
        "coordinates": [
          78.4942165,
          17.4378733
        ]
      },
      "id": "node/13536912480"
    },
    {
      "type": "Feature",
      "properties": {
        "@id": "node/13543734320",
        "amenity": "fuel",
        "brand": "Hindustan Petroleum",
        "brand:wikidata": "Q1619375",
        "name": "HP",
        "official_name": "Hindustan Petroleum"
      },
      "geometry": {
        "type": "Point",
        "coordinates": [
          78.4226914,
          17.4298744
        ]
      },
      "id": "node/13543734320"
    },
    {
      "type": "Feature",
      "properties": {
        "@id": "node/13543816904",
        "amenity": "fuel"
      },
      "geometry": {
        "type": "Point",
        "coordinates": [
          78.4605058,
          17.4159318
        ]
      },
      "id": "node/13543816904"
    }
  ]
}