{
  "type": "FeatureCollection",
  "generator": "overpass-turbo",
  "copyright": "The data included in this document is from www.openstreetmap.org. The data is made available under ODbL.",
  "timestamp": "2026-02-15T08:35:55Z",
  "features": [
    {
      "type": "Feature",
      "properties": {
        "@id": "node/251772796",
        "amenity": "fuel",
        "brand": "Hindustan Petroleum",
        "brand:wikidata": "Q1619375",
        "name": "HP",
        "official_name": "Hindustan Petroleum"
      },
      "geometry": {
        "type": "Point",
        "coordinates": [
          76.9627206,
          8.5110238
        ]
      },
      "id": "node/251772796"
    },
    {
      "type": "Feature",
      "properties": {
        "@id": "node/251772800",
        "amenity": "fuel",
        "compressed_air": "yes",
        "name": "Bharat Petrol",
        "self_service": "no"
      },
      "geometry": {
        "type": "Point",
        "coordinates": [
          76.9621048,
          8.5076353
        ]
      },
      "id": "node/251772800"
    },
    {
      "type": "Feature",
      "properties": {
        "@id": "node/309911113",
        "amenity": "fuel"
      },
      "geometry": {
        "type": "Point",
        "coordinates": [
          76.677072,
          8.8242959
        ]
      },
      "id": "node/309911113"
    },
    {
      "type": "Feature",
      "properties": {
        "@id": "node/344435543",
        "amenity": "fuel"
      },
      "geometry": {
        "type": "Point",
        "coordinates": [
          76.2120633,
          10.6063429
        ]
      },
      "id": "node/344435543"
    },
    {
      "type": "Feature",
      "properties": {
        "@id": "node/355652650",
        "amenity": "fuel",
        "brand": "Essar",
        "brand:wikidata": "Q5399372",
        "name": "Essar petrol station musliarangadi"
      },
      "geometry": {
        "type": "Point",
        "coordinates": [
          76.0057173,
          11.1296431
        ]
      },
      "id": "node/355652650"
    },
    {
      "type": "Feature",
      "properties": {
        "@id": "node/418807842",
        "amenity": "fuel",
        "brand": "Hindustan Petroleum"
      },
      "geometry": {
        "type": "Point",
        "coordinates": [
          75.8456129,
          11.2969266
        ]
      },
      "id": "node/418807842"
    },
    {
      "type": "Feature",
      "properties": {
        "@id": "node/429755422",
        "amenity": "fuel",
        "name": "Kovoor Petrol Pump",
        "operator": "BP"
      },
      "geometry": {
        "type": "Point",
        "coordinates": [
          75.8319857,
          11.2710933
        ]
      },
      "id": "node/429755422"
    },
    {
      "type": "Feature",
      "properties": {
        "@id": "node/459429354",
        "addr:city": "THAMARASSERY",
        "addr:postcode": "673573",
        "addr:street": "Chungam",
        "amenity": "fuel",
        "fuel:diesel": "yes",
        "fuel:petrol": "yes",
        "name": "Reliance Petroleum"
      },
      "geometry": {
        "type": "Point",
        "coordinates": [
          75.9340804,
          11.4224358
        ]
      },
      "id": "node/459429354"
    },
    {
      "type": "Feature",
      "properties": {
        "@id": "node/548340958",
        "amenity": "fuel",
        "name": "Superjet Petroleum",
        "opening_hours": "08:00-21:00",
        "operator": "IBP"
      },
      "geometry": {
        "type": "Point",
        "coordinates": [
          76.2751214,
          11.0592219
        ]
      },
      "id": "node/548340958"
    },
    {
      "type": "Feature",
      "properties": {
        "@id": "node/568340865",
        "amenity": "fuel",
        "brand": "Hindustan Petroleum",
        "brand:wikidata": "Q1619375",
        "name": "HP",
        "official_name": "Hindustan Petroleum"
      },
      "geometry": {
        "type": "Point",
        "coordinates": [
          76.9609452,
          8.51904
        ]
      },
      "id": "node/568340865"
    },
    {
      "type": "Feature",
      "properties": {
        "@id": "node/589556106",
        "amenity": "fuel",
        "name": "Nadakkave Pump"
      },
      "geometry": {
        "type": "Point",
        "coordinates": [
          75.7777643,
          11.2731945
        ]
      },
      "id": "node/589556106"
    },
    {
      "type": "Feature",
      "properties": {
        "@id": "node/621664975",
        "amenity": "fuel",
        "brand": "ioc",
        "name": "Supplyco Pump",
        "opening_hours": "24/7",
        "operator": "Supplyco"
      },
      "geometry": {
        "type": "Point",
        "coordinates": [
          76.9602255,
          8.5103383
        ]
      },
      "id": "node/621664975"
    },
    {
      "type": "Feature",
      "properties": {
        "@id": "node/622536433",
        "amenity": "fuel",
        "wikidata": "Q131968035"
      },
      "geometry": {
        "type": "Point",
        "coordinates": [
          76.4221195,
          9.935476
        ]
      },
      "id": "node/622536433"
    },
    {
      "type": "Feature",
      "properties": {
        "@id": "node/622536434",
        "amenity": "fuel"
      },
      "geometry": {
        "type": "Point",
        "coordinates": [
          76.4218727,
          9.936015
        ]
      },
      "id": "node/622536434"
    },
    {
      "type": "Feature",
      "properties": {
        "@id": "node/664073998",
        "addr:street": "Bus Station Road",
        "amenity": "fuel",
        "brand": "Indian Oil",
        "brand:wikidata": "Q1289348",
        "brand:wikipedia": "en:Indian Oil Corporation",
        "fuel:HGV_diesel": "yes",
        "fuel:diesel": "yes",
        "fuel:octane_91": "yes",
        "name": "Indian Oil",
        "operator": "Hindustan Petroleum"
      },
      "geometry": {
        "type": "Point",
        "coordinates": [
          76.031949,
          10.8449272
        ]
      },
      "id": "node/664073998"
    },
    {
      "type": "Feature",
      "properties": {
        "@id": "node/664073999",
        "amenity": "fuel",
        "brand": "Indian Oil",
        "brand:wikidata": "Q1289348",
        "brand:wikipedia": "en:Indian Oil Corporation",
        "fuel:HGV_diesel": "yes",
        "fuel:diesel": "yes",
        "fuel:octane_91": "yes",
        "name": "Indian Oil",
        "operator": "Indian Oil"
      },
      "geometry": {
        "type": "Point",
        "coordinates": [
          76.0300801,
          10.8395074
        ]
      },
      "id": "node/664073999"
    },
    {
      "type": "Feature",
      "properties": {
        "@id": "node/718579296",
        "amenity": "fuel",
        "brand": "Hindustan Petroleum",
        "brand:wikidata": "Q1619375",
        "is_in": "marangattupilly:Kottayam;Kerala",
        "is_in:village": "marangattupilly",
        "name": "HP marangattupilly",
        "official_name": "Hindustan Petroleum"
      },
      "geometry": {
        "type": "Point",
        "coordinates": [
          76.6098634,
          9.7473533
        ]
      },
      "id": "node/718579296"
    },
    {
      "type": "Feature",
      "properties": {
        "@id": "node/764886739",
        "amenity": "fuel"
      },
      "geometry": {
        "type": "Point",
        "coordinates": [
          76.6870861,
          9.7136678
        ]
      },
      "id": "node/764886739"
    },
    {
      "type": "Feature",
      "properties": {
        "@id": "node/764886764",
        "amenity": "fuel",
        "brand": "Hindustan Petroleum",
        "brand:wikidata": "Q1619375",
        "name": "HP",
        "official_name": "Hindustan Petroleum"
      },
      "geometry": {
        "type": "Point",
        "coordinates": [
          76.6885664,
          9.7139177
        ]
      },
      "id": "node/764886764"
    },
    {
      "type": "Feature",
      "properties": {
        "@id": "node/764886908",
        "amenity": "fuel",
        "brand": "IOC",
        "building": "roof",
        "fuel:HGV_diesel": "no",
        "fuel:adblue": "no",
        "fuel:biodiesel": "no",
        "fuel:cng": "no",
        "fuel:e10": "no",
        "fuel:e85": "no",
        "fuel:ethanol": "no",
        "fuel:lpg": "no",
        "fuel:octane_100": "no",
        "fuel:octane_80": "no",
        "fuel:octane_87": "no",
        "fuel:octane_92": "no",
        "fuel:octane_98": "no",
        "name": "thottumkal Pump",
        "payment:bancomat": "no",
        "payment:bankaxess": "no",
        "payment:cash": "yes",
        "payment:cryptocurrencies": "no",
        "payment:diners_club": "no",
        "payment:discover_card": "no",
        "payment:dkv": "no",
        "payment:electronic_purses": "no",
        "payment:girocard": "no",
        "payment:jcb": "no",
        "payment:laser": "yes",
        "payment:postfinance_card": "no",
        "payment:uta": "no"
      },
      "geometry": {
        "type": "Point",
        "coordinates": [
          76.6905839,
          9.7126631
        ]
      },
      "id": "node/764886908"
    },
    {
      "type": "Feature",
      "properties": {
        "@id": "node/775949135",
        "amenity": "fuel",
        "brand": "Bharat Petroleum",
        "brand:wikidata": "Q854826",
        "brand:wikipedia": "en:Bharat Petroleum",
        "name": "Bharat Petroleum"
      },
      "geometry": {
        "type": "Point",
        "coordinates": [
          75.7972501,
          11.2157323
        ]
      },
      "id": "node/775949135"
    },
    {
      "type": "Feature",
      "properties": {
        "@id": "node/801903652",
        "amenity": "fuel",
        "compressed_air": "yes",
        "name": "HP ramapuram"
      },
      "geometry": {
        "type": "Point",
        "coordinates": [
          76.6585222,
          9.7999364
        ]
      },
      "id": "node/801903652"
    },
    {
      "type": "Feature",
      "properties": {
        "@id": "node/842130749",
        "amenity": "fuel"
      },
      "geometry": {
        "type": "Point",
        "coordinates": [
          76.7231914,
          9.8975164
        ]
      },
      "id": "node/842130749"
    },
    {
      "type": "Feature",
      "properties": {
        "@id": "node/843207839",
        "amenity": "fuel",
        "name": "IBP, Ramapuram"
      },
      "geometry": {
        "type": "Point",
        "coordinates": [
          76.6630901,
          9.7921661
        ]
      },
      "id": "node/843207839"
    },
    {
      "type": "Feature",
      "properties": {
        "@id": "node/963694828",
        "amenity": "fuel",
        "fuel:diesel": "yes",
        "fuel:octane_91": "yes",
        "name": "There are 3 in this line HP, IOC etc"
      },
      "geometry": {
        "type": "Point",
        "coordinates": [
          76.7108479,
          9.9061403
        ]
      },
      "id": "node/963694828"
    },
    {
      "type": "Feature",
      "properties": {
        "@id": "node/994696740",
        "amenity": "fuel",
        "cash_withdrawal": "Cnn petroleum"
      },
      "geometry": {
        "type": "Point",
        "coordinates": [
          76.3388129,
          9.4979834
        ]
      },
      "id": "node/994696740"
    },
    {
      "type": "Feature",
      "properties": {
        "@id": "node/1080680685",
        "amenity": "fuel",
        "brand": "Indian Oil",
        "brand:wikidata": "Q1289348",
        "brand:wikipedia": "en:Indian Oil Corporation",
        "name": "Indian Oil Petrol",
        "opening_hours": "PH,Mo-Su 06:00-10:00"
      },
      "geometry": {
        "type": "Point",
        "coordinates": [
          74.9860266,
          12.5095313
        ]
      },
      "id": "node/1080680685"
    },
    {
      "type": "Feature",
      "properties": {
        "@id": "node/1083986550",
        "addr:city": "Erattupetta",
        "addr:housenumber": "Near Marina Bar",
        "addr:street": "Ettumanoor - Erattupetta - Poonjar Road",
        "amenity": "fuel",
        "brand": "Indian Oil",
        "brand:wikidata": "Q1289348",
        "brand:wikipedia": "en:Indian Oil Corporation",
        "name": "Indian Oil"
      },
      "geometry": {
        "type": "Point",
        "coordinates": [
          76.7745305,
          9.6898169
        ]
      },
      "id": "node/1083986550"
    },
    {
      "type": "Feature",
      "properties": {
        "@id": "node/1088365767",
        "amenity": "fuel"
      },
      "geometry": {
        "type": "Point",
        "coordinates": [
          76.6771035,
          9.7050316
        ]
      },
      "id": "node/1088365767"
    },
    {
      "type": "Feature",
      "properties": {
        "@id": "node/1116485742",
        "amenity": "fuel"
      },
      "geometry": {
        "type": "Point",
        "coordinates": [
          76.7762657,
          9.9231991
        ]
      },
      "id": "node/1116485742"
    },
    {
      "type": "Feature",
      "properties": {
        "@id": "node/1142617951",
        "amenity": "fuel"
      },
      "geometry": {
        "type": "Point",
        "coordinates": [
          76.6154852,
          10.6025375
        ]
      },
      "id": "node/1142617951"
    },
    {
      "type": "Feature",
      "properties": {
        "@id": "node/1172852000",
        "amenity": "fuel",
        "brand": "Indian Oil",
        "brand:wikidata": "Q1289348",
        "name": "Station service Carburants",
        "not:brand:wikidata": "Q1273376",
        "operator": "Indian Oil",
        "self_service": "no"
      },
      "geometry": {
        "type": "Point",
        "coordinates": [
          77.0617468,
          10.0722788
        ]
      },
      "id": "node/1172852000"
    },
    {
      "type": "Feature",
      "properties": {
        "@id": "node/1195407535",
        "addr:city": "Thankalam, Kothamangalam",
        "addr:postcode": "686691",
        "addr:street": "Aluva - Munnar Road",
        "amenity": "fuel",
        "brand": "Reliance",
        "fuel:diesel": "yes",
        "fuel:petrol": "yes",
        "name": "Reliance Petroleum Pump",
        "self_service": "no"
      },
      "geometry": {
        "type": "Point",
        "coordinates": [
          76.6137294,
          10.0685805
        ]
      },
      "id": "node/1195407535"
    },
    {
      "type": "Feature",
      "properties": {
        "@id": "node/1195407734",
        "amenity": "fuel",
        "brand": "Indian Oil",
        "brand:wikidata": "Q1289348",
        "name": "Indian Oil",
        "name:en": "Indian Oil"
      },
      "geometry": {
        "type": "Point",
        "coordinates": [
          76.2442355,
          9.9687447
        ]
      },
      "id": "node/1195407734"
    },
    {
      "type": "Feature",
      "properties": {
        "@id": "node/1195407865",
        "amenity": "fuel",
        "brand": "HP"
      },
      "geometry": {
        "type": "Point",
        "coordinates": [
          76.5630114,
          10.0915647
        ]
      },
      "id": "node/1195407865"
    },
    {
      "type": "Feature",
      "properties": {
        "@id": "node/1195407886",
        "amenity": "fuel",
        "brand": "HP",
        "name": "PUMP"
      },
      "geometry": {
        "type": "Point",
        "coordinates": [
          76.6161289,
          10.066722
        ]
      },
      "id": "node/1195407886"
    },
    {
      "type": "Feature",
      "properties": {
        "@id": "node/1236457043",
        "amenity": "fuel",
        "brand": "Indian Oil",
        "brand:wikidata": "Q1289348",
        "brand:wikipedia": "en:Indian Oil Corporation",
        "name": "Indian Oil",
        "wikidata": "Q131968003"
      },
      "geometry": {
        "type": "Point",
        "coordinates": [
          76.2926727,
          9.9952085
        ]
      },
      "id": "node/1236457043"
    },
    {
      "type": "Feature",
      "properties": {
        "@id": "node/1237550811",
        "amenity": "fuel",
        "brand": "Indian Oil",
        "brand:wikidata": "Q1289348",
        "brand:wikipedia": "en:Indian Oil Corporation",
        "diesel": "yes",
        "fuel:biodiesel": "no",
        "fuel:lpg": "no",
        "fuel:octane_100": "yes",
        "name": "Indian Oil Fuel Station",
        "operator": "Indian Oil Corporation"
      },
      "geometry": {
        "type": "Point",
        "coordinates": [
          76.7292724,
          8.7329748
        ]
      },
      "id": "node/1237550811"
    },
    {
      "type": "Feature",
      "properties": {
        "@id": "node/1251471797",
        "amenity": "fuel"
      },
      "geometry": {
        "type": "Point",
        "coordinates": [
          77.0153376,
          9.5779417
        ]
      },
      "id": "node/1251471797"
    },
    {
      "type": "Feature",
      "properties": {
        "@id": "node/1270520677",
        "amenity": "fuel"
      },
      "geometry": {
        "type": "Point",
        "coordinates": [
          76.5815236,
          9.5888845
        ]
      },
      "id": "node/1270520677"
    },
    {
      "type": "Feature",
      "properties": {
        "@id": "node/1405380472",
        "amenity": "fuel",
        "name": "Super Petrol Bunk"
      },
      "geometry": {
        "type": "Point",
        "coordinates": [
          75.7764965,
          11.266895
        ]
      },
      "id": "node/1405380472"
    },
    {
      "type": "Feature",
      "properties": {
        "@id": "node/1435653417",
        "amenity": "fuel",
        "fuel:diesel": "yes",
        "name": "Reliance",
        "name:ml": "റിലയൻസ്",
        "operator": "Reliance"
      },
      "geometry": {
        "type": "Point",
        "coordinates": [
          76.6788706,
          9.7097049
        ]
      },
      "id": "node/1435653417"
    },
    {
      "type": "Feature",
      "properties": {
        "@id": "node/1440538259",
        "amenity": "fuel",
        "name": "Bharat Petroleum",
        "operator": "Bharat Petroleum"
      },
      "geometry": {
        "type": "Point",
        "coordinates": [
          76.7123372,
          9.9002282
        ]
      },
      "id": "node/1440538259"
    },
    {
      "type": "Feature",
      "properties": {
        "@id": "node/1465903132",
        "addr:street": "Valanchery-Kuttipuram-Ponani Highway",
        "amenity": "fuel",
        "brand": "Bharat Petroleum",
        "brand:wikidata": "Q854826",
        "fuel:diesel": "yes",
        "fuel:octane_91": "yes",
        "name": "Bharat Petroleum"
      },
      "geometry": {
        "type": "Point",
        "coordinates": [
          76.0363825,
          10.8579725
        ]
      },
      "id": "node/1465903132"
    },
    {
      "type": "Feature",
      "properties": {
        "@id": "node/1465903148",
        "amenity": "fuel",
        "brand": "Indian Oil",
        "brand:wikidata": "Q1289348",
        "brand:wikipedia": "en:Indian Oil Corporation",
        "fuel:diesel": "yes",
        "fuel:octane_91": "yes",
        "name": "Indian Oil",
        "operator": "Indian Oil",
        "parking": "yes"
      },
      "geometry": {
        "type": "Point",
        "coordinates": [
          76.038289,
          10.8638584
        ]
      },
      "id": "node/1465903148"
    },
    {
      "type": "Feature",
      "properties": {
        "@id": "node/1465903317",
        "amenity": "fuel",
        "fuel:diesel": "yes",
        "parking": "yes"
      },
      "geometry": {
        "type": "Point",
        "coordinates": [
          76.0726955,
          10.886403
        ]
      },
      "id": "node/1465903317"
    },
    {
      "type": "Feature",
      "properties": {
        "@id": "node/1472127824",
        "amenity": "fuel",
        "brand": "Indian Oil",
        "brand:wikidata": "Q1289348",
        "name": "Indian Oil",
        "wikidata": "Q131968029"
      },
      "geometry": {
        "type": "Point",
        "coordinates": [
          76.3184301,
          9.9379014
        ]
      },
      "id": "node/1472127824"
    },
    {
      "type": "Feature",
      "properties": {
        "@id": "node/1472143494",
        "amenity": "fuel",
        "name": "India Oil",
        "wikidata": "Q131968030"
      },
      "geometry": {
        "type": "Point",
        "coordinates": [
          76.3186199,
          9.9431297
        ]
      },
      "id": "node/1472143494"
    },
    {
      "type": "Feature",
      "properties": {
        "@id": "node/1563457958",
        "amenity": "fuel",
        "name": "auto LPG only"
      },
      "geometry": {
        "type": "Point",
        "coordinates": [
          76.5505241,
          9.6588413
        ]
      },
      "id": "node/1563457958"
    },
    {
      "type": "Feature",
      "properties": {
        "@id": "node/1615558872",
        "amenity": "fuel",
        "brand": "Indian Oil",
        "brand:wikidata": "Q1289348",
        "brand:wikipedia": "en:Indian Oil Corporation",
        "name": "Indian Oil",
        "operator": "Parabrahma"
      },
      "geometry": {
        "type": "Point",
        "coordinates": [
          76.5166836,
          9.1271994
        ]
      },
      "id": "node/1615558872"
    },
    {
      "type": "Feature",
      "properties": {
        "@id": "node/1625226691",
        "amenity": "fuel",
        "name": "BP Pump"
      },
      "geometry": {
        "type": "Point",
        "coordinates": [
          76.9978765,
          8.6111463
        ]
      },
      "id": "node/1625226691"
    },
    {
      "type": "Feature",
      "properties": {
        "@id": "node/1665822049",
        "amenity": "fuel"
      },
      "geometry": {
        "type": "Point",
        "coordinates": [
          77.167487,
          10.2805448
        ]
      },
      "id": "node/1665822049"
    },
    {
      "type": "Feature",
      "properties": {
        "@id": "node/1667523169",
        "amenity": "fuel",
        "brand": "Indian Oil",
        "brand:wikidata": "Q1289348",
        "brand:wikipedia": "en:Indian Oil Corporation",
        "name": "Indian Oil"
      },
      "geometry": {
        "type": "Point",
        "coordinates": [
          77.1613,
          9.8309
        ]
      },
      "id": "node/1667523169"
    },
    {
      "type": "Feature",
      "properties": {
        "@id": "node/1667565701",
        "amenity": "fuel"
      },
      "geometry": {
        "type": "Point",
        "coordinates": [
          76.8836654,
          9.539037
        ]
      },
      "id": "node/1667565701"
    },
    {
      "type": "Feature",
      "properties": {
        "@id": "node/1667568154",
        "amenity": "fuel"
      },
      "geometry": {
        "type": "Point",
        "coordinates": [
          76.8809866,
          9.5411308
        ]
      },
      "id": "node/1667568154"
    },
    {
      "type": "Feature",
      "properties": {
        "@id": "node/1668507738",
        "amenity": "fuel",
        "brand": "Hindustan Petroleum",
        "brand:wikidata": "Q1619375",
        "name": "Hindustan Petroleum pump",
        "official_name": "Hindustan Petroleum",
        "payment:credit_cards": "local_only"
      },
      "geometry": {
        "type": "Point",
        "coordinates": [
          76.259507,
          9.9450776
        ]
      },
      "id": "node/1668507738"
    },
    {
      "type": "Feature",
      "properties": {
        "@id": "node/1668543539",
        "amenity": "fuel"
      },
      "geometry": {
        "type": "Point",
        "coordinates": [
          76.3024669,
          9.88164
        ]
      },
      "id": "node/1668543539"
    },
    {
      "type": "Feature",
      "properties": {
        "@id": "node/1668546074",
        "amenity": "fuel"
      },
      "geometry": {
        "type": "Point",
        "coordinates": [
          76.3058537,
          9.8609248
        ]
      },
      "id": "node/1668546074"
    },
    {
      "type": "Feature",
      "properties": {
        "@id": "node/1668548820",
        "amenity": "fuel",
        "brand": "Bharat Petroleum",
        "brand:wikidata": "Q854826",
        "brand:wikipedia": "en:Bharat Petroleum",
        "name": "Bharat Petroleum"
      },
      "geometry": {
        "type": "Point",
        "coordinates": [
          76.372193,
          9.9448838
        ]
      },
      "id": "node/1668548820"
    },
    {
      "type": "Feature",
      "properties": {
        "@id": "node/1668552285",
        "amenity": "fuel"
      },
      "geometry": {
        "type": "Point",
        "coordinates": [
          76.3187302,
          9.7719643
        ]
      },
      "id": "node/1668552285"
    },
    {
      "type": "Feature",
      "properties": {
        "@id": "node/1668554010",
        "amenity": "fuel"
      },
      "geometry": {
        "type": "Point",
        "coordinates": [
          76.3189191,
          9.7495956
        ]
      },
      "id": "node/1668554010"
    },
    {
      "type": "Feature",
      "properties": {
        "@id": "node/1668575904",
        "amenity": "fuel",
        "brand": "Hindustan Petroleum",
        "brand:wikidata": "Q1619375",
        "brand:wikipedia": "en:Hindustan Petroleum",
        "name": "Hindustan Petroleum",
        "official_name": "Hindustan Petroleum"
      },
      "geometry": {
        "type": "Point",
        "coordinates": [
          76.6298733,
          9.5707456
        ]
      },
      "id": "node/1668575904"
    },
    {
      "type": "Feature",
      "properties": {
        "@id": "node/1668579467",
        "amenity": "fuel"
      },
      "geometry": {
        "type": "Point",
        "coordinates": [
          76.6334934,
          9.5692452
        ]
      },
      "id": "node/1668579467"
    },
    {
      "type": "Feature",
      "properties": {
        "@id": "node/1668579468",
        "addr:city": "Manarcadu",
        "addr:street": "NH220",
        "amenity": "fuel",
        "brand": "Bharat Petroleum",
        "brand:wikidata": "Q854826",
        "brand:wikipedia": "en:Bharat Petroleum",
        "compressed_air": "yes",
        "name": "Bharat Petroleum"
      },
      "geometry": {
        "type": "Point",
        "coordinates": [
          76.5789731,
          9.5899619
        ]
      },
      "id": "node/1668579468"
    },
    {
      "type": "Feature",
      "properties": {
        "@id": "node/1668604348",
        "amenity": "fuel",
        "brand": "Indian Oil",
        "brand:wikidata": "Q1289348",
        "brand:wikipedia": "en:Indian Oil Corporation",
        "name": "Indian Oil"
      },
      "geometry": {
        "type": "Point",
        "coordinates": [
          76.42017,
          9.6862419
        ]
      },
      "id": "node/1668604348"
    },
    {
      "type": "Feature",
      "properties": {
        "@id": "node/1668605683",
        "addr:city": "Puthencruz",
        "addr:postcode": "682308",
        "amenity": "fuel",
        "brand": "Hindustan Petroleum",
        "brand:wikidata": "Q1619375",
        "brand:wikipedia": "en:Hindustan Petroleum",
        "fuel:diesel": "yes",
        "fuel:petrol": "yes",
        "name": "HP",
        "official_name": "Hindustan Petroleum",
        "self_service": "no"
      },
      "geometry": {
        "type": "Point",
        "coordinates": [
          76.422275,
          9.9686596
        ]
      },
      "id": "node/1668605683"
    },
    {
      "type": "Feature",
      "properties": {
        "@id": "node/1668614664",
        "amenity": "fuel",
        "compressed_air": "yes"
      },
      "geometry": {
        "type": "Point",
        "coordinates": [
          76.4775367,
          9.9797075
        ]
      },
      "id": "node/1668614664"
    },
    {
      "type": "Feature",
      "properties": {
        "@id": "node/1668615928",
        "addr:city": "Valakom",
        "addr:postcode": "682316",
        "addr:street": "കൊച്ചി - മധുരൈ - ധനുഷ്‌കോടി റോഡ്",
        "amenity": "fuel",
        "brand": "ESSAR",
        "fuel:diesel": "yes",
        "name": "ESSAR PETROL PUMP",
        "operator": "Essar"
      },
      "geometry": {
        "type": "Point",
        "coordinates": [
          76.5175591,
          9.9804472
        ]
      },
      "id": "node/1668615928"
    },
    {
      "type": "Feature",
      "properties": {
        "@id": "node/1668619553",
        "amenity": "fuel"
      },
      "geometry": {
        "type": "Point",
        "coordinates": [
          76.5890269,
          9.9934982
        ]
      },
      "id": "node/1668619553"
    },
    {
      "type": "Feature",
      "properties": {
        "@id": "node/1668637199",
        "amenity": "fuel",
        "name": "BP Petrol Pump"
      },
      "geometry": {
        "type": "Point",
        "coordinates": [
          76.6467646,
          10.0587674
        ]
      },
      "id": "node/1668637199"
    },
    {
      "type": "Feature",
      "properties": {
        "@id": "node/1670514412",
        "amenity": "fuel",
        "brand": "Indian Oil Corporation"
      },
      "geometry": {
        "type": "Point",
        "coordinates": [
          76.8698307,
          8.5736602
        ]
      },
      "id": "node/1670514412"
    },
    {
      "type": "Feature",
      "properties": {
        "@id": "node/1681836969",
        "amenity": "fuel"
      },
      "geometry": {
        "type": "Point",
        "coordinates": [
          76.5485441,
          10.8773033
        ]
      },
      "id": "node/1681836969"
    },
    {
      "type": "Feature",
      "properties": {
        "@id": "node/1681853178",
        "amenity": "fuel"
      },
      "geometry": {
        "type": "Point",
        "coordinates": [
          76.4889777,
          10.9803618
        ]
      },
      "id": "node/1681853178"
    },
    {
      "type": "Feature",
      "properties": {
        "@id": "node/1682984329",
        "amenity": "fuel",
        "brand": "Hindustan Petroleum",
        "brand:wikidata": "Q1619375",
        "name": "HP",
        "official_name": "Hindustan Petroleum",
        "wheelchair": "yes"
      },
      "geometry": {
        "type": "Point",
        "coordinates": [
          76.9518023,
          8.4441566
        ]
      },
      "id": "node/1682984329"
    },
    {
      "type": "Feature",
      "properties": {
        "@id": "node/1683022384",
        "amenity": "fuel"
      },
      "geometry": {
        "type": "Point",
        "coordinates": [
          75.4889438,
          11.7488945
        ]
      },
      "id": "node/1683022384"
    },
    {
      "type": "Feature",
      "properties": {
        "@id": "node/1685415886",
        "amenity": "fuel",
        "name": "Hindustan Petroleum",
        "name:ml": "എച്ച്പി"
      },
      "geometry": {
        "type": "Point",
        "coordinates": [
          76.8541678,
          8.5580612
        ]
      },
      "id": "node/1685415886"
    },
    {
      "type": "Feature",
      "properties": {
        "@id": "node/1706026386",
        "amenity": "fuel",
        "source": "GPS"
      },
      "geometry": {
        "type": "Point",
        "coordinates": [
          77.168678,
          9.6083821
        ]
      },
      "id": "node/1706026386"
    },
    {
      "type": "Feature",
      "properties": {
        "@id": "node/1725549973",
        "amenity": "fuel",
        "brand": "Indian Oil",
        "brand:wikidata": "Q1289348",
        "brand:wikipedia": "en:Indian Oil Corporation",
        "fuel:diesel": "yes",
        "fuel:octane_91": "yes",
        "name": "Indian Oil Fuel Station"
      },
      "geometry": {
        "type": "Point",
        "coordinates": [
          75.9767851,
          10.7230976
        ]
      },
      "id": "node/1725549973"
    },
    {
      "type": "Feature",
      "properties": {
        "@id": "node/1726676525",
        "amenity": "fuel",
        "brand": "Hindustan Petroleum",
        "brand:wikidata": "Q1619375",
        "brand:wikipedia": "en:Hindustan Petroleum",
        "name": "Hindustan Petroleum",
        "official_name": "Hindustan Petroleum"
      },
      "geometry": {
        "type": "Point",
        "coordinates": [
          76.9659917,
          8.4816322
        ]
      },
      "id": "node/1726676525"
    },
    {
      "type": "Feature",
      "properties": {
        "@id": "node/1726690570",
        "amenity": "fuel"
      },
      "geometry": {
        "type": "Point",
        "coordinates": [
          76.9553151,
          8.4845931
        ]
      },
      "id": "node/1726690570"
    },
    {
      "type": "Feature",
      "properties": {
        "@id": "node/1763873278",
        "addr:street": "Uzhavoor Main Road",
        "amenity": "fuel",
        "comment": "may not be exact location",
        "name": "Petrol Pump Uzhavoor",
        "source": "Bing"
      },
      "geometry": {
        "type": "Point",
        "coordinates": [
          76.6105161,
          9.7918419
        ]
      },
      "id": "node/1763873278"
    },
    {
      "type": "Feature",
      "properties": {
        "@id": "node/1767381646",
        "amenity": "fuel"
      },
      "geometry": {
        "type": "Point",
        "coordinates": [
          74.9998438,
          12.543514
        ]
      },
      "id": "node/1767381646"
    },
    {
      "type": "Feature",
      "properties": {
        "@id": "node/1824531736",
        "addr:street": "Ponnani-Chavakkad Highway",
        "amenity": "fuel",
        "email": "lavishkunjikka@gmail.com",
        "name": "Tharayil Fuels, Hindustan Petroleum Dealers",
        "name:en": "HP Pump"
      },
      "geometry": {
        "type": "Point",
        "coordinates": [
          76.0031766,
          10.60948
        ]
      },
      "id": "node/1824531736"
    },
    {
      "type": "Feature",
      "properties": {
        "@id": "node/1850202599",
        "amenity": "fuel",
        "name": "Agastanmuzhi"
      },
      "geometry": {
        "type": "Point",
        "coordinates": [
          75.9869623,
          11.3278195
        ]
      },
      "id": "node/1850202599"
    },
    {
      "type": "Feature",
      "properties": {
        "@id": "node/1850215878",
        "amenity": "fuel",
        "name": "Mavoor"
      },
      "geometry": {
        "type": "Point",
        "coordinates": [
          75.949752,
          11.2600954
        ]
      },
      "id": "node/1850215878"
    },
    {
      "type": "Feature",
      "properties": {
        "@id": "node/1851338572",
        "amenity": "fuel",
        "name": "Valillapuzha"
      },
      "geometry": {
        "type": "Point",
        "coordinates": [
          76.0260147,
          11.2642725
        ]
      },
      "id": "node/1851338572"
    },
    {
      "type": "Feature",
      "properties": {
        "@id": "node/1862573474",
        "amenity": "fuel"
      },
      "geometry": {
        "type": "Point",
        "coordinates": [
          76.5137933,
          9.3684446
        ]
      },
      "id": "node/1862573474"
    },
    {
      "type": "Feature",
      "properties": {
        "@id": "node/1882643700",
        "amenity": "fuel",
        "brand": "Bharat Petroleum",
        "brand:wikidata": "Q854826",
        "brand:wikipedia": "en:Bharat Petroleum",
        "name": "Bharat Petroleum"
      },
      "geometry": {
        "type": "Point",
        "coordinates": [
          75.8892415,
          11.264207
        ]
      },
      "id": "node/1882643700"
    },
    {
      "type": "Feature",
      "properties": {
        "@id": "node/1908199345",
        "addr:city": "Ernakulam",
        "addr:street": "Banerji Road",
        "amenity": "fuel",
        "brand": "Bharat Petroleum",
        "brand:wikidata": "Q854826",
        "brand:wikipedia": "en:Bharat Petroleum",
        "compressed_air": "yes",
        "name": "Bharat Petroleum"
      },
      "geometry": {
        "type": "Point",
        "coordinates": [
          76.2853413,
          9.987415
        ]
      },
      "id": "node/1908199345"
    },
    {
      "type": "Feature",
      "properties": {
        "@id": "node/1919033095",
        "amenity": "fuel",
        "name": "Petrol Pump in Rajakkad"
      },
      "geometry": {
        "type": "Point",
        "coordinates": [
          77.0972965,
          9.9609245
        ]
      },
      "id": "node/1919033095"
    },
    {
      "type": "Feature",
      "properties": {
        "@id": "node/1919078341",
        "amenity": "fuel",
        "name": "Poopara Petrol Pump"
      },
      "geometry": {
        "type": "Point",
        "coordinates": [
          77.2109896,
          9.9829556
        ]
      },
      "id": "node/1919078341"
    },
    {
      "type": "Feature",
      "properties": {
        "@id": "node/1921682796",
        "amenity": "fuel",
        "fuel:diesel": "yes"
      },
      "geometry": {
        "type": "Point",
        "coordinates": [
          76.6432078,
          10.7693218
        ]
      },
      "id": "node/1921682796"
    },
    {
      "type": "Feature",
      "properties": {
        "@id": "node/1935422247",
        "addr:city": "edavannappara",
        "addr:postcode": "673645",
        "amenity": "fuel",
        "brand": "Indian Oil",
        "brand:wikidata": "Q1289348",
        "brand:wikipedia": "en:Indian Oil Corporation",
        "name": "Indian Oil"
      },
      "geometry": {
        "type": "Point",
        "coordinates": [
          75.9729196,
          11.2457081
        ]
      },
      "id": "node/1935422247"
    },
    {
      "type": "Feature",
      "properties": {
        "@id": "node/1989415135",
        "amenity": "fuel"
      },
      "geometry": {
        "type": "Point",
        "coordinates": [
          76.6533775,
          10.7744508
        ]
      },
      "id": "node/1989415135"
    },
    {
      "type": "Feature",
      "properties": {
        "@id": "node/1993475820",
        "amenity": "fuel",
        "brand": "Indian Oil",
        "brand:wikidata": "Q1289348",
        "brand:wikipedia": "en:Indian Oil Corporation",
        "name": "Hindustan Petroleum Mangala Fuels",
        "operator": "Indian oil"
      },
      "geometry": {
        "type": "Point",
        "coordinates": [
          75.8426045,
          11.2695913
        ]
      },
      "id": "node/1993475820"
    },
    {
      "type": "Feature",
      "properties": {
        "@id": "node/1993518368",
        "amenity": "fuel",
        "brand": "Indian Oil",
        "brand:wikidata": "Q1289348",
        "brand:wikipedia": "en:Indian Oil Corporation",
        "name": "Omassery Indian oil"
      },
      "geometry": {
        "type": "Point",
        "coordinates": [
          75.9610133,
          11.3675999
        ]
      },
      "id": "node/1993518368"
    },
    {
      "type": "Feature",
      "properties": {
        "@id": "node/1993518374",
        "amenity": "fuel",
        "name": "Omassery HP"
      },
      "geometry": {
        "type": "Point",
        "coordinates": [
          75.961016,
          11.3671528
        ]
      },
      "id": "node/1993518374"
    },
    {
      "type": "Feature",
      "properties": {
        "@id": "node/1993724233",
        "amenity": "fuel",
        "name": "Manassery"
      },
      "geometry": {
        "type": "Point",
        "coordinates": [
          75.9654987,
          11.3203487
        ]
      },
      "id": "node/1993724233"
    },
    {
      "type": "Feature",
      "properties": {
        "@id": "node/1993728534",
        "amenity": "fuel",
        "name": "Kattangal"
      },
      "geometry": {
        "type": "Point",
        "coordinates": [
          75.9436039,
          11.3181973
        ]
      },
      "id": "node/1993728534"
    },
    {
      "type": "Feature",
      "properties": {
        "@id": "node/2000130546",
        "amenity": "fuel",
        "brand": "Indian Oil",
        "brand:wikidata": "Q1289348",
        "brand:wikipedia": "en:Indian Oil Corporation",
        "name": "Indian Oil",
        "opening_hours": "Mo-Su 08:00-22:00"
      },
      "geometry": {
        "type": "Point",
        "coordinates": [
          75.9976686,
          11.7483185
        ]
      },
      "id": "node/2000130546"
    },
    {
      "type": "Feature",
      "properties": {
        "@id": "node/2090587802",
        "addr:city": "Punnayurkulam",
        "addr:postcode": "679561",
        "addr:street": "Guruvayoor - Althara - Ponnani Road",
        "amenity": "fuel",
        "brand": "Hindustan Petroleum",
        "name": "HP Petrol Bunk"
      },
      "geometry": {
        "type": "Point",
        "coordinates": [
          76.0009101,
          10.6709669
        ]
      },
      "id": "node/2090587802"
    },
    {
      "type": "Feature",
      "properties": {
        "@id": "node/2101262802",
        "amenity": "fuel",
        "brand": "Indian Oil",
        "brand:wikidata": "Q1289348",
        "brand:wikipedia": "en:Indian Oil Corporation",
        "name": "Chalappuram Fuels - IndianOil Retail Outlet"
      },
      "geometry": {
        "type": "Point",
        "coordinates": [
          76.3883417,
          9.9004023
        ]
      },
      "id": "node/2101262802"
    },
    {
      "type": "Feature",
      "properties": {
        "@id": "node/2152043308",
        "amenity": "fuel",
        "brand": "Hindustan Petroleum",
        "brand:wikidata": "Q1619375",
        "brand:wikipedia": "en:Hindustan Petroleum",
        "name": "Hindustan Petroleum",
        "official_name": "Hindustan Petroleum"
      },
      "geometry": {
        "type": "Point",
        "coordinates": [
          76.9429101,
          8.5183143
        ]
      },
      "id": "node/2152043308"
    },
    {
      "type": "Feature",
      "properties": {
        "@id": "node/2152043314",
        "amenity": "fuel",
        "brand": "Bharat Petroleum",
        "brand:wikidata": "Q854826",
        "brand:wikipedia": "en:Bharat Petroleum",
        "name": "Bharat Petroleum"
      },
      "geometry": {
        "type": "Point",
        "coordinates": [
          76.8432284,
          8.6422446
        ]
      },
      "id": "node/2152043314"
    },
    {
      "type": "Feature",
      "properties": {
        "@id": "node/2152043319",
        "amenity": "fuel",
        "brand": "Indian Oil"
      },
      "geometry": {
        "type": "Point",
        "coordinates": [
          76.81385,
          8.6986983
        ]
      },
      "id": "node/2152043319"
    },
    {
      "type": "Feature",
      "properties": {
        "@id": "node/2202864778",
        "amenity": "fuel",
        "fuel:diesel": "yes",
        "fuel:octane_80": "yes"
      },
      "geometry": {
        "type": "Point",
        "coordinates": [
          76.6014323,
          9.6778232
        ]
      },
      "id": "node/2202864778"
    },
    {
      "type": "Feature",
      "properties": {
        "@id": "node/2249901703",
        "amenity": "fuel",
        "fuel:diesel": "yes",
        "fuel:octane_80": "yes"
      },
      "geometry": {
        "type": "Point",
        "coordinates": [
          76.7254525,
          9.9017204
        ]
      },
      "id": "node/2249901703"
    },
    {
      "type": "Feature",
      "properties": {
        "@id": "node/2286432721",
        "amenity": "fuel",
        "fuel:diesel": "yes",
        "name": "IndianOil Fuel Station"
      },
      "geometry": {
        "type": "Point",
        "coordinates": [
          76.7001594,
          9.7605013
        ]
      },
      "id": "node/2286432721"
    },
    {
      "type": "Feature",
      "properties": {
        "@id": "node/2299515924",
        "amenity": "fuel",
        "fuel:biodiesel": "no",
        "fuel:diesel": "yes",
        "fuel:octane_80": "yes",
        "fuel:octane_91": "yes",
        "name": "Kalapurackal Petrol Bunk"
      },
      "geometry": {
        "type": "Point",
        "coordinates": [
          76.7214132,
          9.6581602
        ]
      },
      "id": "node/2299515924"
    },
    {
      "type": "Feature",
      "properties": {
        "@id": "node/2376834790",
        "amenity": "fuel",
        "brand": "Indian Oil",
        "brand:wikidata": "Q1289348",
        "brand:wikipedia": "en:Indian Oil Corporation",
        "name": "Indian Oil",
        "wikidata": "Q131968052"
      },
      "geometry": {
        "type": "Point",
        "coordinates": [
          76.3859063,
          9.9332887
        ]
      },
      "id": "node/2376834790"
    },
    {
      "type": "Feature",
      "properties": {
        "@id": "node/2376860245",
        "amenity": "fuel",
        "brand": "Indian Oil",
        "brand:wikidata": "Q1289348",
        "brand:wikipedia": "en:Indian Oil Corporation",
        "name": "Indian Oil"
      },
      "geometry": {
        "type": "Point",
        "coordinates": [
          76.3530222,
          9.9789549
        ]
      },
      "id": "node/2376860245"
    },
    {
      "type": "Feature",
      "properties": {
        "@id": "node/2388140805",
        "amenity": "fuel",
        "brand": "Hindustan Petroleum",
        "brand:wikidata": "Q1619375",
        "fuel:1_25": "no",
        "fuel:1_50": "no",
        "fuel:GTL_diesel": "no",
        "fuel:HGV_diesel": "no",
        "fuel:biodiesel": "no",
        "fuel:biogas": "no",
        "fuel:cng": "no",
        "fuel:diesel": "yes",
        "fuel:e10": "no",
        "fuel:e85": "no",
        "fuel:electricity": "no",
        "fuel:lpg": "no",
        "fuel:octane_100": "no",
        "fuel:octane_91": "no",
        "fuel:octane_95": "no",
        "fuel:octane_98": "no",
        "name": "Amrita Diesal pump",
        "official_name": "Hindustan Petroleum",
        "operator": "Amrita"
      },
      "geometry": {
        "type": "Point",
        "coordinates": [
          76.4898688,
          9.091826
        ]
      },
      "id": "node/2388140805"
    },
    {
      "type": "Feature",
      "properties": {
        "@id": "node/2397714542",
        "amenity": "fuel",
        "name": "Petrol Pump"
      },
      "geometry": {
        "type": "Point",
        "coordinates": [
          76.523678,
          10.0150744
        ]
      },
      "id": "node/2397714542"
    },
    {
      "type": "Feature",
      "properties": {
        "@id": "node/2435299361",
        "amenity": "fuel",
        "brand": "Indian Oil",
        "brand:wikidata": "Q1289348",
        "brand:wikipedia": "en:Indian Oil Corporation",
        "fuel:diesel": "yes",
        "fuel:lpg": "yes",
        "name": "Indian Oil"
      },
      "geometry": {
        "type": "Point",
        "coordinates": [
          75.9233885,
          10.902379
        ]
      },
      "id": "node/2435299361"
    },
    {
      "type": "Feature",
      "properties": {
        "@id": "node/2493378263",
        "amenity": "fuel",
        "brand": "Indian Oil",
        "brand:wikidata": "Q1289348",
        "fuel:diesel": "yes",
        "name": "Indian Oil",
        "operator": "KSRTC"
      },
      "geometry": {
        "type": "Point",
        "coordinates": [
          76.2106304,
          10.5177156
        ]
      },
      "id": "node/2493378263"
    },
    {
      "type": "Feature",
      "properties": {
        "@id": "node/2497766317",
        "amenity": "fuel",
        "name": "Fuel Pump, Chelakkattukara, Kodaly"
      },
      "geometry": {
        "type": "Point",
        "coordinates": [
          76.3652055,
          10.3764041
        ]
      },
      "id": "node/2497766317"
    },
    {
      "type": "Feature",
      "properties": {
        "@id": "node/2508095296",
        "amenity": "fuel",
        "brand": "Bharat Petroleum",
        "brand:wikidata": "Q854826",
        "brand:wikipedia": "en:Bharat Petroleum",
        "compressed_air": "yes",
        "name": "Bharat Petroleum"
      },
      "geometry": {
        "type": "Point",
        "coordinates": [
          76.4859502,
          10.5983495
        ]
      },
      "id": "node/2508095296"
    },
    {
      "type": "Feature",
      "properties": {
        "@id": "node/2542542952",
        "amenity": "fuel",
        "brand": "Indian Oil",
        "brand:wikidata": "Q1289348",
        "brand:wikipedia": "en:Indian Oil Corporation",
        "fuel:diesel": "yes",
        "name": "Indian Oil",
        "operator": "Indian Oil"
      },
      "geometry": {
        "type": "Point",
        "coordinates": [
          75.3288076,
          12.2494729
        ]
      },
      "id": "node/2542542952"
    },
    {
      "type": "Feature",
      "properties": {
        "@id": "node/2582167413",
        "amenity": "fuel"
      },
      "geometry": {
        "type": "Point",
        "coordinates": [
          76.7041483,
          9.8902967
        ]
      },
      "id": "node/2582167413"
    },
    {
      "type": "Feature",
      "properties": {
        "@id": "node/2582236710",
        "amenity": "fuel"
      },
      "geometry": {
        "type": "Point",
        "coordinates": [
          76.6850586,
          9.8479276
        ]
      },
      "id": "node/2582236710"
    },
    {
      "type": "Feature",
      "properties": {
        "@id": "node/2582321668",
        "amenity": "fuel",
        "brand": "Indian Oil",
        "brand:wikidata": "Q1289348",
        "brand:wikipedia": "en:Indian Oil Corporation",
        "fuel:diesel": "yes",
        "fuel:petrol": "yes",
        "name": "Indian Oil pump",
        "operator": "indian oil"
      },
      "geometry": {
        "type": "Point",
        "coordinates": [
          76.6713768,
          9.7072659
        ]
      },
      "id": "node/2582321668"
    },
    {
      "type": "Feature",
      "properties": {
        "@id": "node/2586403628",
        "amenity": "fuel",
        "brand": "IBP"
      },
      "geometry": {
        "type": "Point",
        "coordinates": [
          75.3785171,
          11.8591375
        ]
      },
      "id": "node/2586403628"
    },
    {
      "type": "Feature",
      "properties": {
        "@id": "node/2586592183",
        "amenity": "fuel",
        "brand": "Bharat Petroleum",
        "brand:wikidata": "Q854826",
        "brand:wikipedia": "en:Bharat Petroleum",
        "compressed_air": "no",
        "name": "Bharat Petroleum",
        "name:ml": "ബിപി",
        "survey:date": "2022-05-15"
      },
      "geometry": {
        "type": "Point",
        "coordinates": [
          76.5910047,
          8.8866872
        ]
      },
      "id": "node/2586592183"
    },
    {
      "type": "Feature",
      "properties": {
        "@id": "node/2601366591",
        "amenity": "fuel"
      },
      "geometry": {
        "type": "Point",
        "coordinates": [
          76.7800464,
          8.7829334
        ]
      },
      "id": "node/2601366591"
    },
    {
      "type": "Feature",
      "properties": {
        "@id": "node/2601380608",
        "amenity": "fuel"
      },
      "geometry": {
        "type": "Point",
        "coordinates": [
          76.7372546,
          8.8395997
        ]
      },
      "id": "node/2601380608"
    },
    {
      "type": "Feature",
      "properties": {
        "@id": "node/2604464177",
        "amenity": "fuel",
        "brand": "Bharat Petroleum",
        "brand:wikidata": "Q854826",
        "compressed_air": "yes",
        "name": "Bharat Petroleum"
      },
      "geometry": {
        "type": "Point",
        "coordinates": [
          76.4658096,
          9.253584
        ]
      },
      "id": "node/2604464177"
    },
    {
      "type": "Feature",
      "properties": {
        "@id": "node/2604478951",
        "amenity": "fuel"
      },
      "geometry": {
        "type": "Point",
        "coordinates": [
          76.4618372,
          9.2649726
        ]
      },
      "id": "node/2604478951"
    },
    {
      "type": "Feature",
      "properties": {
        "@id": "node/2605984207",
        "amenity": "fuel"
      },
      "geometry": {
        "type": "Point",
        "coordinates": [
          76.3135133,
          9.8169696
        ]
      },
      "id": "node/2605984207"
    },
    {
      "type": "Feature",
      "properties": {
        "@id": "node/2617539704",
        "amenity": "fuel",
        "brand": "Indian Oil",
        "brand:wikidata": "Q1289348",
        "brand:wikipedia": "en:Indian Oil Corporation",
        "name": "Indian Oil"
      },
      "geometry": {
        "type": "Point",
        "coordinates": [
          76.107321,
          10.9864722
        ]
      },
      "id": "node/2617539704"
    },
    {
      "type": "Feature",
      "properties": {
        "@id": "node/2627396082",
        "amenity": "fuel",
        "brand": "Indian Oil",
        "brand:wikidata": "Q1289348",
        "brand:wikipedia": "en:Indian Oil Corporation",
        "compressed_air": "yes",
        "name": "Indian Oil"
      },
      "geometry": {
        "type": "Point",
        "coordinates": [
          76.2578681,
          9.9354078
        ]
      },
      "id": "node/2627396082"
    },
    {
      "type": "Feature",
      "properties": {
        "@id": "node/2635014300",
        "amenity": "fuel",
        "brand": "Indian Oil",
        "brand:wikidata": "Q1289348",
        "brand:wikipedia": "en:Indian Oil Corporation",
        "name": "Indian Oil"
      },
      "geometry": {
        "type": "Point",
        "coordinates": [
          76.254074,
          9.9460009
        ]
      },
      "id": "node/2635014300"
    },
    {
      "type": "Feature",
      "properties": {
        "@id": "node/2661742192",
        "amenity": "fuel",
        "building": "roof",
        "survey:date": "2013-11-30"
      },
      "geometry": {
        "type": "Point",
        "coordinates": [
          75.763586,
          11.5541548
        ]
      },
      "id": "node/2661742192"
    },
    {
      "type": "Feature",
      "properties": {
        "@id": "node/2715031917",
        "amenity": "fuel",
        "name": "Bharat Petroleum"
      },
      "geometry": {
        "type": "Point",
        "coordinates": [
          75.8708754,
          11.0899681
        ]
      },
      "id": "node/2715031917"
    },
    {
      "type": "Feature",
      "properties": {
        "@id": "node/2721535980",
        "addr:city": "Adoor",
        "addr:housenumber": "ADOOR",
        "addr:postcode": "691523",
        "addr:street": "MC Road",
        "amenity": "fuel",
        "fuel:diesel": "yes",
        "name": "Kerala State Road Transport Corporation",
        "name:ml": "കെഎസ്ആര്‍ടിസി",
        "operator": "Kerala State Road Transport Corporation",
        "self_service": "no"
      },
      "geometry": {
        "type": "Point",
        "coordinates": [
          76.7329457,
          9.1524424
        ]
      },
      "id": "node/2721535980"
    },
    {
      "type": "Feature",
      "properties": {
        "@id": "node/2721672216",
        "amenity": "fuel",
        "building": "roof",
        "fuel:diesel": "yes",
        "fuel:octane_91": "yes",
        "opening_hours": "00:00-24:00",
        "self_service": "no"
      },
      "geometry": {
        "type": "Point",
        "coordinates": [
          75.9377602,
          11.0386503
        ]
      },
      "id": "node/2721672216"
    },
    {
      "type": "Feature",
      "properties": {
        "@id": "node/2723829336",
        "addr:city": "Chelari",
        "amenity": "fuel",
        "name": "Indain Oil",
        "operator": "Indain Oil Corperation"
      },
      "geometry": {
        "type": "Point",
        "coordinates": [
          75.8898353,
          11.1115591
        ]
      },
      "id": "node/2723829336"
    },
    {
      "type": "Feature",
      "properties": {
        "@id": "node/2747377538",
        "addr:city": "Badiyadka (Badiadka)",
        "addr:postcode": "671551",
        "addr:street": "Kalladka - Cherkala - Road",
        "amenity": "fuel",
        "name": "Badiadka Pertol station"
      },
      "geometry": {
        "type": "Point",
        "coordinates": [
          75.073298,
          12.5904005
        ]
      },
      "id": "node/2747377538"
    },
    {
      "type": "Feature",
      "properties": {
        "@id": "node/2749983102",
        "amenity": "fuel"
      },
      "geometry": {
        "type": "Point",
        "coordinates": [
          75.8370833,
          11.1393195
        ]
      },
      "id": "node/2749983102"
    },
    {
      "type": "Feature",
      "properties": {
        "@id": "node/2780786552",
        "amenity": "fuel",
        "brand": "IOC",
        "compressed_air": "yes",
        "name": "SAJ Fuels",
        "opening_hours": "Mo-Su 00:00-12:00"
      },
      "geometry": {
        "type": "Point",
        "coordinates": [
          76.2118592,
          10.1759237
        ]
      },
      "id": "node/2780786552"
    },
    {
      "type": "Feature",
      "properties": {
        "@id": "node/2784862115",
        "amenity": "fuel"
      },
      "geometry": {
        "type": "Point",
        "coordinates": [
          76.1262821,
          10.3606868
        ]
      },
      "id": "node/2784862115"
    },
    {
      "type": "Feature",
      "properties": {
        "@id": "node/2784862222",
        "amenity": "fuel"
      },
      "geometry": {
        "type": "Point",
        "coordinates": [
          76.1421264,
          10.3282015
        ]
      },
      "id": "node/2784862222"
    },
    {
      "type": "Feature",
      "properties": {
        "@id": "node/2784862318",
        "amenity": "fuel",
        "name": "HP Fuel Station"
      },
      "geometry": {
        "type": "Point",
        "coordinates": [
          76.1086386,
          10.4107824
        ]
      },
      "id": "node/2784862318"
    },
    {
      "type": "Feature",
      "properties": {
        "@id": "node/2788491536",
        "amenity": "fuel",
        "compressed_air": "yes"
      },
      "geometry": {
        "type": "Point",
        "coordinates": [
          76.1044486,
          10.4218857
        ]
      },
      "id": "node/2788491536"
    },
    {
      "type": "Feature",
      "properties": {
        "@id": "node/2788622502",
        "amenity": "fuel"
      },
      "geometry": {
        "type": "Point",
        "coordinates": [
          75.9873326,
          10.639895
        ]
      },
      "id": "node/2788622502"
    },
    {
      "type": "Feature",
      "properties": {
        "@id": "node/2788622506",
        "amenity": "fuel",
        "brand": "Indian Oil",
        "brand:wikidata": "Q1289348",
        "brand:wikipedia": "en:Indian Oil Corporation",
        "name": "Indian Oil"
      },
      "geometry": {
        "type": "Point",
        "coordinates": [
          76.0828111,
          10.4641174
        ]
      },
      "id": "node/2788622506"
    },
    {
      "type": "Feature",
      "properties": {
        "@id": "node/2788622727",
        "amenity": "fuel",
        "name": "HP petrol pump",
        "opening_hours": "Mo-Su,PH 00:00-24:00"
      },
      "geometry": {
        "type": "Point",
        "coordinates": [
          75.9524558,
          10.7162759
        ]
      },
      "id": "node/2788622727"
    },
    {
      "type": "Feature",
      "properties": {
        "@id": "node/2790263533",
        "amenity": "fuel",
        "brand": "Bharat Petroleum"
      },
      "geometry": {
        "type": "Point",
        "coordinates": [
          76.073535,
          10.8857354
        ]
      },
      "id": "node/2790263533"
    },
    {
      "type": "Feature",
      "properties": {
        "@id": "node/2790308417",
        "addr:street": "Calicut-Valanchery-Kuttipuram Highway",
        "amenity": "fuel",
        "name": "Reliance"
      },
      "geometry": {
        "type": "Point",
        "coordinates": [
          76.0658784,
          10.8922344
        ]
      },
      "id": "node/2790308417"
    },
    {
      "type": "Feature",
      "properties": {
        "@id": "node/2790308438",
        "addr:street": "Calicut-Valanchery-Kuttipuram Highway",
        "amenity": "fuel",
        "brand": "Indian Oil",
        "brand:wikidata": "Q1289348",
        "brand:wikipedia": "en:Indian Oil Corporation",
        "name": "Indian Oil"
      },
      "geometry": {
        "type": "Point",
        "coordinates": [
          76.0304592,
          10.9254062
        ]
      },
      "id": "node/2790308438"
    },
    {
      "type": "Feature",
      "properties": {
        "@id": "node/2790308465",
        "addr:city": "Vettichira",
        "addr:street": "Calicut-Valanchery-Kuttipuram Highway",
        "amenity": "fuel",
        "brand": "Indian Oil",
        "brand:wikidata": "Q1289348",
        "brand:wikipedia": "en:Indian Oil Corporation",
        "name": "Indian Oil"
      },
      "geometry": {
        "type": "Point",
        "coordinates": [
          76.0262733,
          10.9286061
        ]
      },
      "id": "node/2790308465"
    },
    {
      "type": "Feature",
      "properties": {
        "@id": "node/2792879894",
        "amenity": "fuel",
        "name": "IOC",
        "operator": "IOC"
      },
      "geometry": {
        "type": "Point",
        "coordinates": [
          75.8467165,
          11.2341332
        ]
      },
      "id": "node/2792879894"
    },
    {
      "type": "Feature",
      "properties": {
        "@id": "node/2792879908",
        "amenity": "fuel",
        "name": "Hindustan Petroleum",
        "operator": "Hindustan Petroleum"
      },
      "geometry": {
        "type": "Point",
        "coordinates": [
          75.8556284,
          11.2221678
        ]
      },
      "id": "node/2792879908"
    },
    {
      "type": "Feature",
      "properties": {
        "@id": "node/2796404928",
        "amenity": "fuel"
      },
      "geometry": {
        "type": "Point",
        "coordinates": [
          75.7009452,
          11.4309243
        ]
      },
      "id": "node/2796404928"
    },
    {
      "type": "Feature",
      "properties": {
        "@id": "node/2806716344",
        "amenity": "fuel",
        "brand": "Bharat Petroleum",
        "brand:wikidata": "Q854826",
        "brand:wikipedia": "en:Bharat Petroleum",
        "name": "Bharat Petroleum",
        "opening_hours": "24/7"
      },
      "geometry": {
        "type": "Point",
        "coordinates": [
          75.3674637,
          11.9081514
        ]
      },
      "id": "node/2806716344"
    },
    {
      "type": "Feature",
      "properties": {
        "@id": "node/2806745407",
        "amenity": "fuel"
      },
      "geometry": {
        "type": "Point",
        "coordinates": [
          75.3686224,
          11.8937243
        ]
      },
      "id": "node/2806745407"
    },
    {
      "type": "Feature",
      "properties": {
        "@id": "node/2806778327",
        "amenity": "fuel",
        "brand": "Hindustan Petroleum",
        "brand:wikidata": "Q1619375",
        "brand:wikipedia": "en:Hindustan Petroleum",
        "name": "Hindustan Petroleum",
        "official_name": "Hindustan Petroleum"
      },
      "geometry": {
        "type": "Point",
        "coordinates": [
          75.3557156,
          11.9577471
        ]
      },
      "id": "node/2806778327"
    },
    {
      "type": "Feature",
      "properties": {
        "@id": "node/2808970881",
        "amenity": "fuel"
      },
      "geometry": {
        "type": "Point",
        "coordinates": [
          75.1624249,
          12.2027307
        ]
      },
      "id": "node/2808970881"
    },
    {
      "type": "Feature",
      "properties": {
        "@id": "node/2808970888",
        "amenity": "fuel"
      },
      "geometry": {
        "type": "Point",
        "coordinates": [
          75.1102291,
          12.2773862
        ]
      },
      "id": "node/2808970888"
    },
    {
      "type": "Feature",
      "properties": {
        "@id": "node/2811014351",
        "amenity": "fuel"
      },
      "geometry": {
        "type": "Point",
        "coordinates": [
          75.1627921,
          12.2135448
        ]
      },
      "id": "node/2811014351"
    },
    {
      "type": "Feature",
      "properties": {
        "@id": "node/2811048576",
        "amenity": "fuel"
      },
      "geometry": {
        "type": "Point",
        "coordinates": [
          75.0591492,
          12.4581556
        ]
      },
      "id": "node/2811048576"
    },
    {
      "type": "Feature",
      "properties": {
        "@id": "node/2812780170",
        "amenity": "fuel"
      },
      "geometry": {
        "type": "Point",
        "coordinates": [
          74.9689679,
          12.5306173
        ]
      },
      "id": "node/2812780170"
    },
    {
      "type": "Feature",
      "properties": {
        "@id": "node/2817856074",
        "addr:city": "Moolamattom",
        "addr:postcode": "685589",
        "addr:street": "Thodupuzha Moolamattom",
        "amenity": "fuel",
        "brand": "Indian Oil",
        "brand:wikidata": "Q1289348",
        "brand:wikipedia": "en:Indian Oil Corporation",
        "name": "Indian Oil",
        "operator": "St. George Fuels"
      },
      "geometry": {
        "type": "Point",
        "coordinates": [
          76.8475144,
          9.7962719
        ]
      },
      "id": "node/2817856074"
    },
    {
      "type": "Feature",
      "properties": {
        "@id": "node/2839285007",
        "amenity": "fuel",
        "fuel:diesel": "yes",
        "fuel:petrol": "yes"
      },
      "geometry": {
        "type": "Point",
        "coordinates": [
          76.2288525,
          10.1423753
        ]
      },
      "id": "node/2839285007"
    },
    {
      "type": "Feature",
      "properties": {
        "@id": "node/2841897032",
        "amenity": "fuel"
      },
      "geometry": {
        "type": "Point",
        "coordinates": [
          75.894279,
          11.1783255
        ]
      },
      "id": "node/2841897032"
    },
    {
      "type": "Feature",
      "properties": {
        "@id": "node/2847672799",
        "amenity": "fuel",
        "fuel:diesel": "yes",
        "fuel:lpg": "yes",
        "fuel:octane_80": "yes"
      },
      "geometry": {
        "type": "Point",
        "coordinates": [
          76.6916844,
          10.6822096
        ]
      },
      "id": "node/2847672799"
    },
    {
      "type": "Feature",
      "properties": {
        "@id": "node/2848799279",
        "addr:city": "Irinjalakuda",
        "amenity": "fuel"
      },
      "geometry": {
        "type": "Point",
        "coordinates": [
          76.2164894,
          10.3452101
        ]
      },
      "id": "node/2848799279"
    },
    {
      "type": "Feature",
      "properties": {
        "@id": "node/2848802314",
        "addr:city": "Irinjalakuda",
        "amenity": "fuel",
        "brand": "BP"
      },
      "geometry": {
        "type": "Point",
        "coordinates": [
          76.2187022,
          10.3473713
        ]
      },
      "id": "node/2848802314"
    },
    {
      "type": "Feature",
      "properties": {
        "@id": "node/2854008106",
        "amenity": "fuel",
        "building": "roof",
        "survey:date": "2014-05-11"
      },
      "geometry": {
        "type": "Point",
        "coordinates": [
          75.8101795,
          11.3378254
        ]
      },
      "id": "node/2854008106"
    },
    {
      "type": "Feature",
      "properties": {
        "@id": "node/2857527855",
        "amenity": "fuel",
        "name": "Indian Oil Petrol Pump"
      },
      "geometry": {
        "type": "Point",
        "coordinates": [
          75.8152635,
          11.2916053
        ]
      },
      "id": "node/2857527855"
    },
    {
      "type": "Feature",
      "properties": {
        "@id": "node/2857542257",
        "amenity": "fuel",
        "name": "Relaince",
        "operator": "Relaince"
      },
      "geometry": {
        "type": "Point",
        "coordinates": [
          75.8839284,
          11.3187621
        ]
      },
      "id": "node/2857542257"
    },
    {
      "type": "Feature",
      "properties": {
        "@id": "node/2857542291",
        "amenity": "fuel",
        "name": "Hindustan Petroleum",
        "operator": "Hindustan Petroleum"
      },
      "geometry": {
        "type": "Point",
        "coordinates": [
          75.8920632,
          11.3328823
        ]
      },
      "id": "node/2857542291"
    },
    {
      "type": "Feature",
      "properties": {
        "@id": "node/2857542926",
        "amenity": "fuel"
      },
      "geometry": {
        "type": "Point",
        "coordinates": [
          75.8862965,
          11.3281509
        ]
      },
      "id": "node/2857542926"
    },
    {
      "type": "Feature",
      "properties": {
        "@id": "node/2857564627",
        "amenity": "fuel",
        "name": "BP",
        "operator": "BP"
      },
      "geometry": {
        "type": "Point",
        "coordinates": [
          75.932133,
          11.4072491
        ]
      },
      "id": "node/2857564627"
    },
    {
      "type": "Feature",
      "properties": {
        "@id": "node/2857564629",
        "amenity": "fuel",
        "brand": "Indian Oil",
        "brand:wikidata": "Q1289348",
        "brand:wikipedia": "en:Indian Oil Corporation",
        "name": "Indian Oil"
      },
      "geometry": {
        "type": "Point",
        "coordinates": [
          75.926852,
          11.402863
        ]
      },
      "id": "node/2857564629"
    },
    {
      "type": "Feature",
      "properties": {
        "@id": "node/2857564643",
        "amenity": "fuel"
      },
      "geometry": {
        "type": "Point",
        "coordinates": [
          75.9335999,
          11.4076487
        ]
      },
      "id": "node/2857564643"
    },
    {
      "type": "Feature",
      "properties": {
        "@id": "node/2857699884",
        "amenity": "fuel",
        "brand": "Bharat Petroleum",
        "brand:wikidata": "Q854826",
        "brand:wikipedia": "en:Bharat Petroleum",
        "name": "Bharat Petroleum, Petrol Pump -M/S K M R Petroleum",
        "operator": "BP"
      },
      "geometry": {
        "type": "Point",
        "coordinates": [
          76.0084978,
          11.4837518
        ]
      },
      "id": "node/2857699884"
    },
    {
      "type": "Feature",
      "properties": {
        "@id": "node/2858115850",
        "amenity": "fuel"
      },
      "geometry": {
        "type": "Point",
        "coordinates": [
          76.7517702,
          8.9952402
        ]
      },
      "id": "node/2858115850"
    },
    {
      "type": "Feature",
      "properties": {
        "@id": "node/2864671074",
        "amenity": "fuel"
      },
      "geometry": {
        "type": "Point",
        "coordinates": [
          75.9701782,
          11.1424204
        ]
      },
      "id": "node/2864671074"
    },
    {
      "type": "Feature",
      "properties": {
        "@id": "node/2873954284",
        "addr:city": "east kallada",
        "addr:postcode": "691502",
        "amenity": "fuel",
        "brand": "HP"
      },
      "geometry": {
        "type": "Point",
        "coordinates": [
          76.6615782,
          9.003143
        ]
      },
      "id": "node/2873954284"
    },
    {
      "type": "Feature",
      "properties": {
        "@id": "node/2873954303",
        "amenity": "fuel",
        "fuel:diesel": "yes",
        "fuel:petrol": "yes",
        "name": "Essar Petrol Pump",
        "operator": "Essar"
      },
      "geometry": {
        "type": "Point",
        "coordinates": [
          76.653889,
          9.0142682
        ]
      },
      "id": "node/2873954303"
    },
    {
      "type": "Feature",
      "properties": {
        "@id": "node/2874584023",
        "amenity": "fuel",
        "name": "HP Petrol"
      },
      "geometry": {
        "type": "Point",
        "coordinates": [
          76.5462513,
          9.4215599
        ]
      },
      "id": "node/2874584023"
    },
    {
      "type": "Feature",
      "properties": {
        "@id": "node/2874584044",
        "amenity": "fuel"
      },
      "geometry": {
        "type": "Point",
        "coordinates": [
          76.5727907,
          9.3923263
        ]
      },
      "id": "node/2874584044"
    },
    {
      "type": "Feature",
      "properties": {
        "@id": "node/2875723748",
        "amenity": "fuel"
      },
      "geometry": {
        "type": "Point",
        "coordinates": [
          76.530491,
          9.4665818
        ]
      },
      "id": "node/2875723748"
    },
    {
      "type": "Feature",
      "properties": {
        "@id": "node/2877234025",
        "amenity": "fuel"
      },
      "geometry": {
        "type": "Point",
        "coordinates": [
          76.8748863,
          9.5470675
        ]
      },
      "id": "node/2877234025"
    },
    {
      "type": "Feature",
      "properties": {
        "@id": "node/2878356151",
        "amenity": "fuel"
      },
      "geometry": {
        "type": "Point",
        "coordinates": [
          76.7783026,
          9.032839
        ]
      },
      "id": "node/2878356151"
    },
    {
      "type": "Feature",
      "properties": {
        "@id": "node/2878356712",
        "amenity": "fuel"
      },
      "geometry": {
        "type": "Point",
        "coordinates": [
          76.7689524,
          9.0564457
        ]
      },
      "id": "node/2878356712"
    },
    {
      "type": "Feature",
      "properties": {
        "@id": "node/2879811615",
        "amenity": "fuel",
        "brand": "Bharat Petroleum",
        "brand:wikidata": "Q854826",
        "brand:wikipedia": "en:Bharat Petroleum",
        "name": "Bharat Petroleum"
      },
      "geometry": {
        "type": "Point",
        "coordinates": [
          76.6982446,
          9.1971676
        ]
      },
      "id": "node/2879811615"
    },
    {
      "type": "Feature",
      "properties": {
        "@id": "node/2879854604",
        "amenity": "fuel"
      },
      "geometry": {
        "type": "Point",
        "coordinates": [
          76.6684773,
          9.2484639
        ]
      },
      "id": "node/2879854604"
    },
    {
      "type": "Feature",
      "properties": {
        "@id": "node/2879854609",
        "amenity": "fuel"
      },
      "geometry": {
        "type": "Point",
        "coordinates": [
          76.6729995,
          9.2418455
        ]
      },
      "id": "node/2879854609"
    },
    {
      "type": "Feature",
      "properties": {
        "@id": "node/2879908018",
        "amenity": "fuel"
      },
      "geometry": {
        "type": "Point",
        "coordinates": [
          76.6418268,
          9.2957238
        ]
      },
      "id": "node/2879908018"
    },
    {
      "type": "Feature",
      "properties": {
        "@id": "node/2880140917",
        "amenity": "fuel"
      },
      "geometry": {
        "type": "Point",
        "coordinates": [
          76.5578898,
          9.6786335
        ]
      },
      "id": "node/2880140917"
    },
    {
      "type": "Feature",
      "properties": {
        "@id": "node/2880982424",
        "amenity": "fuel"
      },
      "geometry": {
        "type": "Point",
        "coordinates": [
          76.5616767,
          9.7268491
        ]
      },
      "id": "node/2880982424"
    },
    {
      "type": "Feature",
      "properties": {
        "@id": "node/2882025636",
        "amenity": "fuel",
        "name": "HPCL Petrol pump"
      },
      "geometry": {
        "type": "Point",
        "coordinates": [
          75.1032523,
          12.6367291
        ]
      },
      "id": "node/2882025636"
    },
    {
      "type": "Feature",
      "properties": {
        "@id": "node/2882881563",
        "amenity": "fuel"
      },
      "geometry": {
        "type": "Point",
        "coordinates": [
          76.6134593,
          9.6858277
        ]
      },
      "id": "node/2882881563"
    },
    {
      "type": "Feature",
      "properties": {
        "@id": "node/2883196480",
        "amenity": "fuel",
        "brand": "Hindustan Petroleum",
        "brand:wikidata": "Q1619375",
        "brand:wikipedia": "en:Hindustan Petroleum",
        "name": "Hindustan Petroleum",
        "official_name": "Hindustan Petroleum"
      },
      "geometry": {
        "type": "Point",
        "coordinates": [
          76.8120313,
          9.6737552
        ]
      },
      "id": "node/2883196480"
    },
    {
      "type": "Feature",
      "properties": {
        "@id": "node/2883449191",
        "amenity": "fuel"
      },
      "geometry": {
        "type": "Point",
        "coordinates": [
          76.9044255,
          8.6787498
        ]
      },
      "id": "node/2883449191"
    },
    {
      "type": "Feature",
      "properties": {
        "@id": "node/2883508359",
        "amenity": "fuel",
        "brand": "Hindustan Petroleum",
        "brand:wikidata": "Q1619375",
        "name": "HP",
        "official_name": "Hindustan Petroleum"
      },
      "geometry": {
        "type": "Point",
        "coordinates": [
          76.9112008,
          8.673616
        ]
      },
      "id": "node/2883508359"
    },
    {
      "type": "Feature",
      "properties": {
        "@id": "node/2883585958",
        "amenity": "fuel"
      },
      "geometry": {
        "type": "Point",
        "coordinates": [
          76.9301157,
          8.6401206
        ]
      },
      "id": "node/2883585958"
    },
    {
      "type": "Feature",
      "properties": {
        "@id": "node/2884932498",
        "amenity": "fuel"
      },
      "geometry": {
        "type": "Point",
        "coordinates": [
          76.2926243,
          11.3484063
        ]
      },
      "id": "node/2884932498"
    },
    {
      "type": "Feature",
      "properties": {
        "@id": "node/2884932517",
        "amenity": "fuel",
        "brand": "Bharat Petroleum",
        "brand:wikidata": "Q854826",
        "brand:wikipedia": "en:Bharat Petroleum",
        "name": "Bharat Petroleum"
      },
      "geometry": {
        "type": "Point",
        "coordinates": [
          76.2977312,
          11.3523246
        ]
      },
      "id": "node/2884932517"
    },
    {
      "type": "Feature",
      "properties": {
        "@id": "node/2884932551",
        "amenity": "fuel",
        "name": "Indian Oil Petrol Pump"
      },
      "geometry": {
        "type": "Point",
        "coordinates": [
          76.30062,
          11.3549122
        ]
      },
      "id": "node/2884932551"
    },
    {
      "type": "Feature",
      "properties": {
        "@id": "node/2884954104",
        "amenity": "fuel"
      },
      "geometry": {
        "type": "Point",
        "coordinates": [
          76.3395469,
          11.3811923
        ]
      },
      "id": "node/2884954104"
    },
    {
      "type": "Feature",
      "properties": {
        "@id": "node/2885213520",
        "amenity": "fuel",
        "name": "Hindustan Petroleum Best Energy Services"
      },
      "geometry": {
        "type": "Point",
        "coordinates": [
          76.591712,
          9.8421294
        ]
      },
      "id": "node/2885213520"
    },
    {
      "type": "Feature",
      "properties": {
        "@id": "node/2885528059",
        "addr:city": "Pezhakkapilly",
        "addr:street": "MC Road",
        "amenity": "fuel",
        "brand": "Hindustan Petroleum",
        "brand:wikidata": "Q1619375",
        "brand:wikipedia": "en:Hindustan Petroleum",
        "fuel:diesel": "yes",
        "fuel:petrol": "yes",
        "name": "HP",
        "official_name": "Hindustan Petroleum",
        "opening_hours": "24/7",
        "operator": "Puthussery Group"
      },
      "geometry": {
        "type": "Point",
        "coordinates": [
          76.5624415,
          10.0195912
        ]
      },
      "id": "node/2885528059"
    },
    {
      "type": "Feature",
      "properties": {
        "@id": "node/2885558426",
        "amenity": "fuel"
      },
      "geometry": {
        "type": "Point",
        "coordinates": [
          76.5362149,
          10.0435153
        ]
      },
      "id": "node/2885558426"
    },
    {
      "type": "Feature",
      "properties": {
        "@id": "node/2885558530",
        "amenity": "fuel"
      },
      "geometry": {
        "type": "Point",
        "coordinates": [
          76.5338358,
          10.0452583
        ]
      },
      "id": "node/2885558530"
    },
    {
      "type": "Feature",
      "properties": {
        "@id": "node/2885646514",
        "amenity": "fuel"
      },
      "geometry": {
        "type": "Point",
        "coordinates": [
          76.4834451,
          10.1044346
        ]
      },
      "id": "node/2885646514"
    },
    {
      "type": "Feature",
      "properties": {
        "@id": "node/2887106396",
        "amenity": "fuel"
      },
      "geometry": {
        "type": "Point",
        "coordinates": [
          76.8421498,
          8.9587324
        ]
      },
      "id": "node/2887106396"
    },
    {
      "type": "Feature",
      "properties": {
        "@id": "node/2887116855",
        "amenity": "fuel"
      },
      "geometry": {
        "type": "Point",
        "coordinates": [
          76.8495956,
          8.9394302
        ]
      },
      "id": "node/2887116855"
    },
    {
      "type": "Feature",
      "properties": {
        "@id": "node/2887193828",
        "amenity": "fuel"
      },
      "geometry": {
        "type": "Point",
        "coordinates": [
          76.861907,
          8.8950596
        ]
      },
      "id": "node/2887193828"
    },
    {
      "type": "Feature",
      "properties": {
        "@id": "node/2887194066",
        "amenity": "fuel",
        "name": "Hindustan petroleum Jameela Beevi Agencies"
      },
      "geometry": {
        "type": "Point",
        "coordinates": [
          76.8685186,
          8.8758708
        ]
      },
      "id": "node/2887194066"
    },
    {
      "type": "Feature",
      "properties": {
        "@id": "node/2887531440",
        "amenity": "fuel",
        "name": "Indian Oil"
      },
      "geometry": {
        "type": "Point",
        "coordinates": [
          76.8987552,
          8.7295488
        ]
      },
      "id": "node/2887531440"
    },
    {
      "type": "Feature",
      "properties": {
        "@id": "node/2887545981",
        "amenity": "fuel",
        "name": "HP"
      },
      "geometry": {
        "type": "Point",
        "coordinates": [
          76.8982643,
          8.7243181
        ]
      },
      "id": "node/2887545981"
    },
    {
      "type": "Feature",
      "properties": {
        "@id": "node/2888567318",
        "amenity": "fuel"
      },
      "geometry": {
        "type": "Point",
        "coordinates": [
          76.9451601,
          8.6029648
        ]
      },
      "id": "node/2888567318"
    },
    {
      "type": "Feature",
      "properties": {
        "@id": "node/2888600394",
        "amenity": "fuel",
        "fuel:diesel": "yes",
        "name": "City Fuels Mannanthala"
      },
      "geometry": {
        "type": "Point",
        "coordinates": [
          76.9432933,
          8.5566708
        ]
      },
      "id": "node/2888600394"
    },
    {
      "type": "Feature",
      "properties": {
        "@id": "node/2888600751",
        "amenity": "fuel"
      },
      "geometry": {
        "type": "Point",
        "coordinates": [
          76.9422392,
          8.5513025
        ]
      },
      "id": "node/2888600751"
    },
    {
      "type": "Feature",
      "properties": {
        "@id": "node/2889111273",
        "amenity": "fuel",
        "brand": "Hindustan Petroleum",
        "brand:wikidata": "Q1619375",
        "brand:wikipedia": "en:Hindustan Petroleum",
        "name": "Hindustan Petroleum",
        "official_name": "Hindustan Petroleum",
        "operator": "Hindustan Petroleum"
      },
      "geometry": {
        "type": "Point",
        "coordinates": [
          76.9741495,
          8.5482625
        ]
      },
      "id": "node/2889111273"
    },
    {
      "type": "Feature",
      "properties": {
        "@id": "node/2889327024",
        "amenity": "fuel",
        "name": "HP Petrol Pump",
        "operator": "Hindustan Petroleum"
      },
      "geometry": {
        "type": "Point",
        "coordinates": [
          77.0212974,
          8.6413508
        ]
      },
      "id": "node/2889327024"
    },
    {
      "type": "Feature",
      "properties": {
        "@id": "node/2889430188",
        "addr:postcode": "695562",
        "amenity": "fuel"
      },
      "geometry": {
        "type": "Point",
        "coordinates": [
          77.0287029,
          8.7113429
        ]
      },
      "id": "node/2889430188"
    },
    {
      "type": "Feature",
      "properties": {
        "@id": "node/2893015893",
        "amenity": "fuel",
        "name": "Bharat Petroleum"
      },
      "geometry": {
        "type": "Point",
        "coordinates": [
          76.9578604,
          10.0100191
        ]
      },
      "id": "node/2893015893"
    },
    {
      "type": "Feature",
      "properties": {
        "@id": "node/2893469742",
        "amenity": "fuel"
      },
      "geometry": {
        "type": "Point",
        "coordinates": [
          76.9618006,
          9.9174283
        ]
      },
      "id": "node/2893469742"
    },
    {
      "type": "Feature",
      "properties": {
        "@id": "node/2893697028",
        "amenity": "fuel",
        "name": "SRM Fuels"
      },
      "geometry": {
        "type": "Point",
        "coordinates": [
          76.9689058,
          9.8848336
        ]
      },
      "id": "node/2893697028"
    },
    {
      "type": "Feature",
      "properties": {
        "@id": "node/2897083950",
        "amenity": "fuel"
      },
      "geometry": {
        "type": "Point",
        "coordinates": [
          76.7425272,
          9.1528108
        ]
      },
      "id": "node/2897083950"
    },
    {
      "type": "Feature",
      "properties": {
        "@id": "node/2897152023",
        "amenity": "fuel",
        "name": "Tharayil Fuels -Bharat Petroleum Petrol Pump"
      },
      "geometry": {
        "type": "Point",
        "coordinates": [
          76.7564935,
          9.243479
        ]
      },
      "id": "node/2897152023"
    },
    {
      "type": "Feature",
      "properties": {
        "@id": "node/2897175290",
        "amenity": "fuel",
        "name": "HP Petrol Pump"
      },
      "geometry": {
        "type": "Point",
        "coordinates": [
          76.7567483,
          9.2461424
        ]
      },
      "id": "node/2897175290"
    },
    {
      "type": "Feature",
      "properties": {
        "@id": "node/2897254078",
        "amenity": "fuel"
      },
      "geometry": {
        "type": "Point",
        "coordinates": [
          76.7910015,
          9.2678857
        ]
      },
      "id": "node/2897254078"
    },
    {
      "type": "Feature",
      "properties": {
        "@id": "node/2897315424",
        "amenity": "fuel",
        "brand": "Bharat Petroleum"
      },
      "geometry": {
        "type": "Point",
        "coordinates": [
          76.7846812,
          9.2615447
        ]
      },
      "id": "node/2897315424"
    },
    {
      "type": "Feature",
      "properties": {
        "@id": "node/2898570932",
        "amenity": "fuel",
        "name": "Kalloth Petrol Bunk"
      },
      "geometry": {
        "type": "Point",
        "coordinates": [
          76.8271832,
          9.3376204
        ]
      },
      "id": "node/2898570932"
    },
    {
      "type": "Feature",
      "properties": {
        "@id": "node/2898637607",
        "amenity": "fuel",
        "brand": "Indian Oil Fuel station"
      },
      "geometry": {
        "type": "Point",
        "coordinates": [
          76.830941,
          9.3413047
        ]
      },
      "id": "node/2898637607"
    },
    {
      "type": "Feature",
      "properties": {
        "@id": "node/2900660724",
        "amenity": "fuel"
      },
      "geometry": {
        "type": "Point",
        "coordinates": [
          75.1108022,
          12.6491144
        ]
      },
      "id": "node/2900660724"
    },
    {
      "type": "Feature",
      "properties": {
        "@id": "node/2904165222",
        "amenity": "fuel",
        "fuel:diesel": "no"
      },
      "geometry": {
        "type": "Point",
        "coordinates": [
          77.056589,
          8.5640685
        ]
      },
      "id": "node/2904165222"
    },
    {
      "type": "Feature",
      "properties": {
        "@id": "node/2904397584",
        "amenity": "fuel"
      },
      "geometry": {
        "type": "Point",
        "coordinates": [
          76.5388404,
          9.1784931
        ]
      },
      "id": "node/2904397584"
    },
    {
      "type": "Feature",
      "properties": {
        "@id": "node/2904557397",
        "amenity": "fuel",
        "name": "Sreevishnu Fuels"
      },
      "geometry": {
        "type": "Point",
        "coordinates": [
          76.5997104,
          9.1715161
        ]
      },
      "id": "node/2904557397"
    },
    {
      "type": "Feature",
      "properties": {
        "@id": "node/2905359339",
        "amenity": "fuel",
        "brand": "Hindustan Petroleum",
        "brand:wikidata": "Q1619375",
        "brand:wikipedia": "en:Hindustan Petroleum",
        "official_name": "Hindustan Petroleum"
      },
      "geometry": {
        "type": "Point",
        "coordinates": [
          76.7556377,
          9.1491143
        ]
      },
      "id": "node/2905359339"
    },
    {
      "type": "Feature",
      "properties": {
        "@id": "node/2907443646",
        "amenity": "fuel"
      },
      "geometry": {
        "type": "Point",
        "coordinates": [
          76.9275648,
          9.0239623
        ]
      },
      "id": "node/2907443646"
    },
    {
      "type": "Feature",
      "properties": {
        "@id": "node/2908774800",
        "amenity": "fuel"
      },
      "geometry": {
        "type": "Point",
        "coordinates": [
          76.5352007,
          9.3134822
        ]
      },
      "id": "node/2908774800"
    },
    {
      "type": "Feature",
      "properties": {
        "@id": "node/2909021128",
        "amenity": "fuel",
        "brand": "Hindustan Petroleum",
        "brand:wikidata": "Q1619375",
        "brand:wikipedia": "en:Hindustan Petroleum",
        "name": "Hindustan Petroleum",
        "official_name": "Hindustan Petroleum"
      },
      "geometry": {
        "type": "Point",
        "coordinates": [
          76.550795,
          9.3722187
        ]
      },
      "id": "node/2909021128"
    },
    {
      "type": "Feature",
      "properties": {
        "@id": "node/2909043435",
        "amenity": "fuel",
        "brand": "Bharat Petroleum"
      },
      "geometry": {
        "type": "Point",
        "coordinates": [
          76.574326,
          9.3837568
        ]
      },
      "id": "node/2909043435"
    },
    {
      "type": "Feature",
      "properties": {
        "@id": "node/2910259076",
        "amenity": "fuel",
        "brand": "Indian Oil",
        "brand:wikidata": "Q1289348",
        "brand:wikipedia": "en:Indian Oil Corporation",
        "name": "Indian Oil Pump"
      },
      "geometry": {
        "type": "Point",
        "coordinates": [
          76.620637,
          9.3855249
        ]
      },
      "id": "node/2910259076"
    },
    {
      "type": "Feature",
      "properties": {
        "@id": "node/2910272899",
        "amenity": "fuel"
      },
      "geometry": {
        "type": "Point",
        "coordinates": [
          76.6387043,
          9.3830347
        ]
      },
      "id": "node/2910272899"
    },
    {
      "type": "Feature",
      "properties": {
        "@id": "node/2910468940",
        "addr:housenumber": "Thiruvalla-Kumbazha Hwy Kumbanad, Thiruvalla, Kerala 689547",
        "amenity": "fuel",
        "name": "Podippara Fuels, Kumbanad"
      },
      "geometry": {
        "type": "Point",
        "coordinates": [
          76.6508091,
          9.3715228
        ]
      },
      "id": "node/2910468940"
    },
    {
      "type": "Feature",
      "properties": {
        "@id": "node/2910837827",
        "amenity": "fuel"
      },
      "geometry": {
        "type": "Point",
        "coordinates": [
          76.7062263,
          9.3375175
        ]
      },
      "id": "node/2910837827"
    },
    {
      "type": "Feature",
      "properties": {
        "@id": "node/2911482261",
        "amenity": "fuel"
      },
      "geometry": {
        "type": "Point",
        "coordinates": [
          76.7296932,
          9.2978838
        ]
      },
      "id": "node/2911482261"
    },
    {
      "type": "Feature",
      "properties": {
        "@id": "node/2912495082",
        "amenity": "fuel"
      },
      "geometry": {
        "type": "Point",
        "coordinates": [
          76.8542389,
          9.1547702
        ]
      },
      "id": "node/2912495082"
    },
    {
      "type": "Feature",
      "properties": {
        "@id": "node/2912558647",
        "amenity": "fuel"
      },
      "geometry": {
        "type": "Point",
        "coordinates": [
          76.8492011,
          9.2103499
        ]
      },
      "id": "node/2912558647"
    },
    {
      "type": "Feature",
      "properties": {
        "@id": "node/2912700545",
        "amenity": "fuel"
      },
      "geometry": {
        "type": "Point",
        "coordinates": [
          76.8482278,
          9.2317114
        ]
      },
      "id": "node/2912700545"
    },
    {
      "type": "Feature",
      "properties": {
        "@id": "node/2913825473",
        "amenity": "fuel",
        "brand": "Hindustan Petroleum",
        "brand:wikidata": "Q1619375",
        "brand:wikipedia": "en:Hindustan Petroleum",
        "name": "Hindustan Petroleum",
        "official_name": "Hindustan Petroleum"
      },
      "geometry": {
        "type": "Point",
        "coordinates": [
          76.7789118,
          9.3738435
        ]
      },
      "id": "node/2913825473"
    },
    {
      "type": "Feature",
      "properties": {
        "@id": "node/2913868197",
        "amenity": "fuel"
      },
      "geometry": {
        "type": "Point",
        "coordinates": [
          76.7881976,
          9.3900868
        ]
      },
      "id": "node/2913868197"
    },
    {
      "type": "Feature",
      "properties": {
        "@id": "node/2913899327",
        "amenity": "fuel"
      },
      "geometry": {
        "type": "Point",
        "coordinates": [
          76.7947288,
          9.3998487
        ]
      },
      "id": "node/2913899327"
    },
    {
      "type": "Feature",
      "properties": {
        "@id": "node/2913903131",
        "amenity": "fuel"
      },
      "geometry": {
        "type": "Point",
        "coordinates": [
          76.7963435,
          9.4103063
        ]
      },
      "id": "node/2913903131"
    },
    {
      "type": "Feature",
      "properties": {
        "@id": "node/2914447231",
        "addr:city": "paika",
        "addr:street": "Pala-Ponkunam Road",
        "amenity": "fuel",
        "brand": "Bharath Petroleum",
        "fuel:1_25": "no",
        "fuel:1_50": "no",
        "fuel:GTL_diesel": "no",
        "fuel:HGV_diesel": "no",
        "fuel:biodiesel": "no",
        "fuel:biogas": "no",
        "fuel:cng": "no",
        "fuel:diesel": "yes",
        "fuel:e10": "no",
        "fuel:e85": "no",
        "fuel:electricity": "no",
        "fuel:lpg": "no",
        "fuel:octane_100": "no",
        "fuel:octane_91": "yes",
        "fuel:octane_95": "no",
        "fuel:octane_98": "no",
        "name": "Bharat Petroleum, Petrol Pump -C S K Fuels"
      },
      "geometry": {
        "type": "Point",
        "coordinates": [
          76.7175885,
          9.6600638
        ]
      },
      "id": "node/2914447231"
    },
    {
      "type": "Feature",
      "properties": {
        "@id": "node/2914583707",
        "addr:city": "Pala",
        "addr:postcode": "686575",
        "addr:street": "Main Road Pala",
        "amenity": "fuel",
        "compressed_air": "yes",
        "description": "for KSRTC only",
        "name": "Indian Oil KSRTC Pump",
        "opening_hours": "\"owned by ksrtc\""
      },
      "geometry": {
        "type": "Point",
        "coordinates": [
          76.6885627,
          9.7151797
        ]
      },
      "id": "node/2914583707"
    },
    {
      "type": "Feature",
      "properties": {
        "@id": "node/2915583586",
        "amenity": "fuel",
        "fuel:lpg": "yes"
      },
      "geometry": {
        "type": "Point",
        "coordinates": [
          76.703767,
          9.9079902
        ]
      },
      "id": "node/2915583586"
    },
    {
      "type": "Feature",
      "properties": {
        "@id": "node/2916880331",
        "amenity": "fuel",
        "wikidata": "Q131968149"
      },
      "geometry": {
        "type": "Point",
        "coordinates": [
          76.7153887,
          9.8910721
        ]
      },
      "id": "node/2916880331"
    },
    {
      "type": "Feature",
      "properties": {
        "@id": "node/2916983445",
        "amenity": "fuel",
        "brand": "Hindustan Petroleum",
        "brand:wikidata": "Q1619375",
        "brand:wikipedia": "en:Hindustan Petroleum",
        "name": "Hindustan Petroleum",
        "official_name": "Hindustan Petroleum"
      },
      "geometry": {
        "type": "Point",
        "coordinates": [
          76.6380449,
          9.9453015
        ]
      },
      "id": "node/2916983445"
    },
    {
      "type": "Feature",
      "properties": {
        "@id": "node/2917357945",
        "amenity": "fuel"
      },
      "geometry": {
        "type": "Point",
        "coordinates": [
          76.6636519,
          9.4463049
        ]
      },
      "id": "node/2917357945"
    },
    {
      "type": "Feature",
      "properties": {
        "@id": "node/2918212869",
        "amenity": "fuel"
      },
      "geometry": {
        "type": "Point",
        "coordinates": [
          76.5670653,
          9.2535761
        ]
      },
      "id": "node/2918212869"
    },
    {
      "type": "Feature",
      "properties": {
        "@id": "node/2918459126",
        "amenity": "fuel",
        "name": "Petrol Pump Aranmula"
      },
      "geometry": {
        "type": "Point",
        "coordinates": [
          76.6867749,
          9.3269197
        ]
      },
      "id": "node/2918459126"
    },
    {
      "type": "Feature",
      "properties": {
        "@id": "node/2920184905",
        "amenity": "fuel",
        "brand": "Hindustan Petroleum",
        "brand:wikidata": "Q1619375",
        "brand:wikipedia": "en:Hindustan Petroleum",
        "name": "Hp petrol pump - Travancore Earth Moving Co",
        "official_name": "Hindustan Petroleum",
        "operator": "Travancore Earth Moving Co"
      },
      "geometry": {
        "type": "Point",
        "coordinates": [
          76.5098216,
          9.4259499
        ]
      },
      "id": "node/2920184905"
    },
    {
      "type": "Feature",
      "properties": {
        "@id": "node/2920505440",
        "addr:city": "Edathua",
        "addr:housenumber": "St.George Petrol Station",
        "addr:postcode": "689 573",
        "addr:street": "Ambalapuzha-Thiruvalla Highway",
        "amenity": "fuel",
        "brand": "IndianOil",
        "name": "St.George"
      },
      "geometry": {
        "type": "Point",
        "coordinates": [
          76.4749958,
          9.3628347
        ]
      },
      "id": "node/2920505440"
    },
    {
      "type": "Feature",
      "properties": {
        "@id": "node/2921721698",
        "amenity": "fuel"
      },
      "geometry": {
        "type": "Point",
        "coordinates": [
          76.5522841,
          9.6925113
        ]
      },
      "id": "node/2921721698"
    },
    {
      "type": "Feature",
      "properties": {
        "@id": "node/2921736345",
        "amenity": "fuel",
        "brand": "Bharat Petroleum",
        "brand:wikidata": "Q854826",
        "brand:wikipedia": "en:Bharat Petroleum",
        "name": "Bharat Petroleum"
      },
      "geometry": {
        "type": "Point",
        "coordinates": [
          76.5391036,
          9.7069763
        ]
      },
      "id": "node/2921736345"
    },
    {
      "type": "Feature",
      "properties": {
        "@id": "node/2921788048",
        "amenity": "fuel"
      },
      "geometry": {
        "type": "Point",
        "coordinates": [
          76.5146499,
          9.7414364
        ]
      },
      "id": "node/2921788048"
    },
    {
      "type": "Feature",
      "properties": {
        "@id": "node/2921873659",
        "amenity": "fuel",
        "name": "Appanchira Petrol Pump",
        "ownership": "private"
      },
      "geometry": {
        "type": "Point",
        "coordinates": [
          76.4803766,
          9.7737469
        ]
      },
      "id": "node/2921873659"
    },
    {
      "type": "Feature",
      "properties": {
        "@id": "node/2922041464",
        "amenity": "fuel"
      },
      "geometry": {
        "type": "Point",
        "coordinates": [
          76.4364256,
          9.7826309
        ]
      },
      "id": "node/2922041464"
    },
    {
      "type": "Feature",
      "properties": {
        "@id": "node/2922102217",
        "amenity": "fuel",
        "brand": "Hindustan Petroleum",
        "brand:wikidata": "Q1619375",
        "brand:wikipedia": "en:Hindustan Petroleum",
        "name": "Hindustan Petroleum",
        "official_name": "Hindustan Petroleum"
      },
      "geometry": {
        "type": "Point",
        "coordinates": [
          76.3952727,
          9.7648284
        ]
      },
      "id": "node/2922102217"
    },
    {
      "type": "Feature",
      "properties": {
        "@id": "node/2923208743",
        "amenity": "fuel"
      },
      "geometry": {
        "type": "Point",
        "coordinates": [
          76.3969756,
          9.805967
        ]
      },
      "id": "node/2923208743"
    },
    {
      "type": "Feature",
      "properties": {
        "@id": "node/2923208749",
        "amenity": "fuel"
      },
      "geometry": {
        "type": "Point",
        "coordinates": [
          76.374365,
          9.8864609
        ]
      },
      "id": "node/2923208749"
    },
    {
      "type": "Feature",
      "properties": {
        "@id": "node/2923208759",
        "amenity": "fuel"
      },
      "geometry": {
        "type": "Point",
        "coordinates": [
          76.3752984,
          9.8822279
        ]
      },
      "id": "node/2923208759"
    },
    {
      "type": "Feature",
      "properties": {
        "@id": "node/2923273187",
        "amenity": "fuel"
      },
      "geometry": {
        "type": "Point",
        "coordinates": [
          76.3618713,
          9.9191507
        ]
      },
      "id": "node/2923273187"
    },
    {
      "type": "Feature",
      "properties": {
        "@id": "node/2923360671",
        "addr:city": "Cochin",
        "addr:postcode": "682038",
        "addr:street": "Ettumanoor - Ernakulam Road",
        "amenity": "fuel",
        "compressed_air": "yes",
        "fuel:diesel": "yes",
        "fuel:petrol": "yes",
        "name": "Thathanattu Petrol Pump"
      },
      "geometry": {
        "type": "Point",
        "coordinates": [
          76.3308119,
          9.9508344
        ]
      },
      "id": "node/2923360671"
    },
    {
      "type": "Feature",
      "properties": {
        "@id": "node/2924574142",
        "amenity": "fuel",
        "fuel": "yes",
        "fuel:diesel": "yes",
        "name": "Hindusthan petroleum"
      },
      "geometry": {
        "type": "Point",
        "coordinates": [
          76.8259846,
          10.7826023
        ]
      },
      "id": "node/2924574142"
    },
    {
      "type": "Feature",
      "properties": {
        "@id": "node/2926318850",
        "amenity": "fuel"
      },
      "geometry": {
        "type": "Point",
        "coordinates": [
          76.1879225,
          10.8352059
        ]
      },
      "id": "node/2926318850"
    },
    {
      "type": "Feature",
      "properties": {
        "@id": "node/2926994087",
        "amenity": "fuel"
      },
      "geometry": {
        "type": "Point",
        "coordinates": [
          76.1879404,
          10.8715817
        ]
      },
      "id": "node/2926994087"
    },
    {
      "type": "Feature",
      "properties": {
        "@id": "node/2927011727",
        "amenity": "fuel"
      },
      "geometry": {
        "type": "Point",
        "coordinates": [
          76.1961237,
          10.9021719
        ]
      },
      "id": "node/2927011727"
    },
    {
      "type": "Feature",
      "properties": {
        "@id": "node/2927011743",
        "amenity": "fuel",
        "brand": "Hindustan Petroleum"
      },
      "geometry": {
        "type": "Point",
        "coordinates": [
          76.1948282,
          10.9012711
        ]
      },
      "id": "node/2927011743"
    },
    {
      "type": "Feature",
      "properties": {
        "@id": "node/2928886746",
        "amenity": "fuel",
        "brand": "Hindustan Petroleum",
        "brand:wikidata": "Q1619375",
        "brand:wikipedia": "en:Hindustan Petroleum",
        "fuel:diesel": "yes",
        "fuel:petrol": "yes",
        "name": "Hindustan Petroleum",
        "official_name": "Hindustan Petroleum",
        "opening_hours": "Mo-Su 06:00-21:30",
        "operator": "Bright Indo Fuels",
        "payment:cards": "yes",
        "payment:cash": "yes",
        "self_service": "no"
      },
      "geometry": {
        "type": "Point",
        "coordinates": [
          76.2212162,
          10.0322797
        ]
      },
      "id": "node/2928886746"
    },
    {
      "type": "Feature",
      "properties": {
        "@id": "node/2929106308",
        "amenity": "fuel",
        "brand": "Hindustan Petroleum",
        "brand:wikidata": "Q1619375",
        "brand:wikipedia": "en:Hindustan Petroleum",
        "fuel:diesel": "yes",
        "fuel:petrol": "yes",
        "name": "Hindustan Petroleum",
        "official_name": "Hindustan Petroleum",
        "phone": "+91-98475 48112"
      },
      "geometry": {
        "type": "Point",
        "coordinates": [
          76.1942681,
          10.140107
        ]
      },
      "id": "node/2929106308"
    },
    {
      "type": "Feature",
      "properties": {
        "@id": "node/2930590597",
        "amenity": "fuel"
      },
      "geometry": {
        "type": "Point",
        "coordinates": [
          76.1984069,
          10.3404661
        ]
      },
      "id": "node/2930590597"
    },
    {
      "type": "Feature",
      "properties": {
        "@id": "node/2933889712",
        "amenity": "fuel"
      },
      "geometry": {
        "type": "Point",
        "coordinates": [
          76.9062774,
          8.9277126
        ]
      },
      "id": "node/2933889712"
    },
    {
      "type": "Feature",
      "properties": {
        "@id": "node/2934379060",
        "amenity": "fuel",
        "name": "Petrol Pump Pannithadam"
      },
      "geometry": {
        "type": "Point",
        "coordinates": [
          76.1158078,
          10.6738344
        ]
      },
      "id": "node/2934379060"
    },
    {
      "type": "Feature",
      "properties": {
        "@id": "node/2934407701",
        "amenity": "fuel"
      },
      "geometry": {
        "type": "Point",
        "coordinates": [
          76.2073554,
          10.6772557
        ]
      },
      "id": "node/2934407701"
    },
    {
      "type": "Feature",
      "properties": {
        "@id": "node/2937025606",
        "amenity": "fuel",
        "name": "Hyson Petrol Pumb"
      },
      "geometry": {
        "type": "Point",
        "coordinates": [
          76.0159843,
          10.6402209
        ]
      },
      "id": "node/2937025606"
    },
    {
      "type": "Feature",
      "properties": {
        "@id": "node/2938510915",
        "amenity": "fuel",
        "wikidata": "Q131967940"
      },
      "geometry": {
        "type": "Point",
        "coordinates": [
          76.0992266,
          10.4725016
        ]
      },
      "id": "node/2938510915"
    },
    {
      "type": "Feature",
      "properties": {
        "@id": "node/2940767479",
        "amenity": "fuel"
      },
      "geometry": {
        "type": "Point",
        "coordinates": [
          76.5025769,
          10.656678
        ]
      },
      "id": "node/2940767479"
    },
    {
      "type": "Feature",
      "properties": {
        "@id": "node/2955827476",
        "amenity": "fuel",
        "brand": "Hindustan Petroleum",
        "brand:wikidata": "Q1619375",
        "brand:wikipedia": "en:Hindustan Petroleum",
        "fuel:diesel": "yes",
        "fuel:octane_100": "yes",
        "fuel:octane_80": "yes",
        "fuel:octane_91": "yes",
        "fuel:octane_92": "yes",
        "fuel:octane_95": "yes",
        "fuel:octane_98": "yes",
        "name": "HP Petrol Pump",
        "official_name": "Hindustan Petroleum"
      },
      "geometry": {
        "type": "Point",
        "coordinates": [
          76.436269,
          10.1676348
        ]
      },
      "id": "node/2955827476"
    },
    {
      "type": "Feature",
      "properties": {
        "@id": "node/2986053029",
        "amenity": "fuel",
        "name": "BPCL Chovvery"
      },
      "geometry": {
        "type": "Point",
        "coordinates": [
          75.1851032,
          12.1457955
        ]
      },
      "id": "node/2986053029"
    },
    {
      "type": "Feature",
      "properties": {
        "@id": "node/2987846783",
        "amenity": "fuel",
        "brand": "Bharat Petroleum",
        "brand:wikidata": "Q854826",
        "brand:wikipedia": "en:Bharat Petroleum",
        "fuel:diesel": "yes",
        "name": "Bharat Petroleum"
      },
      "geometry": {
        "type": "Point",
        "coordinates": [
          76.3952235,
          9.7564749
        ]
      },
      "id": "node/2987846783"
    },
    {
      "type": "Feature",
      "properties": {
        "@id": "node/3098921999",
        "amenity": "fuel"
      },
      "geometry": {
        "type": "Point",
        "coordinates": [
          76.9712755,
          9.5826116
        ]
      },
      "id": "node/3098921999"
    },
    {
      "type": "Feature",
      "properties": {
        "@id": "node/3122820207",
        "amenity": "fuel",
        "brand": "Hindustan Petroleum",
        "brand:wikidata": "Q1619375",
        "brand:wikipedia": "en:Hindustan Petroleum",
        "fuel:diesel": "yes",
        "name": "HP",
        "official_name": "Hindustan Petroleum",
        "source": "GPS"
      },
      "geometry": {
        "type": "Point",
        "coordinates": [
          75.4945057,
          11.7489746
        ]
      },
      "id": "node/3122820207"
    },
    {
      "type": "Feature",
      "properties": {
        "@id": "node/3268340682",
        "amenity": "fuel",
        "brand": "Indian Oil",
        "brand:wikidata": "Q1289348",
        "brand:wikipedia": "en:Indian Oil Corporation",
        "name": "Indian Oil Corporation"
      },
      "geometry": {
        "type": "Point",
        "coordinates": [
          76.7555888,
          8.7852513
        ]
      },
      "id": "node/3268340682"
    },
    {
      "type": "Feature",
      "properties": {
        "@id": "node/3268346923",
        "addr:city": "Attingal",
        "addr:postcode": "695101",
        "addr:street": "Salem-Kochi-Kanyakumari Road",
        "amenity": "fuel",
        "brand": "Bharat Petroleum",
        "brand:wikidata": "Q854826",
        "brand:wikipedia": "en:Bharat Petroleum",
        "fuel:diesel": "yes",
        "fuel:petrol": "yes",
        "name": "Bharat Petroleum",
        "source": "GPS"
      },
      "geometry": {
        "type": "Point",
        "coordinates": [
          76.8156261,
          8.6967481
        ]
      },
      "id": "node/3268346923"
    },
    {
      "type": "Feature",
      "properties": {
        "@id": "node/3268346925",
        "amenity": "fuel",
        "brand": "Hindustan Petroleum",
        "name": "Hindustan Petroleum",
        "source": "GPS"
      },
      "geometry": {
        "type": "Point",
        "coordinates": [
          76.8122602,
          8.7291359
        ]
      },
      "id": "node/3268346925"
    },
    {
      "type": "Feature",
      "properties": {
        "@id": "node/3268346926",
        "amenity": "fuel",
        "brand": "Indian Oil",
        "brand:wikidata": "Q1289348",
        "brand:wikipedia": "en:Indian Oil Corporation",
        "name": "Indian Oil Corporation",
        "source": "GPS"
      },
      "geometry": {
        "type": "Point",
        "coordinates": [
          76.8495548,
          8.6207877
        ]
      },
      "id": "node/3268346926"
    },
    {
      "type": "Feature",
      "properties": {
        "@id": "node/3268346927",
        "amenity": "fuel",
        "brand": "Indian Oil",
        "brand:wikidata": "Q1289348",
        "brand:wikipedia": "en:Indian Oil Corporation",
        "compressed_air": "yes",
        "name": "Indian Oil Corporation",
        "opening_hours": "24/7",
        "source": "GPS",
        "wheelchair": "limited"
      },
      "geometry": {
        "type": "Point",
        "coordinates": [
          76.8211296,
          8.692951
        ]
      },
      "id": "node/3268346927"
    },
    {
      "type": "Feature",
      "properties": {
        "@id": "node/3268346928",
        "amenity": "fuel",
        "brand": "Indian Oil",
        "brand:wikidata": "Q1289348",
        "brand:wikipedia": "en:Indian Oil Corporation",
        "name": "Indian Oil Corporation",
        "source": "GPS"
      },
      "geometry": {
        "type": "Point",
        "coordinates": [
          76.7923085,
          8.7608518
        ]
      },
      "id": "node/3268346928"
    },
    {
      "type": "Feature",
      "properties": {
        "@id": "node/3268346930",
        "amenity": "fuel",
        "brand": "Indian Oil Corporation",
        "name": "Indian oil",
        "source": "GPS"
      },
      "geometry": {
        "type": "Point",
        "coordinates": [
          76.8816318,
          8.5349678
        ]
      },
      "id": "node/3268346930"
    },
    {
      "type": "Feature",
      "properties": {
        "@id": "node/3268346931",
        "amenity": "fuel",
        "brand": "Indian Oil",
        "brand:wikidata": "Q1289348",
        "brand:wikipedia": "en:Indian Oil Corporation",
        "name": "Indian Oil",
        "source": "GPS"
      },
      "geometry": {
        "type": "Point",
        "coordinates": [
          76.8548787,
          8.5980106
        ]
      },
      "id": "node/3268346931"
    },
    {
      "type": "Feature",
      "properties": {
        "@id": "node/3268355223",
        "amenity": "fuel",
        "brand": "Indian Oil Corporation"
      },
      "geometry": {
        "type": "Point",
        "coordinates": [
          76.7571891,
          8.8151003
        ]
      },
      "id": "node/3268355223"
    },
    {
      "type": "Feature",
      "properties": {
        "@id": "node/3280639567",
        "amenity": "fuel",
        "brand": "Reliance",
        "compressed_air": "yes",
        "fuel:diesel": "yes",
        "fuel:octane_80": "yes",
        "name": "Reliance Petroleum"
      },
      "geometry": {
        "type": "Point",
        "coordinates": [
          76.5932759,
          9.8538097
        ]
      },
      "id": "node/3280639567"
    },
    {
      "type": "Feature",
      "properties": {
        "@id": "node/3347250477",
        "amenity": "fuel",
        "brand": "Bharat Petroleum",
        "brand:wikidata": "Q854826",
        "brand:wikipedia": "en:Bharat Petroleum",
        "compressed_air": "yes",
        "name": "Bharat Petroleum",
        "name:ml": "പെട്രോൾ"
      },
      "geometry": {
        "type": "Point",
        "coordinates": [
          76.5955486,
          8.8834476
        ]
      },
      "id": "node/3347250477"
    },
    {
      "type": "Feature",
      "properties": {
        "@id": "node/3439035824",
        "amenity": "fuel",
        "brand": "HP",
        "fuel:diesel": "yes",
        "fuel:octane_80": "yes"
      },
      "geometry": {
        "type": "Point",
        "coordinates": [
          76.7430986,
          9.9146982
        ]
      },
      "id": "node/3439035824"
    },
    {
      "type": "Feature",
      "properties": {
        "@id": "node/3492610459",
        "amenity": "fuel",
        "name": "Chariot Gas Station"
      },
      "geometry": {
        "type": "Point",
        "coordinates": [
          76.9689871,
          8.5037855
        ]
      },
      "id": "node/3492610459"
    },
    {
      "type": "Feature",
      "properties": {
        "@id": "node/3501486706",
        "addr:street": "Changanassery- Vazhoor Road",
        "amenity": "fuel",
        "brand": "Reliance",
        "fuel:diesel": "yes",
        "name": "Reliance Fuel Pump"
      },
      "geometry": {
        "type": "Point",
        "coordinates": [
          76.5503085,
          9.4547687
        ]
      },
      "id": "node/3501486706"
    },
    {
      "type": "Feature",
      "properties": {
        "@id": "node/3520745154",
        "amenity": "fuel",
        "brand": "Indian Oil",
        "brand:wikidata": "Q1289348",
        "brand:wikipedia": "en:Indian Oil Corporation",
        "name": "Indian Oil"
      },
      "geometry": {
        "type": "Point",
        "coordinates": [
          76.9939057,
          8.5054316
        ]
      },
      "id": "node/3520745154"
    },
    {
      "type": "Feature",
      "properties": {
        "@id": "node/3563165902",
        "amenity": "fuel",
        "brand": "Bharat Petroleum",
        "brand:wikidata": "Q854826",
        "brand:wikipedia": "en:Bharat Petroleum",
        "name": "Bharat Petroleum",
        "phone:mobile": "9496034351,9947138351"
      },
      "geometry": {
        "type": "Point",
        "coordinates": [
          76.6323402,
          9.947513
        ]
      },
      "id": "node/3563165902"
    },
    {
      "type": "Feature",
      "properties": {
        "@id": "node/3574769106",
        "amenity": "fuel",
        "brand": "Hindustan Petroleum",
        "brand:wikidata": "Q1619375",
        "brand:wikipedia": "en:Hindustan Petroleum",
        "name": "HP",
        "official_name": "Hindustan Petroleum"
      },
      "geometry": {
        "type": "Point",
        "coordinates": [
          76.11793,
          11.120574
        ]
      },
      "id": "node/3574769106"
    },
    {
      "type": "Feature",
      "properties": {
        "@id": "node/3574769965",
        "amenity": "fuel",
        "brand": "Hindustan Petroleum",
        "brand:wikidata": "Q1619375",
        "brand:wikipedia": "en:Hindustan Petroleum",
        "name": "HP",
        "official_name": "Hindustan Petroleum"
      },
      "geometry": {
        "type": "Point",
        "coordinates": [
          76.1170121,
          11.120666
        ]
      },
      "id": "node/3574769965"
    },
    {
      "type": "Feature",
      "properties": {
        "@id": "node/3619253050",
        "amenity": "fuel",
        "fuel:diesel": "yes",
        "fuel:petrol": "yes",
        "name": "United Auto Fuel",
        "operator": "HP"
      },
      "geometry": {
        "type": "Point",
        "coordinates": [
          76.2098397,
          10.4483837
        ]
      },
      "id": "node/3619253050"
    },
    {
      "type": "Feature",
      "properties": {
        "@id": "node/3652588972",
        "amenity": "fuel",
        "brand": "Hindustan Petroleum",
        "brand:wikidata": "Q1619375",
        "brand:wikipedia": "en:Hindustan Petroleum",
        "name": "Hindustan Petroleum",
        "official_name": "Hindustan Petroleum",
        "operator": "Hindustan Petroleum"
      },
      "geometry": {
        "type": "Point",
        "coordinates": [
          75.9865554,
          11.7366938
        ]
      },
      "id": "node/3652588972"
    },
    {
      "type": "Feature",
      "properties": {
        "@id": "node/3654647554",
        "amenity": "fuel",
        "brand": "Indian Oil",
        "brand:wikidata": "Q1289348",
        "brand:wikipedia": "en:Indian Oil Corporation",
        "name": "Indian Oil",
        "operator": "Suplyco"
      },
      "geometry": {
        "type": "Point",
        "coordinates": [
          75.8749632,
          10.9840078
        ]
      },
      "id": "node/3654647554"
    },
    {
      "type": "Feature",
      "properties": {
        "@id": "node/3671735015",
        "amenity": "fuel",
        "brand": "Hindustan Petroleum",
        "brand:wikidata": "Q1619375",
        "name": "HP",
        "name:ml": "എച്ച്പി",
        "official_name": "Hindustan Petroleum"
      },
      "geometry": {
        "type": "Point",
        "coordinates": [
          76.3301616,
          10.1717799
        ]
      },
      "id": "node/3671735015"
    },
    {
      "type": "Feature",
      "properties": {
        "@id": "node/3685878074",
        "amenity": "fuel"
      },
      "geometry": {
        "type": "Point",
        "coordinates": [
          76.8786666,
          8.7809503
        ]
      },
      "id": "node/3685878074"
    },
    {
      "type": "Feature",
      "properties": {
        "@id": "node/3685878075",
        "amenity": "fuel"
      },
      "geometry": {
        "type": "Point",
        "coordinates": [
          76.878367,
          8.7815379
        ]
      },
      "id": "node/3685878075"
    },
    {
      "type": "Feature",
      "properties": {
        "@id": "node/3685887767",
        "amenity": "fuel"
      },
      "geometry": {
        "type": "Point",
        "coordinates": [
          76.8700162,
          8.8690737
        ]
      },
      "id": "node/3685887767"
    },
    {
      "type": "Feature",
      "properties": {
        "@id": "node/3731813486",
        "addr:postcode": "673632",
        "addr:street": "Parammal",
        "amenity": "fuel",
        "brand": "Indian Oil",
        "brand:wikidata": "Q1289348",
        "brand:wikipedia": "en:Indian Oil Corporation",
        "name": "Indian Oil"
      },
      "geometry": {
        "type": "Point",
        "coordinates": [
          75.8693239,
          11.1901172
        ]
      },
      "id": "node/3731813486"
    },
    {
      "type": "Feature",
      "properties": {
        "@id": "node/3731892761",
        "amenity": "fuel",
        "name": "indian oil petrol pump"
      },
      "geometry": {
        "type": "Point",
        "coordinates": [
          75.8031568,
          11.2336832
        ]
      },
      "id": "node/3731892761"
    },
    {
      "type": "Feature",
      "properties": {
        "@id": "node/3731894801",
        "amenity": "fuel",
        "name": "Reliance"
      },
      "geometry": {
        "type": "Point",
        "coordinates": [
          75.8080777,
          11.2096386
        ]
      },
      "id": "node/3731894801"
    },
    {
      "type": "Feature",
      "properties": {
        "@id": "node/3737838952",
        "amenity": "fuel"
      },
      "geometry": {
        "type": "Point",
        "coordinates": [
          75.56797,
          11.8314869
        ]
      },
      "id": "node/3737838952"
    },
    {
      "type": "Feature",
      "properties": {
        "@id": "node/3740060137",
        "amenity": "fuel",
        "name": "Petrol Pump"
      },
      "geometry": {
        "type": "Point",
        "coordinates": [
          76.4991863,
          10.755906
        ]
      },
      "id": "node/3740060137"
    },
    {
      "type": "Feature",
      "properties": {
        "@id": "node/3752928852",
        "amenity": "fuel",
        "name": "HP Gas Depot"
      },
      "geometry": {
        "type": "Point",
        "coordinates": [
          75.7994502,
          11.3182247
        ]
      },
      "id": "node/3752928852"
    },
    {
      "type": "Feature",
      "properties": {
        "@id": "node/3757382333",
        "amenity": "fuel",
        "name": "Hindustan Petroleum",
        "operator": "Hindustan Petroleum"
      },
      "geometry": {
        "type": "Point",
        "coordinates": [
          75.8721018,
          11.1799629
        ]
      },
      "id": "node/3757382333"
    },
    {
      "type": "Feature",
      "properties": {
        "@id": "node/3757431190",
        "addr:city": "Parannur",
        "amenity": "fuel",
        "name": "IOC",
        "operator": "IOC"
      },
      "geometry": {
        "type": "Point",
        "coordinates": [
          75.858977,
          11.3581041
        ]
      },
      "id": "node/3757431190"
    },
    {
      "type": "Feature",
      "properties": {
        "@id": "node/3757484008",
        "amenity": "fuel",
        "brand": "Hindustan Petroleum",
        "brand:wikidata": "Q1619375",
        "brand:wikipedia": "en:Hindustan Petroleum",
        "name": "HP",
        "official_name": "Hindustan Petroleum"
      },
      "geometry": {
        "type": "Point",
        "coordinates": [
          75.8593133,
          11.3684377
        ]
      },
      "id": "node/3757484008"
    },
    {
      "type": "Feature",
      "properties": {
        "@id": "node/3757581700",
        "amenity": "fuel",
        "name": "BP",
        "operator": "BP"
      },
      "geometry": {
        "type": "Point",
        "coordinates": [
          75.8625216,
          11.2911969
        ]
      },
      "id": "node/3757581700"
    },
    {
      "type": "Feature",
      "properties": {
        "@id": "node/3760300400",
        "amenity": "fuel",
        "name": "IOC",
        "operator": "IOC"
      },
      "geometry": {
        "type": "Point",
        "coordinates": [
          75.9364473,
          11.421654
        ]
      },
      "id": "node/3760300400"
    },
    {
      "type": "Feature",
      "properties": {
        "@id": "node/3763514717",
        "amenity": "fuel",
        "brand": "Hindustan Petroleum",
        "brand:wikidata": "Q1619375",
        "brand:wikipedia": "en:Hindustan Petroleum",
        "name": "HP",
        "official_name": "Hindustan Petroleum"
      },
      "geometry": {
        "type": "Point",
        "coordinates": [
          75.7849356,
          11.2458391
        ]
      },
      "id": "node/3763514717"
    },
    {
      "type": "Feature",
      "properties": {
        "@id": "node/3763514740",
        "amenity": "fuel",
        "brand": "Indian Oil"
      },
      "geometry": {
        "type": "Point",
        "coordinates": [
          75.7618668,
          11.3913093
        ]
      },
      "id": "node/3763514740"
    },
    {
      "type": "Feature",
      "properties": {
        "@id": "node/3763514976",
        "amenity": "fuel",
        "brand": "Bharat Petroleum",
        "brand:wikidata": "Q854826",
        "name": "Bharat Petroleum"
      },
      "geometry": {
        "type": "Point",
        "coordinates": [
          75.7704867,
          11.4536745
        ]
      },
      "id": "node/3763514976"
    },
    {
      "type": "Feature",
      "properties": {
        "@id": "node/3763514981",
        "addr:street": "kozhikode-kuttiyadi road",
        "amenity": "fuel",
        "brand": "HP",
        "name": "Hindustan Petroleum Pump Naduvannur"
      },
      "geometry": {
        "type": "Point",
        "coordinates": [
          75.7750127,
          11.4794297
        ]
      },
      "id": "node/3763514981"
    },
    {
      "type": "Feature",
      "properties": {
        "@id": "node/3763515063",
        "amenity": "fuel",
        "brand": "Hindustan Petroleum",
        "fuel:diesel": "yes",
        "fuel:octane_91": "yes",
        "name": "HP Petrol Pump"
      },
      "geometry": {
        "type": "Point",
        "coordinates": [
          75.7709421,
          11.5999663
        ]
      },
      "id": "node/3763515063"
    },
    {
      "type": "Feature",
      "properties": {
        "@id": "node/3763515064",
        "amenity": "fuel",
        "brand": "Indian Oil",
        "brand:wikidata": "Q1289348",
        "brand:wikipedia": "en:Indian Oil Corporation",
        "fuel:diesel": "yes",
        "fuel:octane_91": "yes",
        "name": "Indian Oil Petrol Pump"
      },
      "geometry": {
        "type": "Point",
        "coordinates": [
          75.797186,
          11.6023029
        ]
      },
      "id": "node/3763515064"
    },
    {
      "type": "Feature",
      "properties": {
        "@id": "node/3763515065",
        "amenity": "fuel",
        "brand": "Bharat Petroleum"
      },
      "geometry": {
        "type": "Point",
        "coordinates": [
          75.7611194,
          11.6512804
        ]
      },
      "id": "node/3763515065"
    },
    {
      "type": "Feature",
      "properties": {
        "@id": "node/3763643079",
        "amenity": "fuel",
        "brand": "HP",
        "name": "HP Petrol Pump - Janatha Service Station"
      },
      "geometry": {
        "type": "Point",
        "coordinates": [
          75.568687,
          11.8381148
        ]
      },
      "id": "node/3763643079"
    },
    {
      "type": "Feature",
      "properties": {
        "@id": "node/3764911619",
        "amenity": "fuel",
        "brand": "Indian Oil",
        "fuel:diesel": "no",
        "name": "gas cylinder"
      },
      "geometry": {
        "type": "Point",
        "coordinates": [
          75.5636547,
          11.8253732
        ]
      },
      "id": "node/3764911619"
    },
    {
      "type": "Feature",
      "properties": {
        "@id": "node/3780386485",
        "amenity": "fuel",
        "name": "Hindustan Petroleum",
        "operator": "Hindustan Petroleum"
      },
      "geometry": {
        "type": "Point",
        "coordinates": [
          75.9256152,
          10.9011098
        ]
      },
      "id": "node/3780386485"
    },
    {
      "type": "Feature",
      "properties": {
        "@id": "node/3780386593",
        "amenity": "fuel",
        "name": "IOC"
      },
      "geometry": {
        "type": "Point",
        "coordinates": [
          75.9230926,
          10.9022341
        ]
      },
      "id": "node/3780386593"
    },
    {
      "type": "Feature",
      "properties": {
        "@id": "node/3780388117",
        "amenity": "fuel",
        "name": "BP",
        "operator": "BP"
      },
      "geometry": {
        "type": "Point",
        "coordinates": [
          75.9310726,
          10.8830133
        ]
      },
      "id": "node/3780388117"
    },
    {
      "type": "Feature",
      "properties": {
        "@id": "node/3780388388",
        "amenity": "fuel",
        "name": "IOC"
      },
      "geometry": {
        "type": "Point",
        "coordinates": [
          75.9295694,
          10.8901176
        ]
      },
      "id": "node/3780388388"
    },
    {
      "type": "Feature",
      "properties": {
        "@id": "node/3780388857",
        "amenity": "fuel"
      },
      "geometry": {
        "type": "Point",
        "coordinates": [
          75.9340536,
          10.8714671
        ]
      },
      "id": "node/3780388857"
    },
    {
      "type": "Feature",
      "properties": {
        "@id": "node/3802274396",
        "amenity": "fuel"
      },
      "geometry": {
        "type": "Point",
        "coordinates": [
          75.7939175,
          11.2613481
        ]
      },
      "id": "node/3802274396"
    },
    {
      "type": "Feature",
      "properties": {
        "@id": "node/3806188919",
        "addr:city": "perunad",
        "addr:postcode": "689711",
        "amenity": "fuel",
        "brand": "HP Fuel Station",
        "fuel:diesel": "yes",
        "fuel:petroleum": "yes",
        "name": "Viswanath Fuels"
      },
      "geometry": {
        "type": "Point",
        "coordinates": [
          76.8626122,
          9.3605921
        ]
      },
      "id": "node/3806188919"
    },
    {
      "type": "Feature",
      "properties": {
        "@id": "node/3806371247",
        "amenity": "fuel",
        "brand": "Bharath Petrolium"
      },
      "geometry": {
        "type": "Point",
        "coordinates": [
          76.8271108,
          9.3373587
        ]
      },
      "id": "node/3806371247"
    },
    {
      "type": "Feature",
      "properties": {
        "@id": "node/3808123175",
        "amenity": "fuel",
        "brand": "Indian Oil Corporation",
        "name": "Devaswam board Petrol Pump"
      },
      "geometry": {
        "type": "Point",
        "coordinates": [
          77.0683453,
          9.4127541
        ]
      },
      "id": "node/3808123175"
    },
    {
      "type": "Feature",
      "properties": {
        "@id": "node/3809805463",
        "amenity": "fuel",
        "brand": "Indane Oil Petrol Pump"
      },
      "geometry": {
        "type": "Point",
        "coordinates": [
          76.8800075,
          9.4482747
        ]
      },
      "id": "node/3809805463"
    },
    {
      "type": "Feature",
      "properties": {
        "@id": "node/3812354257",
        "amenity": "fuel",
        "brand": "HP Petrol Pump"
      },
      "geometry": {
        "type": "Point",
        "coordinates": [
          76.8836929,
          9.5389776
        ]
      },
      "id": "node/3812354257"
    },
    {
      "type": "Feature",
      "properties": {
        "@id": "node/3815399570",
        "amenity": "fuel",
        "brand": "Indane",
        "fuel:lpg": "yes",
        "name": "Indane Ga s Agency"
      },
      "geometry": {
        "type": "Point",
        "coordinates": [
          75.5630089,
          11.8290654
        ]
      },
      "id": "node/3815399570"
    },
    {
      "type": "Feature",
      "properties": {
        "@id": "node/3816559506",
        "amenity": "fuel",
        "brand": "Indian Oil Corporation"
      },
      "geometry": {
        "type": "Point",
        "coordinates": [
          77.0231396,
          9.6694076
        ]
      },
      "id": "node/3816559506"
    },
    {
      "type": "Feature",
      "properties": {
        "@id": "node/3816559507",
        "amenity": "fuel",
        "brand": "ESSAR"
      },
      "geometry": {
        "type": "Point",
        "coordinates": [
          77.0265208,
          9.6948979
        ]
      },
      "id": "node/3816559507"
    },
    {
      "type": "Feature",
      "properties": {
        "@id": "node/3816579603",
        "addr:city": "Vandiperiyar",
        "addr:postcode": "685533",
        "addr:street": "Kollam-Theni Highway",
        "amenity": "fuel",
        "brand": "Barath Petroleum",
        "fuel:diesel": "yes",
        "fuel:e85": "yes",
        "fuel:octane_95": "yes",
        "fuel:octane_98": "yes",
        "name": "Bharath Petroleum",
        "self_service": "no"
      },
      "geometry": {
        "type": "Point",
        "coordinates": [
          77.0935136,
          9.5748469
        ]
      },
      "id": "node/3816579603"
    },
    {
      "type": "Feature",
      "properties": {
        "@id": "node/3816579605",
        "amenity": "fuel",
        "brand": "Indian Oil",
        "name": "Standard Motor Fuel Agency"
      },
      "geometry": {
        "type": "Point",
        "coordinates": [
          77.0170749,
          9.5778513
        ]
      },
      "id": "node/3816579605"
    },
    {
      "type": "Feature",
      "properties": {
        "@id": "node/3816619665",
        "addr:city": "puliyanmala",
        "addr:street": "Munnar - Kumily Road",
        "amenity": "fuel",
        "brand": "Indian Oil",
        "brand:wikidata": "Q1289348",
        "brand:wikipedia": "en:Indian Oil Corporation",
        "fuel:diesel": "yes",
        "fuel:gasoline": "yes",
        "name": "Indian Oil"
      },
      "geometry": {
        "type": "Point",
        "coordinates": [
          77.1518643,
          9.7506485
        ]
      },
      "id": "node/3816619665"
    },
    {
      "type": "Feature",
      "properties": {
        "@id": "node/3816643554",
        "amenity": "fuel",
        "brand": "Hindustan Petroleum",
        "brand:wikidata": "Q1619375",
        "brand:wikipedia": "en:Hindustan Petroleum",
        "fuel:diesel": "yes",
        "fuel:petrol": "yes",
        "name": "Hindustan Petroleum",
        "official_name": "Hindustan Petroleum",
        "self_service": "no"
      },
      "geometry": {
        "type": "Point",
        "coordinates": [
          77.1576443,
          9.6663715
        ]
      },
      "id": "node/3816643554"
    },
    {
      "type": "Feature",
      "properties": {
        "@id": "node/3816643555",
        "amenity": "fuel",
        "brand": "Indian Oil Petrol Pum"
      },
      "geometry": {
        "type": "Point",
        "coordinates": [
          77.1855076,
          9.7310878
        ]
      },
      "id": "node/3816643555"
    },
    {
      "type": "Feature",
      "properties": {
        "@id": "node/3826779962",
        "addr:city": "Pandikkad",
        "amenity": "fuel",
        "name": "IOC",
        "operator": "IOC"
      },
      "geometry": {
        "type": "Point",
        "coordinates": [
          76.2200146,
          11.0951857
        ]
      },
      "id": "node/3826779962"
    },
    {
      "type": "Feature",
      "properties": {
        "@id": "node/3826878422",
        "addr:city": "Mankada",
        "amenity": "fuel",
        "name": "Hindustan Petroleum",
        "operator": "Hindustan Petroleum"
      },
      "geometry": {
        "type": "Point",
        "coordinates": [
          76.1750357,
          11.019604
        ]
      },
      "id": "node/3826878422"
    },
    {
      "type": "Feature",
      "properties": {
        "@id": "node/3826926918",
        "addr:city": "Pandikkad",
        "amenity": "fuel",
        "name": "IOC"
      },
      "geometry": {
        "type": "Point",
        "coordinates": [
          76.2230015,
          11.089666
        ]
      },
      "id": "node/3826926918"
    },
    {
      "type": "Feature",
      "properties": {
        "@id": "node/3830615046",
        "amenity": "fuel",
        "brand": "HP",
        "fuel:diesel": "yes",
        "fuel:octane_91": "yes",
        "name": "HP Petrol Pump"
      },
      "geometry": {
        "type": "Point",
        "coordinates": [
          75.7453838,
          11.657593
        ]
      },
      "id": "node/3830615046"
    },
    {
      "type": "Feature",
      "properties": {
        "@id": "node/3830643588",
        "amenity": "fuel",
        "brand": "Essar",
        "name": "Essar Petrol Pump"
      },
      "geometry": {
        "type": "Point",
        "coordinates": [
          75.7554059,
          11.6472125
        ]
      },
      "id": "node/3830643588"
    },
    {
      "type": "Feature",
      "properties": {
        "@id": "node/3830643589",
        "amenity": "fuel",
        "brand": "Indian Oil",
        "brand:wikidata": "Q1289348",
        "brand:wikipedia": "en:Indian Oil Corporation",
        "fuel:diesel": "yes",
        "fuel:octane_91": "yes",
        "name": "Indian Oil Petrol Pump"
      },
      "geometry": {
        "type": "Point",
        "coordinates": [
          75.7540981,
          11.6553707
        ]
      },
      "id": "node/3830643589"
    },
    {
      "type": "Feature",
      "properties": {
        "@id": "node/3858799668",
        "amenity": "fuel",
        "name": "BP",
        "operator": "BP"
      },
      "geometry": {
        "type": "Point",
        "coordinates": [
          76.1040299,
          10.9892071
        ]
      },
      "id": "node/3858799668"
    },
    {
      "type": "Feature",
      "properties": {
        "@id": "node/3883215379",
        "amenity": "fuel",
        "name": "Hindustan Petroleum",
        "operator": "Hindustan Petroleum"
      },
      "geometry": {
        "type": "Point",
        "coordinates": [
          75.9684354,
          11.4628593
        ]
      },
      "id": "node/3883215379"
    },
    {
      "type": "Feature",
      "properties": {
        "@id": "node/3883217087",
        "amenity": "fuel",
        "brand": "Indian Oil",
        "brand:wikidata": "Q1289348",
        "brand:wikipedia": "en:Indian Oil Corporation",
        "name": "Indian Oil Corporation Adivaram Petroleum",
        "operator": "IOC"
      },
      "geometry": {
        "type": "Point",
        "coordinates": [
          76.0071787,
          11.4832271
        ]
      },
      "id": "node/3883217087"
    },
    {
      "type": "Feature",
      "properties": {
        "@id": "node/3883260185",
        "amenity": "fuel",
        "name": "IOC"
      },
      "geometry": {
        "type": "Point",
        "coordinates": [
          76.0287078,
          11.0645993
        ]
      },
      "id": "node/3883260185"
    },
    {
      "type": "Feature",
      "properties": {
        "@id": "node/3906855190",
        "amenity": "fuel"
      },
      "geometry": {
        "type": "Point",
        "coordinates": [
          75.7804375,
          11.2605976
        ]
      },
      "id": "node/3906855190"
    },
    {
      "type": "Feature",
      "properties": {
        "@id": "node/4045616805",
        "amenity": "fuel"
      },
      "geometry": {
        "type": "Point",
        "coordinates": [
          75.8149111,
          11.5003973
        ]
      },
      "id": "node/4045616805"
    },
    {
      "type": "Feature",
      "properties": {
        "@id": "node/4047406262",
        "amenity": "fuel",
        "brand": "Hindustan Petroleum",
        "brand:wikidata": "Q1619375",
        "brand:wikipedia": "en:Hindustan Petroleum",
        "name": "Hindustan petroleum fuel",
        "name:ml": "ഫ്യുവൽ",
        "official_name": "Hindustan Petroleum"
      },
      "geometry": {
        "type": "Point",
        "coordinates": [
          76.5338651,
          9.62021
        ]
      },
      "id": "node/4047406262"
    },
    {
      "type": "Feature",
      "properties": {
        "@id": "node/4049932116",
        "amenity": "fuel",
        "name": "Reliance pump"
      },
      "geometry": {
        "type": "Point",
        "coordinates": [
          76.5476623,
          9.6471665
        ]
      },
      "id": "node/4049932116"
    },
    {
      "type": "Feature",
      "properties": {
        "@id": "node/4067967897",
        "amenity": "fuel",
        "brand": "Hindustan Petroleum",
        "brand:wikidata": "Q1619375",
        "brand:wikipedia": "en:Hindustan Petroleum",
        "name": "HP",
        "official_name": "Hindustan Petroleum",
        "operator": "Hindustan Petroleum",
        "source": "gps"
      },
      "geometry": {
        "type": "Point",
        "coordinates": [
          76.2769302,
          11.6688223
        ]
      },
      "id": "node/4067967897"
    },
    {
      "type": "Feature",
      "properties": {
        "@id": "node/4067971615",
        "amenity": "fuel",
        "brand": "Bharat Petroleum",
        "brand:wikidata": "Q854826",
        "brand:wikipedia": "en:Bharat Petroleum",
        "name": "Bharat Petroleum",
        "source": "gps"
      },
      "geometry": {
        "type": "Point",
        "coordinates": [
          76.0776488,
          11.5956394
        ]
      },
      "id": "node/4067971615"
    },
    {
      "type": "Feature",
      "properties": {
        "@id": "node/4067978661",
        "amenity": "fuel",
        "brand": "Indian Oil",
        "brand:wikidata": "Q1289348",
        "brand:wikipedia": "en:Indian Oil Corporation",
        "name": "Indian Oil-Kakkodan Filling Station",
        "operator": "Indian Oil",
        "source": "gps"
      },
      "geometry": {
        "type": "Point",
        "coordinates": [
          76.2586059,
          11.6633028
        ]
      },
      "id": "node/4067978661"
    },
    {
      "type": "Feature",
      "properties": {
        "@id": "node/4086082404",
        "amenity": "fuel",
        "operator": "HP"
      },
      "geometry": {
        "type": "Point",
        "coordinates": [
          76.6797049,
          9.7204835
        ]
      },
      "id": "node/4086082404"
    },
    {
      "type": "Feature",
      "properties": {
        "@id": "node/4109185380",
        "amenity": "fuel",
        "brand": "Indian Oil",
        "brand:wikidata": "Q1289348",
        "brand:wikipedia": "en:Indian Oil Corporation",
        "ele": "741",
        "name": "Indian Oil"
      },
      "geometry": {
        "type": "Point",
        "coordinates": [
          76.0660574,
          11.8487263
        ]
      },
      "id": "node/4109185380"
    },
    {
      "type": "Feature",
      "properties": {
        "@id": "node/4124951212",
        "amenity": "fuel",
        "name": "Essar Petrol Pump"
      },
      "geometry": {
        "type": "Point",
        "coordinates": [
          75.9492493,
          10.72385
        ]
      },
      "id": "node/4124951212"
    },
    {
      "type": "Feature",
      "properties": {
        "@id": "node/4214855352",
        "amenity": "fuel",
        "name": "fuel pump"
      },
      "geometry": {
        "type": "Point",
        "coordinates": [
          76.7922408,
          9.9900585
        ]
      },
      "id": "node/4214855352"
    },
    {
      "type": "Feature",
      "properties": {
        "@id": "node/4292125107",
        "amenity": "fuel",
        "name": "Bharat Petroleum"
      },
      "geometry": {
        "type": "Point",
        "coordinates": [
          76.4095312,
          10.8110056
        ]
      },
      "id": "node/4292125107"
    },
    {
      "type": "Feature",
      "properties": {
        "@id": "node/4293223890",
        "addr:postcode": "682024",
        "addr:street": "Old NH 47",
        "amenity": "fuel",
        "compressed_air": "yes",
        "name": "Petrol/Diesel Bunk",
        "opening_hours": "24/7"
      },
      "geometry": {
        "type": "Point",
        "coordinates": [
          76.302932,
          10.0124558
        ]
      },
      "id": "node/4293223890"
    },
    {
      "type": "Feature",
      "properties": {
        "@id": "node/4305596990",
        "amenity": "fuel"
      },
      "geometry": {
        "type": "Point",
        "coordinates": [
          76.2769688,
          10.769963
        ]
      },
      "id": "node/4305596990"
    },
    {
      "type": "Feature",
      "properties": {
        "@id": "node/4308258093",
        "addr:street": "Thrissur – Kuttippuram Road",
        "amenity": "fuel",
        "brand": "Bharat Petroleum",
        "brand:wikidata": "Q854826",
        "brand:wikipedia": "en:Bharat Petroleum",
        "name": "Bharat Petroleum pump"
      },
      "geometry": {
        "type": "Point",
        "coordinates": [
          76.088155,
          10.712571
        ]
      },
      "id": "node/4308258093"
    },
    {
      "type": "Feature",
      "properties": {
        "@id": "node/4308258095",
        "addr:street": "Thrissur – Kuttippuram Road",
        "amenity": "fuel",
        "brand": "Hindustan Petroleum",
        "brand:wikidata": "Q1619375",
        "brand:wikipedia": "en:Hindustan Petroleum",
        "name": "HP",
        "official_name": "Hindustan Petroleum"
      },
      "geometry": {
        "type": "Point",
        "coordinates": [
          76.0440732,
          10.7325916
        ]
      },
      "id": "node/4308258095"
    },
    {
      "type": "Feature",
      "properties": {
        "@id": "node/4308262796",
        "addr:street": "Thrissur – Kuttippuram Road",
        "amenity": "fuel",
        "name": "Fuel Station"
      },
      "geometry": {
        "type": "Point",
        "coordinates": [
          76.0906107,
          10.7007465
        ]
      },
      "id": "node/4308262796"
    },
    {
      "type": "Feature",
      "properties": {
        "@id": "node/4308263096",
        "addr:street": "Thrissur – Kuttippuram Road",
        "amenity": "fuel",
        "brand": "Bharat Petroleum",
        "brand:wikidata": "Q854826",
        "brand:wikipedia": "en:Bharat Petroleum",
        "name": "Bharat Petroleum"
      },
      "geometry": {
        "type": "Point",
        "coordinates": [
          76.0078462,
          10.7832004
        ]
      },
      "id": "node/4308263096"
    },
    {
      "type": "Feature",
      "properties": {
        "@id": "node/4308263097",
        "addr:street": "Thrissur – Kuttippuram Road",
        "amenity": "fuel",
        "brand": "Indian Oil",
        "brand:wikidata": "Q1289348",
        "brand:wikipedia": "en:Indian Oil Corporation",
        "name": "Indian Oil"
      },
      "geometry": {
        "type": "Point",
        "coordinates": [
          76.0066081,
          10.796931
        ]
      },
      "id": "node/4308263097"
    },
    {
      "type": "Feature",
      "properties": {
        "@id": "node/4308308592",
        "addr:street": "Thrissur – Kuttippuram Road",
        "amenity": "fuel",
        "name": "Essar"
      },
      "geometry": {
        "type": "Point",
        "coordinates": [
          76.0378,
          10.7328136
        ]
      },
      "id": "node/4308308592"
    },
    {
      "type": "Feature",
      "properties": {
        "@id": "node/4308368694",
        "addr:street": "Calicut-Valanchery-Kuttipuram Highway",
        "amenity": "fuel",
        "name": "Hindustan Petroleum"
      },
      "geometry": {
        "type": "Point",
        "coordinates": [
          76.007114,
          10.93421
        ]
      },
      "id": "node/4308368694"
    },
    {
      "type": "Feature",
      "properties": {
        "@id": "node/4323690992",
        "amenity": "fuel",
        "compressed_air": "yes"
      },
      "geometry": {
        "type": "Point",
        "coordinates": [
          77.03232,
          8.8441618
        ]
      },
      "id": "node/4323690992"
    },
    {
      "type": "Feature",
      "properties": {
        "@id": "node/4324733555",
        "amenity": "fuel",
        "name": "HP Gas Agency"
      },
      "geometry": {
        "type": "Point",
        "coordinates": [
          76.3990928,
          10.6898736
        ]
      },
      "id": "node/4324733555"
    },
    {
      "type": "Feature",
      "properties": {
        "@id": "node/4324733571",
        "amenity": "fuel",
        "name": "Petrol Pump"
      },
      "geometry": {
        "type": "Point",
        "coordinates": [
          76.3495252,
          10.6938111
        ]
      },
      "id": "node/4324733571"
    },
    {
      "type": "Feature",
      "properties": {
        "@id": "node/4324733577",
        "amenity": "fuel",
        "name": "Petrol Pump"
      },
      "geometry": {
        "type": "Point",
        "coordinates": [
          76.3405691,
          10.6944446
        ]
      },
      "id": "node/4324733577"
    },
    {
      "type": "Feature",
      "properties": {
        "@id": "node/4332238210",
        "amenity": "fuel",
        "compressed_air": "yes",
        "name": "Petron"
      },
      "geometry": {
        "type": "Point",
        "coordinates": [
          76.3229083,
          9.9606061
        ]
      },
      "id": "node/4332238210"
    },
    {
      "type": "Feature",
      "properties": {
        "@id": "node/4333464693",
        "amenity": "fuel"
      },
      "geometry": {
        "type": "Point",
        "coordinates": [
          76.7288342,
          9.1572405
        ]
      },
      "id": "node/4333464693"
    },
    {
      "type": "Feature",
      "properties": {
        "@id": "node/4397016189",
        "addr:street": "Kannur-Calicut-Valanchery Highway",
        "amenity": "fuel",
        "brand": "Indian Oil",
        "brand:wikidata": "Q1289348",
        "brand:wikipedia": "en:Indian Oil Corporation",
        "name": "Indian Oil",
        "name:en": "Indian Oil"
      },
      "geometry": {
        "type": "Point",
        "coordinates": [
          75.626777,
          11.4975293
        ]
      },
      "id": "node/4397016189"
    },
    {
      "type": "Feature",
      "properties": {
        "@id": "node/4397026789",
        "addr:street": "Kannur-Calicut-Valanchery Highway",
        "amenity": "fuel",
        "brand": "Indian Oil",
        "brand:wikidata": "Q1289348",
        "brand:wikipedia": "en:Indian Oil Corporation",
        "name": "Indian Oil",
        "name:en": "Indian Oil"
      },
      "geometry": {
        "type": "Point",
        "coordinates": [
          75.6944034,
          11.4406406
        ]
      },
      "id": "node/4397026789"
    },
    {
      "type": "Feature",
      "properties": {
        "@id": "node/4407064889",
        "amenity": "fuel",
        "brand": "Indian Oil",
        "brand:wikidata": "Q1289348",
        "brand:wikipedia": "en:Indian Oil Corporation",
        "name": "Indian Oil",
        "name:en": "Pancharamukku"
      },
      "geometry": {
        "type": "Point",
        "coordinates": [
          76.0412216,
          10.5810438
        ]
      },
      "id": "node/4407064889"
    },
    {
      "type": "Feature",
      "properties": {
        "@id": "node/4419913870",
        "amenity": "fuel"
      },
      "geometry": {
        "type": "Point",
        "coordinates": [
          76.2789,
          10.7793864
        ]
      },
      "id": "node/4419913870"
    },
    {
      "type": "Feature",
      "properties": {
        "@id": "node/4422051293",
        "amenity": "fuel",
        "brand": "Hindustan Petroleum",
        "brand:wikidata": "Q1619375",
        "brand:wikipedia": "en:Hindustan Petroleum",
        "name": "Hindustan Petroleum",
        "official_name": "Hindustan Petroleum",
        "operator": "Hindustan Petroleum"
      },
      "geometry": {
        "type": "Point",
        "coordinates": [
          76.2121189,
          10.5265114
        ]
      },
      "id": "node/4422051293"
    },
    {
      "type": "Feature",
      "properties": {
        "@id": "node/4427070189",
        "addr:street": "meenpara",
        "amenity": "fuel",
        "brand": "Indian Oil",
        "brand:wikidata": "Q1289348",
        "brand:wikipedia": "en:Indian Oil Corporation",
        "email": "www.sigmaent@gmail.com",
        "internet_access": "wlan",
        "name": "Indian oil, sigma enterprises",
        "name:en": "Indian oil, sigma enterprises",
        "opening_hours": "24/7",
        "operator": "hassan ahammed",
        "phone": "+91-4942610949",
        "website": "http://www.sigmaenterprises.com"
      },
      "geometry": {
        "type": "Point",
        "coordinates": [
          76.0609643,
          10.8978597
        ]
      },
      "id": "node/4427070189"
    },
    {
      "type": "Feature",
      "properties": {
        "@id": "node/4429404926",
        "amenity": "fuel",
        "brand": "IOC",
        "fuel:1_25": "yes",
        "fuel:diesel": "yes",
        "fuel:octane_98": "yes",
        "name": "Surya Gayathri Fuels Kozhikomb",
        "name:ml": "സൂര്യഗായത്രി പമ്പ് കോഴിക്കൊമ്പ്"
      },
      "geometry": {
        "type": "Point",
        "coordinates": [
          76.6274827,
          9.7323622
        ]
      },
      "id": "node/4429404926"
    },
    {
      "type": "Feature",
      "properties": {
        "@id": "node/4437553901",
        "amenity": "fuel",
        "brand": "Indian Oil",
        "brand:wikidata": "Q1289348",
        "brand:wikipedia": "en:Indian Oil Corporation",
        "name": "Indian oil",
        "name:en": "Indian oil"
      },
      "geometry": {
        "type": "Point",
        "coordinates": [
          76.246107,
          10.4667467
        ]
      },
      "id": "node/4437553901"
    },
    {
      "type": "Feature",
      "properties": {
        "@id": "node/4440900889",
        "amenity": "fuel",
        "brand": "Hindustan Petroleum",
        "brand:wikidata": "Q1619375",
        "name": "Hindustan Petroleum",
        "official_name": "Hindustan Petroleum"
      },
      "geometry": {
        "type": "Point",
        "coordinates": [
          75.9766277,
          11.2438023
        ]
      },
      "id": "node/4440900889"
    },
    {
      "type": "Feature",
      "properties": {
        "@id": "node/4445269191",
        "amenity": "fuel",
        "name": "HP Petrol Pump",
        "name:en": "HP Petrol Pump"
      },
      "geometry": {
        "type": "Point",
        "coordinates": [
          76.554558,
          9.0015642
        ]
      },
      "id": "node/4445269191"
    },
    {
      "type": "Feature",
      "properties": {
        "@id": "node/4446927762",
        "amenity": "fuel",
        "brand": "Indian Oil",
        "brand:wikidata": "Q1289348",
        "brand:wikipedia": "en:Indian Oil Corporation",
        "name": "Indian Oil",
        "self_service": "no"
      },
      "geometry": {
        "type": "Point",
        "coordinates": [
          75.9400445,
          11.0328964
        ]
      },
      "id": "node/4446927762"
    },
    {
      "type": "Feature",
      "properties": {
        "@id": "node/4459090680",
        "amenity": "fuel",
        "self_service": "no"
      },
      "geometry": {
        "type": "Point",
        "coordinates": [
          75.9481156,
          11.02154
        ]
      },
      "id": "node/4459090680"
    },
    {
      "type": "Feature",
      "properties": {
        "@id": "node/4468385789",
        "amenity": "fuel"
      },
      "geometry": {
        "type": "Point",
        "coordinates": [
          76.2436632,
          10.1889304
        ]
      },
      "id": "node/4468385789"
    },
    {
      "type": "Feature",
      "properties": {
        "@id": "node/4504690789",
        "addr:street": "Ettumanoor - Ernakulam Road",
        "amenity": "fuel",
        "name": "IOC Petrol pump",
        "name:en": "IOC Petrol pump"
      },
      "geometry": {
        "type": "Point",
        "coordinates": [
          76.3717204,
          9.8927207
        ]
      },
      "id": "node/4504690789"
    },
    {
      "type": "Feature",
      "properties": {
        "@id": "node/4512992810",
        "amenity": "fuel",
        "name": "Kodungoor Petrol Pump"
      },
      "geometry": {
        "type": "Point",
        "coordinates": [
          76.7076806,
          9.5665017
        ]
      },
      "id": "node/4512992810"
    },
    {
      "type": "Feature",
      "properties": {
        "@id": "node/4514777291",
        "amenity": "fuel",
        "name": "Reliance pump",
        "name:en": "Reliance pump"
      },
      "geometry": {
        "type": "Point",
        "coordinates": [
          76.5434554,
          9.2619441
        ]
      },
      "id": "node/4514777291"
    },
    {
      "type": "Feature",
      "properties": {
        "@id": "node/4530460465",
        "addr:city": "Vazhithala",
        "addr:postcode": "685583",
        "addr:street": "Kolani - Vazhithala - Koothattukulam Road",
        "amenity": "fuel",
        "name": "Bharat Petroleum"
      },
      "geometry": {
        "type": "Point",
        "coordinates": [
          76.6409035,
          9.8847212
        ]
      },
      "id": "node/4530460465"
    },
    {
      "type": "Feature",
      "properties": {
        "@id": "node/4556521789",
        "amenity": "fuel",
        "name": "Ioc Petrol Pump",
        "name:en": "IOC PETROL PUMP"
      },
      "geometry": {
        "type": "Point",
        "coordinates": [
          76.5350643,
          8.9784352
        ]
      },
      "id": "node/4556521789"
    },
    {
      "type": "Feature",
      "properties": {
        "@id": "node/4568156656",
        "amenity": "fuel",
        "compressed_air": "yes",
        "name": "Hindustan Petroleum"
      },
      "geometry": {
        "type": "Point",
        "coordinates": [
          75.9050834,
          11.0431731
        ]
      },
      "id": "node/4568156656"
    },
    {
      "type": "Feature",
      "properties": {
        "@id": "node/4568161318",
        "amenity": "fuel",
        "brand": "Hindustan Petroleum",
        "brand:wikidata": "Q1619375",
        "brand:wikipedia": "en:Hindustan Petroleum",
        "name": "HP",
        "official_name": "Hindustan Petroleum"
      },
      "geometry": {
        "type": "Point",
        "coordinates": [
          75.8587129,
          11.0487223
        ]
      },
      "id": "node/4568161318"
    },
    {
      "type": "Feature",
      "properties": {
        "@id": "node/4569759544",
        "amenity": "fuel",
        "brand": "Hindustan Petroleum",
        "brand:wikidata": "Q1619375",
        "brand:wikipedia": "en:Hindustan Petroleum",
        "name": "HP",
        "official_name": "Hindustan Petroleum"
      },
      "geometry": {
        "type": "Point",
        "coordinates": [
          75.8017978,
          11.2585461
        ]
      },
      "id": "node/4569759544"
    },
    {
      "type": "Feature",
      "properties": {
        "@id": "node/4569761318",
        "amenity": "fuel",
        "compressed_air": "yes",
        "name": "Bharath Petroleum"
      },
      "geometry": {
        "type": "Point",
        "coordinates": [
          75.9111882,
          11.0467526
        ]
      },
      "id": "node/4569761318"
    },
    {
      "type": "Feature",
      "properties": {
        "@id": "node/4570963194",
        "amenity": "fuel",
        "name": "Petrol Station",
        "name:en": "Petrol Station"
      },
      "geometry": {
        "type": "Point",
        "coordinates": [
          75.8848971,
          10.9675632
        ]
      },
      "id": "node/4570963194"
    },
    {
      "type": "Feature",
      "properties": {
        "@id": "node/4652876291",
        "amenity": "fuel",
        "brand": "Indian Oil",
        "brand:wikidata": "Q1289348",
        "brand:wikipedia": "en:Indian Oil Corporation",
        "name": "Indian Oil",
        "name:en": "Indian Oil"
      },
      "geometry": {
        "type": "Point",
        "coordinates": [
          76.3561474,
          9.520367
        ]
      },
      "id": "node/4652876291"
    },
    {
      "type": "Feature",
      "properties": {
        "@id": "node/4652901689",
        "amenity": "fuel",
        "brand": "Indian Oil",
        "brand:wikidata": "Q1289348",
        "brand:wikipedia": "en:Indian Oil Corporation",
        "name": "Indian Oil",
        "name:en": "Indian Oil"
      },
      "geometry": {
        "type": "Point",
        "coordinates": [
          76.3491221,
          9.4999394
        ]
      },
      "id": "node/4652901689"
    },
    {
      "type": "Feature",
      "properties": {
        "@id": "node/4664235703",
        "amenity": "fuel"
      },
      "geometry": {
        "type": "Point",
        "coordinates": [
          76.3593915,
          10.1073281
        ]
      },
      "id": "node/4664235703"
    },
    {
      "type": "Feature",
      "properties": {
        "@id": "node/4683469061",
        "amenity": "fuel",
        "name": "Essar pump",
        "opening_hours": "PH,Mo-Su 06:00-21:00"
      },
      "geometry": {
        "type": "Point",
        "coordinates": [
          76.2342699,
          10.1687865
        ]
      },
      "id": "node/4683469061"
    },
    {
      "type": "Feature",
      "properties": {
        "@id": "node/4687254361",
        "addr:city": "karukutty",
        "addr:housenumber": "Areekal",
        "addr:postcode": "683576",
        "addr:street": "Salem-Kochi-Kanyakumari Highway",
        "amenity": "fuel",
        "brand": "Reliance",
        "fuel:diesel": "yes",
        "fuel:petrol": "yes",
        "name": "Reliance fuelling station",
        "wikidata": "Q132123632"
      },
      "geometry": {
        "type": "Point",
        "coordinates": [
          76.3773606,
          10.2194567
        ]
      },
      "id": "node/4687254361"
    },
    {
      "type": "Feature",
      "properties": {
        "@id": "node/4690833359",
        "amenity": "fuel"
      },
      "geometry": {
        "type": "Point",
        "coordinates": [
          76.2090321,
          10.2377978
        ]
      },
      "id": "node/4690833359"
    },
    {
      "type": "Feature",
      "properties": {
        "@id": "node/4701037802",
        "amenity": "fuel"
      },
      "geometry": {
        "type": "Point",
        "coordinates": [
          75.9883148,
          10.6891581
        ]
      },
      "id": "node/4701037802"
    },
    {
      "type": "Feature",
      "properties": {
        "@id": "node/4733928622",
        "amenity": "fuel",
        "brand": "Bharat Petroleum",
        "brand:wikidata": "Q854826",
        "brand:wikipedia": "en:Bharat Petroleum",
        "name": "Bharat Petroleum",
        "name:ml": "ബിപി"
      },
      "geometry": {
        "type": "Point",
        "coordinates": [
          76.3143412,
          10.0355311
        ]
      },
      "id": "node/4733928622"
    },
    {
      "type": "Feature",
      "properties": {
        "@id": "node/4744264823",
        "addr:postcode": "678541",
        "addr:street": "Bank road Alathur",
        "amenity": "fuel",
        "name": "Alathur petrol pump",
        "name:en": "Alathur petrol pump",
        "opening_hours": "Mo-Su 05:00-23:00",
        "wikidata": "Q131967730"
      },
      "geometry": {
        "type": "Point",
        "coordinates": [
          76.5479953,
          10.6474366
        ]
      },
      "id": "node/4744264823"
    },
    {
      "type": "Feature",
      "properties": {
        "@id": "node/4768498755",
        "amenity": "fuel",
        "brand": "Hindustan Petroleum",
        "brand:wikidata": "Q1619375",
        "brand:wikipedia": "en:Hindustan Petroleum",
        "name": "HP",
        "name:ml": "എച്ച്പി",
        "official_name": "Hindustan Petroleum"
      },
      "geometry": {
        "type": "Point",
        "coordinates": [
          76.3376728,
          9.9522472
        ]
      },
      "id": "node/4768498755"
    },
    {
      "type": "Feature",
      "properties": {
        "@id": "node/4769437031",
        "amenity": "fuel",
        "brand": "Indian Oil",
        "brand:wikidata": "Q1289348",
        "brand:wikipedia": "en:Indian Oil Corporation",
        "name": "Indian Oil",
        "name:ml": "ഐഓസി"
      },
      "geometry": {
        "type": "Point",
        "coordinates": [
          76.3383769,
          9.9527791
        ]
      },
      "id": "node/4769437031"
    },
    {
      "type": "Feature",
      "properties": {
        "@id": "node/4793226247",
        "amenity": "fuel",
        "name": "Musket Fuels"
      },
      "geometry": {
        "type": "Point",
        "coordinates": [
          76.4856291,
          9.1185465
        ]
      },
      "id": "node/4793226247"
    },
    {
      "type": "Feature",
      "properties": {
        "@id": "node/4793385297",
        "amenity": "fuel"
      },
      "geometry": {
        "type": "Point",
        "coordinates": [
          76.5023636,
          9.1267192
        ]
      },
      "id": "node/4793385297"
    },
    {
      "type": "Feature",
      "properties": {
        "@id": "node/4793409319",
        "amenity": "fuel",
        "brand": "Hindustan Petroleum",
        "brand:wikidata": "Q1619375",
        "name": "HP Petrol Pump",
        "official_name": "Hindustan Petroleum"
      },
      "geometry": {
        "type": "Point",
        "coordinates": [
          76.5134087,
          9.1328703
        ]
      },
      "id": "node/4793409319"
    },
    {
      "type": "Feature",
      "properties": {
        "@id": "node/4800751001",
        "amenity": "fuel",
        "brand": "Indian Oil",
        "name": "പെട്രോള്‍ പമ്പ്‌"
      },
      "geometry": {
        "type": "Point",
        "coordinates": [
          76.2000106,
          10.2272319
        ]
      },
      "id": "node/4800751001"
    },
    {
      "type": "Feature",
      "properties": {
        "@id": "node/4828242645",
        "amenity": "fuel",
        "name": "Ioc"
      },
      "geometry": {
        "type": "Point",
        "coordinates": [
          75.9743391,
          11.6809329
        ]
      },
      "id": "node/4828242645"
    },
    {
      "type": "Feature",
      "properties": {
        "@id": "node/4834362649",
        "amenity": "fuel",
        "brand": "BP",
        "brand:wikidata": "Q152057",
        "brand:wikipedia": "en:BP",
        "name": "Bp"
      },
      "geometry": {
        "type": "Point",
        "coordinates": [
          76.0637955,
          11.8475638
        ]
      },
      "id": "node/4834362649"
    },
    {
      "type": "Feature",
      "properties": {
        "@id": "node/4864503442",
        "amenity": "fuel"
      },
      "geometry": {
        "type": "Point",
        "coordinates": [
          76.5742295,
          9.3833421
        ]
      },
      "id": "node/4864503442"
    },
    {
      "type": "Feature",
      "properties": {
        "@id": "node/4864550349",
        "amenity": "fuel"
      },
      "geometry": {
        "type": "Point",
        "coordinates": [
          76.5753067,
          9.3857447
        ]
      },
      "id": "node/4864550349"
    },
    {
      "type": "Feature",
      "properties": {
        "@id": "node/4864550350",
        "amenity": "fuel",
        "compressed_air": "yes"
      },
      "geometry": {
        "type": "Point",
        "coordinates": [
          76.5753094,
          9.3872236
        ]
      },
      "id": "node/4864550350"
    },
    {
      "type": "Feature",
      "properties": {
        "@id": "node/4864550351",
        "amenity": "fuel",
        "compressed_air": "no"
      },
      "geometry": {
        "type": "Point",
        "coordinates": [
          76.5752827,
          9.3867455
        ]
      },
      "id": "node/4864550351"
    },
    {
      "type": "Feature",
      "properties": {
        "@id": "node/4902954021",
        "amenity": "fuel",
        "name": "Kuzhur Petrol Station",
        "name:en": "Kuzhur Petrol Station"
      },
      "geometry": {
        "type": "Point",
        "coordinates": [
          76.2966474,
          10.2078048
        ]
      },
      "id": "node/4902954021"
    },
    {
      "type": "Feature",
      "properties": {
        "@id": "node/4953645021",
        "addr:street": "Vakkom Main Road",
        "amenity": "fuel",
        "name": "Vakkom petrol pump",
        "operator": "indian oil"
      },
      "geometry": {
        "type": "Point",
        "coordinates": [
          76.7579838,
          8.6883236
        ]
      },
      "id": "node/4953645021"
    },
    {
      "type": "Feature",
      "properties": {
        "@id": "node/4994338529",
        "amenity": "fuel",
        "name": "Petrol Pump",
        "name:en": "Petrol Pump"
      },
      "geometry": {
        "type": "Point",
        "coordinates": [
          76.1839134,
          10.4654326
        ]
      },
      "id": "node/4994338529"
    },
    {
      "type": "Feature",
      "properties": {
        "@id": "node/5065425524",
        "amenity": "fuel",
        "name": "Devi Mulamkadakom Fuels",
        "name:en": "Devi Mulamkadakom Fuels"
      },
      "geometry": {
        "type": "Point",
        "coordinates": [
          76.5756692,
          8.8915209
        ]
      },
      "id": "node/5065425524"
    },
    {
      "type": "Feature",
      "properties": {
        "@id": "node/5085403178",
        "addr:city": "Thiruvilwamala",
        "addr:postcode": "680588",
        "addr:street": "Thiruvilwamala- Thrissur Road",
        "amenity": "fuel",
        "fuel:diesel": "yes",
        "fuel:petrol": "yes",
        "name": "Hindustan Petroleum"
      },
      "geometry": {
        "type": "Point",
        "coordinates": [
          76.4257902,
          10.7275678
        ]
      },
      "id": "node/5085403178"
    },
    {
      "type": "Feature",
      "properties": {
        "@id": "node/5167681400",
        "amenity": "fuel",
        "name": "HP Petrol Pump",
        "self_service": "no"
      },
      "geometry": {
        "type": "Point",
        "coordinates": [
          75.3576551,
          11.8775318
        ]
      },
      "id": "node/5167681400"
    },
    {
      "type": "Feature",
      "properties": {
        "@id": "node/5168573625",
        "amenity": "fuel",
        "name": "Bharat Petroleum Petrol Pump",
        "operator": "Bharat Petroleum"
      },
      "geometry": {
        "type": "Point",
        "coordinates": [
          77.0815751,
          8.6650929
        ]
      },
      "id": "node/5168573625"
    },
    {
      "type": "Feature",
      "properties": {
        "@id": "node/5168573628",
        "amenity": "fuel",
        "brand": "Hindustan Petroleum",
        "brand:wikidata": "Q1619375",
        "brand:wikipedia": "en:Hindustan Petroleum",
        "fuel:diesel": "yes",
        "fuel:petrol": "yes",
        "name": "Hindustan Petroleum",
        "official_name": "Hindustan Petroleum",
        "operator": "Hindustan Petroleum",
        "self_service": "no"
      },
      "geometry": {
        "type": "Point",
        "coordinates": [
          77.0881329,
          8.672876
        ]
      },
      "id": "node/5168573628"
    },
    {
      "type": "Feature",
      "properties": {
        "@id": "node/5248706513",
        "amenity": "fuel",
        "name": "BP Petrol Pump"
      },
      "geometry": {
        "type": "Point",
        "coordinates": [
          75.9219435,
          10.90378
        ]
      },
      "id": "node/5248706513"
    },
    {
      "type": "Feature",
      "properties": {
        "@id": "node/5261850986",
        "amenity": "fuel",
        "source": "survey; gps"
      },
      "geometry": {
        "type": "Point",
        "coordinates": [
          76.1944905,
          10.1389455
        ]
      },
      "id": "node/5261850986"
    },
    {
      "type": "Feature",
      "properties": {
        "@id": "node/5274719163",
        "addr:postcode": "673592",
        "addr:street": "Kalpetta-Sulthan Bathery Road",
        "amenity": "fuel",
        "brand": "Indian Oil",
        "brand:wikidata": "Q1289348",
        "brand:wikipedia": "en:Indian Oil Corporation",
        "fuel:diesel": "yes",
        "fuel:petrol": "yes",
        "name": "Indian Oil corporation Ltd Balaji Fuel Station"
      },
      "geometry": {
        "type": "Point",
        "coordinates": [
          76.2402088,
          11.6608866
        ]
      },
      "id": "node/5274719163"
    },
    {
      "type": "Feature",
      "properties": {
        "@id": "node/5300436073",
        "amenity": "fuel",
        "brand": "Bharat Petroleum",
        "brand:wikidata": "Q854826",
        "brand:wikipedia": "en:Bharat Petroleum",
        "name": "Bharat Petroleum"
      },
      "geometry": {
        "type": "Point",
        "coordinates": [
          76.7069821,
          10.6826718
        ]
      },
      "id": "node/5300436073"
    },
    {
      "type": "Feature",
      "properties": {
        "@id": "node/5301844421",
        "amenity": "fuel",
        "name": "HP Petrol Station"
      },
      "geometry": {
        "type": "Point",
        "coordinates": [
          76.0248427,
          10.5875823
        ]
      },
      "id": "node/5301844421"
    },
    {
      "type": "Feature",
      "properties": {
        "@id": "node/5308572479",
        "amenity": "fuel",
        "name": "Ioc",
        "name:ml": "ഐഓസി"
      },
      "geometry": {
        "type": "Point",
        "coordinates": [
          76.3668668,
          9.3508743
        ]
      },
      "id": "node/5308572479"
    },
    {
      "type": "Feature",
      "properties": {
        "@id": "node/5308579369",
        "amenity": "fuel",
        "compressed_air": "yes",
        "name": "Ioc"
      },
      "geometry": {
        "type": "Point",
        "coordinates": [
          76.3344826,
          9.4996066
        ]
      },
      "id": "node/5308579369"
    },
    {
      "type": "Feature",
      "properties": {
        "@id": "node/5325244489",
        "addr:city": "Mallappally",
        "amenity": "fuel",
        "fuel:diesel": "yes",
        "fuel:gasoline": "yes",
        "name": "Bharat Petroleum",
        "operator": "Syndicate Fuels"
      },
      "geometry": {
        "type": "Point",
        "coordinates": [
          76.6510183,
          9.4438215
        ]
      },
      "id": "node/5325244489"
    },
    {
      "type": "Feature",
      "properties": {
        "@id": "node/5353824223",
        "amenity": "fuel",
        "brand": "Indian Oil",
        "brand:wikidata": "Q1289348",
        "brand:wikipedia": "en:Indian Oil Corporation",
        "name": "Indian Oil corporation IOC"
      },
      "geometry": {
        "type": "Point",
        "coordinates": [
          76.0404375,
          11.1294913
        ]
      },
      "id": "node/5353824223"
    },
    {
      "type": "Feature",
      "properties": {
        "@id": "node/5353844027",
        "amenity": "fuel",
        "name": "hindustan petrolium valluvambram"
      },
      "geometry": {
        "type": "Point",
        "coordinates": [
          76.0449466,
          11.1276928
        ]
      },
      "id": "node/5353844027"
    },
    {
      "type": "Feature",
      "properties": {
        "@id": "node/5409249077",
        "amenity": "fuel",
        "brand": "Hindustan Petroleum",
        "brand:wikidata": "Q1619375",
        "brand:wikipedia": "en:Hindustan Petroleum",
        "name": "Hindustan Petroleum",
        "official_name": "Hindustan Petroleum",
        "operator": "Hindustan Petroleum",
        "payment:cash": "yes",
        "payment:wallet": "yes"
      },
      "geometry": {
        "type": "Point",
        "coordinates": [
          76.2121755,
          10.5382935
        ]
      },
      "id": "node/5409249077"
    },
    {
      "type": "Feature",
      "properties": {
        "@id": "node/5418255921",
        "amenity": "fuel",
        "brand": "Indian Oil",
        "brand:wikidata": "Q1289348",
        "brand:wikipedia": "en:Indian Oil Corporation",
        "name": "Indian Oil",
        "operator": "Indian Oil"
      },
      "geometry": {
        "type": "Point",
        "coordinates": [
          77.0478045,
          8.4239239
        ]
      },
      "id": "node/5418255921"
    },
    {
      "type": "Feature",
      "properties": {
        "@id": "node/5478479680",
        "amenity": "fuel"
      },
      "geometry": {
        "type": "Point",
        "coordinates": [
          76.6053825,
          9.6334517
        ]
      },
      "id": "node/5478479680"
    },
    {
      "type": "Feature",
      "properties": {
        "@id": "node/5478479701",
        "amenity": "fuel"
      },
      "geometry": {
        "type": "Point",
        "coordinates": [
          76.6539225,
          9.4470295
        ]
      },
      "id": "node/5478479701"
    },
    {
      "type": "Feature",
      "properties": {
        "@id": "node/5478482338",
        "amenity": "fuel"
      },
      "geometry": {
        "type": "Point",
        "coordinates": [
          76.7673075,
          9.0586038
        ]
      },
      "id": "node/5478482338"
    },
    {
      "type": "Feature",
      "properties": {
        "@id": "node/5478482339",
        "amenity": "fuel",
        "name": "Reliance Patrol Pump"
      },
      "geometry": {
        "type": "Point",
        "coordinates": [
          76.7937675,
          8.9924981
        ]
      },
      "id": "node/5478482339"
    },
    {
      "type": "Feature",
      "properties": {
        "@id": "node/5586692559",
        "amenity": "fuel",
        "brand": "Bharat Petroleum",
        "brand:wikidata": "Q854826",
        "brand:wikipedia": "en:Bharat Petroleum",
        "fuel:1_25": "yes",
        "fuel:diesel": "yes",
        "fuel:octane_91": "yes",
        "name": "Bharat Petroleum"
      },
      "geometry": {
        "type": "Point",
        "coordinates": [
          76.7308357,
          9.9073167
        ]
      },
      "id": "node/5586692559"
    },
    {
      "type": "Feature",
      "properties": {
        "@id": "node/5598135526",
        "amenity": "fuel"
      },
      "geometry": {
        "type": "Point",
        "coordinates": [
          75.8403289,
          11.5407113
        ]
      },
      "id": "node/5598135526"
    },
    {
      "type": "Feature",
      "properties": {
        "@id": "node/5601012876",
        "amenity": "fuel"
      },
      "geometry": {
        "type": "Point",
        "coordinates": [
          76.5495193,
          10.877207
        ]
      },
      "id": "node/5601012876"
    },
    {
      "type": "Feature",
      "properties": {
        "@id": "node/5808273745",
        "amenity": "fuel",
        "brand": "Bharath Petroleum",
        "fuel:diesel": "yes",
        "fuel:gasoline": "yes",
        "fuel:petrol": "yes",
        "fuel:premium_diesel": "yes",
        "name": "Bharath Petroleum",
        "opening_hours": "24/7"
      },
      "geometry": {
        "type": "Point",
        "coordinates": [
          76.9502093,
          8.457386
        ]
      },
      "id": "node/5808273745"
    },
    {
      "type": "Feature",
      "properties": {
        "@id": "node/5846392971",
        "amenity": "fuel"
      },
      "geometry": {
        "type": "Point",
        "coordinates": [
          76.3502586,
          10.2668343
        ]
      },
      "id": "node/5846392971"
    },
    {
      "type": "Feature",
      "properties": {
        "@id": "node/5859087550",
        "amenity": "fuel",
        "fuel:diesel": "yes",
        "fuel:octane_91": "yes"
      },
      "geometry": {
        "type": "Point",
        "coordinates": [
          76.249917,
          10.5012986
        ]
      },
      "id": "node/5859087550"
    },
    {
      "type": "Feature",
      "properties": {
        "@id": "node/5865993957",
        "amenity": "fuel",
        "brand": "Indian Oil",
        "brand:wikidata": "Q1289348",
        "brand:wikipedia": "en:Indian Oil Corporation",
        "name": "Indian Oil Petrol Pump"
      },
      "geometry": {
        "type": "Point",
        "coordinates": [
          76.5489511,
          9.3700947
        ]
      },
      "id": "node/5865993957"
    },
    {
      "type": "Feature",
      "properties": {
        "@id": "node/5866116994",
        "amenity": "fuel",
        "brand": "Hindustan Petroleum"
      },
      "geometry": {
        "type": "Point",
        "coordinates": [
          76.2681991,
          10.6924101
        ]
      },
      "id": "node/5866116994"
    },
    {
      "type": "Feature",
      "properties": {
        "@id": "node/5870325237",
        "amenity": "fuel"
      },
      "geometry": {
        "type": "Point",
        "coordinates": [
          76.0529275,
          11.7947174
        ]
      },
      "id": "node/5870325237"
    },
    {
      "type": "Feature",
      "properties": {
        "@id": "node/5907617835",
        "amenity": "fuel",
        "fuel:diesel": "yes",
        "fuel:petrol": "yes",
        "name": "HP Petrol Pump",
        "opening_hours": "24/7",
        "payment:cash": "yes",
        "payment:debit_cards": "yes"
      },
      "geometry": {
        "type": "Point",
        "coordinates": [
          76.2435445,
          10.4760947
        ]
      },
      "id": "node/5907617835"
    },
    {
      "type": "Feature",
      "properties": {
        "@id": "node/5907709576",
        "amenity": "fuel",
        "brand": "Indian Oil",
        "brand:wikidata": "Q1289348",
        "brand:wikipedia": "en:Indian Oil Corporation",
        "name": "Indian Oil Petrol Pump",
        "wikidata": "Q131967879"
      },
      "geometry": {
        "type": "Point",
        "coordinates": [
          76.2042773,
          10.3514751
        ]
      },
      "id": "node/5907709576"
    },
    {
      "type": "Feature",
      "properties": {
        "@id": "node/5907828721",
        "amenity": "fuel",
        "name": "Hindustan Petroleum"
      },
      "geometry": {
        "type": "Point",
        "coordinates": [
          76.337602,
          10.3105344
        ]
      },
      "id": "node/5907828721"
    },
    {
      "type": "Feature",
      "properties": {
        "@id": "node/5907843673",
        "addr:city": "Thrissur",
        "addr:street": "Kodakara - Kodungallur Road",
        "amenity": "fuel",
        "brand": "Indian Oil",
        "brand:wikidata": "Q1289348",
        "brand:wikipedia": "en:Indian Oil Corporation",
        "name": "Indian Oil Petrol Pump",
        "opening_hours": "06:00-22:00"
      },
      "geometry": {
        "type": "Point",
        "coordinates": [
          76.2951229,
          10.3524014
        ]
      },
      "id": "node/5907843673"
    },
    {
      "type": "Feature",
      "properties": {
        "@id": "node/5907849460",
        "amenity": "fuel",
        "brand": "Bharath Petroleum",
        "name": "Puthussery Kattalan Fuels",
        "operator": "Puthussrey Kattalan Fuels",
        "ref:gas_station": "182530",
        "wikidata": "Q118780003"
      },
      "geometry": {
        "type": "Point",
        "coordinates": [
          76.3296457,
          10.316561
        ]
      },
      "id": "node/5907849460"
    },
    {
      "type": "Feature",
      "properties": {
        "@id": "node/5958359485",
        "amenity": "fuel",
        "name": "Bp"
      },
      "geometry": {
        "type": "Point",
        "coordinates": [
          76.5998528,
          8.8891887
        ]
      },
      "id": "node/5958359485"
    },
    {
      "type": "Feature",
      "properties": {
        "@id": "node/5960616348",
        "amenity": "fuel",
        "name": "Hp"
      },
      "geometry": {
        "type": "Point",
        "coordinates": [
          76.6207809,
          8.9026428
        ]
      },
      "id": "node/5960616348"
    },
    {
      "type": "Feature",
      "properties": {
        "@id": "node/5960623070",
        "amenity": "fuel",
        "name": "Ioc"
      },
      "geometry": {
        "type": "Point",
        "coordinates": [
          76.6292302,
          8.9132922
        ]
      },
      "id": "node/5960623070"
    },
    {
      "type": "Feature",
      "properties": {
        "@id": "node/6043503780",
        "amenity": "fuel",
        "name": "HP Petrol Pump"
      },
      "geometry": {
        "type": "Point",
        "coordinates": [
          76.3692639,
          10.0486414
        ]
      },
      "id": "node/6043503780"
    },
    {
      "type": "Feature",
      "properties": {
        "@id": "node/6098771010",
        "amenity": "fuel",
        "brand": "Indian Oil",
        "brand:wikidata": "Q1289348",
        "brand:wikipedia": "en:Indian Oil Corporation",
        "check_date": "2022-12-09",
        "compressed_air": "yes",
        "fuel:diesel": "yes",
        "fuel:petrol": "yes",
        "name": "Indian Oil Petrol Pump",
        "self_service": "no",
        "source": "survey"
      },
      "geometry": {
        "type": "Point",
        "coordinates": [
          76.5327491,
          8.9927216
        ]
      },
      "id": "node/6098771010"
    },
    {
      "type": "Feature",
      "properties": {
        "@id": "node/6098898087",
        "amenity": "fuel",
        "brand": "Hindustan Petroleum",
        "brand:wikidata": "Q1619375",
        "brand:wikipedia": "en:Hindustan Petroleum",
        "name": "HP",
        "official_name": "Hindustan Petroleum"
      },
      "geometry": {
        "type": "Point",
        "coordinates": [
          76.5369423,
          9.0090953
        ]
      },
      "id": "node/6098898087"
    },
    {
      "type": "Feature",
      "properties": {
        "@id": "node/6171233086",
        "amenity": "fuel",
        "brand": "BP"
      },
      "geometry": {
        "type": "Point",
        "coordinates": [
          76.6973176,
          9.8632066
        ]
      },
      "id": "node/6171233086"
    },
    {
      "type": "Feature",
      "properties": {
        "@id": "node/6199119400",
        "amenity": "fuel",
        "compressed_air": "yes",
        "name": "Edayar Gas Station"
      },
      "geometry": {
        "type": "Point",
        "coordinates": [
          76.313964,
          10.0841411
        ]
      },
      "id": "node/6199119400"
    },
    {
      "type": "Feature",
      "properties": {
        "@id": "node/6207830748",
        "amenity": "fuel",
        "name": "Essar pump"
      },
      "geometry": {
        "type": "Point",
        "coordinates": [
          76.2647223,
          10.1401319
        ]
      },
      "id": "node/6207830748"
    },
    {
      "type": "Feature",
      "properties": {
        "@id": "node/6236677825",
        "amenity": "fuel",
        "name": "Ioc",
        "wikidata": "Q131968074"
      },
      "geometry": {
        "type": "Point",
        "coordinates": [
          76.3040857,
          10.0738118
        ]
      },
      "id": "node/6236677825"
    },
    {
      "type": "Feature",
      "properties": {
        "@id": "node/6249884856",
        "amenity": "fuel",
        "name": "Petrol Station"
      },
      "geometry": {
        "type": "Point",
        "coordinates": [
          75.4108924,
          11.8952249
        ]
      },
      "id": "node/6249884856"
    },
    {
      "type": "Feature",
      "properties": {
        "@id": "node/6274402456",
        "addr:street": "NAD Road",
        "amenity": "fuel",
        "name": "IOC Fuel Station"
      },
      "geometry": {
        "type": "Point",
        "coordinates": [
          76.3636729,
          10.0686965
        ]
      },
      "id": "node/6274402456"
    },
    {
      "type": "Feature",
      "properties": {
        "@id": "node/6354051685",
        "addr:postcode": "670571",
        "addr:street": "Taliparambu-Cherupuzha Road",
        "amenity": "fuel",
        "brand": "Indian Oil",
        "brand:wikidata": "Q1289348",
        "brand:wikipedia": "en:Indian Oil Corporation",
        "name": "Indian Oil Petrol Pump",
        "opening_hours": "Mo-Su 07:00-21:00"
      },
      "geometry": {
        "type": "Point",
        "coordinates": [
          75.4181161,
          12.2088248
        ]
      },
      "id": "node/6354051685"
    },
    {
      "type": "Feature",
      "properties": {
        "@id": "node/6359513286",
        "amenity": "fuel",
        "name": "IOC"
      },
      "geometry": {
        "type": "Point",
        "coordinates": [
          75.9582675,
          11.1547569
        ]
      },
      "id": "node/6359513286"
    },
    {
      "type": "Feature",
      "properties": {
        "@id": "node/6387312096",
        "amenity": "fuel",
        "brand": "Hindustan Petroleum",
        "brand:wikidata": "Q1619375",
        "brand:wikipedia": "en:Hindustan Petroleum",
        "name": "HP petroleum",
        "official_name": "Hindustan Petroleum"
      },
      "geometry": {
        "type": "Point",
        "coordinates": [
          76.5392586,
          9.5884158
        ]
      },
      "id": "node/6387312096"
    },
    {
      "type": "Feature",
      "properties": {
        "@id": "node/6413264946",
        "amenity": "fuel",
        "brand": "Indian Oil",
        "brand:wikidata": "Q1289348",
        "brand:wikipedia": "en:Indian Oil Corporation",
        "name": "Indian Oil",
        "vending": "gas"
      },
      "geometry": {
        "type": "Point",
        "coordinates": [
          76.4963339,
          9.7574243
        ]
      },
      "id": "node/6413264946"
    },
    {
      "type": "Feature",
      "properties": {
        "@id": "node/6464952092",
        "amenity": "fuel",
        "name": "Hindustan Petroleum"
      },
      "geometry": {
        "type": "Point",
        "coordinates": [
          76.4556062,
          10.1490921
        ]
      },
      "id": "node/6464952092"
    },
    {
      "type": "Feature",
      "properties": {
        "@id": "node/6464952093",
        "amenity": "fuel",
        "brand": "Indian Oil",
        "brand:wikidata": "Q1289348",
        "brand:wikipedia": "en:Indian Oil Corporation",
        "name": "Indian Oil"
      },
      "geometry": {
        "type": "Point",
        "coordinates": [
          76.4569956,
          10.1477192
        ]
      },
      "id": "node/6464952093"
    },
    {
      "type": "Feature",
      "properties": {
        "@id": "node/6464952095",
        "amenity": "fuel",
        "brand": "Hindustan Petroleum",
        "brand:wikidata": "Q1619375",
        "brand:wikipedia": "en:Hindustan Petroleum",
        "name": "Hindustan Petroleum",
        "official_name": "Hindustan Petroleum"
      },
      "geometry": {
        "type": "Point",
        "coordinates": [
          76.4703369,
          10.1307842
        ]
      },
      "id": "node/6464952095"
    },
    {
      "type": "Feature",
      "properties": {
        "@id": "node/6464952688",
        "addr:city": "മുവാറ്റുപുഴ",
        "addr:postcode": "686673",
        "addr:street": "എംസി റോഡ്, വെള്ളൂർകുന്നം",
        "amenity": "fuel",
        "brand": "Indian Oil Petrol Pump",
        "brand:wikidata": "Q1289348",
        "brand:wikipedia": "en:Indian Oil Corporation",
        "fuel:air": "yes",
        "fuel:cng": "yes",
        "fuel:diesel": "yes",
        "fuel:nitrogen_filling": "yes",
        "fuel:petrol": "yes",
        "name": "ഇന്ത്യൻ ഓയിൽ പെട്രോൾ പമ്പ്",
        "name:en": "Indian Oil Petrol Pump",
        "operator": "Indian Oil",
        "phone": "+91-18002333555",
        "self_service": "no",
        "website": "https://www.iocl.com/"
      },
      "geometry": {
        "type": "Point",
        "coordinates": [
          76.5771809,
          9.9903346
        ]
      },
      "id": "node/6464952688"
    },
    {
      "type": "Feature",
      "properties": {
        "@id": "node/6469321015",
        "addr:full": "Railway Station, Road, Keloth, Payyanur, near to Keloth, Kannur, Kerala, 670307",
        "addr:postcode": "670307",
        "addr:state": "Kerala",
        "amenity": "fuel",
        "brand": "Indian Oil",
        "brand:wikidata": "Q1289348",
        "opening_hours": "Mo-Su 06:00-22:00",
        "phone": "+919846839010",
        "website": "https://locator.iocl.com/indianoil-sai-sastha-petroleum-petrol-pump-payyanur-kannur-235382/Home"
      },
      "geometry": {
        "type": "Point",
        "coordinates": [
          75.198283,
          12.102621
        ]
      },
      "id": "node/6469321015"
    },
    {
      "type": "Feature",
      "properties": {
        "@id": "node/6559301726",
        "amenity": "fuel",
        "compressed_air": "yes",
        "name": "Petrol pump"
      },
      "geometry": {
        "type": "Point",
        "coordinates": [
          75.9885677,
          11.0510936
        ]
      },
      "id": "node/6559301726"
    },
    {
      "type": "Feature",
      "properties": {
        "@id": "node/6559311903",
        "amenity": "fuel",
        "name": "HP Fuel Station"
      },
      "geometry": {
        "type": "Point",
        "coordinates": [
          75.8164327,
          11.2015928
        ]
      },
      "id": "node/6559311903"
    },
    {
      "type": "Feature",
      "properties": {
        "@id": "node/6726382393",
        "amenity": "fuel",
        "name": "Malanad Hindustan Petroleum"
      },
      "geometry": {
        "type": "Point",
        "coordinates": [
          76.0045171,
          11.4267116
        ]
      },
      "id": "node/6726382393"
    },
    {
      "type": "Feature",
      "properties": {
        "@id": "node/6726448572",
        "amenity": "fuel",
        "name": "Petrol Meenangadi"
      },
      "geometry": {
        "type": "Point",
        "coordinates": [
          76.1611544,
          11.6631079
        ]
      },
      "id": "node/6726448572"
    },
    {
      "type": "Feature",
      "properties": {
        "@id": "node/6754414277",
        "addr:city": "Kozhikode, Kerala",
        "addr:postcode": "673008",
        "addr:street": "Mavoor - Medical College Road",
        "amenity": "fuel",
        "name": "BPCL Petrol Pump"
      },
      "geometry": {
        "type": "Point",
        "coordinates": [
          75.8318235,
          11.2711745
        ]
      },
      "id": "node/6754414277"
    },
    {
      "type": "Feature",
      "properties": {
        "@id": "node/6897402438",
        "addr:postcode": "686540",
        "addr:street": "Changanassery - Vazhoor Road",
        "amenity": "fuel",
        "brand": "Bharat Petroleum",
        "brand:wikidata": "Q854826",
        "brand:wikipedia": "en:Bharat Petroleum",
        "name": "Bharat Petroleum"
      },
      "geometry": {
        "type": "Point",
        "coordinates": [
          76.6356089,
          9.5006422
        ]
      },
      "id": "node/6897402438"
    },
    {
      "type": "Feature",
      "properties": {
        "@id": "node/6897405765",
        "amenity": "fuel",
        "brand": "Indian Oil",
        "brand:wikidata": "Q1289348",
        "brand:wikipedia": "en:Indian Oil Corporation",
        "description": "PETROL PUMB",
        "name": "Indian Oil"
      },
      "geometry": {
        "type": "Point",
        "coordinates": [
          76.5325167,
          10.0472145
        ]
      },
      "id": "node/6897405765"
    },
    {
      "type": "Feature",
      "properties": {
        "@id": "node/6900799879",
        "addr:city": "Thiruvananthapuram",
        "addr:postcode": "695573",
        "addr:street": "Vattiyoorkav Puliyarakonam Road",
        "amenity": "fuel",
        "brand": "Bharat Petroleum",
        "compressed_air": "yes",
        "fuel:Dex_Diesel": "yes",
        "fuel:Petrol": "yes",
        "fuel:diesel": "yes",
        "name": "Naga Fuels",
        "opening_hours": "24/7",
        "self_service": "no"
      },
      "geometry": {
        "type": "Point",
        "coordinates": [
          77.0205841,
          8.5382391
        ]
      },
      "id": "node/6900799879"
    },
    {
      "type": "Feature",
      "properties": {
        "@id": "node/6904426780",
        "amenity": "fuel",
        "name": "PUMP",
        "operator": "INDIAN OIL"
      },
      "geometry": {
        "type": "Point",
        "coordinates": [
          76.6143081,
          10.0681032
        ]
      },
      "id": "node/6904426780"
    },
    {
      "type": "Feature",
      "properties": {
        "@id": "node/6956655957",
        "amenity": "fuel",
        "brand": "HP",
        "name": "thekkepuram gas station"
      },
      "geometry": {
        "type": "Point",
        "coordinates": [
          75.0815585,
          12.3328637
        ]
      },
      "id": "node/6956655957"
    },
    {
      "type": "Feature",
      "properties": {
        "@id": "node/6956749894",
        "amenity": "fuel",
        "compressed_air": "yes"
      },
      "geometry": {
        "type": "Point",
        "coordinates": [
          75.0999723,
          12.3362536
        ]
      },
      "id": "node/6956749894"
    },
    {
      "type": "Feature",
      "properties": {
        "@id": "node/6968844604",
        "amenity": "fuel",
        "brand": "Bharat Petroleum",
        "brand:wikidata": "Q854826",
        "brand:wikipedia": "en:Bharat Petroleum",
        "compressed_air": "no",
        "name": "Bharat Petroleum",
        "opening_hours": "Mo-Su 06:00-20:00"
      },
      "geometry": {
        "type": "Point",
        "coordinates": [
          76.4914706,
          9.8725888
        ]
      },
      "id": "node/6968844604"
    },
    {
      "type": "Feature",
      "properties": {
        "@id": "node/6970709473",
        "amenity": "fuel",
        "name": "CP Bawa Fuel Station"
      },
      "geometry": {
        "type": "Point",
        "coordinates": [
          76.5978772,
          10.0723546
        ]
      },
      "id": "node/6970709473"
    },
    {
      "type": "Feature",
      "properties": {
        "@id": "node/6982419916",
        "amenity": "fuel",
        "brand": "Bharat Petroleum",
        "brand:wikidata": "Q854826",
        "brand:wikipedia": "en:Bharat Petroleum",
        "name": "Bharat Petroleum"
      },
      "geometry": {
        "type": "Point",
        "coordinates": [
          76.2301835,
          11.1062035
        ]
      },
      "id": "node/6982419916"
    },
    {
      "type": "Feature",
      "properties": {
        "@id": "node/6982434160",
        "addr:city": "Mukkannam",
        "addr:postcode": "678582",
        "addr:street": "Nanjappa Nagar Road",
        "amenity": "fuel",
        "name": "INDIAN OIL"
      },
      "geometry": {
        "type": "Point",
        "coordinates": [
          76.4623777,
          10.9875393
        ]
      },
      "id": "node/6982434160"
    },
    {
      "type": "Feature",
      "properties": {
        "@id": "node/6992017521",
        "amenity": "fuel",
        "brand": "METRO",
        "brand:wikidata": "Q13610282",
        "brand:wikipedia": "en:Metro Cash & Carry",
        "name": "Metro Agencies"
      },
      "geometry": {
        "type": "Point",
        "coordinates": [
          76.9531324,
          8.4847937
        ]
      },
      "id": "node/6992017521"
    },
    {
      "type": "Feature",
      "properties": {
        "@id": "node/7013145094",
        "amenity": "fuel"
      },
      "geometry": {
        "type": "Point",
        "coordinates": [
          76.238305,
          11.2850463
        ]
      },
      "id": "node/7013145094"
    },
    {
      "type": "Feature",
      "properties": {
        "@id": "node/7058495643",
        "amenity": "fuel",
        "brand": "Indian Oil",
        "brand:wikidata": "Q1289348",
        "brand:wikipedia": "en:Indian Oil Corporation",
        "name": "Indian Oil"
      },
      "geometry": {
        "type": "Point",
        "coordinates": [
          75.4036223,
          12.2886974
        ]
      },
      "id": "node/7058495643"
    },
    {
      "type": "Feature",
      "properties": {
        "@id": "node/7074272614",
        "amenity": "fuel",
        "name": "Bharat"
      },
      "geometry": {
        "type": "Point",
        "coordinates": [
          75.9000002,
          11.4372461
        ]
      },
      "id": "node/7074272614"
    },
    {
      "type": "Feature",
      "properties": {
        "@id": "node/7074275157",
        "amenity": "fuel",
        "brand": "Indian Oil",
        "brand:wikidata": "Q1289348",
        "brand:wikipedia": "en:Indian Oil Corporation",
        "name": "IndianOil"
      },
      "geometry": {
        "type": "Point",
        "coordinates": [
          75.8872429,
          11.4432769
        ]
      },
      "id": "node/7074275157"
    },
    {
      "type": "Feature",
      "properties": {
        "@id": "node/7076732097",
        "amenity": "fuel",
        "compressed_air": "yes",
        "name": "Hindusthan Petroleum"
      },
      "geometry": {
        "type": "Point",
        "coordinates": [
          76.1396544,
          10.6079168
        ]
      },
      "id": "node/7076732097"
    },
    {
      "type": "Feature",
      "properties": {
        "@id": "node/7076749993",
        "amenity": "fuel",
        "brand": "Essar",
        "brand:wikidata": "Q5399372",
        "name": "Essar Oil Petrol Bunk"
      },
      "geometry": {
        "type": "Point",
        "coordinates": [
          76.1664579,
          10.5060135
        ]
      },
      "id": "node/7076749993"
    },
    {
      "type": "Feature",
      "properties": {
        "@id": "node/7076757382",
        "amenity": "fuel",
        "name": "indian oil cooperation"
      },
      "geometry": {
        "type": "Point",
        "coordinates": [
          76.119203,
          10.4796971
        ]
      },
      "id": "node/7076757382"
    },
    {
      "type": "Feature",
      "properties": {
        "@id": "node/7076757384",
        "amenity": "fuel",
        "name": "petrol pumb"
      },
      "geometry": {
        "type": "Point",
        "coordinates": [
          76.1184968,
          10.4792215
        ]
      },
      "id": "node/7076757384"
    },
    {
      "type": "Feature",
      "properties": {
        "@id": "node/7076809301",
        "amenity": "fuel",
        "brand": "Bharat Petroleum",
        "brand:wikidata": "Q854826",
        "brand:wikipedia": "en:Bharat Petroleum",
        "name": "Bharat Petroleum"
      },
      "geometry": {
        "type": "Point",
        "coordinates": [
          76.2044614,
          10.522877
        ]
      },
      "id": "node/7076809301"
    },
    {
      "type": "Feature",
      "properties": {
        "@id": "node/7076832226",
        "amenity": "fuel",
        "compressed_air": "yes",
        "name": "mkk agencies"
      },
      "geometry": {
        "type": "Point",
        "coordinates": [
          76.1403496,
          10.60669
        ]
      },
      "id": "node/7076832226"
    },
    {
      "type": "Feature",
      "properties": {
        "@id": "node/7076846652",
        "amenity": "fuel",
        "brand": "Hindustan Petroleum",
        "brand:wikidata": "Q1619375",
        "brand:wikipedia": "en:Hindustan Petroleum",
        "name": "Hindustan Petroleum",
        "official_name": "Hindustan Petroleum"
      },
      "geometry": {
        "type": "Point",
        "coordinates": [
          76.115794,
          10.6739298
        ]
      },
      "id": "node/7076846652"
    },
    {
      "type": "Feature",
      "properties": {
        "@id": "node/7077004201",
        "amenity": "fuel",
        "brand": "Essar",
        "brand:wikidata": "Q5399372",
        "name": "Essar Petroleum"
      },
      "geometry": {
        "type": "Point",
        "coordinates": [
          76.0855055,
          10.5343252
        ]
      },
      "id": "node/7077004201"
    },
    {
      "type": "Feature",
      "properties": {
        "@id": "node/7077657590",
        "amenity": "fuel",
        "brand": "Indian Oil",
        "brand:wikidata": "Q1289348",
        "brand:wikipedia": "en:Indian Oil Corporation",
        "name": "Indian Oil"
      },
      "geometry": {
        "type": "Point",
        "coordinates": [
          76.156621,
          10.6797792
        ]
      },
      "id": "node/7077657590"
    },
    {
      "type": "Feature",
      "properties": {
        "@id": "node/7079313195",
        "addr:city": "THRISSUR",
        "addr:postcode": "680751",
        "amenity": "fuel",
        "brand": "Indian Oil",
        "brand:wikidata": "Q1289348",
        "name": "Indian Oil Neliparambil Fuels"
      },
      "geometry": {
        "type": "Point",
        "coordinates": [
          76.2649856,
          10.5090912
        ]
      },
      "id": "node/7079313195"
    },
    {
      "type": "Feature",
      "properties": {
        "@id": "node/7079359324",
        "addr:postcode": "69523",
        "amenity": "fuel",
        "brand": "Bharat Petroleum",
        "brand:wikidata": "Q854826",
        "brand:wikipedia": "en:Bharat Petroleum",
        "fuel:diesel": "yes",
        "fuel:petrol": "yes",
        "name": "Bharat Petroleum Petrol Pump,Remya Fuels"
      },
      "geometry": {
        "type": "Point",
        "coordinates": [
          76.5554946,
          9.0856542
        ]
      },
      "id": "node/7079359324"
    },
    {
      "type": "Feature",
      "properties": {
        "@id": "node/7081657749",
        "amenity": "fuel"
      },
      "geometry": {
        "type": "Point",
        "coordinates": [
          76.6433191,
          9.0573376
        ]
      },
      "id": "node/7081657749"
    },
    {
      "type": "Feature",
      "properties": {
        "@id": "node/7081859217",
        "addr:city": "Trivandrum",
        "addr:street": "Neyyattinkara",
        "amenity": "fuel",
        "brand": "Indian Oil",
        "brand:wikidata": "Q1289348",
        "brand:wikipedia": "en:Indian Oil Corporation",
        "name": "Indian Oil"
      },
      "geometry": {
        "type": "Point",
        "coordinates": [
          77.0896419,
          8.3979123
        ]
      },
      "id": "node/7081859217"
    },
    {
      "type": "Feature",
      "properties": {
        "@id": "node/7081867270",
        "amenity": "fuel",
        "name": "bharat petroleum"
      },
      "geometry": {
        "type": "Point",
        "coordinates": [
          76.5843889,
          9.088916
        ]
      },
      "id": "node/7081867270"
    },
    {
      "type": "Feature",
      "properties": {
        "@id": "node/7088453770",
        "amenity": "fuel",
        "brand": "Hindustan Petroleum",
        "brand:wikidata": "Q1619375",
        "brand:wikipedia": "en:Hindustan Petroleum",
        "name": "Hindustan Petroleum",
        "official_name": "Hindustan Petroleum"
      },
      "geometry": {
        "type": "Point",
        "coordinates": [
          75.8722766,
          11.30453
        ]
      },
      "id": "node/7088453770"
    },
    {
      "type": "Feature",
      "properties": {
        "@id": "node/7095893181",
        "amenity": "fuel",
        "brand": "hp",
        "fuel:diesel": "yes",
        "fuel:petrol": "yes",
        "name": "HP",
        "opening_hours": "Mo-Su 06:00-21:00",
        "wheelchair": "limited"
      },
      "geometry": {
        "type": "Point",
        "coordinates": [
          77.0815056,
          8.6234204
        ]
      },
      "id": "node/7095893181"
    },
    {
      "type": "Feature",
      "properties": {
        "@id": "node/7104159043",
        "amenity": "fuel",
        "name": "Auto Gas Refilling Station"
      },
      "geometry": {
        "type": "Point",
        "coordinates": [
          76.0458928,
          10.6176707
        ]
      },
      "id": "node/7104159043"
    },
    {
      "type": "Feature",
      "properties": {
        "@id": "node/7104159055",
        "amenity": "fuel",
        "brand": "Hindustan Petroleum",
        "brand:wikidata": "Q1619375",
        "brand:wikipedia": "en:Hindustan Petroleum",
        "name": "Hindustan Petroleum",
        "official_name": "Hindustan Petroleum"
      },
      "geometry": {
        "type": "Point",
        "coordinates": [
          76.0688408,
          10.6495828
        ]
      },
      "id": "node/7104159055"
    },
    {
      "type": "Feature",
      "properties": {
        "@id": "node/7104189202",
        "amenity": "fuel",
        "name": "Edakkalathur Petrol Station"
      },
      "geometry": {
        "type": "Point",
        "coordinates": [
          76.1307028,
          10.4286373
        ]
      },
      "id": "node/7104189202"
    },
    {
      "type": "Feature",
      "properties": {
        "@id": "node/7106588501",
        "amenity": "fuel",
        "name": "Hindustan Petroleum"
      },
      "geometry": {
        "type": "Point",
        "coordinates": [
          76.2086941,
          10.2381706
        ]
      },
      "id": "node/7106588501"
    },
    {
      "type": "Feature",
      "properties": {
        "@id": "node/7111442592",
        "amenity": "fuel",
        "name": "Bharat Petroleum Petrol Pump Ollur Fuels"
      },
      "geometry": {
        "type": "Point",
        "coordinates": [
          76.2441763,
          10.4697253
        ]
      },
      "id": "node/7111442592"
    },
    {
      "type": "Feature",
      "properties": {
        "@id": "node/7111513008",
        "amenity": "fuel",
        "fuel:diesel": "yes",
        "fuel:oil": "yes",
        "fuel:petrol": "yes",
        "name": "Neelima Fuels"
      },
      "geometry": {
        "type": "Point",
        "coordinates": [
          76.1211737,
          10.6294067
        ]
      },
      "id": "node/7111513008"
    },
    {
      "type": "Feature",
      "properties": {
        "@id": "node/7111530187",
        "amenity": "fuel",
        "compressed_air": "yes"
      },
      "geometry": {
        "type": "Point",
        "coordinates": [
          76.2253506,
          10.5049996
        ]
      },
      "id": "node/7111530187"
    },
    {
      "type": "Feature",
      "properties": {
        "@id": "node/7111530199",
        "amenity": "fuel"
      },
      "geometry": {
        "type": "Point",
        "coordinates": [
          76.2180696,
          10.5161787
        ]
      },
      "id": "node/7111530199"
    },
    {
      "type": "Feature",
      "properties": {
        "@id": "node/7112382775",
        "amenity": "fuel",
        "brand": "Indian Oil",
        "brand:wikidata": "Q1289348",
        "brand:wikipedia": "en:Indian Oil Corporation",
        "name": "Indian Oil Petrol"
      },
      "geometry": {
        "type": "Point",
        "coordinates": [
          75.7720488,
          11.2758747
        ]
      },
      "id": "node/7112382775"
    },
    {
      "type": "Feature",
      "properties": {
        "@id": "node/7113720482",
        "amenity": "fuel",
        "name": "Aysha Petroleum (Bharath Petroleum)",
        "opening_hours": "06:00-22:00"
      },
      "geometry": {
        "type": "Point",
        "coordinates": [
          75.9489198,
          10.7805864
        ]
      },
      "id": "node/7113720482"
    },
    {
      "type": "Feature",
      "properties": {
        "@id": "node/7119165402",
        "addr:city": "Thiruvambady",
        "addr:postcode": "673603",
        "addr:street": "OMASSERY-THIRUVAMBADY  ROAD",
        "amenity": "fuel",
        "brand": "Bharat Petroleum",
        "brand:wikidata": "Q854826",
        "brand:wikipedia": "en:Bharat Petroleum",
        "name": "Bharat Petroleum"
      },
      "geometry": {
        "type": "Point",
        "coordinates": [
          76.007272,
          11.3593155
        ]
      },
      "id": "node/7119165402"
    },
    {
      "type": "Feature",
      "properties": {
        "@id": "node/7119176544",
        "addr:city": "Thiruvambady",
        "addr:postcode": "673603",
        "addr:street": "OMASSERY-THIRUVAMBADY  ROAD",
        "amenity": "fuel",
        "brand": "Indian Oil",
        "brand:wikidata": "Q1289348",
        "brand:wikipedia": "en:Indian Oil Corporation",
        "name": "Indian Oil"
      },
      "geometry": {
        "type": "Point",
        "coordinates": [
          76.0034652,
          11.3567731
        ]
      },
      "id": "node/7119176544"
    },
    {
      "type": "Feature",
      "properties": {
        "@id": "node/7119672992",
        "amenity": "fuel",
        "name": "Calicut Petrol"
      },
      "geometry": {
        "type": "Point",
        "coordinates": [
          75.7721266,
          11.2758356
        ]
      },
      "id": "node/7119672992"
    },
    {
      "type": "Feature",
      "properties": {
        "@id": "node/7119689943",
        "addr:city": "Calicut",
        "addr:postcode": "673603",
        "addr:street": "Thiruvambady-Koodaranji Road",
        "amenity": "fuel",
        "brand": "Indian Oil",
        "brand:wikidata": "Q1289348",
        "brand:wikipedia": "en:Indian Oil Corporation",
        "name": "Indian Oil"
      },
      "geometry": {
        "type": "Point",
        "coordinates": [
          76.0364674,
          11.3489595
        ]
      },
      "id": "node/7119689943"
    },
    {
      "type": "Feature",
      "properties": {
        "@id": "node/7121413368",
        "amenity": "fuel",
        "brand": "Indian Oil",
        "brand:wikidata": "Q1289348",
        "brand:wikipedia": "en:Indian Oil Corporation",
        "name": "Indian oil"
      },
      "geometry": {
        "type": "Point",
        "coordinates": [
          76.2251896,
          10.7494984
        ]
      },
      "id": "node/7121413368"
    },
    {
      "type": "Feature",
      "properties": {
        "@id": "node/7121585544",
        "amenity": "fuel"
      },
      "geometry": {
        "type": "Point",
        "coordinates": [
          76.9432646,
          8.5599325
        ]
      },
      "id": "node/7121585544"
    },
    {
      "type": "Feature",
      "properties": {
        "@id": "node/7121590162",
        "amenity": "fuel",
        "name": "Prakash Gas Agencies"
      },
      "geometry": {
        "type": "Point",
        "coordinates": [
          75.9172871,
          10.9134217
        ]
      },
      "id": "node/7121590162"
    },
    {
      "type": "Feature",
      "properties": {
        "@id": "node/7121962593",
        "amenity": "fuel",
        "brand": "Petrom",
        "brand:wikidata": "Q1755034",
        "brand:wikipedia": "en:Petrom",
        "name": "Petrom"
      },
      "geometry": {
        "type": "Point",
        "coordinates": [
          76.2739257,
          10.4902722
        ]
      },
      "id": "node/7121962593"
    },
    {
      "type": "Feature",
      "properties": {
        "@id": "node/7123795821",
        "amenity": "fuel",
        "name": "Hindustan Petroleum"
      },
      "geometry": {
        "type": "Point",
        "coordinates": [
          76.2097731,
          10.4493264
        ]
      },
      "id": "node/7123795821"
    },
    {
      "type": "Feature",
      "properties": {
        "@id": "node/7123824029",
        "amenity": "fuel",
        "brand": "Petrolimex",
        "brand:wikidata": "Q10831598",
        "brand:wikipedia": "en:Petrolimex",
        "name": "Mammi Haji & Sons"
      },
      "geometry": {
        "type": "Point",
        "coordinates": [
          76.1200424,
          11.1210321
        ]
      },
      "id": "node/7123824029"
    },
    {
      "type": "Feature",
      "properties": {
        "@id": "node/7123826196",
        "amenity": "fuel",
        "name": "Gurudeva Bharath Petrol Pumb"
      },
      "geometry": {
        "type": "Point",
        "coordinates": [
          76.208834,
          10.4581046
        ]
      },
      "id": "node/7123826196"
    },
    {
      "type": "Feature",
      "properties": {
        "@id": "node/7123826198",
        "amenity": "fuel",
        "name": "Bharat Petroleum, Petrol Pump -Royal Fuel Agency"
      },
      "geometry": {
        "type": "Point",
        "coordinates": [
          76.2087482,
          10.4586084
        ]
      },
      "id": "node/7123826198"
    },
    {
      "type": "Feature",
      "properties": {
        "@id": "node/7130140573",
        "addr:street": "Mandapathinkadavu",
        "amenity": "fuel",
        "name": "Indian Oil"
      },
      "geometry": {
        "type": "Point",
        "coordinates": [
          77.125519,
          8.4907363
        ]
      },
      "id": "node/7130140573"
    },
    {
      "type": "Feature",
      "properties": {
        "@id": "node/7130167021",
        "addr:city": "tachottukavu",
        "addr:postcode": "695571",
        "addr:street": "Mangattukadavu-Thachottukavu Road",
        "amenity": "fuel",
        "brand": "bharath gas",
        "name": "M P Gas Agency, Thachottukavu"
      },
      "geometry": {
        "type": "Point",
        "coordinates": [
          77.0262774,
          8.5083227
        ]
      },
      "id": "node/7130167021"
    },
    {
      "type": "Feature",
      "properties": {
        "@id": "node/7130186515",
        "amenity": "fuel",
        "brand": "Hindustan Petroleum",
        "brand:wikidata": "Q1619375",
        "name": "HP Petrol Station",
        "official_name": "Hindustan Petroleum"
      },
      "geometry": {
        "type": "Point",
        "coordinates": [
          76.3594791,
          10.1079404
        ]
      },
      "id": "node/7130186515"
    },
    {
      "type": "Feature",
      "properties": {
        "@id": "node/7130192186",
        "amenity": "fuel",
        "brand": "Hindustan Petroleum",
        "brand:wikidata": "Q1619375",
        "name": "HP Petrol station",
        "official_name": "Hindustan Petroleum"
      },
      "geometry": {
        "type": "Point",
        "coordinates": [
          76.3598309,
          10.107836
        ]
      },
      "id": "node/7130192186"
    },
    {
      "type": "Feature",
      "properties": {
        "@id": "node/7130262360",
        "amenity": "fuel",
        "brand": "Bharat Petroleum",
        "brand:wikidata": "Q854826",
        "brand:wikipedia": "en:Bharat Petroleum",
        "name": "Bharat Petroleum"
      },
      "geometry": {
        "type": "Point",
        "coordinates": [
          76.9036695,
          8.7069052
        ]
      },
      "id": "node/7130262360"
    },
    {
      "type": "Feature",
      "properties": {
        "@id": "node/7142035413",
        "addr:city": "kollam",
        "amenity": "fuel",
        "compressed_air": "yes"
      },
      "geometry": {
        "type": "Point",
        "coordinates": [
          76.626742,
          8.8752152
        ]
      },
      "id": "node/7142035413"
    },
    {
      "type": "Feature",
      "properties": {
        "@id": "node/7156166621",
        "amenity": "fuel",
        "name": "Kottarakari"
      },
      "geometry": {
        "type": "Point",
        "coordinates": [
          76.828977,
          8.6263555
        ]
      },
      "id": "node/7156166621"
    },
    {
      "type": "Feature",
      "properties": {
        "@id": "node/7157967358",
        "amenity": "fuel",
        "brand": "Hindustan Petroleum",
        "brand:wikidata": "Q1619375",
        "brand:wikipedia": "en:Hindustan Petroleum",
        "name": "Hindustan Petroleum",
        "official_name": "Hindustan Petroleum"
      },
      "geometry": {
        "type": "Point",
        "coordinates": [
          76.8279597,
          9.5236712
        ]
      },
      "id": "node/7157967358"
    },
    {
      "type": "Feature",
      "properties": {
        "@id": "node/7189359985",
        "addr:street": "Kasaragod - Kanhangad state highway",
        "amenity": "fuel",
        "brand": "Bharat Petroleum",
        "brand:wikidata": "Q854826",
        "brand:wikipedia": "en:Bharat Petroleum",
        "name": "Bharat Petroleum",
        "phone": "+91-7736822030"
      },
      "geometry": {
        "type": "Point",
        "coordinates": [
          75.0229814,
          12.4109198
        ]
      },
      "id": "node/7189359985"
    },
    {
      "type": "Feature",
      "properties": {
        "@id": "node/7196923367",
        "amenity": "fuel",
        "name": "vallialil petrolium agencies HP petrol pump"
      },
      "geometry": {
        "type": "Point",
        "coordinates": [
          76.6055903,
          9.6310869
        ]
      },
      "id": "node/7196923367"
    },
    {
      "type": "Feature",
      "properties": {
        "@id": "node/7197330337",
        "amenity": "fuel",
        "brand": "Indian Oil",
        "brand:wikidata": "Q1289348",
        "brand:wikipedia": "en:Indian Oil Corporation",
        "name": "Indian Oil"
      },
      "geometry": {
        "type": "Point",
        "coordinates": [
          76.7782015,
          9.6839529
        ]
      },
      "id": "node/7197330337"
    },
    {
      "type": "Feature",
      "properties": {
        "@id": "node/7199476985",
        "addr:street": "Caltex Circle (Gandhi Circle)",
        "amenity": "fuel",
        "brand": "Bharat Petroleum",
        "brand:wikidata": "Q854826",
        "brand:wikipedia": "en:Bharat Petroleum",
        "name": "Bharat Petroleum Pump"
      },
      "geometry": {
        "type": "Point",
        "coordinates": [
          75.37321,
          11.8754529
        ]
      },
      "id": "node/7199476985"
    },
    {
      "type": "Feature",
      "properties": {
        "@id": "node/7200509202",
        "amenity": "fuel",
        "name": "puthenparampil fuels"
      },
      "geometry": {
        "type": "Point",
        "coordinates": [
          76.5629739,
          9.6508466
        ]
      },
      "id": "node/7200509202"
    },
    {
      "type": "Feature",
      "properties": {
        "@id": "node/7202793485",
        "addr:street": "Pamban Madhavan Road",
        "amenity": "fuel",
        "brand": "Bharat Petroleum",
        "brand:wikidata": "Q854826",
        "brand:wikipedia": "en:Bharat Petroleum",
        "name": "Bharat Petroleum",
        "opening_hours": "Mo-Su 06:00-22:00"
      },
      "geometry": {
        "type": "Point",
        "coordinates": [
          75.3704308,
          11.8790204
        ]
      },
      "id": "node/7202793485"
    },
    {
      "type": "Feature",
      "properties": {
        "@id": "node/7203827571",
        "addr:city": "pampady",
        "addr:housenumber": "Indian Oil Pump",
        "addr:postcode": "686502",
        "addr:street": "NH220",
        "amenity": "fuel",
        "brand": "Indian Oil",
        "brand:wikidata": "Q1289348",
        "brand:wikipedia": "en:Indian Oil Corporation",
        "name": "Indian Oil Pump"
      },
      "geometry": {
        "type": "Point",
        "coordinates": [
          76.6335342,
          9.5692389
        ]
      },
      "id": "node/7203827571"
    },
    {
      "type": "Feature",
      "properties": {
        "@id": "node/7227126670",
        "addr:city": "perumbavoor",
        "addr:postcode": "6835452",
        "addr:street": "Aluva - Munnar Road",
        "amenity": "fuel",
        "fuel:diesel": "yes",
        "fuel:petrol": "yes",
        "name": "fousia pump"
      },
      "geometry": {
        "type": "Point",
        "coordinates": [
          76.4638608,
          10.1141847
        ]
      },
      "id": "node/7227126670"
    },
    {
      "type": "Feature",
      "properties": {
        "@id": "node/7288966706",
        "addr:city": "tvm",
        "addr:postcode": "695542",
        "addr:street": "Nedumangad - Shorlacode Road",
        "amenity": "fuel",
        "brand": "Indian Oil",
        "brand:wikidata": "Q1289348",
        "brand:wikipedia": "en:Indian Oil Corporation",
        "name": "Indian Oil",
        "opening_hours": "Mo-Su 06:00-22:00"
      },
      "geometry": {
        "type": "Point",
        "coordinates": [
          77.0791081,
          8.5835612
        ]
      },
      "id": "node/7288966706"
    },
    {
      "type": "Feature",
      "properties": {
        "@id": "node/7324353357",
        "amenity": "fuel",
        "brand": "Indian Oil Petrol Pump",
        "brand:wikidata": "Q1289348",
        "name": "Indian Oil Petrol Pump"
      },
      "geometry": {
        "type": "Point",
        "coordinates": [
          76.572178,
          9.5583004
        ]
      },
      "id": "node/7324353357"
    },
    {
      "type": "Feature",
      "properties": {
        "@id": "node/7325217634",
        "amenity": "fuel",
        "brand": "Indian Oil",
        "brand:wikidata": "Q1289348",
        "brand:wikipedia": "en:Indian Oil Corporation",
        "name": "Indian Oil",
        "wikidata": "Q131968261"
      },
      "geometry": {
        "type": "Point",
        "coordinates": [
          76.5410061,
          9.8924306
        ]
      },
      "id": "node/7325217634"
    },
    {
      "type": "Feature",
      "properties": {
        "@id": "node/7325896169",
        "amenity": "fuel",
        "name": "Peppathy petrol pump"
      },
      "geometry": {
        "type": "Point",
        "coordinates": [
          76.457633,
          9.8829439
        ]
      },
      "id": "node/7325896169"
    },
    {
      "type": "Feature",
      "properties": {
        "@id": "node/7332126093",
        "amenity": "fuel",
        "name": "Hindustan Petroleum (Raman Pillai)"
      },
      "geometry": {
        "type": "Point",
        "coordinates": [
          76.5960321,
          9.8630569
        ]
      },
      "id": "node/7332126093"
    },
    {
      "type": "Feature",
      "properties": {
        "@id": "node/7333102456",
        "amenity": "fuel",
        "name": "Hindustan Petroleum"
      },
      "geometry": {
        "type": "Point",
        "coordinates": [
          76.6119042,
          9.4346501
        ]
      },
      "id": "node/7333102456"
    },
    {
      "type": "Feature",
      "properties": {
        "@id": "node/7334004300",
        "addr:street": "Changanassery- Vazhoor Road",
        "amenity": "fuel",
        "brand": "OIL!",
        "brand:wikidata": "Q2007561",
        "brand:wikipedia": "de:OIL! Tankstellen",
        "name": "Shobha oil station"
      },
      "geometry": {
        "type": "Point",
        "coordinates": [
          76.5825048,
          9.4779006
        ]
      },
      "id": "node/7334004300"
    },
    {
      "type": "Feature",
      "properties": {
        "@id": "node/7334004313",
        "amenity": "fuel",
        "brand": "Hindustan Petroleum",
        "brand:wikidata": "Q1619375",
        "name": "HP Petrol Pump-CT jacob",
        "official_name": "Hindustan Petroleum"
      },
      "geometry": {
        "type": "Point",
        "coordinates": [
          76.5240657,
          9.5181862
        ]
      },
      "id": "node/7334004313"
    },
    {
      "type": "Feature",
      "properties": {
        "@id": "node/7334014224",
        "amenity": "fuel",
        "compressed_air": "no"
      },
      "geometry": {
        "type": "Point",
        "coordinates": [
          76.4157599,
          10.1794989
        ]
      },
      "id": "node/7334014224"
    },
    {
      "type": "Feature",
      "properties": {
        "@id": "node/7334403310",
        "amenity": "fuel",
        "brand": "Nayara",
        "brand:wikidata": "Q5399377",
        "brand:wikipedia": "en:Esso",
        "name": "Nayara Petrol Pump"
      },
      "geometry": {
        "type": "Point",
        "coordinates": [
          76.7320732,
          9.5640581
        ]
      },
      "id": "node/7334403310"
    },
    {
      "type": "Feature",
      "properties": {
        "@id": "node/7334453815",
        "amenity": "fuel",
        "brand": "Petrom",
        "brand:wikidata": "Q1755034",
        "brand:wikipedia": "en:Petrom",
        "name": "Petrom"
      },
      "geometry": {
        "type": "Point",
        "coordinates": [
          75.1474145,
          12.4587772
        ]
      },
      "id": "node/7334453815"
    },
    {
      "type": "Feature",
      "properties": {
        "@id": "node/7334465174",
        "amenity": "fuel",
        "brand": "Bharat Petroleum",
        "brand:wikidata": "Q854826",
        "brand:wikipedia": "en:Bharat Petroleum",
        "name": "Bharat Petroleum"
      },
      "geometry": {
        "type": "Point",
        "coordinates": [
          76.5753273,
          9.8037404
        ]
      },
      "id": "node/7334465174"
    },
    {
      "type": "Feature",
      "properties": {
        "@id": "node/7334482085",
        "addr:city": "Chengala",
        "addr:postcode": "671542",
        "addr:street": "Kasargod-Kannur-Calicut Highway",
        "amenity": "fuel",
        "brand": "Hindustan Petroleum",
        "brand:wikidata": "Q1619375",
        "fuel:biogas": "yes",
        "fuel:diesel": "yes",
        "fuel:petrol": "yes",
        "name": "Expance Petroleum",
        "official_name": "Hindustan Petroleum"
      },
      "geometry": {
        "type": "Point",
        "coordinates": [
          75.0507877,
          12.5095305
        ]
      },
      "id": "node/7334482085"
    },
    {
      "type": "Feature",
      "properties": {
        "@id": "node/7334679720",
        "amenity": "fuel",
        "name": "SM Fuels Bharat Petroleum"
      },
      "geometry": {
        "type": "Point",
        "coordinates": [
          76.6866279,
          9.5961378
        ]
      },
      "id": "node/7334679720"
    },
    {
      "type": "Feature",
      "properties": {
        "@id": "node/7334706887",
        "amenity": "fuel",
        "brand": "Indian Oil",
        "brand:wikidata": "Q1289348",
        "brand:wikipedia": "en:Indian Oil Corporation",
        "name": "Pallickathodu Fuels And Lubricants Indian Oil"
      },
      "geometry": {
        "type": "Point",
        "coordinates": [
          76.6890902,
          9.59435
        ]
      },
      "id": "node/7334706887"
    },
    {
      "type": "Feature",
      "properties": {
        "@id": "node/7335041219",
        "amenity": "fuel",
        "brand": "Hindustan Petroleum",
        "brand:wikidata": "Q1619375",
        "brand:wikipedia": "en:Hindustan Petroleum",
        "name": "Hindustan Petroleum",
        "official_name": "Hindustan Petroleum",
        "operator": "Uthup V Palliveettil"
      },
      "geometry": {
        "type": "Point",
        "coordinates": [
          76.5631003,
          9.7602725
        ]
      },
      "id": "node/7335041219"
    },
    {
      "type": "Feature",
      "properties": {
        "@id": "node/7339689576",
        "amenity": "fuel",
        "description": "Fuel station",
        "name": "St Marys Fuels thottuva",
        "wikidata": "Q131968254"
      },
      "geometry": {
        "type": "Point",
        "coordinates": [
          76.5476843,
          9.7569336
        ]
      },
      "id": "node/7339689576"
    },
    {
      "type": "Feature",
      "properties": {
        "@id": "node/7340363480",
        "amenity": "fuel",
        "brand": "Indian Oil",
        "brand:wikidata": "Q1289348",
        "brand:wikipedia": "en:Indian Oil Corporation",
        "name": "Indian Oil"
      },
      "geometry": {
        "type": "Point",
        "coordinates": [
          76.6109239,
          9.7927187
        ]
      },
      "id": "node/7340363480"
    },
    {
      "type": "Feature",
      "properties": {
        "@id": "node/7342321672",
        "amenity": "fuel",
        "brand": "Hindustan Petroleum",
        "brand:wikidata": "Q1619375",
        "brand:wikipedia": "en:Hindustan Petroleum",
        "name": "Hp Petrol",
        "official_name": "Hindustan Petroleum"
      },
      "geometry": {
        "type": "Point",
        "coordinates": [
          76.7832561,
          9.0045681
        ]
      },
      "id": "node/7342321672"
    },
    {
      "type": "Feature",
      "properties": {
        "@id": "node/7342465162",
        "amenity": "fuel",
        "name": "pinaruvila Essar fuel bank"
      },
      "geometry": {
        "type": "Point",
        "coordinates": [
          76.7922702,
          8.9930697
        ]
      },
      "id": "node/7342465162"
    },
    {
      "type": "Feature",
      "properties": {
        "@id": "node/7342758271",
        "amenity": "fuel",
        "brand": "Indian Oil",
        "brand:wikidata": "Q1289348",
        "brand:wikipedia": "en:Indian Oil Corporation",
        "compressed_air": "yes",
        "name": "Indian Oil"
      },
      "geometry": {
        "type": "Point",
        "coordinates": [
          76.7776709,
          9.0052136
        ]
      },
      "id": "node/7342758271"
    },
    {
      "type": "Feature",
      "properties": {
        "@id": "node/7345368299",
        "amenity": "fuel",
        "brand": "Indian Oil",
        "brand:wikidata": "Q1289348",
        "brand:wikipedia": "en:Indian Oil Corporation",
        "name": "Indian Oil"
      },
      "geometry": {
        "type": "Point",
        "coordinates": [
          76.7842098,
          9.0122137
        ]
      },
      "id": "node/7345368299"
    },
    {
      "type": "Feature",
      "properties": {
        "@id": "node/7345586703",
        "amenity": "fuel",
        "brand": "Bharat Petroleum",
        "brand:wikidata": "Q854826",
        "brand:wikipedia": "en:Bharat Petroleum",
        "name": "Bharat Petroleum"
      },
      "geometry": {
        "type": "Point",
        "coordinates": [
          76.7782915,
          9.0328557
        ]
      },
      "id": "node/7345586703"
    },
    {
      "type": "Feature",
      "properties": {
        "@id": "node/7349860200",
        "amenity": "fuel",
        "name": "Essar Fuel Pump"
      },
      "geometry": {
        "type": "Point",
        "coordinates": [
          76.6807522,
          9.8371189
        ]
      },
      "id": "node/7349860200"
    },
    {
      "type": "Feature",
      "properties": {
        "@id": "node/7350587884",
        "amenity": "fuel",
        "name": "Kozhikottu Petroleum (HPCL Dealership) M/S V. Mathai"
      },
      "geometry": {
        "type": "Point",
        "coordinates": [
          76.6901176,
          9.8027196
        ]
      },
      "id": "node/7350587884"
    },
    {
      "type": "Feature",
      "properties": {
        "@id": "node/7358110136",
        "amenity": "fuel",
        "name": "IOC Thankayam Petrol Pump"
      },
      "geometry": {
        "type": "Point",
        "coordinates": [
          75.1838047,
          12.1343026
        ]
      },
      "id": "node/7358110136"
    },
    {
      "type": "Feature",
      "properties": {
        "@id": "node/7359496320",
        "amenity": "fuel",
        "brand": "Hindustan Petroleum",
        "brand:wikidata": "Q1619375",
        "brand:wikipedia": "en:Hindustan Petroleum",
        "name": "Hindustan Petroleum",
        "official_name": "Hindustan Petroleum"
      },
      "geometry": {
        "type": "Point",
        "coordinates": [
          74.9929941,
          12.5032566
        ]
      },
      "id": "node/7359496320"
    },
    {
      "type": "Feature",
      "properties": {
        "@id": "node/7359529111",
        "amenity": "fuel",
        "brand": "Bharat Petroleum",
        "brand:wikidata": "Q854826",
        "brand:wikipedia": "en:Bharat Petroleum",
        "name": "Bharat Petroleum"
      },
      "geometry": {
        "type": "Point",
        "coordinates": [
          74.9940308,
          12.5062971
        ]
      },
      "id": "node/7359529111"
    },
    {
      "type": "Feature",
      "properties": {
        "@id": "node/7361845178",
        "amenity": "fuel",
        "name": "T. A.ahmed Petrol Pump"
      },
      "geometry": {
        "type": "Point",
        "coordinates": [
          74.9959675,
          12.5095232
        ]
      },
      "id": "node/7361845178"
    },
    {
      "type": "Feature",
      "properties": {
        "@id": "node/7361855355",
        "amenity": "fuel",
        "brand": "Indian Oil",
        "brand:wikidata": "Q1289348",
        "brand:wikipedia": "en:Indian Oil Corporation",
        "name": "Indian Oil"
      },
      "geometry": {
        "type": "Point",
        "coordinates": [
          74.9987626,
          12.5130749
        ]
      },
      "id": "node/7361855355"
    },
    {
      "type": "Feature",
      "properties": {
        "@id": "node/7361974404",
        "amenity": "fuel",
        "brand": "Bharat Petroleum",
        "brand:wikidata": "Q854826",
        "brand:wikipedia": "en:Bharat Petroleum",
        "name": "Bharat Petroleum",
        "operator": "K Vasudeva Kamath And Co"
      },
      "geometry": {
        "type": "Point",
        "coordinates": [
          75.0078672,
          12.5152044
        ]
      },
      "id": "node/7361974404"
    },
    {
      "type": "Feature",
      "properties": {
        "@id": "node/7362800666",
        "amenity": "fuel",
        "compressed_air": "yes",
        "name": "Hindustan Petroleum Bava Sons Fuels"
      },
      "geometry": {
        "type": "Point",
        "coordinates": [
          76.4469451,
          10.0263154
        ]
      },
      "id": "node/7362800666"
    },
    {
      "type": "Feature",
      "properties": {
        "@id": "node/7363148956",
        "amenity": "fuel"
      },
      "geometry": {
        "type": "Point",
        "coordinates": [
          76.4369914,
          10.1672825
        ]
      },
      "id": "node/7363148956"
    },
    {
      "type": "Feature",
      "properties": {
        "@id": "node/7366592126",
        "amenity": "fuel",
        "brand": "Hindustan Petroleum",
        "brand:wikidata": "Q1619375",
        "brand:wikipedia": "en:Hindustan Petroleum",
        "name": "HP",
        "official_name": "Hindustan Petroleum"
      },
      "geometry": {
        "type": "Point",
        "coordinates": [
          75.0578328,
          12.5089377
        ]
      },
      "id": "node/7366592126"
    },
    {
      "type": "Feature",
      "properties": {
        "@id": "node/7366650531",
        "amenity": "fuel",
        "name": "Petrol Pump"
      },
      "geometry": {
        "type": "Point",
        "coordinates": [
          76.407671,
          10.1154709
        ]
      },
      "id": "node/7366650531"
    },
    {
      "type": "Feature",
      "properties": {
        "@id": "node/7366698923",
        "amenity": "fuel",
        "brand": "Hindustan Petroleum",
        "brand:wikidata": "Q1619375",
        "brand:wikipedia": "en:Hindustan Petroleum",
        "name": "HP",
        "official_name": "Hindustan Petroleum"
      },
      "geometry": {
        "type": "Point",
        "coordinates": [
          75.0713007,
          12.541694
        ]
      },
      "id": "node/7366698923"
    },
    {
      "type": "Feature",
      "properties": {
        "@id": "node/7366797530",
        "amenity": "fuel",
        "brand": "Indian Oil",
        "brand:wikidata": "Q1289348",
        "brand:wikipedia": "en:Indian Oil Corporation",
        "name": "Indian Oil"
      },
      "geometry": {
        "type": "Point",
        "coordinates": [
          75.0729857,
          12.5749359
        ]
      },
      "id": "node/7366797530"
    },
    {
      "type": "Feature",
      "properties": {
        "@id": "node/7368646573",
        "amenity": "fuel",
        "brand": "Indian Oil",
        "brand:wikidata": "Q1289348",
        "brand:wikipedia": "en:Indian Oil Corporation",
        "name": "Indian Oil",
        "wikidata": "Q131968188"
      },
      "geometry": {
        "type": "Point",
        "coordinates": [
          76.5438826,
          9.4424406
        ]
      },
      "id": "node/7368646573"
    },
    {
      "type": "Feature",
      "properties": {
        "@id": "node/7368678866",
        "amenity": "fuel",
        "brand": "Hindustan Petroleum",
        "brand:wikidata": "Q1619375",
        "brand:wikipedia": "en:Hindustan Petroleum",
        "name": "Hindustan Petroleum",
        "official_name": "Hindustan Petroleum",
        "operator": "HPCL"
      },
      "geometry": {
        "type": "Point",
        "coordinates": [
          75.3750234,
          11.9894773
        ]
      },
      "id": "node/7368678866"
    },
    {
      "type": "Feature",
      "properties": {
        "@id": "node/7371285700",
        "amenity": "fuel",
        "brand": "Bharat Petroleum",
        "brand:wikidata": "Q854826",
        "brand:wikipedia": "en:Bharat Petroleum",
        "name": "Bharat Petroleum"
      },
      "geometry": {
        "type": "Point",
        "coordinates": [
          75.0732749,
          12.5783948
        ]
      },
      "id": "node/7371285700"
    },
    {
      "type": "Feature",
      "properties": {
        "@id": "node/7375771727",
        "amenity": "fuel",
        "brand": "Bharat Petroleum",
        "brand:wikidata": "Q854826",
        "brand:wikipedia": "en:Bharat Petroleum",
        "name": "Bharat Petroleum"
      },
      "geometry": {
        "type": "Point",
        "coordinates": [
          76.5788859,
          9.9888159
        ]
      },
      "id": "node/7375771727"
    },
    {
      "type": "Feature",
      "properties": {
        "@id": "node/7386068159",
        "amenity": "fuel",
        "name": "Chungam Pump"
      },
      "geometry": {
        "type": "Point",
        "coordinates": [
          76.1748917,
          10.6404406
        ]
      },
      "id": "node/7386068159"
    },
    {
      "type": "Feature",
      "properties": {
        "@id": "node/7387824299",
        "addr:street": "Kollengode-Pudhunagaram Road",
        "amenity": "fuel",
        "brand": "Hindustan Petroleum",
        "building": "yes",
        "name": "HP petroleum",
        "official_name": "Hindustan Petroleum"
      },
      "geometry": {
        "type": "Point",
        "coordinates": [
          76.6963148,
          10.6163151
        ]
      },
      "id": "node/7387824299"
    },
    {
      "type": "Feature",
      "properties": {
        "@id": "node/7388757286",
        "amenity": "fuel",
        "brand": "Bharat Petroleum"
      },
      "geometry": {
        "type": "Point",
        "coordinates": [
          75.6679896,
          11.6889455
        ]
      },
      "id": "node/7388757286"
    },
    {
      "type": "Feature",
      "properties": {
        "@id": "node/7388908182",
        "addr:street": "SH 57 Central Chithari Chithari .P.O, Kanhangad, Kerala 671316",
        "amenity": "fuel",
        "brand": "Indian Oil",
        "brand:wikidata": "Q1289348",
        "brand:wikipedia": "en:Indian Oil Corporation",
        "name": "Indian Oil Chithari Fuel"
      },
      "geometry": {
        "type": "Point",
        "coordinates": [
          75.0650887,
          12.3598168
        ]
      },
      "id": "node/7388908182"
    },
    {
      "type": "Feature",
      "properties": {
        "@id": "node/7389173292",
        "amenity": "fuel",
        "building": "yes"
      },
      "geometry": {
        "type": "Point",
        "coordinates": [
          75.5975493,
          11.5936461
        ]
      },
      "id": "node/7389173292"
    },
    {
      "type": "Feature",
      "properties": {
        "@id": "node/7389331840",
        "addr:street": "Cherpulassery-Pattambi-Koppam Road",
        "amenity": "fuel",
        "name": "Kavuvattam"
      },
      "geometry": {
        "type": "Point",
        "coordinates": [
          76.3060061,
          10.8764923
        ]
      },
      "id": "node/7389331840"
    },
    {
      "type": "Feature",
      "properties": {
        "@id": "node/7389357208",
        "amenity": "fuel",
        "brand": "Indian Oil",
        "brand:wikidata": "Q1289348",
        "brand:wikipedia": "en:Indian Oil Corporation",
        "name": "Indian Oil"
      },
      "geometry": {
        "type": "Point",
        "coordinates": [
          76.0459698,
          10.6872814
        ]
      },
      "id": "node/7389357208"
    },
    {
      "type": "Feature",
      "properties": {
        "@id": "node/7389362306",
        "amenity": "fuel"
      },
      "geometry": {
        "type": "Point",
        "coordinates": [
          75.9609313,
          11.3670867
        ]
      },
      "id": "node/7389362306"
    },
    {
      "type": "Feature",
      "properties": {
        "@id": "node/7389847751",
        "addr:city": "VENGARA",
        "addr:postcode": "676304",
        "addr:street": "Malappurram - Parappnangadi Road",
        "amenity": "fuel",
        "brand": "Bharat Petroleum",
        "brand:wikidata": "Q854826",
        "brand:wikipedia": "en:Bharat Petroleum",
        "building": "yes",
        "compressed_air": "yes",
        "fuel:diesel": "yes",
        "fuel:octane_92": "yes",
        "name": "Bharat Petroleum",
        "operator": "PRIVATR"
      },
      "geometry": {
        "type": "Point",
        "coordinates": [
          75.9845212,
          11.0512732
        ]
      },
      "id": "node/7389847751"
    },
    {
      "type": "Feature",
      "properties": {
        "@id": "node/7391570816",
        "amenity": "fuel",
        "brand": "Indian Oil",
        "brand:wikidata": "Q1289348",
        "brand:wikipedia": "en:Indian Oil Corporation",
        "name": "Indian Oil"
      },
      "geometry": {
        "type": "Point",
        "coordinates": [
          77.0917779,
          8.5507864
        ]
      },
      "id": "node/7391570816"
    },
    {
      "type": "Feature",
      "properties": {
        "@id": "node/7412793615",
        "addr:street": "pathimangalam",
        "amenity": "fuel",
        "brand": "Bharat Petroleum",
        "name": "Bharat Petroleum"
      },
      "geometry": {
        "type": "Point",
        "coordinates": [
          75.8863108,
          11.3280938
        ]
      },
      "id": "node/7412793615"
    },
    {
      "type": "Feature",
      "properties": {
        "@id": "node/7448035300",
        "amenity": "fuel",
        "brand": "Indian Oil Petrol Pump",
        "brand:wikidata": "Q1289348",
        "brand:wikipedia": "en:Indian Oil Corporation",
        "compressed_air": "yes",
        "name": "Indian Oil petrol pump"
      },
      "geometry": {
        "type": "Point",
        "coordinates": [
          76.5340285,
          9.0691246
        ]
      },
      "id": "node/7448035300"
    },
    {
      "type": "Feature",
      "properties": {
        "@id": "node/7448036185",
        "addr:street": "Mattul main road",
        "amenity": "fuel",
        "brand": "Bharat Petroleum",
        "name": "Bharat Petroleum"
      },
      "geometry": {
        "type": "Point",
        "coordinates": [
          75.2877716,
          11.96843
        ]
      },
      "id": "node/7448036185"
    },
    {
      "type": "Feature",
      "properties": {
        "@id": "node/7448445333",
        "amenity": "fuel",
        "brand": "Indian Oil"
      },
      "geometry": {
        "type": "Point",
        "coordinates": [
          76.5425439,
          9.0345502
        ]
      },
      "id": "node/7448445333"
    },
    {
      "type": "Feature",
      "properties": {
        "@id": "node/7456302713",
        "addr:street": "Kannur-Calicut-Valanchery Highway",
        "amenity": "fuel",
        "name": "Hindustan Petroleum - murali service station"
      },
      "geometry": {
        "type": "Point",
        "coordinates": [
          75.6967254,
          11.4371278
        ]
      },
      "id": "node/7456302713"
    },
    {
      "type": "Feature",
      "properties": {
        "@id": "node/7456302731",
        "amenity": "fuel",
        "name": "Bharat Petroleum, Petrol Pump -Daya Petroleum"
      },
      "geometry": {
        "type": "Point",
        "coordinates": [
          75.7007802,
          11.4313698
        ]
      },
      "id": "node/7456302731"
    },
    {
      "type": "Feature",
      "properties": {
        "@id": "node/7458333137",
        "amenity": "fuel",
        "name": "HP gas station"
      },
      "geometry": {
        "type": "Point",
        "coordinates": [
          76.9243253,
          8.9825679
        ]
      },
      "id": "node/7458333137"
    },
    {
      "type": "Feature",
      "properties": {
        "@id": "node/7458755698",
        "amenity": "fuel",
        "brand": "Hindustan Petroleum",
        "brand:wikidata": "Q1619375",
        "brand:wikipedia": "en:Hindustan Petroleum",
        "name": "Hindustan Petroleum",
        "official_name": "Hindustan Petroleum"
      },
      "geometry": {
        "type": "Point",
        "coordinates": [
          76.4117064,
          9.9134682
        ]
      },
      "id": "node/7458755698"
    },
    {
      "type": "Feature",
      "properties": {
        "@id": "node/7459254107",
        "amenity": "fuel",
        "name": "Ezzar"
      },
      "geometry": {
        "type": "Point",
        "coordinates": [
          76.8535159,
          8.9166421
        ]
      },
      "id": "node/7459254107"
    },
    {
      "type": "Feature",
      "properties": {
        "@id": "node/7461338304",
        "amenity": "fuel",
        "brand": "Hindustan Petroleum",
        "brand:wikidata": "Q1619375",
        "brand:wikipedia": "en:Hindustan Petroleum",
        "name": "Hindustan Petroleum Petrol Pump",
        "official_name": "Hindustan Petroleum"
      },
      "geometry": {
        "type": "Point",
        "coordinates": [
          75.8323583,
          11.2507729
        ]
      },
      "id": "node/7461338304"
    },
    {
      "type": "Feature",
      "properties": {
        "@id": "node/7461546927",
        "amenity": "fuel",
        "name": "indian"
      },
      "geometry": {
        "type": "Point",
        "coordinates": [
          75.5000184,
          11.7537355
        ]
      },
      "id": "node/7461546927"
    },
    {
      "type": "Feature",
      "properties": {
        "@id": "node/7461919862",
        "amenity": "fuel",
        "brand": "Indian Oil",
        "brand:wikidata": "Q1289348",
        "brand:wikipedia": "en:Indian Oil Corporation",
        "name": "Indian Oil"
      },
      "geometry": {
        "type": "Point",
        "coordinates": [
          75.3698841,
          12.042139
        ]
      },
      "id": "node/7461919862"
    },
    {
      "type": "Feature",
      "properties": {
        "@id": "node/7461963911",
        "amenity": "fuel",
        "name": "Pamba Fuels"
      },
      "geometry": {
        "type": "Point",
        "coordinates": [
          76.5488688,
          9.3700073
        ]
      },
      "id": "node/7461963911"
    },
    {
      "type": "Feature",
      "properties": {
        "@id": "node/7462057942",
        "amenity": "fuel"
      },
      "geometry": {
        "type": "Point",
        "coordinates": [
          76.7780679,
          8.941817
        ]
      },
      "id": "node/7462057942"
    },
    {
      "type": "Feature",
      "properties": {
        "@id": "node/7462399069",
        "amenity": "fuel",
        "name": "Hindusthan Petroleum"
      },
      "geometry": {
        "type": "Point",
        "coordinates": [
          76.5252171,
          9.4962724
        ]
      },
      "id": "node/7462399069"
    },
    {
      "type": "Feature",
      "properties": {
        "@id": "node/7462399070",
        "amenity": "fuel",
        "brand": "Hindustan Petroleum",
        "brand:wikidata": "Q1619375",
        "brand:wikipedia": "en:Hindustan Petroleum",
        "name": "Hindustan Petroleum",
        "official_name": "Hindustan Petroleum"
      },
      "geometry": {
        "type": "Point",
        "coordinates": [
          76.5252051,
          9.4962554
        ]
      },
      "id": "node/7462399070"
    },
    {
      "type": "Feature",
      "properties": {
        "@id": "node/7463177003",
        "amenity": "fuel",
        "brand": "Indian Oil",
        "brand:wikidata": "Q1289348",
        "name": "Indian Oil"
      },
      "geometry": {
        "type": "Point",
        "coordinates": [
          76.3213035,
          9.9375088
        ]
      },
      "id": "node/7463177003"
    },
    {
      "type": "Feature",
      "properties": {
        "@id": "node/7463252167",
        "addr:city": "changanacherry",
        "addr:postcode": "686101",
        "amenity": "fuel"
      },
      "geometry": {
        "type": "Point",
        "coordinates": [
          76.5416477,
          9.4452658
        ]
      },
      "id": "node/7463252167"
    },
    {
      "type": "Feature",
      "properties": {
        "@id": "node/7463720572",
        "addr:city": "Kozhikode",
        "addr:postcode": "673001",
        "addr:street": "Pavamoni Road",
        "amenity": "fuel",
        "brand": "Bharat Petroleum",
        "brand:wikidata": "Q854826",
        "brand:wikipedia": "en:Bharat Petroleum",
        "name": "Bharat Petroleum"
      },
      "geometry": {
        "type": "Point",
        "coordinates": [
          75.7835773,
          11.2546618
        ]
      },
      "id": "node/7463720572"
    },
    {
      "type": "Feature",
      "properties": {
        "@id": "node/7463720573",
        "amenity": "fuel",
        "brand": "Indian Oil",
        "brand:wikidata": "Q1289348",
        "brand:wikipedia": "en:Indian Oil Corporation",
        "fuel:diesel": "yes",
        "fuel:lpg": "yes",
        "fuel:octane_95": "yes",
        "name": "Indian Oil",
        "self_service": "no"
      },
      "geometry": {
        "type": "Point",
        "coordinates": [
          75.7843176,
          11.2547617
        ]
      },
      "id": "node/7463720573"
    },
    {
      "type": "Feature",
      "properties": {
        "@id": "node/7463891614",
        "amenity": "fuel",
        "brand": "Bharat Petroleum",
        "name": "Bharat Petroleum"
      },
      "geometry": {
        "type": "Point",
        "coordinates": [
          76.603462,
          9.3854417
        ]
      },
      "id": "node/7463891614"
    },
    {
      "type": "Feature",
      "properties": {
        "@id": "node/7463946243",
        "addr:city": "Muvattupuzha",
        "addr:housenumber": "East Marady",
        "addr:postcode": "686673",
        "addr:street": "Muvattupuzha",
        "amenity": "fuel",
        "brand": "Indian Oil",
        "brand:wikidata": "Q1289348",
        "brand:wikipedia": "en:Indian Oil Corporation",
        "fuel:diesel": "yes",
        "fuel:petrol": "yes",
        "name": "Indian Oil Pump (Vee Pee Petroleum)",
        "operator": "V VPetrolium"
      },
      "geometry": {
        "type": "Point",
        "coordinates": [
          76.5580176,
          9.9549535
        ]
      },
      "id": "node/7463946243"
    },
    {
      "type": "Feature",
      "properties": {
        "@id": "node/7464806333",
        "amenity": "fuel",
        "brand": "Bharat Petroleum",
        "brand:wikidata": "Q854826",
        "brand:wikipedia": "en:Bharat Petroleum",
        "name": "Bharat Petroleum"
      },
      "geometry": {
        "type": "Point",
        "coordinates": [
          76.6164777,
          9.3168342
        ]
      },
      "id": "node/7464806333"
    },
    {
      "type": "Feature",
      "properties": {
        "@id": "node/7465414231",
        "addr:city": "KOYILANDY",
        "addr:postcode": "673305",
        "addr:street": "Kannur-Calicut-Valanchery Highway",
        "amenity": "fuel",
        "brand": "Indian Oil",
        "brand:wikidata": "Q1289348",
        "brand:wikipedia": "en:Indian Oil Corporation",
        "fuel:Petrol": "yes",
        "fuel:diesel": "yes",
        "name": "Indian Oil"
      },
      "geometry": {
        "type": "Point",
        "coordinates": [
          75.6862083,
          11.4522467
        ]
      },
      "id": "node/7465414231"
    },
    {
      "type": "Feature",
      "properties": {
        "@id": "node/7465666184",
        "amenity": "fuel",
        "name": "Hindusthan Petrolium Perol Pump"
      },
      "geometry": {
        "type": "Point",
        "coordinates": [
          76.5442297,
          9.430613
        ]
      },
      "id": "node/7465666184"
    },
    {
      "type": "Feature",
      "properties": {
        "@id": "node/7465748502",
        "amenity": "fuel"
      },
      "geometry": {
        "type": "Point",
        "coordinates": [
          76.3447898,
          10.1167611
        ]
      },
      "id": "node/7465748502"
    },
    {
      "type": "Feature",
      "properties": {
        "@id": "node/7465748504",
        "amenity": "fuel"
      },
      "geometry": {
        "type": "Point",
        "coordinates": [
          76.3555079,
          10.1531135
        ]
      },
      "id": "node/7465748504"
    },
    {
      "type": "Feature",
      "properties": {
        "@id": "node/7466054275",
        "amenity": "fuel",
        "cash_withdrawal": "yes"
      },
      "geometry": {
        "type": "Point",
        "coordinates": [
          76.2329357,
          11.2017454
        ]
      },
      "id": "node/7466054275"
    },
    {
      "type": "Feature",
      "properties": {
        "@id": "node/7466125809",
        "addr:city": "Ernakulam",
        "addr:postcode": "682315",
        "addr:street": "ThalayolaParamb - Kanjiramattom - Mulanthuruthi Road",
        "amenity": "fuel",
        "brand": "Indian Oil",
        "brand:wikidata": "Q1289348",
        "brand:wikipedia": "en:Indian Oil Corporation",
        "fuel:diesel": "yes",
        "fuel:petrol": "yes",
        "name": "Indian Oil"
      },
      "geometry": {
        "type": "Point",
        "coordinates": [
          76.3995917,
          9.8628139
        ]
      },
      "id": "node/7466125809"
    },
    {
      "type": "Feature",
      "properties": {
        "@id": "node/7466201142",
        "amenity": "fuel",
        "brand": "Indian Oil",
        "brand:wikidata": "Q1289348",
        "brand:wikipedia": "en:Indian Oil Corporation",
        "fuel:Petrol": "yes",
        "fuel:diesel": "yes",
        "name": "Indian Oil"
      },
      "geometry": {
        "type": "Point",
        "coordinates": [
          76.5862977,
          9.428477
        ]
      },
      "id": "node/7466201142"
    },
    {
      "type": "Feature",
      "properties": {
        "@id": "node/7466232185",
        "amenity": "fuel"
      },
      "geometry": {
        "type": "Point",
        "coordinates": [
          75.6758864,
          11.983994
        ]
      },
      "id": "node/7466232185"
    },
    {
      "type": "Feature",
      "properties": {
        "@id": "node/7466348626",
        "amenity": "fuel",
        "brand": "Bharat Petroleum",
        "brand:wikidata": "Q854826",
        "brand:wikipedia": "en:Bharat Petroleum",
        "name": "Bharat Petroleum"
      },
      "geometry": {
        "type": "Point",
        "coordinates": [
          76.4138145,
          9.8434844
        ]
      },
      "id": "node/7466348626"
    },
    {
      "type": "Feature",
      "properties": {
        "@id": "node/7466487213",
        "amenity": "fuel"
      },
      "geometry": {
        "type": "Point",
        "coordinates": [
          75.8365418,
          11.2262056
        ]
      },
      "id": "node/7466487213"
    },
    {
      "type": "Feature",
      "properties": {
        "@id": "node/7466591438",
        "amenity": "fuel"
      },
      "geometry": {
        "type": "Point",
        "coordinates": [
          75.6739028,
          11.9826594
        ]
      },
      "id": "node/7466591438"
    },
    {
      "type": "Feature",
      "properties": {
        "@id": "node/7466616103",
        "addr:housenumber": "Rajakumary South",
        "addr:postcode": "685619",
        "amenity": "fuel",
        "brand": "Indian Oil",
        "brand:wikidata": "Q1289348",
        "brand:wikipedia": "en:Indian Oil Corporation",
        "fuel:diesel": "yes",
        "fuel:petrol": "yes",
        "name": "Indian Oil"
      },
      "geometry": {
        "type": "Point",
        "coordinates": [
          77.1534317,
          9.9688271
        ]
      },
      "id": "node/7466616103"
    },
    {
      "type": "Feature",
      "properties": {
        "@id": "node/7467022623",
        "addr:postcode": "685553",
        "amenity": "fuel",
        "brand": "Hindustan Petroleum",
        "brand:wikidata": "Q1619375",
        "brand:wikipedia": "en:Hindustan Petroleum",
        "fuel:diesel": "yes",
        "name": "Hindustan Petroleum",
        "official_name": "Hindustan Petroleum",
        "self_service": "no"
      },
      "geometry": {
        "type": "Point",
        "coordinates": [
          77.1590936,
          9.8386171
        ]
      },
      "id": "node/7467022623"
    },
    {
      "type": "Feature",
      "properties": {
        "@id": "node/7467162563",
        "amenity": "fuel"
      },
      "geometry": {
        "type": "Point",
        "coordinates": [
          77.0323016,
          8.5796164
        ]
      },
      "id": "node/7467162563"
    },
    {
      "type": "Feature",
      "properties": {
        "@id": "node/7467464137",
        "amenity": "fuel",
        "name": "Palco car world"
      },
      "geometry": {
        "type": "Point",
        "coordinates": [
          76.9583107,
          10.0100547
        ]
      },
      "id": "node/7467464137"
    },
    {
      "type": "Feature",
      "properties": {
        "@id": "node/7467473931",
        "amenity": "fuel",
        "brand": "Indian Oil",
        "brand:wikidata": "Q1289348",
        "brand:wikipedia": "en:Indian Oil Corporation",
        "name": "Indian Oil"
      },
      "geometry": {
        "type": "Point",
        "coordinates": [
          76.4275629,
          9.8298486
        ]
      },
      "id": "node/7467473931"
    },
    {
      "type": "Feature",
      "properties": {
        "@id": "node/7467513887",
        "amenity": "fuel",
        "name": "bharath petrol pump"
      },
      "geometry": {
        "type": "Point",
        "coordinates": [
          75.785179,
          11.2432385
        ]
      },
      "id": "node/7467513887"
    },
    {
      "type": "Feature",
      "properties": {
        "@id": "node/7467625463",
        "amenity": "fuel"
      },
      "geometry": {
        "type": "Point",
        "coordinates": [
          75.7836805,
          11.249863
        ]
      },
      "id": "node/7467625463"
    },
    {
      "type": "Feature",
      "properties": {
        "@id": "node/7467663978",
        "amenity": "fuel",
        "name": "Hindusthan Petroleum Corporation limited"
      },
      "geometry": {
        "type": "Point",
        "coordinates": [
          75.7405873,
          11.3481784
        ]
      },
      "id": "node/7467663978"
    },
    {
      "type": "Feature",
      "properties": {
        "@id": "node/7467686989",
        "amenity": "fuel",
        "name": "HP Petrol Pumb"
      },
      "geometry": {
        "type": "Point",
        "coordinates": [
          75.7399018,
          11.350823
        ]
      },
      "id": "node/7467686989"
    },
    {
      "type": "Feature",
      "properties": {
        "@id": "node/7467717696",
        "amenity": "fuel"
      },
      "geometry": {
        "type": "Point",
        "coordinates": [
          75.780073,
          11.2610709
        ]
      },
      "id": "node/7467717696"
    },
    {
      "type": "Feature",
      "properties": {
        "@id": "node/7467730607",
        "amenity": "fuel",
        "brand": "Indian Oil",
        "brand:wikidata": "Q1289348",
        "brand:wikipedia": "en:Indian Oil Corporation",
        "name": "IIndian Oil Petrol Station"
      },
      "geometry": {
        "type": "Point",
        "coordinates": [
          75.8610964,
          11.2693033
        ]
      },
      "id": "node/7467730607"
    },
    {
      "type": "Feature",
      "properties": {
        "@id": "node/7467882235",
        "amenity": "fuel"
      },
      "geometry": {
        "type": "Point",
        "coordinates": [
          75.7788131,
          11.2661689
        ]
      },
      "id": "node/7467882235"
    },
    {
      "type": "Feature",
      "properties": {
        "@id": "node/7469368722",
        "amenity": "fuel",
        "name": "Hindusthan Petroleum"
      },
      "geometry": {
        "type": "Point",
        "coordinates": [
          77.111919,
          9.7564927
        ]
      },
      "id": "node/7469368722"
    },
    {
      "type": "Feature",
      "properties": {
        "@id": "node/7469417961",
        "amenity": "fuel",
        "name": "Ss Essar Fuel Station"
      },
      "geometry": {
        "type": "Point",
        "coordinates": [
          76.6303394,
          9.174647
        ]
      },
      "id": "node/7469417961"
    },
    {
      "type": "Feature",
      "properties": {
        "@id": "node/7470141668",
        "amenity": "fuel",
        "brand": "Indian Oil",
        "brand:wikidata": "Q1289348",
        "brand:wikipedia": "en:Indian Oil Corporation",
        "name": "Indian Oil"
      },
      "geometry": {
        "type": "Point",
        "coordinates": [
          76.4482757,
          9.7848726
        ]
      },
      "id": "node/7470141668"
    },
    {
      "type": "Feature",
      "properties": {
        "@id": "node/7470468549",
        "amenity": "fuel",
        "name": "Suma Fuels"
      },
      "geometry": {
        "type": "Point",
        "coordinates": [
          76.5093713,
          10.0721479
        ]
      },
      "id": "node/7470468549"
    },
    {
      "type": "Feature",
      "properties": {
        "@id": "node/7470524536",
        "addr:city": "thookupalam",
        "amenity": "fuel",
        "brand": "Bharat Petroleum",
        "brand:wikidata": "Q854826",
        "brand:wikipedia": "en:Bharat Petroleum",
        "name": "Bharat Petroleum",
        "self_service": "no"
      },
      "geometry": {
        "type": "Point",
        "coordinates": [
          77.1984995,
          9.8124952
        ]
      },
      "id": "node/7470524536"
    },
    {
      "type": "Feature",
      "properties": {
        "@id": "node/7470879780",
        "amenity": "fuel"
      },
      "geometry": {
        "type": "Point",
        "coordinates": [
          76.336413,
          9.6918655
        ]
      },
      "id": "node/7470879780"
    },
    {
      "type": "Feature",
      "properties": {
        "@id": "node/7472784292",
        "amenity": "fuel",
        "brand": "Indian Oil",
        "brand:wikidata": "Q1289348",
        "brand:wikipedia": "en:Indian Oil Corporation",
        "name": "Indian Oil",
        "wikidata": "Q131968100"
      },
      "geometry": {
        "type": "Point",
        "coordinates": [
          76.4971438,
          10.1161582
        ]
      },
      "id": "node/7472784292"
    },
    {
      "type": "Feature",
      "properties": {
        "@id": "node/7472801669",
        "amenity": "fuel"
      },
      "geometry": {
        "type": "Point",
        "coordinates": [
          75.7640049,
          11.5517113
        ]
      },
      "id": "node/7472801669"
    },
    {
      "type": "Feature",
      "properties": {
        "@id": "node/7472998073",
        "amenity": "fuel",
        "name": "mattappilly fuel station"
      },
      "geometry": {
        "type": "Point",
        "coordinates": [
          76.4391645,
          10.1197409
        ]
      },
      "id": "node/7472998073"
    },
    {
      "type": "Feature",
      "properties": {
        "@id": "node/7474036451",
        "amenity": "fuel",
        "brand": "Indian Oil",
        "brand:wikidata": "Q1289348",
        "brand:wikipedia": "en:Indian Oil Corporation",
        "name": "Indian Oil Fuel Station",
        "opening_hours": "PH,Mo-Su 06:00-18:00+"
      },
      "geometry": {
        "type": "Point",
        "coordinates": [
          76.8875092,
          8.7647068
        ]
      },
      "id": "node/7474036451"
    },
    {
      "type": "Feature",
      "properties": {
        "@id": "node/7474102378",
        "amenity": "fuel",
        "brand": "Hindustan Petroleum",
        "brand:wikidata": "Q1619375",
        "brand:wikipedia": "en:Hindustan Petroleum",
        "name": "HP",
        "official_name": "Hindustan Petroleum"
      },
      "geometry": {
        "type": "Point",
        "coordinates": [
          75.855502,
          11.0535103
        ]
      },
      "id": "node/7474102378"
    },
    {
      "type": "Feature",
      "properties": {
        "@id": "node/7474290753",
        "amenity": "fuel"
      },
      "geometry": {
        "type": "Point",
        "coordinates": [
          76.3103389,
          9.8278572
        ]
      },
      "id": "node/7474290753"
    },
    {
      "type": "Feature",
      "properties": {
        "@id": "node/7475238384",
        "addr:city": "Chengannur",
        "addr:street": "Chengannur-Kozhencherry Road",
        "amenity": "fuel",
        "brand": "Indian Oil",
        "brand:wikidata": "Q1289348",
        "brand:wikipedia": "en:Indian Oil Corporation",
        "fuel:diesel": "yes",
        "fuel:petrol": "yes",
        "name": "Indian Oil"
      },
      "geometry": {
        "type": "Point",
        "coordinates": [
          76.6198551,
          9.3194548
        ]
      },
      "id": "node/7475238384"
    },
    {
      "type": "Feature",
      "properties": {
        "@id": "node/7475253205",
        "amenity": "fuel",
        "brand": "Bharat Petroleum",
        "name": "Hinsustan Petroleum"
      },
      "geometry": {
        "type": "Point",
        "coordinates": [
          77.0762166,
          8.4086157
        ]
      },
      "id": "node/7475253205"
    },
    {
      "type": "Feature",
      "properties": {
        "@id": "node/7475297240",
        "amenity": "fuel"
      },
      "geometry": {
        "type": "Point",
        "coordinates": [
          76.2875784,
          10.4884778
        ]
      },
      "id": "node/7475297240"
    },
    {
      "type": "Feature",
      "properties": {
        "@id": "node/7475318205",
        "amenity": "fuel",
        "brand": "Indian Oil",
        "brand:wikidata": "Q1289348",
        "brand:wikipedia": "en:Indian Oil Corporation",
        "name": "Jesus Fuels, Indian oil"
      },
      "geometry": {
        "type": "Point",
        "coordinates": [
          76.6070632,
          9.9099918
        ]
      },
      "id": "node/7475318205"
    },
    {
      "type": "Feature",
      "properties": {
        "@id": "node/7475332599",
        "amenity": "fuel",
        "brand": "Indian Oil",
        "brand:wikidata": "Q1289348",
        "brand:wikipedia": "en:Indian Oil Corporation",
        "name": "Indian Oil"
      },
      "geometry": {
        "type": "Point",
        "coordinates": [
          76.5782954,
          8.8923713
        ]
      },
      "id": "node/7475332599"
    },
    {
      "type": "Feature",
      "properties": {
        "@id": "node/7475632629",
        "amenity": "fuel",
        "brand": "Indian Oil",
        "brand:wikidata": "Q1289348",
        "brand:wikipedia": "en:Indian Oil Corporation",
        "name": "Indian Oil"
      },
      "geometry": {
        "type": "Point",
        "coordinates": [
          76.1775327,
          10.7927724
        ]
      },
      "id": "node/7475632629"
    },
    {
      "type": "Feature",
      "properties": {
        "@id": "node/7476049782",
        "amenity": "fuel",
        "brand": "Indian Oil",
        "brand:wikidata": "Q1289348",
        "brand:wikipedia": "en:Indian Oil Corporation",
        "name": "Indian Oil"
      },
      "geometry": {
        "type": "Point",
        "coordinates": [
          76.4140803,
          9.9815257
        ]
      },
      "id": "node/7476049782"
    },
    {
      "type": "Feature",
      "properties": {
        "@id": "node/7476225703",
        "amenity": "fuel",
        "brand": "Indian Oil",
        "brand:wikidata": "Q1289348",
        "brand:wikipedia": "en:Indian Oil Corporation",
        "name": "Indian Oil"
      },
      "geometry": {
        "type": "Point",
        "coordinates": [
          76.4009244,
          9.9899659
        ]
      },
      "id": "node/7476225703"
    },
    {
      "type": "Feature",
      "properties": {
        "@id": "node/7476537365",
        "addr:street": "MC Road",
        "amenity": "fuel",
        "fuel:diesel": "yes",
        "fuel:petrol": "yes",
        "name": "Goodwill point petrol pump",
        "opening_hours": "24/7"
      },
      "geometry": {
        "type": "Point",
        "coordinates": [
          76.5606389,
          10.0201359
        ]
      },
      "id": "node/7476537365"
    },
    {
      "type": "Feature",
      "properties": {
        "@id": "node/7476759752",
        "amenity": "fuel",
        "brand": "Bharat Petroleum",
        "brand:wikidata": "Q854826",
        "brand:wikipedia": "en:Bharat Petroleum",
        "name": "Bharat Petroleum"
      },
      "geometry": {
        "type": "Point",
        "coordinates": [
          76.6571187,
          9.1680472
        ]
      },
      "id": "node/7476759752"
    },
    {
      "type": "Feature",
      "properties": {
        "@id": "node/7476825243",
        "amenity": "fuel",
        "brand": "Bharat Petroleum",
        "brand:wikidata": "Q854826",
        "brand:wikipedia": "en:Bharat Petroleum",
        "name": "Bharat Petroleum"
      },
      "geometry": {
        "type": "Point",
        "coordinates": [
          76.6631976,
          9.1674815
        ]
      },
      "id": "node/7476825243"
    },
    {
      "type": "Feature",
      "properties": {
        "@id": "node/7476847849",
        "addr:street": "NEDUMANCAVE",
        "amenity": "fuel",
        "brand": "Hindustan Petroleum",
        "brand:wikidata": "Q1619375",
        "brand:wikipedia": "en:Hindustan Petroleum",
        "fuel:PETROL": "yes",
        "fuel:diesel": "yes",
        "name": "Hindustan Petroleum Surafi Fuels",
        "official_name": "Hindustan Petroleum"
      },
      "geometry": {
        "type": "Point",
        "coordinates": [
          76.7357687,
          8.9256246
        ]
      },
      "id": "node/7476847849"
    },
    {
      "type": "Feature",
      "properties": {
        "@id": "node/7477779925",
        "addr:city": "koottanad",
        "addr:postcode": "679533",
        "amenity": "fuel",
        "brand": "Indian Oil",
        "brand:wikidata": "Q1289348",
        "brand:wikipedia": "en:Indian Oil Corporation",
        "fuel:air": "yes",
        "fuel:diesel": "yes",
        "fuel:petrol": "yes",
        "name": "Indian Oil"
      },
      "geometry": {
        "type": "Point",
        "coordinates": [
          76.1199057,
          10.7609596
        ]
      },
      "id": "node/7477779925"
    },
    {
      "type": "Feature",
      "properties": {
        "@id": "node/7478282768",
        "amenity": "fuel"
      },
      "geometry": {
        "type": "Point",
        "coordinates": [
          76.3011596,
          9.6126652
        ]
      },
      "id": "node/7478282768"
    },
    {
      "type": "Feature",
      "properties": {
        "@id": "node/7479988338",
        "amenity": "fuel"
      },
      "geometry": {
        "type": "Point",
        "coordinates": [
          75.9715085,
          11.1406904
        ]
      },
      "id": "node/7479988338"
    },
    {
      "type": "Feature",
      "properties": {
        "@id": "node/7480424130",
        "addr:city": "trissur",
        "addr:postcode": "680683",
        "addr:street": "Potta - Moonupeedika Road",
        "amenity": "fuel",
        "brand": "hp",
        "name": "edathadan pumps",
        "operator": "biju edathadan"
      },
      "geometry": {
        "type": "Point",
        "coordinates": [
          76.3050261,
          10.3353007
        ]
      },
      "id": "node/7480424130"
    },
    {
      "type": "Feature",
      "properties": {
        "@id": "node/7480637516",
        "amenity": "fuel",
        "name": "Kurians Fuels"
      },
      "geometry": {
        "type": "Point",
        "coordinates": [
          76.7439299,
          9.4415348
        ]
      },
      "id": "node/7480637516"
    },
    {
      "type": "Feature",
      "properties": {
        "@id": "node/7483626668",
        "amenity": "fuel",
        "brand": "Hindustan Petroleum",
        "brand:wikidata": "Q1619375",
        "brand:wikipedia": "en:Hindustan Petroleum",
        "name": "HP",
        "official_name": "Hindustan Petroleum"
      },
      "geometry": {
        "type": "Point",
        "coordinates": [
          75.8093779,
          11.3281472
        ]
      },
      "id": "node/7483626668"
    },
    {
      "type": "Feature",
      "properties": {
        "@id": "node/7486249814",
        "amenity": "fuel",
        "brand": "Bharat Petroleum",
        "brand:wikidata": "Q854826",
        "brand:wikipedia": "en:Bharat Petroleum",
        "name": "Bharat Petroleum"
      },
      "geometry": {
        "type": "Point",
        "coordinates": [
          75.3616067,
          11.9211835
        ]
      },
      "id": "node/7486249814"
    },
    {
      "type": "Feature",
      "properties": {
        "@id": "node/7486307842",
        "amenity": "fuel"
      },
      "geometry": {
        "type": "Point",
        "coordinates": [
          76.4792304,
          11.0082656
        ]
      },
      "id": "node/7486307842"
    },
    {
      "type": "Feature",
      "properties": {
        "@id": "node/7486478862",
        "addr:city": "KOTHANGALAM",
        "addr:postcode": "686691",
        "amenity": "fuel",
        "fuel:lpg": "yes",
        "name": "Mathson gas agency"
      },
      "geometry": {
        "type": "Point",
        "coordinates": [
          76.6226522,
          10.0676075
        ]
      },
      "id": "node/7486478862"
    },
    {
      "type": "Feature",
      "properties": {
        "@id": "node/7488081534",
        "amenity": "fuel",
        "brand": "Bharat Petroleum",
        "brand:wikidata": "Q854826",
        "brand:wikipedia": "en:Bharat Petroleum",
        "name": "Bharat Petroleum"
      },
      "geometry": {
        "type": "Point",
        "coordinates": [
          77.0567495,
          8.9073327
        ]
      },
      "id": "node/7488081534"
    },
    {
      "type": "Feature",
      "properties": {
        "@id": "node/7489020258",
        "addr:city": "Collegepadi",
        "addr:street": "Calicut-Valanchery-Kuttipuram Highway",
        "amenity": "fuel",
        "brand": "Rliance Petroleum",
        "fuel:diesel": "yes",
        "fuel:gasoline": "yes",
        "fuel:lpg": "yes",
        "name": "Reliance petrol pump",
        "opening_hours": "24/7",
        "operator:type": "private"
      },
      "geometry": {
        "type": "Point",
        "coordinates": [
          75.9877087,
          10.9970326
        ]
      },
      "id": "node/7489020258"
    },
    {
      "type": "Feature",
      "properties": {
        "@id": "node/7489360707",
        "amenity": "fuel",
        "brand": "Bharat Petroleum",
        "name": "Bharat Petroleum"
      },
      "geometry": {
        "type": "Point",
        "coordinates": [
          75.7239602,
          11.995691
        ]
      },
      "id": "node/7489360707"
    },
    {
      "type": "Feature",
      "properties": {
        "@id": "node/7489699185",
        "amenity": "fuel"
      },
      "geometry": {
        "type": "Point",
        "coordinates": [
          76.6806428,
          8.8932292
        ]
      },
      "id": "node/7489699185"
    },
    {
      "type": "Feature",
      "properties": {
        "@id": "node/7491429059",
        "amenity": "fuel",
        "brand": "Bharat Petroleum",
        "brand:wikidata": "Q854826",
        "brand:wikipedia": "en:Bharat Petroleum",
        "name": "Bharat Petroleum"
      },
      "geometry": {
        "type": "Point",
        "coordinates": [
          76.6552039,
          9.2798642
        ]
      },
      "id": "node/7491429059"
    },
    {
      "type": "Feature",
      "properties": {
        "@id": "node/7493920688",
        "amenity": "fuel",
        "brand": "Indian Oil",
        "brand:wikidata": "Q1289348",
        "brand:wikipedia": "en:Indian Oil Corporation",
        "generator:source": "gasoline",
        "name": "Indian Oil",
        "power": "generator"
      },
      "geometry": {
        "type": "Point",
        "coordinates": [
          75.7939687,
          11.2613115
        ]
      },
      "id": "node/7493920688"
    },
    {
      "type": "Feature",
      "properties": {
        "@id": "node/7494730899",
        "amenity": "fuel",
        "brand": "Indian Oil",
        "brand:wikidata": "Q1289348",
        "brand:wikipedia": "en:Indian Oil Corporation",
        "name": "Indian Oil"
      },
      "geometry": {
        "type": "Point",
        "coordinates": [
          76.6322744,
          9.9997172
        ]
      },
      "id": "node/7494730899"
    },
    {
      "type": "Feature",
      "properties": {
        "@id": "node/7496688122",
        "amenity": "fuel",
        "brand": "Indian Oil",
        "brand:wikidata": "Q1289348",
        "brand:wikipedia": "en:Indian Oil Corporation",
        "name": "Indian Oil",
        "wikidata": "Q131968066"
      },
      "geometry": {
        "type": "Point",
        "coordinates": [
          76.3829251,
          10.0868206
        ]
      },
      "id": "node/7496688122"
    },
    {
      "type": "Feature",
      "properties": {
        "@id": "node/7498058714",
        "amenity": "fuel"
      },
      "geometry": {
        "type": "Point",
        "coordinates": [
          76.9619278,
          9.8549238
        ]
      },
      "id": "node/7498058714"
    },
    {
      "type": "Feature",
      "properties": {
        "@id": "node/7498711666",
        "amenity": "fuel",
        "brand": "Indian Oil",
        "brand:wikidata": "Q1289348",
        "brand:wikipedia": "en:Indian Oil Corporation",
        "name": "Indian Oil",
        "operator": "IOCL"
      },
      "geometry": {
        "type": "Point",
        "coordinates": [
          75.3545621,
          11.9247142
        ]
      },
      "id": "node/7498711666"
    },
    {
      "type": "Feature",
      "properties": {
        "@id": "node/7498827805",
        "amenity": "fuel",
        "brand": "Bharat Petroleum",
        "brand:wikidata": "Q854826",
        "brand:wikipedia": "en:Bharat Petroleum",
        "name": "Bharat Petroleum"
      },
      "geometry": {
        "type": "Point",
        "coordinates": [
          75.3654339,
          12.0282188
        ]
      },
      "id": "node/7498827805"
    },
    {
      "type": "Feature",
      "properties": {
        "@id": "node/7498860994",
        "amenity": "fuel",
        "brand": "Indian Oil",
        "brand:wikidata": "Q1289348",
        "brand:wikipedia": "en:Indian Oil Corporation",
        "name": "Indian Oil"
      },
      "geometry": {
        "type": "Point",
        "coordinates": [
          75.3673688,
          12.0240301
        ]
      },
      "id": "node/7498860994"
    },
    {
      "type": "Feature",
      "properties": {
        "@id": "node/7499039857",
        "amenity": "fuel",
        "brand": "Petrom",
        "brand:wikidata": "Q1755034",
        "brand:wikipedia": "en:Petrom",
        "name": "Petrom"
      },
      "geometry": {
        "type": "Point",
        "coordinates": [
          75.7895098,
          11.2695523
        ]
      },
      "id": "node/7499039857"
    },
    {
      "type": "Feature",
      "properties": {
        "@id": "node/7499975818",
        "amenity": "fuel",
        "name": "Ambadi Fuels",
        "operator": "Hindustan Petroleum"
      },
      "geometry": {
        "type": "Point",
        "coordinates": [
          75.8088246,
          11.3592844
        ]
      },
      "id": "node/7499975818"
    },
    {
      "type": "Feature",
      "properties": {
        "@id": "node/7500210977",
        "amenity": "fuel",
        "brand": "Indian Oil",
        "brand:wikidata": "Q1289348",
        "brand:wikipedia": "en:Indian Oil Corporation",
        "name": "Indian Oil"
      },
      "geometry": {
        "type": "Point",
        "coordinates": [
          76.6920025,
          9.4260574
        ]
      },
      "id": "node/7500210977"
    },
    {
      "type": "Feature",
      "properties": {
        "@id": "node/7500281360",
        "amenity": "fuel",
        "brand": "Hindustan Petroleum",
        "brand:wikidata": "Q1619375",
        "brand:wikipedia": "en:Hindustan Petroleum",
        "name": "Hindustan Petroleum Petrol Pump-Paivaram T T C Perumbavoor",
        "official_name": "Hindustan Petroleum"
      },
      "geometry": {
        "type": "Point",
        "coordinates": [
          76.4756372,
          10.1115463
        ]
      },
      "id": "node/7500281360"
    },
    {
      "type": "Feature",
      "properties": {
        "@id": "node/7500374591",
        "amenity": "fuel",
        "brand": "BP"
      },
      "geometry": {
        "type": "Point",
        "coordinates": [
          76.2070301,
          10.3466975
        ]
      },
      "id": "node/7500374591"
    },
    {
      "type": "Feature",
      "properties": {
        "@id": "node/7500492938",
        "amenity": "fuel"
      },
      "geometry": {
        "type": "Point",
        "coordinates": [
          75.3527133,
          11.9214814
        ]
      },
      "id": "node/7500492938"
    },
    {
      "type": "Feature",
      "properties": {
        "@id": "node/7500777148",
        "amenity": "fuel"
      },
      "geometry": {
        "type": "Point",
        "coordinates": [
          75.3500085,
          11.9261832
        ]
      },
      "id": "node/7500777148"
    },
    {
      "type": "Feature",
      "properties": {
        "@id": "node/7500862285",
        "amenity": "fuel",
        "brand": "Hindustan Petroleum",
        "brand:wikidata": "Q1619375",
        "brand:wikipedia": "en:Hindustan Petroleum",
        "name": "Hindustan Petroleum",
        "official_name": "Hindustan Petroleum"
      },
      "geometry": {
        "type": "Point",
        "coordinates": [
          75.3546034,
          11.9223918
        ]
      },
      "id": "node/7500862285"
    },
    {
      "type": "Feature",
      "properties": {
        "@id": "node/7501694576",
        "amenity": "fuel",
        "name": "Bharath Petrolium pump"
      },
      "geometry": {
        "type": "Point",
        "coordinates": [
          76.2696717,
          10.4906232
        ]
      },
      "id": "node/7501694576"
    },
    {
      "type": "Feature",
      "properties": {
        "@id": "node/7502365042",
        "amenity": "fuel",
        "brand": "Bharat Petroleum",
        "brand:wikidata": "Q854826",
        "brand:wikipedia": "en:Bharat Petroleum",
        "name": "Bharat gas warehouse"
      },
      "geometry": {
        "type": "Point",
        "coordinates": [
          76.3499186,
          10.0258213
        ]
      },
      "id": "node/7502365042"
    },
    {
      "type": "Feature",
      "properties": {
        "@id": "node/7502381560",
        "amenity": "fuel"
      },
      "geometry": {
        "type": "Point",
        "coordinates": [
          75.9786805,
          11.1478202
        ]
      },
      "id": "node/7502381560"
    },
    {
      "type": "Feature",
      "properties": {
        "@id": "node/7502415397",
        "amenity": "fuel",
        "brand": "Hindustan Petroleum",
        "brand:wikidata": "Q1619375",
        "brand:wikipedia": "en:Hindustan Petroleum",
        "name": "HP",
        "official_name": "Hindustan Petroleum"
      },
      "geometry": {
        "type": "Point",
        "coordinates": [
          75.9784484,
          11.147551
        ]
      },
      "id": "node/7502415397"
    },
    {
      "type": "Feature",
      "properties": {
        "@id": "node/7503213861",
        "amenity": "fuel",
        "brand": "Hindustan Petroleum",
        "brand:wikidata": "Q1619375",
        "brand:wikipedia": "en:Hindustan Petroleum",
        "name": "Hindustan Petroleum",
        "official_name": "Hindustan Petroleum"
      },
      "geometry": {
        "type": "Point",
        "coordinates": [
          76.4801563,
          9.6965516
        ]
      },
      "id": "node/7503213861"
    },
    {
      "type": "Feature",
      "properties": {
        "@id": "node/7503726113",
        "amenity": "fuel",
        "brand": "Indian Oil",
        "brand:wikidata": "Q1289348",
        "brand:wikipedia": "en:Indian Oil Corporation",
        "name": "Indian Oil"
      },
      "geometry": {
        "type": "Point",
        "coordinates": [
          76.6771975,
          8.8651272
        ]
      },
      "id": "node/7503726113"
    },
    {
      "type": "Feature",
      "properties": {
        "@id": "node/7509304596",
        "amenity": "fuel"
      },
      "geometry": {
        "type": "Point",
        "coordinates": [
          75.3960047,
          11.9845044
        ]
      },
      "id": "node/7509304596"
    },
    {
      "type": "Feature",
      "properties": {
        "@id": "node/7509463175",
        "amenity": "fuel",
        "brand": "indian oil cooperation",
        "cash_withdrawal": "yes"
      },
      "geometry": {
        "type": "Point",
        "coordinates": [
          75.3918006,
          11.9929768
        ]
      },
      "id": "node/7509463175"
    },
    {
      "type": "Feature",
      "properties": {
        "@id": "node/7509576162",
        "amenity": "fuel",
        "brand": "Indian Oil",
        "brand:wikidata": "Q1289348",
        "brand:wikipedia": "en:Indian Oil Corporation",
        "name": "Indian Oil"
      },
      "geometry": {
        "type": "Point",
        "coordinates": [
          75.7299316,
          11.904174
        ]
      },
      "id": "node/7509576162"
    },
    {
      "type": "Feature",
      "properties": {
        "@id": "node/7509601299",
        "amenity": "fuel",
        "name": "Vaniyambalam Petrol Pump"
      },
      "geometry": {
        "type": "Point",
        "coordinates": [
          76.2571947,
          11.1910163
        ]
      },
      "id": "node/7509601299"
    },
    {
      "type": "Feature",
      "properties": {
        "@id": "node/7509601309",
        "amenity": "fuel",
        "brand": "Indian Oil",
        "brand:wikidata": "Q1289348",
        "brand:wikipedia": "en:Indian Oil Corporation",
        "name": "Indian Oil"
      },
      "geometry": {
        "type": "Point",
        "coordinates": [
          76.2436337,
          11.1940813
        ]
      },
      "id": "node/7509601309"
    },
    {
      "type": "Feature",
      "properties": {
        "@id": "node/7509758596",
        "amenity": "fuel",
        "brand": "Bharat Petroleum",
        "name": "Bharat Petroleum"
      },
      "geometry": {
        "type": "Point",
        "coordinates": [
          75.9435988,
          11.3181619
        ]
      },
      "id": "node/7509758596"
    },
    {
      "type": "Feature",
      "properties": {
        "@id": "node/7510289106",
        "amenity": "fuel"
      },
      "geometry": {
        "type": "Point",
        "coordinates": [
          75.6720996,
          11.9810361
        ]
      },
      "id": "node/7510289106"
    },
    {
      "type": "Feature",
      "properties": {
        "@id": "node/7510289132",
        "amenity": "fuel",
        "brand": "Bharat Petroleum",
        "name": "Bharat Petroleum"
      },
      "geometry": {
        "type": "Point",
        "coordinates": [
          75.6717843,
          11.9804644
        ]
      },
      "id": "node/7510289132"
    },
    {
      "type": "Feature",
      "properties": {
        "@id": "node/7510289150",
        "amenity": "fuel"
      },
      "geometry": {
        "type": "Point",
        "coordinates": [
          75.669158,
          11.9781693
        ]
      },
      "id": "node/7510289150"
    },
    {
      "type": "Feature",
      "properties": {
        "@id": "node/7511562812",
        "amenity": "fuel",
        "brand": "Bharat Petroleum",
        "brand:wikidata": "Q854826",
        "brand:wikipedia": "en:Bharat Petroleum",
        "name": "Bharat Petroleum",
        "operator": "Tojo"
      },
      "geometry": {
        "type": "Point",
        "coordinates": [
          76.7622838,
          9.7738306
        ]
      },
      "id": "node/7511562812"
    },
    {
      "type": "Feature",
      "properties": {
        "@id": "node/7512958647",
        "amenity": "fuel",
        "name": "Bharat Petroleum Petrol Pump"
      },
      "geometry": {
        "type": "Point",
        "coordinates": [
          75.3152472,
          11.981214
        ]
      },
      "id": "node/7512958647"
    },
    {
      "type": "Feature",
      "properties": {
        "@id": "node/7513174712",
        "amenity": "fuel"
      },
      "geometry": {
        "type": "Point",
        "coordinates": [
          76.4877159,
          9.8658515
        ]
      },
      "id": "node/7513174712"
    },
    {
      "type": "Feature",
      "properties": {
        "@id": "node/7513437737",
        "amenity": "fuel",
        "brand": "ESSAR",
        "fuel:PETROL": "yes",
        "fuel:diesel": "yes",
        "self_service": "no"
      },
      "geometry": {
        "type": "Point",
        "coordinates": [
          75.9556733,
          11.0489102
        ]
      },
      "id": "node/7513437737"
    },
    {
      "type": "Feature",
      "properties": {
        "@id": "node/7513583907",
        "amenity": "fuel",
        "name": "Olassery Fuel Station Hindusthan Petroleum"
      },
      "geometry": {
        "type": "Point",
        "coordinates": [
          75.809347,
          11.1714863
        ]
      },
      "id": "node/7513583907"
    },
    {
      "type": "Feature",
      "properties": {
        "@id": "node/7513882618",
        "amenity": "fuel",
        "brand": "76",
        "level": "18",
        "name": "76",
        "office": "forestry"
      },
      "geometry": {
        "type": "Point",
        "coordinates": [
          77.0673497,
          10.0517891
        ]
      },
      "id": "node/7513882618"
    },
    {
      "type": "Feature",
      "properties": {
        "@id": "node/7515020680",
        "amenity": "fuel",
        "brand": "Hindustan Petroleum",
        "brand:wikidata": "Q1619375",
        "brand:wikipedia": "en:Hindustan Petroleum",
        "name": "Hindustan Petroleum",
        "official_name": "Hindustan Petroleum"
      },
      "geometry": {
        "type": "Point",
        "coordinates": [
          76.0845835,
          11.6184377
        ]
      },
      "id": "node/7515020680"
    },
    {
      "type": "Feature",
      "properties": {
        "@id": "node/7515391390",
        "amenity": "fuel",
        "brand": "Petrolimex",
        "name": "Petrolimex"
      },
      "geometry": {
        "type": "Point",
        "coordinates": [
          76.3117336,
          11.6114441
        ]
      },
      "id": "node/7515391390"
    },
    {
      "type": "Feature",
      "properties": {
        "@id": "node/7515399889",
        "addr:street": "Kozhikode - Nilmbur - Gudallur Road",
        "amenity": "fuel"
      },
      "geometry": {
        "type": "Point",
        "coordinates": [
          76.1141627,
          11.1322694
        ]
      },
      "id": "node/7515399889"
    },
    {
      "type": "Feature",
      "properties": {
        "@id": "node/7515399891",
        "addr:street": "Kozhikode - Nilmbur - Gudallur Road",
        "amenity": "fuel"
      },
      "geometry": {
        "type": "Point",
        "coordinates": [
          76.116646,
          11.138511
        ]
      },
      "id": "node/7515399891"
    },
    {
      "type": "Feature",
      "properties": {
        "@id": "node/7515399914",
        "addr:street": "Kozhikode - Nilmbur - Gudallur Road",
        "amenity": "fuel"
      },
      "geometry": {
        "type": "Point",
        "coordinates": [
          76.1150899,
          11.129581
        ]
      },
      "id": "node/7515399914"
    },
    {
      "type": "Feature",
      "properties": {
        "@id": "node/7516649572",
        "amenity": "fuel",
        "brand": "Hindustan Petroleum",
        "brand:wikidata": "Q1619375",
        "brand:wikipedia": "en:Hindustan Petroleum",
        "name": "Hindustan Petroleum",
        "official_name": "Hindustan Petroleum"
      },
      "geometry": {
        "type": "Point",
        "coordinates": [
          76.567035,
          9.3303969
        ]
      },
      "id": "node/7516649572"
    },
    {
      "type": "Feature",
      "properties": {
        "@id": "node/7516782057",
        "amenity": "fuel",
        "name": "Kunnel Fuels"
      },
      "geometry": {
        "type": "Point",
        "coordinates": [
          76.532216,
          9.6651754
        ]
      },
      "id": "node/7516782057"
    },
    {
      "type": "Feature",
      "properties": {
        "@id": "node/7516912565",
        "addr:street": "koyilandy -gudallur - edavanna road",
        "amenity": "fuel",
        "brand": "Bharat",
        "name": "Bharat Petroleum"
      },
      "geometry": {
        "type": "Point",
        "coordinates": [
          76.0460769,
          11.2520662
        ]
      },
      "id": "node/7516912565"
    },
    {
      "type": "Feature",
      "properties": {
        "@id": "node/7516912570",
        "addr:housenumber": "Asian Furniture",
        "addr:street": "koyilandy -gudallur - edavanna road",
        "amenity": "fuel",
        "name": "Asian Furniture"
      },
      "geometry": {
        "type": "Point",
        "coordinates": [
          76.0467681,
          11.2500875
        ]
      },
      "id": "node/7516912570"
    },
    {
      "type": "Feature",
      "properties": {
        "@id": "node/7516941001",
        "amenity": "fuel",
        "brand": "Bharat Petroleum",
        "name": "Bharat Petroleum"
      },
      "geometry": {
        "type": "Point",
        "coordinates": [
          75.9869406,
          11.3277659
        ]
      },
      "id": "node/7516941001"
    },
    {
      "type": "Feature",
      "properties": {
        "@id": "node/7518270820",
        "amenity": "fuel",
        "brand": "Bharat Petroleum",
        "name": "Bharat Petroleum"
      },
      "geometry": {
        "type": "Point",
        "coordinates": [
          75.8892205,
          11.264243
        ]
      },
      "id": "node/7518270820"
    },
    {
      "type": "Feature",
      "properties": {
        "@id": "node/7518270834",
        "amenity": "fuel",
        "brand": "Bharat Petroleum",
        "name": "Bharat Petroleum"
      },
      "geometry": {
        "type": "Point",
        "coordinates": [
          75.8892759,
          11.2640579
        ]
      },
      "id": "node/7518270834"
    },
    {
      "type": "Feature",
      "properties": {
        "@id": "node/7520515160",
        "amenity": "fuel"
      },
      "geometry": {
        "type": "Point",
        "coordinates": [
          75.9900674,
          11.3260461
        ]
      },
      "id": "node/7520515160"
    },
    {
      "type": "Feature",
      "properties": {
        "@id": "node/7521953854",
        "addr:street": "mavool vellalassery road",
        "amenity": "fuel",
        "name": "Bharat Petroleum Petrol Pump,Siva Sakthi Petroleum"
      },
      "geometry": {
        "type": "Point",
        "coordinates": [
          75.9539625,
          11.2632414
        ]
      },
      "id": "node/7521953854"
    },
    {
      "type": "Feature",
      "properties": {
        "@id": "node/7522247633",
        "amenity": "fuel",
        "brand": "Indian Oil",
        "brand:wikidata": "Q1289348",
        "brand:wikipedia": "en:Indian Oil Corporation",
        "name": "Indian Oil petrol pump Karulai"
      },
      "geometry": {
        "type": "Point",
        "coordinates": [
          76.2945928,
          11.2869233
        ]
      },
      "id": "node/7522247633"
    },
    {
      "type": "Feature",
      "properties": {
        "@id": "node/7522354924",
        "amenity": "fuel"
      },
      "geometry": {
        "type": "Point",
        "coordinates": [
          75.8425964,
          11.2695067
        ]
      },
      "id": "node/7522354924"
    },
    {
      "type": "Feature",
      "properties": {
        "@id": "node/7523305716",
        "amenity": "fuel",
        "brand": "Indian Oil",
        "brand:wikidata": "Q1289348",
        "brand:wikipedia": "en:Indian Oil Corporation",
        "name": "Jyothi Petro Pump Indian Oil"
      },
      "geometry": {
        "type": "Point",
        "coordinates": [
          75.5916874,
          11.5889677
        ]
      },
      "id": "node/7523305716"
    },
    {
      "type": "Feature",
      "properties": {
        "@id": "node/7523849977",
        "amenity": "fuel",
        "name": "Engappuzha HP Petrol Bunk"
      },
      "geometry": {
        "type": "Point",
        "coordinates": [
          75.9668378,
          11.4591621
        ]
      },
      "id": "node/7523849977"
    },
    {
      "type": "Feature",
      "properties": {
        "@id": "node/7525631532",
        "amenity": "fuel",
        "brand": "Indian Oil",
        "brand:wikidata": "Q1289348",
        "brand:wikipedia": "en:Indian Oil Corporation",
        "name": "Indian Oil"
      },
      "geometry": {
        "type": "Point",
        "coordinates": [
          75.2658925,
          12.5022216
        ]
      },
      "id": "node/7525631532"
    },
    {
      "type": "Feature",
      "properties": {
        "@id": "node/7526903651",
        "addr:street": "Manjery Byepass Road",
        "amenity": "fuel"
      },
      "geometry": {
        "type": "Point",
        "coordinates": [
          76.1224656,
          11.1241581
        ]
      },
      "id": "node/7526903651"
    },
    {
      "type": "Feature",
      "properties": {
        "@id": "node/7526903652",
        "addr:street": "Manjery Byepass Road",
        "amenity": "fuel"
      },
      "geometry": {
        "type": "Point",
        "coordinates": [
          76.1221698,
          11.1240619
        ]
      },
      "id": "node/7526903652"
    },
    {
      "type": "Feature",
      "properties": {
        "@id": "node/7532640675",
        "amenity": "fuel",
        "brand": "Esso",
        "brand:wikidata": "Q867662",
        "brand:wikipedia": "en:Esso",
        "name": "Esso"
      },
      "geometry": {
        "type": "Point",
        "coordinates": [
          75.9237278,
          11.3952919
        ]
      },
      "id": "node/7532640675"
    },
    {
      "type": "Feature",
      "properties": {
        "@id": "node/7541877037",
        "addr:street": "Balusseri Road",
        "amenity": "fuel"
      },
      "geometry": {
        "type": "Point",
        "coordinates": [
          75.7995396,
          11.3118951
        ]
      },
      "id": "node/7541877037"
    },
    {
      "type": "Feature",
      "properties": {
        "@id": "node/7543988639",
        "amenity": "fuel",
        "brand": "Indian Oil",
        "brand:wikidata": "Q1289348",
        "brand:wikipedia": "en:Indian Oil Corporation",
        "name": "Indian Oil"
      },
      "geometry": {
        "type": "Point",
        "coordinates": [
          76.5169126,
          10.5887309
        ]
      },
      "id": "node/7543988639"
    },
    {
      "type": "Feature",
      "properties": {
        "@id": "node/7632701231",
        "amenity": "fuel",
        "brand": "Bharat Petroleum",
        "cash_withdrawal:currency": "Rupee",
        "cash_withdrawal:purchase_minimum": "varies",
        "fuel:diesel": "yes",
        "fuel:lpg": "yes",
        "name": "Bharat Petroleum"
      },
      "geometry": {
        "type": "Point",
        "coordinates": [
          77.0287362,
          8.5011388
        ]
      },
      "id": "node/7632701231"
    },
    {
      "type": "Feature",
      "properties": {
        "@id": "node/7634573092",
        "amenity": "fuel",
        "brand": "Indian Oil"
      },
      "geometry": {
        "type": "Point",
        "coordinates": [
          77.0468877,
          8.3801169
        ]
      },
      "id": "node/7634573092"
    },
    {
      "type": "Feature",
      "properties": {
        "@id": "node/7634573107",
        "amenity": "fuel",
        "brand": "Indian Oil"
      },
      "geometry": {
        "type": "Point",
        "coordinates": [
          77.0731446,
          8.3197638
        ]
      },
      "id": "node/7634573107"
    },
    {
      "type": "Feature",
      "properties": {
        "@id": "node/7634573191",
        "amenity": "fuel",
        "brand": "Indian Oil"
      },
      "geometry": {
        "type": "Point",
        "coordinates": [
          77.0082493,
          8.3856024
        ]
      },
      "id": "node/7634573191"
    },
    {
      "type": "Feature",
      "properties": {
        "@id": "node/7635952725",
        "amenity": "fuel"
      },
      "geometry": {
        "type": "Point",
        "coordinates": [
          77.0788844,
          8.5027286
        ]
      },
      "id": "node/7635952725"
    },
    {
      "type": "Feature",
      "properties": {
        "@id": "node/7716196790",
        "addr:street": "karukaputhur",
        "amenity": "fuel",
        "name": "Bharat petroleum",
        "opening_hours": "Mo-Su 06:00-22:00"
      },
      "geometry": {
        "type": "Point",
        "coordinates": [
          76.1642151,
          10.7352352
        ]
      },
      "id": "node/7716196790"
    },
    {
      "type": "Feature",
      "properties": {
        "@id": "node/7716456100",
        "addr:street": "karukaputhur",
        "amenity": "fuel",
        "name": "Hindustan petroleum"
      },
      "geometry": {
        "type": "Point",
        "coordinates": [
          76.1568909,
          10.7338581
        ]
      },
      "id": "node/7716456100"
    },
    {
      "type": "Feature",
      "properties": {
        "@id": "node/7741142645",
        "amenity": "fuel",
        "name": "reliance"
      },
      "geometry": {
        "type": "Point",
        "coordinates": [
          76.6401027,
          8.9283444
        ]
      },
      "id": "node/7741142645"
    },
    {
      "type": "Feature",
      "properties": {
        "@id": "node/7743003647",
        "amenity": "fuel",
        "name": "BPCL Petrol Pump"
      },
      "geometry": {
        "type": "Point",
        "coordinates": [
          76.4650584,
          9.260349
        ]
      },
      "id": "node/7743003647"
    },
    {
      "type": "Feature",
      "properties": {
        "@id": "node/7745881882",
        "amenity": "fuel",
        "brand": "Hindustan Petroleum",
        "brand:wikidata": "Q1619375",
        "brand:wikipedia": "en:Hindustan Petroleum",
        "name": "Hindustan Petroleum",
        "official_name": "Hindustan Petroleum"
      },
      "geometry": {
        "type": "Point",
        "coordinates": [
          76.6062169,
          8.8796797
        ]
      },
      "id": "node/7745881882"
    },
    {
      "type": "Feature",
      "properties": {
        "@id": "node/7746385271",
        "amenity": "fuel",
        "brand": "Indian Oil",
        "brand:wikidata": "Q1289348",
        "brand:wikipedia": "en:Indian Oil Corporation",
        "name": "Indian Oil",
        "self_service": "no"
      },
      "geometry": {
        "type": "Point",
        "coordinates": [
          76.6064974,
          8.8945447
        ]
      },
      "id": "node/7746385271"
    },
    {
      "type": "Feature",
      "properties": {
        "@id": "node/7746447932",
        "amenity": "fuel",
        "brand": "Bharat Petroleum",
        "brand:wikidata": "Q854826",
        "brand:wikipedia": "en:Bharat Petroleum",
        "name": "Bharat Petroleum",
        "self_service": "no"
      },
      "geometry": {
        "type": "Point",
        "coordinates": [
          76.6214157,
          8.9027697
        ]
      },
      "id": "node/7746447932"
    },
    {
      "type": "Feature",
      "properties": {
        "@id": "node/7750482354",
        "amenity": "fuel",
        "brand": "Indian Oil",
        "brand:wikidata": "Q1289348",
        "brand:wikipedia": "en:Indian Oil Corporation",
        "name": "Indian Oil"
      },
      "geometry": {
        "type": "Point",
        "coordinates": [
          76.1523912,
          10.9415074
        ]
      },
      "id": "node/7750482354"
    },
    {
      "type": "Feature",
      "properties": {
        "@id": "node/7796937833",
        "amenity": "fuel",
        "brand": "Hindustan Petroleum",
        "brand:wikidata": "Q1619375",
        "name": "HP",
        "official_name": "Hindustan Petroleum"
      },
      "geometry": {
        "type": "Point",
        "coordinates": [
          76.6617777,
          8.9479443
        ]
      },
      "id": "node/7796937833"
    },
    {
      "type": "Feature",
      "properties": {
        "@id": "node/7804385164",
        "amenity": "fuel"
      },
      "geometry": {
        "type": "Point",
        "coordinates": [
          77.1013119,
          8.5692761
        ]
      },
      "id": "node/7804385164"
    },
    {
      "type": "Feature",
      "properties": {
        "@id": "node/7804385165",
        "amenity": "fuel"
      },
      "geometry": {
        "type": "Point",
        "coordinates": [
          77.1014446,
          8.5694773
        ]
      },
      "id": "node/7804385165"
    },
    {
      "type": "Feature",
      "properties": {
        "@id": "node/7804385166",
        "amenity": "fuel"
      },
      "geometry": {
        "type": "Point",
        "coordinates": [
          77.1015013,
          8.5694581
        ]
      },
      "id": "node/7804385166"
    },
    {
      "type": "Feature",
      "properties": {
        "@id": "node/7804385167",
        "amenity": "fuel"
      },
      "geometry": {
        "type": "Point",
        "coordinates": [
          77.1015482,
          8.5694309
        ]
      },
      "id": "node/7804385167"
    },
    {
      "type": "Feature",
      "properties": {
        "@id": "node/7804385168",
        "amenity": "fuel"
      },
      "geometry": {
        "type": "Point",
        "coordinates": [
          77.1014172,
          8.5692026
        ]
      },
      "id": "node/7804385168"
    },
    {
      "type": "Feature",
      "properties": {
        "@id": "node/7804385169",
        "amenity": "fuel"
      },
      "geometry": {
        "type": "Point",
        "coordinates": [
          77.1013544,
          8.5692332
        ]
      },
      "id": "node/7804385169"
    },
    {
      "type": "Feature",
      "properties": {
        "@id": "node/7814968944",
        "amenity": "fuel",
        "brand": "Hindustan Petroleum",
        "brand:wikidata": "Q1619375",
        "name": "Hindustan Petroleum Holy Star Fuels",
        "official_name": "Hindustan Petroleum"
      },
      "geometry": {
        "type": "Point",
        "coordinates": [
          76.5590624,
          8.9307637
        ]
      },
      "id": "node/7814968944"
    },
    {
      "type": "Feature",
      "properties": {
        "@id": "node/7887867703",
        "amenity": "fuel",
        "brand": "Hindustan Petroleum",
        "brand:wikidata": "Q1619375",
        "brand:wikipedia": "en:Hindustan Petroleum",
        "name": "HP",
        "official_name": "Hindustan Petroleum"
      },
      "geometry": {
        "type": "Point",
        "coordinates": [
          76.1541291,
          10.7345212
        ]
      },
      "id": "node/7887867703"
    },
    {
      "type": "Feature",
      "properties": {
        "@id": "node/7919381029",
        "addr:city": "Nadakkapadom",
        "addr:postcode": "686536",
        "amenity": "fuel",
        "brand": "Nayara",
        "not:brand:wikidata": "Q1360409"
      },
      "geometry": {
        "type": "Point",
        "coordinates": [
          76.5907405,
          9.4804565
        ]
      },
      "id": "node/7919381029"
    },
    {
      "type": "Feature",
      "properties": {
        "@id": "node/8007365807",
        "amenity": "fuel",
        "name": "Sree Ram Fuel Service",
        "operator": "indian oil"
      },
      "geometry": {
        "type": "Point",
        "coordinates": [
          77.0784012,
          8.5058884
        ]
      },
      "id": "node/8007365807"
    },
    {
      "type": "Feature",
      "properties": {
        "@id": "node/8218620265",
        "addr:city": "Pattanakkad",
        "addr:postcode": "688531",
        "addr:street": "Salem - Kochi - Kanyakumari Road",
        "amenity": "fuel",
        "brand": "Indian Oil Petrol Pump",
        "brand:wikidata": "Q1289348",
        "compressed_air": "yes",
        "fuel:diesel": "yes",
        "fuel:petrol": "yes",
        "name": "Indian Oil Petrol Pump",
        "operator": "Majestic Fuel Services"
      },
      "geometry": {
        "type": "Point",
        "coordinates": [
          76.318237,
          9.7336918
        ]
      },
      "id": "node/8218620265"
    },
    {
      "type": "Feature",
      "properties": {
        "@id": "node/8276854945",
        "amenity": "fuel",
        "name": "Lkshmanan Fuels"
      },
      "geometry": {
        "type": "Point",
        "coordinates": [
          76.6222416,
          8.8649867
        ]
      },
      "id": "node/8276854945"
    },
    {
      "type": "Feature",
      "properties": {
        "@id": "node/8292329726",
        "amenity": "fuel",
        "name": "Essar"
      },
      "geometry": {
        "type": "Point",
        "coordinates": [
          76.2249632,
          11.0991415
        ]
      },
      "id": "node/8292329726"
    },
    {
      "type": "Feature",
      "properties": {
        "@id": "node/8293003682",
        "amenity": "fuel"
      },
      "geometry": {
        "type": "Point",
        "coordinates": [
          76.2498415,
          11.1923937
        ]
      },
      "id": "node/8293003682"
    },
    {
      "type": "Feature",
      "properties": {
        "@id": "node/8293216124",
        "amenity": "fuel"
      },
      "geometry": {
        "type": "Point",
        "coordinates": [
          76.2154783,
          11.2691553
        ]
      },
      "id": "node/8293216124"
    },
    {
      "type": "Feature",
      "properties": {
        "@id": "node/8308138935",
        "amenity": "fuel",
        "brand": "Indian Oil",
        "brand:wikidata": "Q1289348",
        "brand:wikipedia": "en:Indian Oil Corporation",
        "name": "NIFI Fuels Indian Oil Pump"
      },
      "geometry": {
        "type": "Point",
        "coordinates": [
          76.8566357,
          8.5909632
        ]
      },
      "id": "node/8308138935"
    },
    {
      "type": "Feature",
      "properties": {
        "@id": "node/8319623913",
        "addr:city": "Alakode",
        "addr:postcode": "670571",
        "addr:street": "Taliparambu-Cherupuzha Road",
        "amenity": "fuel",
        "name": "Pcs Fuel Station, Alakode"
      },
      "geometry": {
        "type": "Point",
        "coordinates": [
          75.4642051,
          12.1956222
        ]
      },
      "id": "node/8319623913"
    },
    {
      "type": "Feature",
      "properties": {
        "@id": "node/8320454108",
        "amenity": "fuel",
        "name": "Gas Station",
        "self_service": "no"
      },
      "geometry": {
        "type": "Point",
        "coordinates": [
          76.3903211,
          10.1296026
        ]
      },
      "id": "node/8320454108"
    },
    {
      "type": "Feature",
      "properties": {
        "@id": "node/8320462857",
        "amenity": "fuel",
        "brand": "Indian Oil",
        "brand:wikidata": "Q1289348",
        "brand:wikipedia": "en:Indian Oil Corporation",
        "fuel:diesel": "yes",
        "name": "Indian Oil"
      },
      "geometry": {
        "type": "Point",
        "coordinates": [
          76.6555235,
          9.4451271
        ]
      },
      "id": "node/8320462857"
    },
    {
      "type": "Feature",
      "properties": {
        "@id": "node/8324318475",
        "amenity": "fuel"
      },
      "geometry": {
        "type": "Point",
        "coordinates": [
          76.24382,
          10.4761341
        ]
      },
      "id": "node/8324318475"
    },
    {
      "type": "Feature",
      "properties": {
        "@id": "node/8324841656",
        "amenity": "fuel"
      },
      "geometry": {
        "type": "Point",
        "coordinates": [
          76.570822,
          10.0628275
        ]
      },
      "id": "node/8324841656"
    },
    {
      "type": "Feature",
      "properties": {
        "@id": "node/8325024260",
        "amenity": "fuel",
        "fuel:diesel": "yes",
        "name": "kavumkal auto fuels"
      },
      "geometry": {
        "type": "Point",
        "coordinates": [
          76.836491,
          9.5008208
        ]
      },
      "id": "node/8325024260"
    },
    {
      "type": "Feature",
      "properties": {
        "@id": "node/8327110229",
        "amenity": "fuel",
        "name": "fuel station"
      },
      "geometry": {
        "type": "Point",
        "coordinates": [
          76.1046976,
          10.6246614
        ]
      },
      "id": "node/8327110229"
    },
    {
      "type": "Feature",
      "properties": {
        "@id": "node/8334380670",
        "amenity": "fuel",
        "name": "fuel station"
      },
      "geometry": {
        "type": "Point",
        "coordinates": [
          76.0699897,
          10.656661
        ]
      },
      "id": "node/8334380670"
    },
    {
      "type": "Feature",
      "properties": {
        "@id": "node/8334388800",
        "amenity": "fuel",
        "name": "fuel station"
      },
      "geometry": {
        "type": "Point",
        "coordinates": [
          76.0721657,
          10.6605444
        ]
      },
      "id": "node/8334388800"
    },
    {
      "type": "Feature",
      "properties": {
        "@id": "node/8344317757",
        "amenity": "fuel"
      },
      "geometry": {
        "type": "Point",
        "coordinates": [
          76.6683899,
          9.2484863
        ]
      },
      "id": "node/8344317757"
    },
    {
      "type": "Feature",
      "properties": {
        "@id": "node/8345433430",
        "amenity": "fuel",
        "brand": "Indian Oil",
        "brand:wikidata": "Q1289348",
        "brand:wikipedia": "en:Indian Oil Corporation",
        "name": "Indian Oil"
      },
      "geometry": {
        "type": "Point",
        "coordinates": [
          76.6793585,
          9.2191413
        ]
      },
      "id": "node/8345433430"
    },
    {
      "type": "Feature",
      "properties": {
        "@id": "node/8345433445",
        "amenity": "fuel",
        "brand": "Bharat Petroleum",
        "brand:wikidata": "Q854826",
        "brand:wikipedia": "en:Bharat Petroleum",
        "name": "Bharat Petroleum"
      },
      "geometry": {
        "type": "Point",
        "coordinates": [
          76.6508048,
          9.288274
        ]
      },
      "id": "node/8345433445"
    },
    {
      "type": "Feature",
      "properties": {
        "@id": "node/8345433449",
        "amenity": "fuel",
        "name": "Hindustan Pump"
      },
      "geometry": {
        "type": "Point",
        "coordinates": [
          76.6128682,
          9.3189905
        ]
      },
      "id": "node/8345433449"
    },
    {
      "type": "Feature",
      "properties": {
        "@id": "node/8347445590",
        "amenity": "fuel",
        "brand": "Bharat Petroleum",
        "name": "Bharat Petroleum"
      },
      "geometry": {
        "type": "Point",
        "coordinates": [
          76.6556185,
          9.2684477
        ]
      },
      "id": "node/8347445590"
    },
    {
      "type": "Feature",
      "properties": {
        "@id": "node/8353849250",
        "amenity": "fuel"
      },
      "geometry": {
        "type": "Point",
        "coordinates": [
          76.462949,
          9.3286586
        ]
      },
      "id": "node/8353849250"
    },
    {
      "type": "Feature",
      "properties": {
        "@id": "node/8356990686",
        "amenity": "fuel",
        "brand": "Bharat Petroleum",
        "brand:wikidata": "Q854826",
        "brand:wikipedia": "en:Bharat Petroleum",
        "name": "Bharat Petroleum"
      },
      "geometry": {
        "type": "Point",
        "coordinates": [
          76.5920291,
          9.2558023
        ]
      },
      "id": "node/8356990686"
    },
    {
      "type": "Feature",
      "properties": {
        "@id": "node/8357680564",
        "amenity": "fuel"
      },
      "geometry": {
        "type": "Point",
        "coordinates": [
          75.1175572,
          12.2579115
        ]
      },
      "id": "node/8357680564"
    },
    {
      "type": "Feature",
      "properties": {
        "@id": "node/8364606409",
        "amenity": "fuel",
        "name": "essar"
      },
      "geometry": {
        "type": "Point",
        "coordinates": [
          76.7527284,
          9.0771357
        ]
      },
      "id": "node/8364606409"
    },
    {
      "type": "Feature",
      "properties": {
        "@id": "node/8380112739",
        "amenity": "fuel",
        "brand": "Petrol Ofisi",
        "brand:wikidata": "Q1278087",
        "brand:wikipedia": "en:Petrol Ofisi",
        "name": "Petrol Ofisi",
        "operator": "petrol"
      },
      "geometry": {
        "type": "Point",
        "coordinates": [
          75.6898047,
          11.710332
        ]
      },
      "id": "node/8380112739"
    },
    {
      "type": "Feature",
      "properties": {
        "@id": "node/8387067106",
        "addr:street": "Dindigul-Theni-Kottarakara Highway",
        "amenity": "fuel",
        "name": "Bharath Petroleum",
        "name:ml": "ഭാരത് പെട്രോളിയം"
      },
      "geometry": {
        "type": "Point",
        "coordinates": [
          76.7822671,
          9.3638807
        ]
      },
      "id": "node/8387067106"
    },
    {
      "type": "Feature",
      "properties": {
        "@id": "node/8394134566",
        "amenity": "fuel",
        "name": "PONGANADU PETROL STATION"
      },
      "geometry": {
        "type": "Point",
        "coordinates": [
          76.8422483,
          8.7859679
        ]
      },
      "id": "node/8394134566"
    },
    {
      "type": "Feature",
      "properties": {
        "@id": "node/8396073232",
        "amenity": "fuel"
      },
      "geometry": {
        "type": "Point",
        "coordinates": [
          76.2103825,
          11.6262675
        ]
      },
      "id": "node/8396073232"
    },
    {
      "type": "Feature",
      "properties": {
        "@id": "node/8399066776",
        "addr:city": "KILIMAMOOR",
        "addr:postcode": "695601",
        "addr:street": "Old M C Road",
        "amenity": "fuel",
        "brand": "Indian Oil",
        "brand:wikidata": "Q1289348",
        "fuel:Petrol": "yes",
        "fuel:diesel": "yes",
        "name": "Yatra Fuels",
        "operator": "KSRTC",
        "self_service": "no"
      },
      "geometry": {
        "type": "Point",
        "coordinates": [
          76.8808565,
          8.7748866
        ]
      },
      "id": "node/8399066776"
    },
    {
      "type": "Feature",
      "properties": {
        "@id": "node/8401572912",
        "amenity": "fuel",
        "currency:INR": "yes",
        "payment:cash": "yes",
        "payment:contactless": "yes",
        "payment:debit_cards": "yes",
        "payment:electronic_purses": "yes",
        "payment:notes": "yes",
        "vending": "fuel"
      },
      "geometry": {
        "type": "Point",
        "coordinates": [
          76.588948,
          9.9852106
        ]
      },
      "id": "node/8401572912"
    },
    {
      "type": "Feature",
      "properties": {
        "@id": "node/8403998968",
        "addr:city": "Odayamchal",
        "addr:district": "Kasargod",
        "amenity": "fuel",
        "brand": "Bharat Petroleum",
        "brand:wikidata": "Q854826",
        "fuel:diesel": "yes",
        "fuel:octane_95": "yes",
        "fuel:octane_98": "yes",
        "name": "Bharat Petroleum",
        "operator": "A K Group",
        "payment:cash": "yes",
        "payment:contactless": "yes",
        "payment:credit_cards": "yes",
        "payment:debit_cards": "yes",
        "payment:google_pay": "yes",
        "self_service": "no"
      },
      "geometry": {
        "type": "Point",
        "coordinates": [
          75.203847,
          12.4016073
        ]
      },
      "id": "node/8403998968"
    },
    {
      "type": "Feature",
      "properties": {
        "@id": "node/8404003241",
        "addr:city": "Meppadi",
        "addr:postcode": "673577",
        "addr:street": "ooty road",
        "amenity": "fuel",
        "brand": "Hindustan Petroleum",
        "brand:wikidata": "Q1619375",
        "brand:wikipedia": "en:Hindustan Petroleum",
        "fuel:diesel": "yes",
        "fuel:petrol": "yes",
        "name": "HP  petrol pump",
        "official_name": "Hindustan Petroleum"
      },
      "geometry": {
        "type": "Point",
        "coordinates": [
          76.1381385,
          11.5543657
        ]
      },
      "id": "node/8404003241"
    },
    {
      "type": "Feature",
      "properties": {
        "@id": "node/8407018254",
        "amenity": "fuel",
        "brand": "Bharat Petroleum",
        "brand:wikidata": "Q854826",
        "brand:wikipedia": "en:Bharat Petroleum",
        "description": "open every day from 6:30AM-10:30PM",
        "name": "Bharat Petroleum"
      },
      "geometry": {
        "type": "Point",
        "coordinates": [
          76.7783012,
          9.0055036
        ]
      },
      "id": "node/8407018254"
    },
    {
      "type": "Feature",
      "properties": {
        "@id": "node/8407318673",
        "amenity": "fuel"
      },
      "geometry": {
        "type": "Point",
        "coordinates": [
          76.2439692,
          11.193952
        ]
      },
      "id": "node/8407318673"
    },
    {
      "type": "Feature",
      "properties": {
        "@id": "node/8411052271",
        "amenity": "fuel",
        "name": "IOCL"
      },
      "geometry": {
        "type": "Point",
        "coordinates": [
          76.4383186,
          9.7853227
        ]
      },
      "id": "node/8411052271"
    },
    {
      "type": "Feature",
      "properties": {
        "@id": "node/8412299551",
        "amenity": "fuel",
        "name": "Mannathamcheril fuels"
      },
      "geometry": {
        "type": "Point",
        "coordinates": [
          76.6591452,
          9.910768
        ]
      },
      "id": "node/8412299551"
    },
    {
      "type": "Feature",
      "properties": {
        "@id": "node/8412336631",
        "amenity": "fuel",
        "name": "Bharat Gas ( Meenamkunnel ) Agency"
      },
      "geometry": {
        "type": "Point",
        "coordinates": [
          76.6637342,
          9.910606
        ]
      },
      "id": "node/8412336631"
    },
    {
      "type": "Feature",
      "properties": {
        "@id": "node/8414873260",
        "amenity": "fuel",
        "brand": "Bharat Petroleum",
        "building": "yes",
        "building:use": "public",
        "name": "Bharat Petroleum"
      },
      "geometry": {
        "type": "Point",
        "coordinates": [
          77.1950021,
          8.4508514
        ]
      },
      "id": "node/8414873260"
    },
    {
      "type": "Feature",
      "properties": {
        "@id": "node/8421912691",
        "amenity": "fuel"
      },
      "geometry": {
        "type": "Point",
        "coordinates": [
          76.6832554,
          8.9048051
        ]
      },
      "id": "node/8421912691"
    },
    {
      "type": "Feature",
      "properties": {
        "@id": "node/8438839626",
        "amenity": "fuel",
        "name": "Petrol"
      },
      "geometry": {
        "type": "Point",
        "coordinates": [
          76.7910059,
          9.26786
        ]
      },
      "id": "node/8438839626"
    },
    {
      "type": "Feature",
      "properties": {
        "@id": "node/8438893265",
        "amenity": "fuel",
        "name": "Bharat gas station"
      },
      "geometry": {
        "type": "Point",
        "coordinates": [
          76.7920561,
          9.2725094
        ]
      },
      "id": "node/8438893265"
    },
    {
      "type": "Feature",
      "properties": {
        "@id": "node/8442114550",
        "amenity": "fuel",
        "name": "hindustan petro;iam"
      },
      "geometry": {
        "type": "Point",
        "coordinates": [
          76.5254042,
          9.4875671
        ]
      },
      "id": "node/8442114550"
    },
    {
      "type": "Feature",
      "properties": {
        "@id": "node/8442128937",
        "amenity": "fuel",
        "name": "vallalli hp"
      },
      "geometry": {
        "type": "Point",
        "coordinates": [
          76.6056768,
          9.6309583
        ]
      },
      "id": "node/8442128937"
    },
    {
      "type": "Feature",
      "properties": {
        "@id": "node/8477688509",
        "amenity": "fuel",
        "brand": "Indian Oil",
        "brand:wikidata": "Q1289348",
        "brand:wikipedia": "en:Indian Oil Corporation",
        "compressed_air": "yes",
        "name": "Indian Oil",
        "opening_hours": "Mo-Su,PH 06:00-22:00",
        "operator": "Indian Oil Corporation"
      },
      "geometry": {
        "type": "Point",
        "coordinates": [
          76.0742831,
          10.8934273
        ]
      },
      "id": "node/8477688509"
    },
    {
      "type": "Feature",
      "properties": {
        "@id": "node/8549494913",
        "amenity": "fuel",
        "name": "Hindustan Perol Pump"
      },
      "geometry": {
        "type": "Point",
        "coordinates": [
          75.7918403,
          11.2249755
        ]
      },
      "id": "node/8549494913"
    },
    {
      "type": "Feature",
      "properties": {
        "@id": "node/8556922338",
        "amenity": "fuel",
        "brand": "Indian Oil",
        "brand:wikidata": "Q1289348",
        "brand:wikipedia": "en:Indian Oil Corporation",
        "name": "Indian Oil"
      },
      "geometry": {
        "type": "Point",
        "coordinates": [
          75.910956,
          11.3087682
        ]
      },
      "id": "node/8556922338"
    },
    {
      "type": "Feature",
      "properties": {
        "@id": "node/8559260631",
        "amenity": "fuel",
        "brand": "Bharat Petroleum",
        "name": "Bharat Petroleum"
      },
      "geometry": {
        "type": "Point",
        "coordinates": [
          76.3387814,
          9.4903582
        ]
      },
      "id": "node/8559260631"
    },
    {
      "type": "Feature",
      "properties": {
        "@id": "node/8559546200",
        "amenity": "fuel",
        "fuel:diesel": "yes",
        "fuel:petrol": "yes",
        "name": "Pump"
      },
      "geometry": {
        "type": "Point",
        "coordinates": [
          76.328515,
          9.5031266
        ]
      },
      "id": "node/8559546200"
    },
    {
      "type": "Feature",
      "properties": {
        "@id": "node/8559560045",
        "amenity": "fuel"
      },
      "geometry": {
        "type": "Point",
        "coordinates": [
          76.3278683,
          9.5605229
        ]
      },
      "id": "node/8559560045"
    },
    {
      "type": "Feature",
      "properties": {
        "@id": "node/8559588482",
        "amenity": "fuel"
      },
      "geometry": {
        "type": "Point",
        "coordinates": [
          76.5371238,
          9.0091033
        ]
      },
      "id": "node/8559588482"
    },
    {
      "type": "Feature",
      "properties": {
        "@id": "node/8559588484",
        "amenity": "fuel"
      },
      "geometry": {
        "type": "Point",
        "coordinates": [
          76.5360865,
          9.0056892
        ]
      },
      "id": "node/8559588484"
    },
    {
      "type": "Feature",
      "properties": {
        "@id": "node/8559774969",
        "amenity": "fuel"
      },
      "geometry": {
        "type": "Point",
        "coordinates": [
          76.3533645,
          9.38809
        ]
      },
      "id": "node/8559774969"
    },
    {
      "type": "Feature",
      "properties": {
        "@id": "node/8562902876",
        "amenity": "fuel",
        "brand": "Bharat Petroleum",
        "brand:wikidata": "Q854826",
        "brand:wikipedia": "en:Bharat Petroleum",
        "name": "Bharat Petroleum"
      },
      "geometry": {
        "type": "Point",
        "coordinates": [
          76.3163264,
          9.7945375
        ]
      },
      "id": "node/8562902876"
    },
    {
      "type": "Feature",
      "properties": {
        "@id": "node/8563922595",
        "amenity": "fuel",
        "brand": "Hindustan Petroleum",
        "compressed_air": "yes",
        "name": "shanti fuels",
        "official_name": "Hindustan Petroleum"
      },
      "geometry": {
        "type": "Point",
        "coordinates": [
          76.4337564,
          9.2974065
        ]
      },
      "id": "node/8563922595"
    },
    {
      "type": "Feature",
      "properties": {
        "@id": "node/8566565669",
        "addr:city": "Thiruvananthapuram",
        "addr:postcode": "695525",
        "addr:street": "Kovalam - Poovar - Kaliyakkavilai Road",
        "amenity": "fuel",
        "fuel:diesel": "yes",
        "name": "Petrol Pump Poovar"
      },
      "geometry": {
        "type": "Point",
        "coordinates": [
          77.0731437,
          8.3197689
        ]
      },
      "id": "node/8566565669"
    },
    {
      "type": "Feature",
      "properties": {
        "@id": "node/8567498691",
        "amenity": "fuel",
        "name": "indian oil"
      },
      "geometry": {
        "type": "Point",
        "coordinates": [
          76.6157069,
          9.0427693
        ]
      },
      "id": "node/8567498691"
    },
    {
      "type": "Feature",
      "properties": {
        "@id": "node/8567498774",
        "amenity": "fuel"
      },
      "geometry": {
        "type": "Point",
        "coordinates": [
          76.62961,
          9.048592
        ]
      },
      "id": "node/8567498774"
    },
    {
      "type": "Feature",
      "properties": {
        "@id": "node/8567498912",
        "amenity": "fuel"
      },
      "geometry": {
        "type": "Point",
        "coordinates": [
          76.6386649,
          9.0887172
        ]
      },
      "id": "node/8567498912"
    },
    {
      "type": "Feature",
      "properties": {
        "@id": "node/8568428277",
        "amenity": "fuel",
        "name": "Hindustan Petroleum"
      },
      "geometry": {
        "type": "Point",
        "coordinates": [
          76.1949611,
          10.2336962
        ]
      },
      "id": "node/8568428277"
    },
    {
      "type": "Feature",
      "properties": {
        "@id": "node/8568549829",
        "amenity": "fuel",
        "name": "Indian Oil"
      },
      "geometry": {
        "type": "Point",
        "coordinates": [
          76.928401,
          8.5284386
        ]
      },
      "id": "node/8568549829"
    },
    {
      "type": "Feature",
      "properties": {
        "@id": "node/8570549895",
        "amenity": "fuel",
        "brand": "Indian Oil",
        "brand:wikidata": "Q1289348",
        "brand:wikipedia": "en:Indian Oil Corporation",
        "name": "Indian Oil"
      },
      "geometry": {
        "type": "Point",
        "coordinates": [
          76.9896037,
          8.5262349
        ]
      },
      "id": "node/8570549895"
    },
    {
      "type": "Feature",
      "properties": {
        "@id": "node/8572647723",
        "amenity": "fuel"
      },
      "geometry": {
        "type": "Point",
        "coordinates": [
          76.3598641,
          10.260917
        ]
      },
      "id": "node/8572647723"
    },
    {
      "type": "Feature",
      "properties": {
        "@id": "node/8573910972",
        "amenity": "fuel"
      },
      "geometry": {
        "type": "Point",
        "coordinates": [
          77.0615117,
          8.5067777
        ]
      },
      "id": "node/8573910972"
    },
    {
      "type": "Feature",
      "properties": {
        "@id": "node/8609420120",
        "amenity": "fuel"
      },
      "geometry": {
        "type": "Point",
        "coordinates": [
          76.9857507,
          8.6621125
        ]
      },
      "id": "node/8609420120"
    },
    {
      "type": "Feature",
      "properties": {
        "@id": "node/8671896731",
        "amenity": "fuel",
        "brand": "Indian Oil",
        "brand:wikidata": "Q1289348",
        "name": "Indian Oil"
      },
      "geometry": {
        "type": "Point",
        "coordinates": [
          76.3617943,
          10.2155757
        ]
      },
      "id": "node/8671896731"
    },
    {
      "type": "Feature",
      "properties": {
        "@id": "node/8672130018",
        "amenity": "fuel",
        "brand": "Hindustan Petroleum",
        "brand:wikidata": "Q1619375",
        "brand:wikipedia": "en:Hindustan Petroleum",
        "name": "HP",
        "official_name": "Hindustan Petroleum",
        "survey:date": "2021-04-11"
      },
      "geometry": {
        "type": "Point",
        "coordinates": [
          76.9288381,
          10.115774
        ]
      },
      "id": "node/8672130018"
    },
    {
      "type": "Feature",
      "properties": {
        "@id": "node/8677354517",
        "amenity": "fuel",
        "name": "Indian Oil Pump",
        "survey:date": "2021-04-29"
      },
      "geometry": {
        "type": "Point",
        "coordinates": [
          76.6207054,
          9.3854962
        ]
      },
      "id": "node/8677354517"
    },
    {
      "type": "Feature",
      "properties": {
        "@id": "node/8689617570",
        "addr:city": "Thachampara",
        "addr:housenumber": "NH966",
        "addr:postcode": "678593",
        "addr:street": "Thachampara",
        "amenity": "fuel",
        "brand": "Bharat Petroleum",
        "brand:wikidata": "Q854826",
        "brand:wikipedia": "en:Bharat Petroleum",
        "fuel:diesel": "yes",
        "fuel:gasoline": "yes",
        "name": "Bharat Petroleum",
        "operator": "Bharath Petroleum"
      },
      "geometry": {
        "type": "Point",
        "coordinates": [
          76.5053917,
          10.9625621
        ]
      },
      "id": "node/8689617570"
    },
    {
      "type": "Feature",
      "properties": {
        "@id": "node/8728408347",
        "amenity": "fuel",
        "name": "Rifa Petrol Station"
      },
      "geometry": {
        "type": "Point",
        "coordinates": [
          76.0645862,
          11.1887116
        ]
      },
      "id": "node/8728408347"
    },
    {
      "type": "Feature",
      "properties": {
        "@id": "node/8731247380",
        "amenity": "fuel",
        "name": "NAYARA"
      },
      "geometry": {
        "type": "Point",
        "coordinates": [
          76.0651707,
          11.1846975
        ]
      },
      "id": "node/8731247380"
    },
    {
      "type": "Feature",
      "properties": {
        "@id": "node/8736678664",
        "amenity": "fuel",
        "name": "Hassar Petrol Station"
      },
      "geometry": {
        "type": "Point",
        "coordinates": [
          76.025492,
          10.6388974
        ]
      },
      "id": "node/8736678664"
    },
    {
      "type": "Feature",
      "properties": {
        "@id": "node/8736678668",
        "amenity": "fuel",
        "name": "Essar Petrol Pump"
      },
      "geometry": {
        "type": "Point",
        "coordinates": [
          76.0266327,
          10.6389623
        ]
      },
      "id": "node/8736678668"
    },
    {
      "type": "Feature",
      "properties": {
        "@id": "node/8736838243",
        "amenity": "fuel",
        "name": "ESSAR PETROL PUMP"
      },
      "geometry": {
        "type": "Point",
        "coordinates": [
          76.7637545,
          8.8117151
        ]
      },
      "id": "node/8736838243"
    },
    {
      "type": "Feature",
      "properties": {
        "@id": "node/8750098274",
        "amenity": "fuel",
        "brand": "Bharat Petroleum",
        "brand:wikidata": "Q854826",
        "brand:wikipedia": "en:Bharat Petroleum",
        "name": "Bharat Petroleum"
      },
      "geometry": {
        "type": "Point",
        "coordinates": [
          76.0544868,
          11.2302363
        ]
      },
      "id": "node/8750098274"
    },
    {
      "type": "Feature",
      "properties": {
        "@id": "node/8750105288",
        "amenity": "fuel",
        "brand": "Hindustan Petroleum",
        "brand:wikidata": "Q1619375",
        "brand:wikipedia": "en:Hindustan Petroleum",
        "name": "VPM PETROLIUM",
        "official_name": "Hindustan Petroleum"
      },
      "geometry": {
        "type": "Point",
        "coordinates": [
          76.054098,
          11.2306357
        ]
      },
      "id": "node/8750105288"
    },
    {
      "type": "Feature",
      "properties": {
        "@id": "node/8759710019",
        "amenity": "fuel",
        "name": "Kallanki Fuels",
        "survey:date": "2021-05-24"
      },
      "geometry": {
        "type": "Point",
        "coordinates": [
          75.8317811,
          11.4248869
        ]
      },
      "id": "node/8759710019"
    },
    {
      "type": "Feature",
      "properties": {
        "@id": "node/8764493318",
        "amenity": "fuel",
        "name": "Petrol pump kalpathur",
        "survey:date": "2021-05-25"
      },
      "geometry": {
        "type": "Point",
        "coordinates": [
          75.7359524,
          11.5359302
        ]
      },
      "id": "node/8764493318"
    },
    {
      "type": "Feature",
      "properties": {
        "@id": "node/8766657625",
        "amenity": "fuel",
        "brand": "Hindustan Petroleum",
        "brand:wikidata": "Q1619375",
        "brand:wikipedia": "en:Hindustan Petroleum",
        "name": "HP",
        "official_name": "Hindustan Petroleum"
      },
      "geometry": {
        "type": "Point",
        "coordinates": [
          75.3603731,
          12.1744683
        ]
      },
      "id": "node/8766657625"
    },
    {
      "type": "Feature",
      "properties": {
        "@id": "node/8769064453",
        "addr:city": "Payyannur",
        "addr:postcode": "670307",
        "amenity": "fuel"
      },
      "geometry": {
        "type": "Point",
        "coordinates": [
          75.2170867,
          12.1093234
        ]
      },
      "id": "node/8769064453"
    },
    {
      "type": "Feature",
      "properties": {
        "@id": "node/8769283237",
        "amenity": "fuel",
        "name": "Petrol pump perumbadavu"
      },
      "geometry": {
        "type": "Point",
        "coordinates": [
          75.3878457,
          12.1683221
        ]
      },
      "id": "node/8769283237"
    },
    {
      "type": "Feature",
      "properties": {
        "@id": "node/8773114887",
        "amenity": "fuel",
        "name": "padanna petrol pump"
      },
      "geometry": {
        "type": "Point",
        "coordinates": [
          75.1491415,
          12.1724293
        ]
      },
      "id": "node/8773114887"
    },
    {
      "type": "Feature",
      "properties": {
        "@id": "node/8773337655",
        "amenity": "fuel"
      },
      "geometry": {
        "type": "Point",
        "coordinates": [
          76.1690327,
          11.7916659
        ]
      },
      "id": "node/8773337655"
    },
    {
      "type": "Feature",
      "properties": {
        "@id": "node/8774310238",
        "addr:city": "Malakkallu",
        "addr:district": "Kasaragod",
        "amenity": "fuel",
        "brand": "Indian Oil",
        "brand:wikidata": "Q1289348",
        "name": "Malakkallu Petrol Pump",
        "self_service": "no"
      },
      "geometry": {
        "type": "Point",
        "coordinates": [
          75.270198,
          12.4406627
        ]
      },
      "id": "node/8774310238"
    },
    {
      "type": "Feature",
      "properties": {
        "@id": "node/8777993565",
        "amenity": "fuel",
        "brand": "Indian Oil",
        "brand:wikidata": "Q1289348",
        "brand:wikipedia": "en:Indian Oil Corporation",
        "name": "Indian Oil"
      },
      "geometry": {
        "type": "Point",
        "coordinates": [
          76.3442056,
          10.8309804
        ]
      },
      "id": "node/8777993565"
    },
    {
      "type": "Feature",
      "properties": {
        "@id": "node/8779229117",
        "amenity": "fuel",
        "fuel:diesel": "yes",
        "fuel:petrol": "yes",
        "opening_hours": "09:00-12:00",
        "survey:date": "2021-05-29"
      },
      "geometry": {
        "type": "Point",
        "coordinates": [
          75.8812117,
          11.5073364
        ]
      },
      "id": "node/8779229117"
    },
    {
      "type": "Feature",
      "properties": {
        "@id": "node/8779281417",
        "amenity": "fuel",
        "brand": "Hindustan Petroleum",
        "brand:wikidata": "Q1619375",
        "brand:wikipedia": "en:Hindustan Petroleum",
        "name": "HP",
        "official_name": "Hindustan Petroleum",
        "operator": "Palmcor Petroleum",
        "self_service": "no",
        "survey:date": "2021-05-29"
      },
      "geometry": {
        "type": "Point",
        "coordinates": [
          75.7694754,
          11.3287895
        ]
      },
      "id": "node/8779281417"
    },
    {
      "type": "Feature",
      "properties": {
        "@id": "node/8784214493",
        "amenity": "fuel",
        "name": "Nayara energy petrol pump"
      },
      "geometry": {
        "type": "Point",
        "coordinates": [
          75.375331,
          12.2484372
        ]
      },
      "id": "node/8784214493"
    },
    {
      "type": "Feature",
      "properties": {
        "@id": "node/8784535317",
        "amenity": "fuel",
        "name": "Thalayad petrol bunk",
        "survey:date": "2021-05-31"
      },
      "geometry": {
        "type": "Point",
        "coordinates": [
          75.8924995,
          11.5044922
        ]
      },
      "id": "node/8784535317"
    },
    {
      "type": "Feature",
      "properties": {
        "@id": "node/8786562062",
        "amenity": "fuel",
        "brand": "Bharat Petroleum",
        "brand:wikidata": "Q854826",
        "brand:wikipedia": "en:Bharat Petroleum",
        "name": "Bharat Petroleum"
      },
      "geometry": {
        "type": "Point",
        "coordinates": [
          75.7705009,
          11.4537595
        ]
      },
      "id": "node/8786562062"
    },
    {
      "type": "Feature",
      "properties": {
        "@id": "node/8787966388",
        "amenity": "fuel",
        "name": "Assosiated oil agencies"
      },
      "geometry": {
        "type": "Point",
        "coordinates": [
          75.2162969,
          12.1086939
        ]
      },
      "id": "node/8787966388"
    },
    {
      "type": "Feature",
      "properties": {
        "@id": "node/8794911448",
        "amenity": "fuel"
      },
      "geometry": {
        "type": "Point",
        "coordinates": [
          75.6862564,
          12.0003389
        ]
      },
      "id": "node/8794911448"
    },
    {
      "type": "Feature",
      "properties": {
        "@id": "node/8808456519",
        "amenity": "fuel",
        "brand": "Hindustan Petroleum",
        "brand:wikidata": "Q1619375",
        "brand:wikipedia": "en:Hindustan Petroleum",
        "name": "HP",
        "official_name": "Hindustan Petroleum"
      },
      "geometry": {
        "type": "Point",
        "coordinates": [
          75.2811712,
          12.1031609
        ]
      },
      "id": "node/8808456519"
    },
    {
      "type": "Feature",
      "properties": {
        "@id": "node/8813555976",
        "addr:street": "Nedumbal",
        "amenity": "fuel",
        "name": "Ayyanchira Fuel Station"
      },
      "geometry": {
        "type": "Point",
        "coordinates": [
          76.2357525,
          10.3840905
        ]
      },
      "id": "node/8813555976"
    },
    {
      "type": "Feature",
      "properties": {
        "@id": "node/8829331222",
        "amenity": "fuel",
        "brand": "Indian Oil",
        "brand:wikidata": "Q1289348",
        "brand:wikipedia": "en:Indian Oil Corporation",
        "name": "Kuttichira Petrol Pump(Indian Oil)"
      },
      "geometry": {
        "type": "Point",
        "coordinates": [
          76.4202308,
          10.3330711
        ]
      },
      "id": "node/8829331222"
    },
    {
      "type": "Feature",
      "properties": {
        "@id": "node/8835683544",
        "amenity": "fuel",
        "name": "Essar Pump"
      },
      "geometry": {
        "type": "Point",
        "coordinates": [
          76.6443435,
          8.9313077
        ]
      },
      "id": "node/8835683544"
    },
    {
      "type": "Feature",
      "properties": {
        "@id": "node/8836224390",
        "amenity": "fuel",
        "brand": "Indian Oil Petrol Pump",
        "brand:wikidata": "Q1289348",
        "brand:wikipedia": "en:Indian Oil Corporation",
        "name": "Indian Oil Petrol Pump-Jojo Fuels"
      },
      "geometry": {
        "type": "Point",
        "coordinates": [
          76.642072,
          9.2324822
        ]
      },
      "id": "node/8836224390"
    },
    {
      "type": "Feature",
      "properties": {
        "@id": "node/8836744885",
        "addr:city": "Koratty",
        "addr:postcode": "680309",
        "addr:street": "Salem-Kochi-Kanyakumari Highway",
        "amenity": "fuel",
        "brand": "ESSAR",
        "name": "Essar Petrol Pump",
        "operator": "ESSAR"
      },
      "geometry": {
        "type": "Point",
        "coordinates": [
          76.3459185,
          10.2755373
        ]
      },
      "id": "node/8836744885"
    },
    {
      "type": "Feature",
      "properties": {
        "@id": "node/8841071665",
        "amenity": "fuel",
        "name": "Nayara Petrol Pump(ESSAR)"
      },
      "geometry": {
        "type": "Point",
        "coordinates": [
          76.4271482,
          10.2532319
        ]
      },
      "id": "node/8841071665"
    },
    {
      "type": "Feature",
      "properties": {
        "@id": "node/8841679443",
        "amenity": "fuel",
        "brand": "Indian Oil Corporation",
        "name": "Zayan Fuels, Indian Oil Corperation"
      },
      "geometry": {
        "type": "Point",
        "coordinates": [
          76.4556533,
          9.2355251
        ]
      },
      "id": "node/8841679443"
    },
    {
      "type": "Feature",
      "properties": {
        "@id": "node/8842053109",
        "amenity": "fuel",
        "brand": "Indian oil"
      },
      "geometry": {
        "type": "Point",
        "coordinates": [
          76.6968077,
          10.6203136
        ]
      },
      "id": "node/8842053109"
    },
    {
      "type": "Feature",
      "properties": {
        "@id": "node/8846486366",
        "addr:postcode": "678501",
        "addr:street": "Koduvayur-Nenmara Road",
        "amenity": "fuel",
        "brand": "Indian Oil",
        "brand:wikidata": "Q1289348",
        "brand:wikipedia": "en:Indian Oil Corporation",
        "name": "Indian Oil"
      },
      "geometry": {
        "type": "Point",
        "coordinates": [
          76.6518121,
          10.682685
        ]
      },
      "id": "node/8846486366"
    },
    {
      "type": "Feature",
      "properties": {
        "@id": "node/8848112766",
        "amenity": "fuel",
        "name": "Petrol Bunk"
      },
      "geometry": {
        "type": "Point",
        "coordinates": [
          75.3524551,
          11.9214614
        ]
      },
      "id": "node/8848112766"
    },
    {
      "type": "Feature",
      "properties": {
        "@id": "node/8848637153",
        "amenity": "fuel"
      },
      "geometry": {
        "type": "Point",
        "coordinates": [
          75.1642028,
          12.5515882
        ]
      },
      "id": "node/8848637153"
    },
    {
      "type": "Feature",
      "properties": {
        "@id": "node/8848637166",
        "amenity": "fuel"
      },
      "geometry": {
        "type": "Point",
        "coordinates": [
          75.160786,
          12.5431748
        ]
      },
      "id": "node/8848637166"
    },
    {
      "type": "Feature",
      "properties": {
        "@id": "node/8848911133",
        "amenity": "fuel",
        "brand": "Hindustan Petroleum",
        "brand:wikidata": "Q1619375",
        "name": "Elegant Fuels",
        "official_name": "Hindustan Petroleum"
      },
      "geometry": {
        "type": "Point",
        "coordinates": [
          76.1734776,
          10.5107787
        ]
      },
      "id": "node/8848911133"
    },
    {
      "type": "Feature",
      "properties": {
        "@id": "node/8850984679",
        "amenity": "fuel"
      },
      "geometry": {
        "type": "Point",
        "coordinates": [
          76.53057,
          9.5889399
        ]
      },
      "id": "node/8850984679"
    },
    {
      "type": "Feature",
      "properties": {
        "@id": "node/8850984693",
        "amenity": "fuel"
      },
      "geometry": {
        "type": "Point",
        "coordinates": [
          76.530516,
          9.5890457
        ]
      },
      "id": "node/8850984693"
    },
    {
      "type": "Feature",
      "properties": {
        "@id": "node/8858960436",
        "amenity": "fuel",
        "brand": "Indian Oil",
        "brand:wikidata": "Q1289348",
        "brand:wikipedia": "en:Indian Oil Corporation",
        "name": "Indian Oil Petrol Pump"
      },
      "geometry": {
        "type": "Point",
        "coordinates": [
          76.0767986,
          10.4773228
        ]
      },
      "id": "node/8858960436"
    },
    {
      "type": "Feature",
      "properties": {
        "@id": "node/8860354252",
        "amenity": "fuel"
      },
      "geometry": {
        "type": "Point",
        "coordinates": [
          76.9596618,
          8.5477825
        ]
      },
      "id": "node/8860354252"
    },
    {
      "type": "Feature",
      "properties": {
        "@id": "node/8861868001",
        "amenity": "fuel"
      },
      "geometry": {
        "type": "Point",
        "coordinates": [
          76.1420093,
          10.3282288
        ]
      },
      "id": "node/8861868001"
    },
    {
      "type": "Feature",
      "properties": {
        "@id": "node/8861868002",
        "amenity": "fuel"
      },
      "geometry": {
        "type": "Point",
        "coordinates": [
          76.141806,
          10.3281368
        ]
      },
      "id": "node/8861868002"
    },
    {
      "type": "Feature",
      "properties": {
        "@id": "node/8861868003",
        "amenity": "fuel"
      },
      "geometry": {
        "type": "Point",
        "coordinates": [
          76.141863,
          10.3280228
        ]
      },
      "id": "node/8861868003"
    },
    {
      "type": "Feature",
      "properties": {
        "@id": "node/8861868004",
        "amenity": "fuel"
      },
      "geometry": {
        "type": "Point",
        "coordinates": [
          76.1420784,
          10.3281128
        ]
      },
      "id": "node/8861868004"
    },
    {
      "type": "Feature",
      "properties": {
        "@id": "node/8862042158",
        "amenity": "fuel",
        "brand": "Indian oil",
        "name": "KSRTC pump"
      },
      "geometry": {
        "type": "Point",
        "coordinates": [
          76.7224239,
          8.8570841
        ]
      },
      "id": "node/8862042158"
    },
    {
      "type": "Feature",
      "properties": {
        "@id": "node/8863591978",
        "amenity": "fuel",
        "brand": "Bharat Petroleum",
        "brand:wikidata": "Q854826",
        "brand:wikipedia": "en:Bharat Petroleum",
        "name": "Bharat Petroleum",
        "operator": "Diamond Fuels"
      },
      "geometry": {
        "type": "Point",
        "coordinates": [
          76.4746098,
          10.0979083
        ]
      },
      "id": "node/8863591978"
    },
    {
      "type": "Feature",
      "properties": {
        "@id": "node/8863710393",
        "addr:city": "Ambuja Nagar, Pallatheri",
        "addr:postcode": "678007",
        "addr:street": "Palakkad - Pollachi Road",
        "amenity": "fuel",
        "name": "Fuel Station HP Pumb"
      },
      "geometry": {
        "type": "Point",
        "coordinates": [
          76.7033987,
          10.7601211
        ]
      },
      "id": "node/8863710393"
    },
    {
      "type": "Feature",
      "properties": {
        "@id": "node/8866092560",
        "amenity": "fuel",
        "brand": "Indian Oil",
        "brand:wikidata": "Q1289348",
        "brand:wikipedia": "en:Indian Oil Corporation",
        "name": "Indian Oil"
      },
      "geometry": {
        "type": "Point",
        "coordinates": [
          76.6870938,
          10.6862584
        ]
      },
      "id": "node/8866092560"
    },
    {
      "type": "Feature",
      "properties": {
        "@id": "node/8867638451",
        "amenity": "fuel",
        "brand": "Bharat Petroleum",
        "brand:wikidata": "Q854826",
        "brand:wikipedia": "en:Bharat Petroleum",
        "name": "Bharat Petroleum"
      },
      "geometry": {
        "type": "Point",
        "coordinates": [
          76.2612631,
          9.9370537
        ]
      },
      "id": "node/8867638451"
    },
    {
      "type": "Feature",
      "properties": {
        "@id": "node/8868019017",
        "amenity": "fuel",
        "brand": "Hindustan Petroleum",
        "brand:wikidata": "Q1619375",
        "brand:wikipedia": "en:Hindustan Petroleum",
        "fuel:diesel": "yes",
        "fuel:petrol": "yes",
        "name": "HP",
        "official_name": "Hindustan Petroleum",
        "opening_hours": "Mo 09:00-23:59",
        "self_service": "no",
        "survey:date": "2021-06-26"
      },
      "geometry": {
        "type": "Point",
        "coordinates": [
          76.8259738,
          10.7825954
        ]
      },
      "id": "node/8868019017"
    },
    {
      "type": "Feature",
      "properties": {
        "@id": "node/8868091389",
        "amenity": "fuel",
        "brand": "Gulf",
        "brand:wikidata": "Q5617505",
        "brand:wikipedia": "en:Gulf Oil LP",
        "name": "Gulf Spares & Lubes"
      },
      "geometry": {
        "type": "Point",
        "coordinates": [
          76.9565833,
          8.4839572
        ]
      },
      "id": "node/8868091389"
    },
    {
      "type": "Feature",
      "properties": {
        "@id": "node/8869105307",
        "addr:city": "Padinjarangadi",
        "amenity": "fuel",
        "brand": "Indian Oil",
        "brand:wikidata": "Q1289348",
        "brand:wikipedia": "en:Indian Oil Corporation",
        "fuel:diesel": "yes",
        "fuel:petrol": "yes",
        "name": "Indian Oil"
      },
      "geometry": {
        "type": "Point",
        "coordinates": [
          76.0646744,
          10.786987
        ]
      },
      "id": "node/8869105307"
    },
    {
      "type": "Feature",
      "properties": {
        "@id": "node/8869314731",
        "amenity": "fuel",
        "name": "Nayara Petrol Pump"
      },
      "geometry": {
        "type": "Point",
        "coordinates": [
          76.5687181,
          10.7453365
        ]
      },
      "id": "node/8869314731"
    },
    {
      "type": "Feature",
      "properties": {
        "@id": "node/8869370805",
        "addr:street": "Munnar - Kumily Roads",
        "amenity": "fuel",
        "brand": "Petrom",
        "brand:wikidata": "Q1755034",
        "brand:wikipedia": "en:Petrom",
        "name": "Indian Oil Petrol Pump"
      },
      "geometry": {
        "type": "Point",
        "coordinates": [
          77.1650974,
          9.6093218
        ]
      },
      "id": "node/8869370805"
    },
    {
      "type": "Feature",
      "properties": {
        "@id": "node/8869755753",
        "amenity": "fuel",
        "brand": "Indian Oil Petrol Pump",
        "brand:wikidata": "Q1289348",
        "fuel:diesel": "yes",
        "fuel:petrol": "yes",
        "name": "Indian Oil Petrol Pump"
      },
      "geometry": {
        "type": "Point",
        "coordinates": [
          77.0180606,
          9.9445148
        ]
      },
      "id": "node/8869755753"
    },
    {
      "type": "Feature",
      "properties": {
        "@id": "node/8872707513",
        "amenity": "fuel"
      },
      "geometry": {
        "type": "Point",
        "coordinates": [
          76.914063,
          8.8246607
        ]
      },
      "id": "node/8872707513"
    },
    {
      "type": "Feature",
      "properties": {
        "@id": "node/8872707514",
        "amenity": "fuel"
      },
      "geometry": {
        "type": "Point",
        "coordinates": [
          76.9141489,
          8.8246051
        ]
      },
      "id": "node/8872707514"
    },
    {
      "type": "Feature",
      "properties": {
        "@id": "node/8872707515",
        "amenity": "fuel"
      },
      "geometry": {
        "type": "Point",
        "coordinates": [
          76.9141328,
          8.8245468
        ]
      },
      "id": "node/8872707515"
    },
    {
      "type": "Feature",
      "properties": {
        "@id": "node/8872707516",
        "amenity": "fuel"
      },
      "geometry": {
        "type": "Point",
        "coordinates": [
          76.9141596,
          8.8245282
        ]
      },
      "id": "node/8872707516"
    },
    {
      "type": "Feature",
      "properties": {
        "@id": "node/8872739817",
        "amenity": "fuel"
      },
      "geometry": {
        "type": "Point",
        "coordinates": [
          76.9141247,
          8.8244699
        ]
      },
      "id": "node/8872739817"
    },
    {
      "type": "Feature",
      "properties": {
        "@id": "node/8872739818",
        "amenity": "fuel"
      },
      "geometry": {
        "type": "Point",
        "coordinates": [
          76.9139665,
          8.8245362
        ]
      },
      "id": "node/8872739818"
    },
    {
      "type": "Feature",
      "properties": {
        "@id": "node/8872739819",
        "amenity": "fuel"
      },
      "geometry": {
        "type": "Point",
        "coordinates": [
          76.9139933,
          8.8245945
        ]
      },
      "id": "node/8872739819"
    },
    {
      "type": "Feature",
      "properties": {
        "@id": "node/8872739820",
        "amenity": "fuel"
      },
      "geometry": {
        "type": "Point",
        "coordinates": [
          76.9140443,
          8.8245971
        ]
      },
      "id": "node/8872739820"
    },
    {
      "type": "Feature",
      "properties": {
        "@id": "node/8872766144",
        "amenity": "fuel"
      },
      "geometry": {
        "type": "Point",
        "coordinates": [
          76.9325317,
          8.8270573
        ]
      },
      "id": "node/8872766144"
    },
    {
      "type": "Feature",
      "properties": {
        "@id": "node/8872766145",
        "amenity": "fuel"
      },
      "geometry": {
        "type": "Point",
        "coordinates": [
          76.9324829,
          8.8269207
        ]
      },
      "id": "node/8872766145"
    },
    {
      "type": "Feature",
      "properties": {
        "@id": "node/8872766146",
        "amenity": "fuel"
      },
      "geometry": {
        "type": "Point",
        "coordinates": [
          76.9326171,
          8.8268645
        ]
      },
      "id": "node/8872766146"
    },
    {
      "type": "Feature",
      "properties": {
        "@id": "node/8872766147",
        "amenity": "fuel"
      },
      "geometry": {
        "type": "Point",
        "coordinates": [
          76.9326618,
          8.826989
        ]
      },
      "id": "node/8872766147"
    },
    {
      "type": "Feature",
      "properties": {
        "@id": "node/8875379043",
        "amenity": "fuel",
        "brand": "Indian Oil",
        "brand:wikidata": "Q1289348",
        "brand:wikipedia": "en:Indian Oil Corporation",
        "name": "Indian Oil"
      },
      "geometry": {
        "type": "Point",
        "coordinates": [
          76.4752579,
          10.1039863
        ]
      },
      "id": "node/8875379043"
    },
    {
      "type": "Feature",
      "properties": {
        "@id": "node/8880260726",
        "amenity": "fuel",
        "brand": "Indian Oil",
        "brand:wikidata": "Q1289348",
        "brand:wikipedia": "en:Indian Oil Corporation",
        "fuel:diesel": "yes",
        "fuel:petrol": "yes",
        "name": "Kanjikode Fuels",
        "opening_hours": "24/7",
        "self_service": "no",
        "survey:date": "2021-06-30"
      },
      "geometry": {
        "type": "Point",
        "coordinates": [
          76.7610447,
          10.7984367
        ]
      },
      "id": "node/8880260726"
    },
    {
      "type": "Feature",
      "properties": {
        "@id": "node/8880846557",
        "addr:city": "Achankavala",
        "addr:postcode": "686670",
        "addr:street": "Main Eastern Highway",
        "amenity": "fuel",
        "brand": "Bharat petroleum",
        "fuel:diesel": "yes",
        "fuel:petrol": "yes"
      },
      "geometry": {
        "type": "Point",
        "coordinates": [
          76.692661,
          9.9148764
        ]
      },
      "id": "node/8880846557"
    },
    {
      "type": "Feature",
      "properties": {
        "@id": "node/8889637976",
        "addr:city": "Trivandrum",
        "addr:postcode": "695121",
        "addr:street": "Neyyattinkara",
        "amenity": "fuel",
        "brand": "IOC",
        "fuel:diesel": "yes",
        "name": "Kerala State Road Transport Petrol Pump",
        "operator": "Government",
        "self_service": "no"
      },
      "geometry": {
        "type": "Point",
        "coordinates": [
          77.0880423,
          8.3968738
        ]
      },
      "id": "node/8889637976"
    },
    {
      "type": "Feature",
      "properties": {
        "@id": "node/8889984119",
        "amenity": "fuel",
        "brand": "Indian Oil",
        "brand:wikidata": "Q1289348",
        "name": "Indian Oil Palco Fuels",
        "survey:date": "2021-07-03"
      },
      "geometry": {
        "type": "Point",
        "coordinates": [
          76.9576754,
          10.0086754
        ]
      },
      "id": "node/8889984119"
    },
    {
      "type": "Feature",
      "properties": {
        "@id": "node/8890564219",
        "amenity": "fuel",
        "name": "Essar petrolium",
        "survey:date": "2021-07-03"
      },
      "geometry": {
        "type": "Point",
        "coordinates": [
          76.0385073,
          10.7326121
        ]
      },
      "id": "node/8890564219"
    },
    {
      "type": "Feature",
      "properties": {
        "@id": "node/8890571517",
        "amenity": "fuel",
        "name": "Relience petrolium",
        "survey:date": "2021-07-03"
      },
      "geometry": {
        "type": "Point",
        "coordinates": [
          76.0440767,
          10.7326148
        ]
      },
      "id": "node/8890571517"
    },
    {
      "type": "Feature",
      "properties": {
        "@id": "node/8892299253",
        "amenity": "fuel",
        "brand": "Phoenix",
        "brand:wikidata": "Q7186949",
        "brand:wikipedia": "en:Phoenix Petroleum",
        "name": "Phoenix"
      },
      "geometry": {
        "type": "Point",
        "coordinates": [
          77.102536,
          9.7687186
        ]
      },
      "id": "node/8892299253"
    },
    {
      "type": "Feature",
      "properties": {
        "@id": "node/8892425975",
        "amenity": "fuel"
      },
      "geometry": {
        "type": "Point",
        "coordinates": [
          76.7627342,
          9.7842532
        ]
      },
      "id": "node/8892425975"
    },
    {
      "type": "Feature",
      "properties": {
        "@id": "node/8892425976",
        "amenity": "fuel"
      },
      "geometry": {
        "type": "Point",
        "coordinates": [
          76.7628291,
          9.7841569
        ]
      },
      "id": "node/8892425976"
    },
    {
      "type": "Feature",
      "properties": {
        "@id": "node/8892425977",
        "amenity": "fuel"
      },
      "geometry": {
        "type": "Point",
        "coordinates": [
          76.7629214,
          9.7843147
        ]
      },
      "id": "node/8892425977"
    },
    {
      "type": "Feature",
      "properties": {
        "@id": "node/8892425978",
        "amenity": "fuel"
      },
      "geometry": {
        "type": "Point",
        "coordinates": [
          76.7628346,
          9.7843495
        ]
      },
      "id": "node/8892425978"
    },
    {
      "type": "Feature",
      "properties": {
        "@id": "node/8892706583",
        "amenity": "fuel"
      },
      "geometry": {
        "type": "Point",
        "coordinates": [
          77.0761462,
          8.467391
        ]
      },
      "id": "node/8892706583"
    },
    {
      "type": "Feature",
      "properties": {
        "@id": "node/8892706584",
        "amenity": "fuel"
      },
      "geometry": {
        "type": "Point",
        "coordinates": [
          77.0764043,
          8.4672904
        ]
      },
      "id": "node/8892706584"
    },
    {
      "type": "Feature",
      "properties": {
        "@id": "node/8892706585",
        "amenity": "fuel"
      },
      "geometry": {
        "type": "Point",
        "coordinates": [
          77.0762742,
          8.4669446
        ]
      },
      "id": "node/8892706585"
    },
    {
      "type": "Feature",
      "properties": {
        "@id": "node/8892706586",
        "amenity": "fuel"
      },
      "geometry": {
        "type": "Point",
        "coordinates": [
          77.0760262,
          8.4670331
        ]
      },
      "id": "node/8892706586"
    },
    {
      "type": "Feature",
      "properties": {
        "@id": "node/8894174319",
        "amenity": "fuel",
        "name": "Hp petrol pump",
        "survey:date": "2021-07-06"
      },
      "geometry": {
        "type": "Point",
        "coordinates": [
          76.7072381,
          10.052458
        ]
      },
      "id": "node/8894174319"
    },
    {
      "type": "Feature",
      "properties": {
        "@id": "node/8895591026",
        "amenity": "fuel",
        "brand": "Indian Oil",
        "brand:wikidata": "Q1289348",
        "brand:wikipedia": "en:Indian Oil Corporation",
        "name": "Indian Oil"
      },
      "geometry": {
        "type": "Point",
        "coordinates": [
          76.4715242,
          10.2940946
        ]
      },
      "id": "node/8895591026"
    },
    {
      "type": "Feature",
      "properties": {
        "@id": "node/8898504022",
        "amenity": "fuel",
        "fuel:diesel": "yes",
        "fuel:petrol": "yes",
        "survey:date": "2021-07-06"
      },
      "geometry": {
        "type": "Point",
        "coordinates": [
          76.7762669,
          9.9231737
        ]
      },
      "id": "node/8898504022"
    },
    {
      "type": "Feature",
      "properties": {
        "@id": "node/8900402035",
        "amenity": "fuel",
        "brand": "Indian Oil",
        "brand:wikidata": "Q1289348",
        "brand:wikipedia": "en:Indian Oil Corporation",
        "name": "Indian Oil petrol pump"
      },
      "geometry": {
        "type": "Point",
        "coordinates": [
          76.267866,
          10.0869049
        ]
      },
      "id": "node/8900402035"
    },
    {
      "type": "Feature",
      "properties": {
        "@id": "node/8901224441",
        "addr:housenumber": "9744616900",
        "addr:postcode": "683577",
        "addr:street": "Mookkannoor",
        "amenity": "fuel",
        "brand": "Hindustan Petroleum",
        "fuel:diesel": "yes",
        "fuel:petrol": "yes",
        "name": "MG Fuel Point, Mookkannoor"
      },
      "geometry": {
        "type": "Point",
        "coordinates": [
          76.4087577,
          10.2169759
        ]
      },
      "id": "node/8901224441"
    },
    {
      "type": "Feature",
      "properties": {
        "@id": "node/8907674291",
        "amenity": "fuel"
      },
      "geometry": {
        "type": "Point",
        "coordinates": [
          76.0887377,
          11.6297347
        ]
      },
      "id": "node/8907674291"
    },
    {
      "type": "Feature",
      "properties": {
        "@id": "node/8912030304",
        "amenity": "fuel",
        "compressed_air": "yes",
        "name": "NGO Quaters petrolpumb"
      },
      "geometry": {
        "type": "Point",
        "coordinates": [
          75.8152153,
          11.2916385
        ]
      },
      "id": "node/8912030304"
    },
    {
      "type": "Feature",
      "properties": {
        "@id": "node/8935767920",
        "amenity": "fuel",
        "brand": "Hindustan Petroleum",
        "brand:wikidata": "Q1619375",
        "brand:wikipedia": "en:Hindustan Petroleum",
        "name": "HP",
        "official_name": "Hindustan Petroleum"
      },
      "geometry": {
        "type": "Point",
        "coordinates": [
          77.1081271,
          9.6342252
        ]
      },
      "id": "node/8935767920"
    },
    {
      "type": "Feature",
      "properties": {
        "@id": "node/8936315098",
        "amenity": "fuel"
      },
      "geometry": {
        "type": "Point",
        "coordinates": [
          76.4657663,
          10.1831826
        ]
      },
      "id": "node/8936315098"
    },
    {
      "type": "Feature",
      "properties": {
        "@id": "node/8937344612",
        "amenity": "fuel"
      },
      "geometry": {
        "type": "Point",
        "coordinates": [
          76.606044,
          9.9722882
        ]
      },
      "id": "node/8937344612"
    },
    {
      "type": "Feature",
      "properties": {
        "@id": "node/8937357256",
        "amenity": "fuel",
        "name": "Nayara"
      },
      "geometry": {
        "type": "Point",
        "coordinates": [
          76.6987399,
          9.7426546
        ]
      },
      "id": "node/8937357256"
    },
    {
      "type": "Feature",
      "properties": {
        "@id": "node/8937393638",
        "amenity": "fuel",
        "name": "essar"
      },
      "geometry": {
        "type": "Point",
        "coordinates": [
          76.7626848,
          9.7843803
        ]
      },
      "id": "node/8937393638"
    },
    {
      "type": "Feature",
      "properties": {
        "@id": "node/8937394849",
        "amenity": "fuel",
        "name": "B&B Fuels"
      },
      "geometry": {
        "type": "Point",
        "coordinates": [
          76.5291509,
          10.0573727
        ]
      },
      "id": "node/8937394849"
    },
    {
      "type": "Feature",
      "properties": {
        "@id": "node/8940347125",
        "amenity": "fuel",
        "wikidata": "Q131967894"
      },
      "geometry": {
        "type": "Point",
        "coordinates": [
          76.3691413,
          10.2500079
        ]
      },
      "id": "node/8940347125"
    },
    {
      "type": "Feature",
      "properties": {
        "@id": "node/8940384504",
        "amenity": "fuel"
      },
      "geometry": {
        "type": "Point",
        "coordinates": [
          75.7849188,
          11.2459133
        ]
      },
      "id": "node/8940384504"
    },
    {
      "type": "Feature",
      "properties": {
        "@id": "node/8949252670",
        "amenity": "fuel"
      },
      "geometry": {
        "type": "Point",
        "coordinates": [
          75.9297581,
          11.1677566
        ]
      },
      "id": "node/8949252670"
    },
    {
      "type": "Feature",
      "properties": {
        "@id": "node/8956138235",
        "amenity": "fuel",
        "name": "Kadeeja Petroleum"
      },
      "geometry": {
        "type": "Point",
        "coordinates": [
          76.1393646,
          11.2139584
        ]
      },
      "id": "node/8956138235"
    },
    {
      "type": "Feature",
      "properties": {
        "@id": "node/8957872725",
        "amenity": "fuel"
      },
      "geometry": {
        "type": "Point",
        "coordinates": [
          75.7777583,
          11.2732111
        ]
      },
      "id": "node/8957872725"
    },
    {
      "type": "Feature",
      "properties": {
        "@id": "node/9000306217",
        "amenity": "fuel",
        "name": "Nayara panayi",
        "survey:date": "2021-08-12"
      },
      "geometry": {
        "type": "Point",
        "coordinates": [
          76.1094139,
          11.082762
        ]
      },
      "id": "node/9000306217"
    },
    {
      "type": "Feature",
      "properties": {
        "@id": "node/9000426217",
        "amenity": "fuel",
        "name": "HP petrol muttippalam",
        "survey:date": "2021-08-12"
      },
      "geometry": {
        "type": "Point",
        "coordinates": [
          76.1192381,
          11.0965279
        ]
      },
      "id": "node/9000426217"
    },
    {
      "type": "Feature",
      "properties": {
        "@id": "node/9033818181",
        "amenity": "fuel",
        "name": "Nayara Energy"
      },
      "geometry": {
        "type": "Point",
        "coordinates": [
          75.944809,
          11.3349371
        ]
      },
      "id": "node/9033818181"
    },
    {
      "type": "Feature",
      "properties": {
        "@id": "node/9043926780",
        "amenity": "fuel",
        "brand": "Bharat Petroleum",
        "brand:wikidata": "Q854826",
        "brand:wikipedia": "en:Bharat Petroleum",
        "name": "Bharat Petroleum"
      },
      "geometry": {
        "type": "Point",
        "coordinates": [
          76.2131911,
          10.3470133
        ]
      },
      "id": "node/9043926780"
    },
    {
      "type": "Feature",
      "properties": {
        "@id": "node/9056757558",
        "amenity": "fuel",
        "brand": "HP",
        "brand:wikidata": "Q1619375",
        "compressed_air": "yes",
        "official_name": "Hindustan Petroleum"
      },
      "geometry": {
        "type": "Point",
        "coordinates": [
          76.5356861,
          8.9486878
        ]
      },
      "id": "node/9056757558"
    },
    {
      "type": "Feature",
      "properties": {
        "@id": "node/9064288290",
        "amenity": "fuel",
        "brand": "Indian Oil Petrol Pump",
        "brand:wikidata": "Q1289348",
        "brand:wikipedia": "en:Indian Oil Corporation",
        "name": "Indian Oil Petrol Pump",
        "wikidata": "Q131968116"
      },
      "geometry": {
        "type": "Point",
        "coordinates": [
          76.3901194,
          10.1289226
        ]
      },
      "id": "node/9064288290"
    },
    {
      "type": "Feature",
      "properties": {
        "@id": "node/9067344755",
        "amenity": "fuel",
        "brand": "Hindustan Petroleum",
        "brand:wikidata": "Q1619375",
        "brand:wikipedia": "en:Hindustan Petroleum",
        "compressed_air": "yes",
        "name": "HP",
        "official_name": "Hindustan Petroleum"
      },
      "geometry": {
        "type": "Point",
        "coordinates": [
          76.5347288,
          8.9527331
        ]
      },
      "id": "node/9067344755"
    },
    {
      "type": "Feature",
      "properties": {
        "@id": "node/9067496256",
        "amenity": "fuel",
        "brand": "Hindustan Petroleum",
        "brand:wikidata": "Q1619375",
        "brand:wikipedia": "en:Hindustan Petroleum",
        "name": "HP Petrol Pump - QDFDC",
        "official_name": "Hindustan Petroleum"
      },
      "geometry": {
        "type": "Point",
        "coordinates": [
          76.5404817,
          8.9366953
        ]
      },
      "id": "node/9067496256"
    },
    {
      "type": "Feature",
      "properties": {
        "@id": "node/9073427520",
        "amenity": "fuel",
        "name": "Indian Oil",
        "survey:date": "2021-09-08"
      },
      "geometry": {
        "type": "Point",
        "coordinates": [
          76.1566268,
          10.6798733
        ]
      },
      "id": "node/9073427520"
    },
    {
      "type": "Feature",
      "properties": {
        "@id": "node/9080499575",
        "amenity": "fuel",
        "name": "Bharat Petrol Pump Budhanoor"
      },
      "geometry": {
        "type": "Point",
        "coordinates": [
          76.5605209,
          9.3077175
        ]
      },
      "id": "node/9080499575"
    },
    {
      "type": "Feature",
      "properties": {
        "@id": "node/9081387049",
        "amenity": "fuel",
        "brand": "Hindustan Petroleum",
        "brand:wikidata": "Q1619375",
        "brand:wikipedia": "en:Hindustan Petroleum",
        "name": "HP gas station",
        "official_name": "Hindustan Petroleum"
      },
      "geometry": {
        "type": "Point",
        "coordinates": [
          76.2205565,
          10.7487324
        ]
      },
      "id": "node/9081387049"
    },
    {
      "type": "Feature",
      "properties": {
        "@id": "node/9081558132",
        "amenity": "fuel",
        "name": "Safa",
        "self_service": "no"
      },
      "geometry": {
        "type": "Point",
        "coordinates": [
          76.6341526,
          9.0879468
        ]
      },
      "id": "node/9081558132"
    },
    {
      "type": "Feature",
      "properties": {
        "@id": "node/9091058223",
        "amenity": "fuel",
        "survey:date": "2021-09-14"
      },
      "geometry": {
        "type": "Point",
        "coordinates": [
          76.7782915,
          9.0328562
        ]
      },
      "id": "node/9091058223"
    },
    {
      "type": "Feature",
      "properties": {
        "@id": "node/9094412717",
        "amenity": "fuel",
        "brand": "Hindustan Petroleum",
        "brand:wikidata": "Q1619375",
        "brand:wikipedia": "en:Hindustan Petroleum",
        "name": "hp gas",
        "official_name": "Hindustan Petroleum",
        "shop": "gas",
        "survey:date": "2021-09-15"
      },
      "geometry": {
        "type": "Point",
        "coordinates": [
          75.6053011,
          11.5976212
        ]
      },
      "id": "node/9094412717"
    },
    {
      "type": "Feature",
      "properties": {
        "@id": "node/9105257717",
        "amenity": "fuel",
        "name": "Ayyappa fuel station",
        "survey:date": "2021-09-19"
      },
      "geometry": {
        "type": "Point",
        "coordinates": [
          76.8531845,
          9.0940837
        ]
      },
      "id": "node/9105257717"
    },
    {
      "type": "Feature",
      "properties": {
        "@id": "node/9137314956",
        "addr:city": "Kuttampuzha",
        "amenity": "fuel",
        "brand": "Indian Oil",
        "brand:wikidata": "Q1289348",
        "brand:wikipedia": "en:Indian Oil Corporation",
        "name": "Indian Oil"
      },
      "geometry": {
        "type": "Point",
        "coordinates": [
          76.7356267,
          10.151341
        ]
      },
      "id": "node/9137314956"
    },
    {
      "type": "Feature",
      "properties": {
        "@id": "node/9144658732",
        "amenity": "fuel",
        "brand": "Hindustan Petroleum",
        "brand:wikidata": "Q1619375",
        "brand:wikipedia": "en:Hindustan Petroleum",
        "name": "HP",
        "official_name": "Hindustan Petroleum"
      },
      "geometry": {
        "type": "Point",
        "coordinates": [
          75.9792126,
          11.3898527
        ]
      },
      "id": "node/9144658732"
    },
    {
      "type": "Feature",
      "properties": {
        "@id": "node/9187788281",
        "amenity": "fuel",
        "fuel:diesel": "yes"
      },
      "geometry": {
        "type": "Point",
        "coordinates": [
          75.9103239,
          11.3757401
        ]
      },
      "id": "node/9187788281"
    },
    {
      "type": "Feature",
      "properties": {
        "@id": "node/9265930806",
        "amenity": "fuel",
        "name": "Bharat Gas"
      },
      "geometry": {
        "type": "Point",
        "coordinates": [
          76.1962715,
          10.2170591
        ]
      },
      "id": "node/9265930806"
    },
    {
      "type": "Feature",
      "properties": {
        "@id": "node/9267305669",
        "amenity": "fuel",
        "brand": "Indian Oil Petrol Pump",
        "brand:wikidata": "Q1289348",
        "brand:wikipedia": "en:Indian Oil Corporation",
        "name": "Indian Oil Petrol Pump"
      },
      "geometry": {
        "type": "Point",
        "coordinates": [
          77.0126427,
          8.9894719
        ]
      },
      "id": "node/9267305669"
    },
    {
      "type": "Feature",
      "properties": {
        "@id": "node/9267548217",
        "amenity": "fuel",
        "name": "Indian Oil Petrol Pump, Aroor",
        "survey:date": "2021-11-19"
      },
      "geometry": {
        "type": "Point",
        "coordinates": [
          76.3058243,
          9.8609243
        ]
      },
      "id": "node/9267548217"
    },
    {
      "type": "Feature",
      "properties": {
        "@id": "node/9285629917",
        "amenity": "fuel",
        "brand": "Hindustan Petroleum",
        "brand:wikidata": "Q1619375",
        "name": "HP",
        "official_name": "Hindustan Petroleum",
        "phone": "+91-9496750131",
        "survey:date": "2021-11-26"
      },
      "geometry": {
        "type": "Point",
        "coordinates": [
          76.3776266,
          10.1743462
        ]
      },
      "id": "node/9285629917"
    },
    {
      "type": "Feature",
      "properties": {
        "@id": "node/9295151604",
        "amenity": "fuel"
      },
      "geometry": {
        "type": "Point",
        "coordinates": [
          76.2133316,
          10.1477285
        ]
      },
      "id": "node/9295151604"
    },
    {
      "type": "Feature",
      "properties": {
        "@id": "node/9310205407",
        "amenity": "fuel",
        "brand": "Essar"
      },
      "geometry": {
        "type": "Point",
        "coordinates": [
          76.524242,
          9.7221532
        ]
      },
      "id": "node/9310205407"
    },
    {
      "type": "Feature",
      "properties": {
        "@id": "node/9310207785",
        "amenity": "fuel",
        "brand": "Indian Oil",
        "wikidata": "Q131968253"
      },
      "geometry": {
        "type": "Point",
        "coordinates": [
          76.543247,
          9.7041287
        ]
      },
      "id": "node/9310207785"
    },
    {
      "type": "Feature",
      "properties": {
        "@id": "node/9310218256",
        "amenity": "fuel",
        "brand": "Hindustan Petroleum"
      },
      "geometry": {
        "type": "Point",
        "coordinates": [
          76.4286143,
          9.8270928
        ]
      },
      "id": "node/9310218256"
    },
    {
      "type": "Feature",
      "properties": {
        "@id": "node/9310226592",
        "amenity": "fuel"
      },
      "geometry": {
        "type": "Point",
        "coordinates": [
          76.45613,
          9.7830274
        ]
      },
      "id": "node/9310226592"
    },
    {
      "type": "Feature",
      "properties": {
        "@id": "node/9310232660",
        "amenity": "fuel",
        "brand": "Bharat Petroleum",
        "brand:wikidata": "Q854826",
        "name": "Bharat Petroleum"
      },
      "geometry": {
        "type": "Point",
        "coordinates": [
          76.5196482,
          9.575324
        ]
      },
      "id": "node/9310232660"
    },
    {
      "type": "Feature",
      "properties": {
        "@id": "node/9310237570",
        "amenity": "fuel",
        "brand": "Hindustan Petroleum",
        "brand:wikidata": "Q1619375",
        "name": "HP",
        "official_name": "Hindustan Petroleum"
      },
      "geometry": {
        "type": "Point",
        "coordinates": [
          76.5200582,
          9.5799325
        ]
      },
      "id": "node/9310237570"
    },
    {
      "type": "Feature",
      "properties": {
        "@id": "node/9326060144",
        "amenity": "fuel"
      },
      "geometry": {
        "type": "Point",
        "coordinates": [
          76.7338917,
          9.1504423
        ]
      },
      "id": "node/9326060144"
    },
    {
      "type": "Feature",
      "properties": {
        "@id": "node/9326060145",
        "amenity": "fuel"
      },
      "geometry": {
        "type": "Point",
        "coordinates": [
          76.7338355,
          9.150524
        ]
      },
      "id": "node/9326060145"
    },
    {
      "type": "Feature",
      "properties": {
        "@id": "node/9326060146",
        "amenity": "fuel"
      },
      "geometry": {
        "type": "Point",
        "coordinates": [
          76.7339943,
          9.1506678
        ]
      },
      "id": "node/9326060146"
    },
    {
      "type": "Feature",
      "properties": {
        "@id": "node/9326060147",
        "amenity": "fuel"
      },
      "geometry": {
        "type": "Point",
        "coordinates": [
          76.7340572,
          9.1506025
        ]
      },
      "id": "node/9326060147"
    },
    {
      "type": "Feature",
      "properties": {
        "@id": "node/9326060148",
        "amenity": "fuel"
      },
      "geometry": {
        "type": "Point",
        "coordinates": [
          76.7341003,
          9.1506352
        ]
      },
      "id": "node/9326060148"
    },
    {
      "type": "Feature",
      "properties": {
        "@id": "node/9326060149",
        "amenity": "fuel"
      },
      "geometry": {
        "type": "Point",
        "coordinates": [
          76.7341797,
          9.1505731
        ]
      },
      "id": "node/9326060149"
    },
    {
      "type": "Feature",
      "properties": {
        "@id": "node/9326060150",
        "amenity": "fuel"
      },
      "geometry": {
        "type": "Point",
        "coordinates": [
          76.7339778,
          9.1504227
        ]
      },
      "id": "node/9326060150"
    },
    {
      "type": "Feature",
      "properties": {
        "@id": "node/9326060151",
        "amenity": "fuel"
      },
      "geometry": {
        "type": "Point",
        "coordinates": [
          76.7339281,
          9.1504816
        ]
      },
      "id": "node/9326060151"
    },
    {
      "type": "Feature",
      "properties": {
        "@id": "node/9329611917",
        "amenity": "fuel",
        "brand": "Bharat Petroleum",
        "brand:wikidata": "Q854826",
        "brand:wikipedia": "en:Bharat Petroleum",
        "fuel:diesel": "yes",
        "fuel:petrol": "yes",
        "name": "Bharat Petroleum",
        "survey:date": "2021-12-11",
        "wikidata": "Q131968121"
      },
      "geometry": {
        "type": "Point",
        "coordinates": [
          76.4320336,
          10.1696411
        ]
      },
      "id": "node/9329611917"
    },
    {
      "type": "Feature",
      "properties": {
        "@id": "node/9348093569",
        "amenity": "fuel",
        "brand": "Hindustan Petroleum",
        "brand:wikidata": "Q1619375",
        "brand:wikipedia": "en:Hindustan Petroleum",
        "name": "Hindustan petroleum",
        "official_name": "Hindustan Petroleum"
      },
      "geometry": {
        "type": "Point",
        "coordinates": [
          75.0150055,
          12.5179444
        ]
      },
      "id": "node/9348093569"
    },
    {
      "type": "Feature",
      "properties": {
        "@id": "node/9369859317",
        "amenity": "fuel",
        "name": "Indian Oil Petrol Pump"
      },
      "geometry": {
        "type": "Point",
        "coordinates": [
          76.6891627,
          9.2062059
        ]
      },
      "id": "node/9369859317"
    },
    {
      "type": "Feature",
      "properties": {
        "@id": "node/9372853908",
        "addr:street": "Rayamangalam",
        "amenity": "fuel",
        "brand": "Hindustan Petroleum",
        "brand:wikidata": "Q1619375",
        "brand:wikipedia": "en:Hindustan Petroleum",
        "name": "HP",
        "official_name": "Hindustan Petroleum"
      },
      "geometry": {
        "type": "Point",
        "coordinates": [
          76.5188347,
          10.1039913
        ]
      },
      "id": "node/9372853908"
    },
    {
      "type": "Feature",
      "properties": {
        "@id": "node/9461998410",
        "amenity": "fuel",
        "fuel:diesel": "yes",
        "fuel:petrole": "yes",
        "self_service": "no"
      },
      "geometry": {
        "type": "Point",
        "coordinates": [
          76.7044486,
          9.896924
        ]
      },
      "id": "node/9461998410"
    },
    {
      "type": "Feature",
      "properties": {
        "@id": "node/9526533431",
        "addr:city": "Kanhangad",
        "addr:postcode": "671315",
        "addr:street": "Kasaragod - Kanhangad Road",
        "amenity": "fuel",
        "brand": "Bharat Petroleum",
        "brand:wikidata": "Q854826",
        "brand:wikipedia": "en:Bharat Petroleum",
        "compressed_air": "yes",
        "name": "Bharat Petroleum"
      },
      "geometry": {
        "type": "Point",
        "coordinates": [
          75.0862911,
          12.3230195
        ]
      },
      "id": "node/9526533431"
    },
    {
      "type": "Feature",
      "properties": {
        "@id": "node/9557077475",
        "amenity": "fuel",
        "brand": "Indian Oil",
        "brand:wikidata": "Q1289348",
        "brand:wikipedia": "en:Indian Oil Corporation",
        "name": "Indian Oil"
      },
      "geometry": {
        "type": "Point",
        "coordinates": [
          75.9391237,
          10.9044173
        ]
      },
      "id": "node/9557077475"
    },
    {
      "type": "Feature",
      "properties": {
        "@id": "node/9578978491",
        "amenity": "fuel",
        "brand": "Indian Oil",
        "name": "Gasemart"
      },
      "geometry": {
        "type": "Point",
        "coordinates": [
          76.6360117,
          10.7379066
        ]
      },
      "id": "node/9578978491"
    },
    {
      "type": "Feature",
      "properties": {
        "@id": "node/9724600025",
        "amenity": "fuel"
      },
      "geometry": {
        "type": "Point",
        "coordinates": [
          76.9680632,
          9.3254994
        ]
      },
      "id": "node/9724600025"
    },
    {
      "type": "Feature",
      "properties": {
        "@id": "node/9739349220",
        "amenity": "fuel",
        "name": "Petrol Pump"
      },
      "geometry": {
        "type": "Point",
        "coordinates": [
          77.122477,
          9.5903798
        ]
      },
      "id": "node/9739349220"
    },
    {
      "type": "Feature",
      "properties": {
        "@id": "node/9790941254",
        "amenity": "fuel",
        "brand": "Hindustan Petroleum",
        "brand:wikidata": "Q1619375",
        "name": "HP",
        "official_name": "Hindustan Petroleum"
      },
      "geometry": {
        "type": "Point",
        "coordinates": [
          75.7770477,
          11.2625897
        ]
      },
      "id": "node/9790941254"
    },
    {
      "type": "Feature",
      "properties": {
        "@id": "node/9833189438",
        "amenity": "fuel",
        "brand": "Indian Oil Petrol Pump",
        "brand:wikidata": "Q1289348",
        "name": "Indian Oil Petrol Pump"
      },
      "geometry": {
        "type": "Point",
        "coordinates": [
          76.2084129,
          10.5237287
        ]
      },
      "id": "node/9833189438"
    },
    {
      "type": "Feature",
      "properties": {
        "@id": "node/9837684488",
        "amenity": "fuel",
        "fuel:diesel": "yes",
        "name": "ariyoor fuels"
      },
      "geometry": {
        "type": "Point",
        "coordinates": [
          76.4131288,
          10.9820765
        ]
      },
      "id": "node/9837684488"
    },
    {
      "type": "Feature",
      "properties": {
        "@id": "node/9952139001",
        "amenity": "fuel",
        "name": "IOC",
        "wikidata": "Q131968294"
      },
      "geometry": {
        "type": "Point",
        "coordinates": [
          76.3436827,
          9.4426364
        ]
      },
      "id": "node/9952139001"
    },
    {
      "type": "Feature",
      "properties": {
        "@id": "node/10049446831",
        "amenity": "fuel",
        "brand": "Indian Oil Petrol Pump",
        "brand:wikidata": "Q1289348",
        "name": "Indian Oil Petrol Pump"
      },
      "geometry": {
        "type": "Point",
        "coordinates": [
          76.3410891,
          9.7741797
        ]
      },
      "id": "node/10049446831"
    },
    {
      "type": "Feature",
      "properties": {
        "@id": "node/10052742209",
        "amenity": "fuel",
        "brand": "Bharat Petroleum",
        "brand:wikidata": "Q854826",
        "name": "Bharat Petroleum"
      },
      "geometry": {
        "type": "Point",
        "coordinates": [
          76.7998407,
          9.5196628
        ]
      },
      "id": "node/10052742209"
    },
    {
      "type": "Feature",
      "properties": {
        "@id": "node/10079790476",
        "amenity": "fuel"
      },
      "geometry": {
        "type": "Point",
        "coordinates": [
          76.926118,
          8.8256193
        ]
      },
      "id": "node/10079790476"
    },
    {
      "type": "Feature",
      "properties": {
        "@id": "node/10259283644",
        "amenity": "fuel",
        "brand": "Hindustan Petroleum",
        "brand:wikidata": "Q1619375",
        "check_date": "2022-12-08",
        "fuel:diesel": "yes",
        "fuel:petrol": "yes",
        "name": "HP",
        "official_name": "Hindustan Petroleum",
        "self_service": "no",
        "source": "survey"
      },
      "geometry": {
        "type": "Point",
        "coordinates": [
          76.2578988,
          9.9574299
        ]
      },
      "id": "node/10259283644"
    },
    {
      "type": "Feature",
      "properties": {
        "@id": "node/10259283646",
        "amenity": "fuel",
        "brand": "Indian Oil",
        "brand:wikidata": "Q1289348",
        "check_date": "2022-12-08",
        "compressed_air": "yes",
        "fuel:diesel": "yes",
        "fuel:petrol": "yes",
        "name": "Indian Oil",
        "self_service": "no",
        "source": "survey",
        "wheelchair": "limited"
      },
      "geometry": {
        "type": "Point",
        "coordinates": [
          76.2723108,
          9.9369108
        ]
      },
      "id": "node/10259283646"
    },
    {
      "type": "Feature",
      "properties": {
        "@id": "node/10259283647",
        "amenity": "fuel",
        "brand": "Indian Oil",
        "brand:wikidata": "Q1289348",
        "check_date": "2022-12-09",
        "fuel:diesel": "yes",
        "fuel:petrol": "yes",
        "name": "Indian Oil",
        "self_service": "no",
        "source": "survey"
      },
      "geometry": {
        "type": "Point",
        "coordinates": [
          76.251075,
          9.9356368
        ]
      },
      "id": "node/10259283647"
    },
    {
      "type": "Feature",
      "properties": {
        "@id": "node/10259293857",
        "amenity": "fuel",
        "check_date": "2022-12-09",
        "fuel:diesel": "yes",
        "fuel:petrol": "yes",
        "self_service": "no",
        "source": "survey"
      },
      "geometry": {
        "type": "Point",
        "coordinates": [
          76.5733035,
          8.8949799
        ]
      },
      "id": "node/10259293857"
    },
    {
      "type": "Feature",
      "properties": {
        "@id": "node/10259300044",
        "amenity": "fuel",
        "brand": "Indian Oil",
        "brand:wikidata": "Q1289348",
        "check_date": "2022-12-09",
        "fuel:diesel": "yes",
        "fuel:petrol": "yes",
        "name": "Indian Oil",
        "self_service": "no",
        "source": "survey"
      },
      "geometry": {
        "type": "Point",
        "coordinates": [
          76.5214611,
          9.103215
        ]
      },
      "id": "node/10259300044"
    },
    {
      "type": "Feature",
      "properties": {
        "@id": "node/10296503400",
        "amenity": "fuel",
        "brand": "Hindustan Petroleum",
        "source": "gps"
      },
      "geometry": {
        "type": "Point",
        "coordinates": [
          76.7608899,
          8.8090956
        ]
      },
      "id": "node/10296503400"
    },
    {
      "type": "Feature",
      "properties": {
        "@id": "node/10561468115",
        "addr:city": "Thrissur",
        "addr:postcode": "680655",
        "amenity": "fuel",
        "brand": "Indian Oil",
        "brand:wikidata": "Q1289348",
        "name": "INDIAN OIL PUMP - BYPASS PETROLEUM",
        "name:ml": "ഇന്ത്യൻ ഓയിൽ പമ്പ്"
      },
      "geometry": {
        "type": "Point",
        "coordinates": [
          76.2581919,
          10.5175605
        ]
      },
      "id": "node/10561468115"
    },
    {
      "type": "Feature",
      "properties": {
        "@id": "node/10657968387",
        "amenity": "fuel",
        "brand": "Indian Oil Petrol Pump",
        "brand:wikidata": "Q1289348",
        "fuel:diesel": "yes",
        "fuel:petrol": "yes",
        "name": "Sree Krishna Fuels",
        "self_service": "no",
        "wikidata": "Q131967733"
      },
      "geometry": {
        "type": "Point",
        "coordinates": [
          76.5722397,
          10.6613233
        ]
      },
      "id": "node/10657968387"
    },
    {
      "type": "Feature",
      "properties": {
        "@id": "node/10660823172",
        "amenity": "fuel",
        "name": "Nayara"
      },
      "geometry": {
        "type": "Point",
        "coordinates": [
          76.4713511,
          9.4223968
        ]
      },
      "id": "node/10660823172"
    },
    {
      "type": "Feature",
      "properties": {
        "@id": "node/10743184733",
        "amenity": "fuel",
        "brand": "Bharat Petroleum",
        "fuel:diesel": "yes",
        "fuel:octane_91": "yes",
        "fuel:octane_95": "yes",
        "name": "Ravi Fuels"
      },
      "geometry": {
        "type": "Point",
        "coordinates": [
          75.7064545,
          12.024116
        ]
      },
      "id": "node/10743184733"
    },
    {
      "type": "Feature",
      "properties": {
        "@id": "node/10743397855",
        "amenity": "fuel",
        "brand": "Indian Oil",
        "brand:wikidata": "Q1289348",
        "name": "IndianOil Gas Station",
        "operator": "IndianOil"
      },
      "geometry": {
        "type": "Point",
        "coordinates": [
          76.2602246,
          10.4436933
        ]
      },
      "id": "node/10743397855"
    },
    {
      "type": "Feature",
      "properties": {
        "@id": "node/10745437960",
        "amenity": "fuel",
        "brand": "Indian Oil",
        "brand:wikidata": "Q1289348",
        "name": "IndianOil Company Operated Fuel Station",
        "operator": "IndianOil"
      },
      "geometry": {
        "type": "Point",
        "coordinates": [
          76.3704398,
          10.2458721
        ]
      },
      "id": "node/10745437960"
    },
    {
      "type": "Feature",
      "properties": {
        "@id": "node/10759641462",
        "amenity": "fuel",
        "brand": "Hindustan Petroleum",
        "brand:wikidata": "Q1619375",
        "name": "Hindustan Petroleum",
        "official_name": "Hindustan Petroleum"
      },
      "geometry": {
        "type": "Point",
        "coordinates": [
          76.3383605,
          10.3059617
        ]
      },
      "id": "node/10759641462"
    },
    {
      "type": "Feature",
      "properties": {
        "@id": "node/10824615369",
        "amenity": "fuel",
        "brand": "Indian Oil Petrol Pump",
        "brand:wikidata": "Q1289348",
        "name": "Indian Oil Petrol Pump"
      },
      "geometry": {
        "type": "Point",
        "coordinates": [
          75.3917596,
          12.0747388
        ]
      },
      "id": "node/10824615369"
    },
    {
      "type": "Feature",
      "properties": {
        "@id": "node/10879001630",
        "amenity": "fuel",
        "brand": "Indian Oil"
      },
      "geometry": {
        "type": "Point",
        "coordinates": [
          76.7814128,
          9.3818659
        ]
      },
      "id": "node/10879001630"
    },
    {
      "type": "Feature",
      "properties": {
        "@id": "node/10888899090",
        "amenity": "fuel"
      },
      "geometry": {
        "type": "Point",
        "coordinates": [
          76.4648318,
          9.9795722
        ]
      },
      "id": "node/10888899090"
    },
    {
      "type": "Feature",
      "properties": {
        "@id": "node/10942531741",
        "amenity": "fuel",
        "brand": "Indian Oil Petrol Pump",
        "brand:wikidata": "Q1289348",
        "name": "Indian Oil Petrol Pump"
      },
      "geometry": {
        "type": "Point",
        "coordinates": [
          75.4957254,
          12.0414683
        ]
      },
      "id": "node/10942531741"
    },
    {
      "type": "Feature",
      "properties": {
        "@id": "node/11005531107",
        "amenity": "fuel",
        "brand": "Nayara",
        "brand:wikidata": "Q1360409",
        "name": "Nidhiry Fuels",
        "operator": "Nidhiry Fuels"
      },
      "geometry": {
        "type": "Point",
        "coordinates": [
          76.5650937,
          9.7616542
        ]
      },
      "id": "node/11005531107"
    },
    {
      "type": "Feature",
      "properties": {
        "@id": "node/11037890451",
        "amenity": "fuel",
        "brand": "Hindustan Petroleum",
        "capacity": "8",
        "compressed_air": "yes",
        "drinking_water": "yes",
        "fuel:diesel": "yes",
        "fuel:gasoline": "yes",
        "landuse": "retail",
        "name": "HP petrol pump",
        "payment:cash": "yes",
        "payment:credit_cards": "yes",
        "self_service": "no",
        "toilets": "yes"
      },
      "geometry": {
        "type": "Point",
        "coordinates": [
          77.0184001,
          8.3815349
        ]
      },
      "id": "node/11037890451"
    },
    {
      "type": "Feature",
      "properties": {
        "@id": "node/11048008406",
        "amenity": "fuel",
        "brand": "Hindustan Petroleum",
        "brand:wikidata": "Q1619375",
        "fuel:diesel": "yes",
        "fuel:petrol": "yes",
        "name": "YATHRA FUELS",
        "name:ml": "യാത്ര ഗ്യാസ് സ്റ്റേഷൻ",
        "official_name": "Hindustan Petroleum",
        "operator": "KSRTC"
      },
      "geometry": {
        "type": "Point",
        "coordinates": [
          76.9465013,
          8.5087059
        ]
      },
      "id": "node/11048008406"
    },
    {
      "type": "Feature",
      "properties": {
        "@id": "node/11054708509",
        "amenity": "fuel",
        "name": "Nayara"
      },
      "geometry": {
        "type": "Point",
        "coordinates": [
          77.0355572,
          8.6407785
        ]
      },
      "id": "node/11054708509"
    },
    {
      "type": "Feature",
      "properties": {
        "@id": "node/11054788808",
        "amenity": "fuel",
        "name": "Nayara"
      },
      "geometry": {
        "type": "Point",
        "coordinates": [
          76.9605583,
          8.6285395
        ]
      },
      "id": "node/11054788808"
    },
    {
      "type": "Feature",
      "properties": {
        "@id": "node/11062785905",
        "amenity": "fuel",
        "name": "Nayara"
      },
      "geometry": {
        "type": "Point",
        "coordinates": [
          76.9204526,
          8.656511
        ]
      },
      "id": "node/11062785905"
    },
    {
      "type": "Feature",
      "properties": {
        "@id": "node/11066813905",
        "amenity": "fuel",
        "name": "HP"
      },
      "geometry": {
        "type": "Point",
        "coordinates": [
          76.9910314,
          8.3852378
        ]
      },
      "id": "node/11066813905"
    },
    {
      "type": "Feature",
      "properties": {
        "@id": "node/11067020905",
        "amenity": "fuel"
      },
      "geometry": {
        "type": "Point",
        "coordinates": [
          77.0414655,
          8.3407341
        ]
      },
      "id": "node/11067020905"
    },
    {
      "type": "Feature",
      "properties": {
        "@id": "node/11067258005",
        "amenity": "fuel",
        "name": "HP"
      },
      "geometry": {
        "type": "Point",
        "coordinates": [
          76.9910535,
          8.3850349
        ]
      },
      "id": "node/11067258005"
    },
    {
      "type": "Feature",
      "properties": {
        "@id": "node/11067281306",
        "amenity": "fuel"
      },
      "geometry": {
        "type": "Point",
        "coordinates": [
          76.947903,
          8.4836608
        ]
      },
      "id": "node/11067281306"
    },
    {
      "type": "Feature",
      "properties": {
        "@id": "node/11096986058",
        "amenity": "fuel"
      },
      "geometry": {
        "type": "Point",
        "coordinates": [
          75.7468407,
          12.0206092
        ]
      },
      "id": "node/11096986058"
    },
    {
      "type": "Feature",
      "properties": {
        "@id": "node/11097040302",
        "amenity": "fuel",
        "description": "Erumely Petrol pumb",
        "name": "Bharat Petroleum Petrol pumb"
      },
      "geometry": {
        "type": "Point",
        "coordinates": [
          76.84465,
          9.476695
        ]
      },
      "id": "node/11097040302"
    },
    {
      "type": "Feature",
      "properties": {
        "@id": "node/11097134414",
        "amenity": "fuel",
        "brand": "Bharat Petroleum",
        "brand:wikidata": "Q854826",
        "name": "Bharat Petroleum"
      },
      "geometry": {
        "type": "Point",
        "coordinates": [
          75.8170989,
          11.5792977
        ]
      },
      "id": "node/11097134414"
    },
    {
      "type": "Feature",
      "properties": {
        "@id": "node/11097242755",
        "amenity": "fuel"
      },
      "geometry": {
        "type": "Point",
        "coordinates": [
          76.5600284,
          9.4400431
        ]
      },
      "id": "node/11097242755"
    },
    {
      "type": "Feature",
      "properties": {
        "@id": "node/11155525288",
        "amenity": "fuel",
        "name": "Indian Oil Corporation Limited",
        "wikidata": "Q131968017"
      },
      "geometry": {
        "type": "Point",
        "coordinates": [
          76.3601965,
          10.0161479
        ]
      },
      "id": "node/11155525288"
    },
    {
      "type": "Feature",
      "properties": {
        "@id": "node/11171390047",
        "amenity": "fuel",
        "brand": "Indian Oil",
        "brand:wikidata": "Q1289348",
        "fuel:diesel": "yes",
        "fuel:petrol": "yes",
        "name": "Hypiq Fuels",
        "operator": "Hypiq Fuels"
      },
      "geometry": {
        "type": "Point",
        "coordinates": [
          75.9312393,
          11.4236537
        ]
      },
      "id": "node/11171390047"
    },
    {
      "type": "Feature",
      "properties": {
        "@id": "node/11219343836",
        "amenity": "fuel",
        "brand": "Nayara",
        "brand:wikidata": "Q5399377",
        "name": "Nayara petrol pump"
      },
      "geometry": {
        "type": "Point",
        "coordinates": [
          75.9586713,
          11.3672526
        ]
      },
      "id": "node/11219343836"
    },
    {
      "type": "Feature",
      "properties": {
        "@id": "node/11248148789",
        "amenity": "fuel",
        "brand": "Indian Oil",
        "name": "Thrikkoorappan Petropark",
        "wikidata": "Q131967886"
      },
      "geometry": {
        "type": "Point",
        "coordinates": [
          76.2659541,
          10.4642476
        ]
      },
      "id": "node/11248148789"
    },
    {
      "type": "Feature",
      "properties": {
        "@id": "node/11288405963",
        "amenity": "fuel",
        "brand": "Indian Oil",
        "fixme": "position",
        "name": "IOC",
        "wikidata": "Q131968021"
      },
      "geometry": {
        "type": "Point",
        "coordinates": [
          76.2867161,
          10.0667488
        ]
      },
      "id": "node/11288405963"
    },
    {
      "type": "Feature",
      "properties": {
        "@id": "node/11289771008",
        "amenity": "fuel",
        "branch": "Hindustan Petroleum",
        "name": "KMS"
      },
      "geometry": {
        "type": "Point",
        "coordinates": [
          76.6030275,
          10.7213157
        ]
      },
      "id": "node/11289771008"
    },
    {
      "type": "Feature",
      "properties": {
        "@id": "node/11331552331",
        "amenity": "fuel",
        "name": "Hindustan petroleum"
      },
      "geometry": {
        "type": "Point",
        "coordinates": [
          76.2580766,
          10.4646423
        ]
      },
      "id": "node/11331552331"
    },
    {
      "type": "Feature",
      "properties": {
        "@id": "node/11331572337",
        "amenity": "fuel",
        "name": "HP"
      },
      "geometry": {
        "type": "Point",
        "coordinates": [
          76.292399,
          10.3840307
        ]
      },
      "id": "node/11331572337"
    },
    {
      "type": "Feature",
      "properties": {
        "@id": "node/11349267259",
        "amenity": "fuel",
        "brand": "Nayara",
        "brand:wikidata": "Q5399377",
        "name": "Nayara"
      },
      "geometry": {
        "type": "Point",
        "coordinates": [
          76.1895377,
          11.2519634
        ]
      },
      "id": "node/11349267259"
    },
    {
      "type": "Feature",
      "properties": {
        "@id": "node/11350103540",
        "amenity": "fuel",
        "brand": "Indian Oil Petrol Pump",
        "brand:wikidata": "Q1289348",
        "name": "Indian Oil Petrol Pump"
      },
      "geometry": {
        "type": "Point",
        "coordinates": [
          75.9973293,
          10.9250734
        ]
      },
      "id": "node/11350103540"
    },
    {
      "type": "Feature",
      "properties": {
        "@id": "node/11408077565",
        "amenity": "fuel",
        "brand": "Indian Oil",
        "brand:wikidata": "Q1289348",
        "compressed_air": "yes",
        "name": "Indian Oil"
      },
      "geometry": {
        "type": "Point",
        "coordinates": [
          76.2822808,
          9.9675957
        ]
      },
      "id": "node/11408077565"
    },
    {
      "type": "Feature",
      "properties": {
        "@id": "node/11413969011",
        "amenity": "fuel",
        "brand": "Hindustan Petroleum",
        "brand:wikidata": "Q1619375",
        "name": "HP Petrol Pump Purakkattiri",
        "official_name": "Hindustan Petroleum"
      },
      "geometry": {
        "type": "Point",
        "coordinates": [
          75.7613358,
          11.3397785
        ]
      },
      "id": "node/11413969011"
    },
    {
      "type": "Feature",
      "properties": {
        "@id": "node/11413969012",
        "amenity": "fuel",
        "brand": "Mangalore Refinery and Petrochemicals Limited",
        "name": "MRPL Petrol Pump"
      },
      "geometry": {
        "type": "Point",
        "coordinates": [
          75.7596657,
          11.3696834
        ]
      },
      "id": "node/11413969012"
    },
    {
      "type": "Feature",
      "properties": {
        "@id": "node/11465772670",
        "amenity": "fuel",
        "brand": "Hindustan Petroleum",
        "brand:wikidata": "Q1619375",
        "check_date": "2023-12-29",
        "name": "HP",
        "official_name": "Hindustan Petroleum",
        "payment:cash": "yes",
        "payment:credit_cards": "yes",
        "payment:debit_cards": "yes"
      },
      "geometry": {
        "type": "Point",
        "coordinates": [
          76.6600587,
          10.7736307
        ]
      },
      "id": "node/11465772670"
    },
    {
      "type": "Feature",
      "properties": {
        "@id": "node/11906447551",
        "amenity": "fuel",
        "brand": "Hindustan Petroleum",
        "brand:wikidata": "Q1619375",
        "compressed_air": "no",
        "fuel:diesel": "yes",
        "fuel:octane_91": "yes",
        "name": "HP",
        "official_name": "Hindustan Petroleum"
      },
      "geometry": {
        "type": "Point",
        "coordinates": [
          76.3860788,
          10.1896776
        ]
      },
      "id": "node/11906447551"
    },
    {
      "type": "Feature",
      "properties": {
        "@id": "node/11922825390",
        "amenity": "fuel",
        "brand": "Hindustan Petroleum",
        "brand:wikidata": "Q1619375",
        "name": "HP",
        "official_name": "Hindustan Petroleum"
      },
      "geometry": {
        "type": "Point",
        "coordinates": [
          76.3158877,
          9.9857435
        ]
      },
      "id": "node/11922825390"
    },
    {
      "type": "Feature",
      "properties": {
        "@id": "node/11961765441",
        "addr:city": "Ponnani",
        "addr:district": "Malappuram",
        "addr:postcode": "679577",
        "addr:street": "Edapal-Ponnani Road",
        "amenity": "fuel",
        "brand": "Indian Oil Corporation",
        "fuel:diesel": "yes",
        "fuel:petrol": "yes",
        "name": "Benzy Petroleum (Indian Oil Corporation)",
        "name:ml": "ബെൻസി പെട്രോളിയം",
        "opening_hours": "Mo-Su 06:00-22:00"
      },
      "geometry": {
        "type": "Point",
        "coordinates": [
          75.935564,
          10.7821604
        ]
      },
      "id": "node/11961765441"
    },
    {
      "type": "Feature",
      "properties": {
        "@id": "node/12199335355",
        "amenity": "fuel",
        "brand": "Bharat Petroleum",
        "brand:wikidata": "Q854826",
        "compressed_air": "yes",
        "name": "Bharat Petroleum"
      },
      "geometry": {
        "type": "Point",
        "coordinates": [
          76.2722308,
          9.9380521
        ]
      },
      "id": "node/12199335355"
    },
    {
      "type": "Feature",
      "properties": {
        "@id": "node/12298708524",
        "amenity": "fuel",
        "name": "Indian Oil Petrol Pump - Cheemeni Open Prison"
      },
      "geometry": {
        "type": "Point",
        "coordinates": [
          75.2669583,
          12.229803
        ]
      },
      "id": "node/12298708524"
    },
    {
      "type": "Feature",
      "properties": {
        "@id": "node/12327135915",
        "amenity": "fuel",
        "brand": "Hindustan Petroleum"
      },
      "geometry": {
        "type": "Point",
        "coordinates": [
          76.4702107,
          10.2960822
        ]
      },
      "id": "node/12327135915"
    },
    {
      "type": "Feature",
      "properties": {
        "@id": "node/12347588560",
        "amenity": "fuel",
        "check_date": "2024-11-17"
      },
      "geometry": {
        "type": "Point",
        "coordinates": [
          76.0429206,
          11.563781
        ]
      },
      "id": "node/12347588560"
    },
    {
      "type": "Feature",
      "properties": {
        "@id": "node/12350910696",
        "amenity": "fuel"
      },
      "geometry": {
        "type": "Point",
        "coordinates": [
          76.0228451,
          11.5243231
        ]
      },
      "id": "node/12350910696"
    },
    {
      "type": "Feature",
      "properties": {
        "@id": "node/12383611001",
        "amenity": "fuel",
        "name": "BPCL"
      },
      "geometry": {
        "type": "Point",
        "coordinates": [
          76.3553234,
          10.0153016
        ]
      },
      "id": "node/12383611001"
    },
    {
      "type": "Feature",
      "properties": {
        "@id": "node/12450979192",
        "amenity": "fuel",
        "brand": "Indian Oil",
        "brand:wikidata": "Q1289348",
        "fuel:diesel": "yes",
        "fuel:petrol": "yes",
        "name": "Indian Oil",
        "self_service": "no"
      },
      "geometry": {
        "type": "Point",
        "coordinates": [
          75.8795582,
          11.0927556
        ]
      },
      "id": "node/12450979192"
    },
    {
      "type": "Feature",
      "properties": {
        "@id": "node/12564702751",
        "amenity": "fuel",
        "brand": "Indian Oil",
        "brand:wikidata": "Q1289348",
        "check_date": "2025-02-07",
        "name": "Indian Oil"
      },
      "geometry": {
        "type": "Point",
        "coordinates": [
          76.1291962,
          10.6146582
        ]
      },
      "id": "node/12564702751"
    },
    {
      "type": "Feature",
      "properties": {
        "@id": "node/12564720968",
        "amenity": "fuel",
        "brand": "Indian Oil",
        "brand:wikidata": "Q1289348",
        "check_date": "2025-02-07",
        "name": "Indian Oil"
      },
      "geometry": {
        "type": "Point",
        "coordinates": [
          76.3640433,
          10.5641181
        ]
      },
      "id": "node/12564720968"
    },
    {
      "type": "Feature",
      "properties": {
        "@id": "node/12787636983",
        "amenity": "fuel",
        "brand": "Indian Oil",
        "brand:wikidata": "Q1289348",
        "name": "Yathra Fuels"
      },
      "geometry": {
        "type": "Point",
        "coordinates": [
          76.5797062,
          9.9767187
        ]
      },
      "id": "node/12787636983"
    },
    {
      "type": "Feature",
      "properties": {
        "@id": "node/12813483057",
        "addr:city": "Kolichal",
        "amenity": "fuel",
        "brand": "Indian Oil",
        "brand:wikidata": "Q1289348",
        "name": "Kolichal Petrol Pump",
        "self_service": "no"
      },
      "geometry": {
        "type": "Point",
        "coordinates": [
          75.2998621,
          12.4481349
        ]
      },
      "id": "node/12813483057"
    },
    {
      "type": "Feature",
      "properties": {
        "@id": "node/12825819418",
        "amenity": "fuel",
        "brand": "Bharat Petroleum",
        "brand:wikidata": "Q854826",
        "check_date": "2025-05-10",
        "name": "Bharat Petroleum"
      },
      "geometry": {
        "type": "Point",
        "coordinates": [
          75.1320254,
          12.215601
        ]
      },
      "id": "node/12825819418"
    },
    {
      "type": "Feature",
      "properties": {
        "@id": "node/13028536847",
        "amenity": "fuel",
        "brand": "Bharat Petroleum",
        "fuel:diesel": "yes",
        "fuel:gasoline": "yes",
        "name": "Ambuja Fuels"
      },
      "geometry": {
        "type": "Point",
        "coordinates": [
          77.053089,
          8.4350272
        ]
      },
      "id": "node/13028536847"
    },
    {
      "type": "Feature",
      "properties": {
        "@id": "node/13042907502",
        "amenity": "fuel"
      },
      "geometry": {
        "type": "Point",
        "coordinates": [
          76.9080685,
          8.6839036
        ]
      },
      "id": "node/13042907502"
    },
    {
      "type": "Feature",
      "properties": {
        "@id": "node/13063565801",
        "addr:street": "Perumbilavu-Nilambur Road",
        "amenity": "fuel",
        "name": "Nayara Petrol Pump",
        "opening_hours": "24/7",
        "operator": "Nayara",
        "website": "https://www.nayaraenergy.com/"
      },
      "geometry": {
        "type": "Point",
        "coordinates": [
          76.2692952,
          11.0651143
        ]
      },
      "id": "node/13063565801"
    },
    {
      "type": "Feature",
      "properties": {
        "@id": "node/13124445346",
        "addr:floor": "G",
        "amenity": "fuel",
        "brand": "Indian Oil",
        "brand:wikidata": "Q1289348",
        "check_date": "2025-09-07",
        "level": "0",
        "name": "Indian Oil",
        "name:en": "Indian Oil"
      },
      "geometry": {
        "type": "Point",
        "coordinates": [
          76.3016678,
          10.9102156
        ]
      },
      "id": "node/13124445346"
    },
    {
      "type": "Feature",
      "properties": {
        "@id": "node/13124475081",
        "addr:floor": "G",
        "amenity": "fuel",
        "brand": "Nayara",
        "brand:wikidata": "Q5399377",
        "check_date": "2025-09-07",
        "level": "0",
        "name": "Nayara"
      },
      "geometry": {
        "type": "Point",
        "coordinates": [
          76.3030549,
          10.9092873
        ]
      },
      "id": "node/13124475081"
    },
    {
      "type": "Feature",
      "properties": {
        "@id": "node/13299047480",
        "addr:full": "Ground Floor, Perumbavoor - Puthenkurish Road, Pattimattom, Ernakulam, Kerala, 683562",
        "addr:postcode": "683562",
        "addr:state": "Kerala",
        "amenity": "fuel",
        "brand": "Indian Oil",
        "brand:wikidata": "Q1289348",
        "compressed_air": "yes",
        "opening_hours": "Mo-Su 06:00-22:00",
        "phone": "+919447088943",
        "website": "https://locator.iocl.com/indianoil-cka-kutty-sons-petrol-pump-kizhakkambalam-kolenchery-235492/Home"
      },
      "geometry": {
        "type": "Point",
        "coordinates": [
          76.4483839,
          10.0218867
        ]
      },
      "id": "node/13299047480"
    },
    {
      "type": "Feature",
      "properties": {
        "@id": "node/13318805706",
        "amenity": "fuel",
        "brand": "Hindustan Petroleum",
        "brand:wikidata": "Q1619375",
        "name": "HP",
        "official_name": "Hindustan Petroleum"
      },
      "geometry": {
        "type": "Point",
        "coordinates": [
          76.591044,
          8.8864642
        ]
      },
      "id": "node/13318805706"
    },
    {
      "type": "Feature",
      "properties": {
        "@id": "node/13362767976",
        "addr:city": "Kochi",
        "addr:district": "Ernakulam",
        "addr:housenumber": "Ground Floor, Thuruth Road",
        "addr:postcode": "683520",
        "addr:street": "Mannam -Karingamthurth road",
        "amenity": "fuel",
        "branch": "Paravur",
        "brand": "Indian Oil",
        "brand:wikidata": "Q1289348",
        "name": "Indian Oil",
        "opening_hours": "Mo-Su 06:00-22:00",
        "operator": "Kumara Madhavam Petro Park",
        "phone": "+91-8301-825134",
        "self_service": "no",
        "website": "https://locator.iocl.com/indianoil-kumara-madhavam-petro-park-petrol-pump-paravur-paravur-235255/Home"
      },
      "geometry": {
        "type": "Point",
        "coordinates": [
          76.264617,
          10.1243453
        ]
      },
      "id": "node/13362767976"
    },
    {
      "type": "Feature",
      "properties": {
        "@id": "node/13409811101",
        "amenity": "fuel",
        "email": "survive-grime-lego@duck.com",
        "name": "ഹെച്പീ പെട്രോൾ സ്റ്റേഷൻ",
        "name:en": "HP Petrol Station"
      },
      "geometry": {
        "type": "Point",
        "coordinates": [
          75.7279918,
          11.3922299
        ]
      },
      "id": "node/13409811101"
    },
    {
      "type": "Feature",
      "properties": {
        "@id": "node/13412457701",
        "amenity": "fuel",
        "email": "veto-zen-dragonfly@duck.com",
        "name:en": "HP Petrol Station"
      },
      "geometry": {
        "type": "Point",
        "coordinates": [
          75.2343742,
          12.2374586
        ]
      },
      "id": "node/13412457701"
    },
    {
      "type": "Feature",
      "properties": {
        "@id": "node/13413216456",
        "amenity": "fuel",
        "brand": "Bharat Petroleum",
        "brand:wikidata": "Q854826",
        "name": "Bharat petroleum"
      },
      "geometry": {
        "type": "Point",
        "coordinates": [
          75.5014397,
          12.1240961
        ]
      },
      "id": "node/13413216456"
    },
    {
      "type": "Feature",
      "properties": {
        "@id": "node/13448389454",
        "amenity": "fuel",
        "brand": "Indian Oil",
        "brand:wikidata": "Q1289348",
        "name": "Indian Oil"
      },
      "geometry": {
        "type": "Point",
        "coordinates": [
          76.3342378,
          9.4997685
        ]
      },
      "id": "node/13448389454"
    },
    {
      "type": "Feature",
      "properties": {
        "@id": "node/13531672621",
        "amenity": "fuel",
        "compressed_air": "yes",
        "name": "HP Pump",
        "opening_hours": "24/7"
      },
      "geometry": {
        "type": "Point",
        "coordinates": [
          76.6858701,
          9.5987361
        ]
      },
      "id": "node/13531672621"
    }
  ]
}