{
  "type": "FeatureCollection",
  "generator": "overpass-turbo",
  "copyright": "The data included in this document is from www.openstreetmap.org. The data is made available under ODbL.",
  "timestamp": "2026-02-15T08:32:55Z",
  "features": [
    {
      "type": "Feature",
      "properties": {
        "@id": "node/253949506",
        "amenity": "restaurant",
        "name": "sri gavuri nivas",
        "tourism": "hotel"
      },
      "geometry": {
        "type": "Point",
        "coordinates": [
          76.9297678,
          8.5231268
        ]
      },
      "id": "node/253949506"
    },
    {
      "type": "Feature",
      "properties": {
        "@id": "node/304832055",
        "name": "Uday Samudra",
        "tourism": "hotel"
      },
      "geometry": {
        "type": "Point",
        "coordinates": [
          76.9724317,
          8.4014875
        ]
      },
      "id": "node/304832055"
    },
    {
      "type": "Feature",
      "properties": {
        "@id": "node/304832059",
        "name": "Samudra",
        "tourism": "hotel",
        "website": "https://www.ktdc.com/samudra/"
      },
      "geometry": {
        "type": "Point",
        "coordinates": [
          76.9728292,
          8.4001231
        ]
      },
      "id": "node/304832059"
    },
    {
      "type": "Feature",
      "properties": {
        "@id": "node/309629939",
        "internet_access": "wlan",
        "name": "Pankaj Hotel",
        "phone": "+91 471 2464645",
        "rooms": "50",
        "tourism": "hotel",
        "website": "http://www.pankajhotel.com/"
      },
      "geometry": {
        "type": "Point",
        "coordinates": [
          76.9479098,
          8.4958271
        ]
      },
      "id": "node/309629939"
    },
    {
      "type": "Feature",
      "properties": {
        "@id": "node/309633372",
        "created_by": "Potlatch 0.10f",
        "name": "Travancore Heritage Resort",
        "tourism": "hotel",
        "wheelchair": "limited"
      },
      "geometry": {
        "type": "Point",
        "coordinates": [
          77.0176522,
          8.3582657
        ]
      },
      "id": "node/309633372"
    },
    {
      "type": "Feature",
      "properties": {
        "@id": "node/309685866",
        "created_by": "Potlatch 0.10f",
        "name": "Taj Hotel",
        "tourism": "hotel"
      },
      "geometry": {
        "type": "Point",
        "coordinates": [
          76.4280934,
          9.6266593
        ]
      },
      "id": "node/309685866"
    },
    {
      "type": "Feature",
      "properties": {
        "@id": "node/340276928",
        "name": "Palm Beach resort",
        "tourism": "hotel"
      },
      "geometry": {
        "type": "Point",
        "coordinates": [
          76.7057229,
          8.7343796
        ]
      },
      "id": "node/340276928"
    },
    {
      "type": "Feature",
      "properties": {
        "@id": "node/340285232",
        "name": "A nikhil Ayurvedic Heritage",
        "tourism": "hotel"
      },
      "geometry": {
        "type": "Point",
        "coordinates": [
          76.7014966,
          8.7393656
        ]
      },
      "id": "node/340285232"
    },
    {
      "type": "Feature",
      "properties": {
        "@id": "node/340285272",
        "name": "Preeth Resort",
        "tourism": "hotel"
      },
      "geometry": {
        "type": "Point",
        "coordinates": [
          76.7028893,
          8.7395458
        ]
      },
      "id": "node/340285272"
    },
    {
      "type": "Feature",
      "properties": {
        "@id": "node/340289103",
        "name": "Wood house Beach resort",
        "tourism": "hotel"
      },
      "geometry": {
        "type": "Point",
        "coordinates": [
          76.6987247,
          8.7434824
        ]
      },
      "id": "node/340289103"
    },
    {
      "type": "Feature",
      "properties": {
        "@id": "node/340290137",
        "name": "Krishnatheeram",
        "name:ml": "ക്രിഷ്ണതീരം",
        "tourism": "hotel"
      },
      "geometry": {
        "type": "Point",
        "coordinates": [
          76.699319,
          8.7431543
        ]
      },
      "id": "node/340290137"
    },
    {
      "type": "Feature",
      "properties": {
        "@id": "node/342835319",
        "amenity": "restaurant",
        "name": "Blue Water",
        "tourism": "hotel"
      },
      "geometry": {
        "type": "Point",
        "coordinates": [
          76.694251,
          8.7502824
        ]
      },
      "id": "node/342835319"
    },
    {
      "type": "Feature",
      "properties": {
        "@id": "node/354065011",
        "name": "Highland Park",
        "name:zh": "海兰帕克酒店",
        "phone": "+91 471 2333200",
        "start_date": "1987",
        "tourism": "hotel",
        "website": "https://highland-hotels.com"
      },
      "geometry": {
        "type": "Point",
        "coordinates": [
          76.9492938,
          8.4890801
        ]
      },
      "id": "node/354065011"
    },
    {
      "type": "Feature",
      "properties": {
        "@id": "node/443616790",
        "amenity": "restaurant",
        "name": "Harithagiri",
        "tourism": "hotel"
      },
      "geometry": {
        "type": "Point",
        "coordinates": [
          76.0825062,
          11.618265
        ]
      },
      "id": "node/443616790"
    },
    {
      "type": "Feature",
      "properties": {
        "@id": "node/564311003",
        "name": "HCL Service Centre",
        "opening_hours": "Mo-Fr 08:30-20:00",
        "shop": "computer",
        "tourism": "hotel"
      },
      "geometry": {
        "type": "Point",
        "coordinates": [
          75.7903646,
          11.2546471
        ]
      },
      "id": "node/564311003"
    },
    {
      "type": "Feature",
      "properties": {
        "@id": "node/600348738",
        "addr:city": "Cochin",
        "addr:country": "IN",
        "addr:housenumber": "1/328",
        "addr:postcode": "682001",
        "addr:street": "Tower Road",
        "check_date": "2026-02-12",
        "email": "raintree@fortcochin.com",
        "internet_access": "wlan",
        "internet_access:fee": "no",
        "name": "Old Harbour Hotel",
        "payment:cash": "yes",
        "payment:credit_cards": "yes",
        "payment:debit_cards": "yes",
        "payment:upi": "yes",
        "phone": "+91 484 221 8006",
        "rooms": "13",
        "source": "survey",
        "stars": "4",
        "tourism": "hotel",
        "website": "http://www.oldharbourhotel.com/",
        "wikidata": "Q111401837"
      },
      "geometry": {
        "type": "Point",
        "coordinates": [
          76.2424837,
          9.967342
        ]
      },
      "id": "node/600348738"
    },
    {
      "type": "Feature",
      "properties": {
        "@id": "node/604848585",
        "name": "Emerald Isle Homestay",
        "tourism": "hotel"
      },
      "geometry": {
        "type": "Point",
        "coordinates": [
          76.4117524,
          9.4509212
        ]
      },
      "id": "node/604848585"
    },
    {
      "type": "Feature",
      "properties": {
        "@id": "node/604945594",
        "name": "KK Heritage",
        "tourism": "hotel"
      },
      "geometry": {
        "type": "Point",
        "coordinates": [
          75.4062721,
          11.8385415
        ]
      },
      "id": "node/604945594"
    },
    {
      "type": "Feature",
      "properties": {
        "@id": "node/647877782",
        "name": "Malabar Gate",
        "tourism": "hotel"
      },
      "geometry": {
        "type": "Point",
        "coordinates": [
          75.7871416,
          11.252495
        ]
      },
      "id": "node/647877782"
    },
    {
      "type": "Feature",
      "properties": {
        "@id": "node/647925157",
        "addr:city": "Fort Cochin",
        "name": "Chack Inn Home Stay",
        "tourism": "hotel"
      },
      "geometry": {
        "type": "Point",
        "coordinates": [
          76.2452975,
          9.963152
        ]
      },
      "id": "node/647925157"
    },
    {
      "type": "Feature",
      "properties": {
        "@id": "node/648149867",
        "name": "Lakshmi Resort",
        "tourism": "hotel"
      },
      "geometry": {
        "type": "Point",
        "coordinates": [
          76.4311278,
          9.6205495
        ]
      },
      "id": "node/648149867"
    },
    {
      "type": "Feature",
      "properties": {
        "@id": "node/648251557",
        "name": "Malayalam",
        "tourism": "hotel"
      },
      "geometry": {
        "type": "Point",
        "coordinates": [
          76.354599,
          9.5136898
        ]
      },
      "id": "node/648251557"
    },
    {
      "type": "Feature",
      "properties": {
        "@id": "node/648291756",
        "name": "Nani",
        "name:ml": "നാനി",
        "tourism": "hotel"
      },
      "geometry": {
        "type": "Point",
        "coordinates": [
          76.5908599,
          8.8849661
        ]
      },
      "id": "node/648291756"
    },
    {
      "type": "Feature",
      "properties": {
        "@id": "node/648642484",
        "name": "Geeth",
        "tourism": "hotel"
      },
      "geometry": {
        "type": "Point",
        "coordinates": [
          76.9471179,
          8.4943055
        ]
      },
      "id": "node/648642484"
    },
    {
      "type": "Feature",
      "properties": {
        "@id": "node/648648816",
        "addr:city": "Kovalam",
        "addr:country": "IN",
        "addr:postcode": "695527",
        "addr:state": "KL",
        "name": "Swagath Holiday Resort",
        "phone": "+91 999 508 8883",
        "tourism": "hotel",
        "website": "https://swagathresorts.com/"
      },
      "geometry": {
        "type": "Point",
        "coordinates": [
          76.9780008,
          8.3896073
        ]
      },
      "id": "node/648648816"
    },
    {
      "type": "Feature",
      "properties": {
        "@id": "node/649118802",
        "addr:city": "Ernakulam",
        "internet_access": "wlan",
        "name": "Grand Hotel",
        "stars": "3.5",
        "tourism": "hotel"
      },
      "geometry": {
        "type": "Point",
        "coordinates": [
          76.2852866,
          9.9705348
        ]
      },
      "id": "node/649118802"
    },
    {
      "type": "Feature",
      "properties": {
        "@id": "node/649165776",
        "name": "Copper Castle",
        "stars": "3",
        "tourism": "hotel"
      },
      "geometry": {
        "type": "Point",
        "coordinates": [
          77.0638645,
          10.0611853
        ]
      },
      "id": "node/649165776"
    },
    {
      "type": "Feature",
      "properties": {
        "@id": "node/671179032",
        "addr:city": "Fort Kochi",
        "addr:full": "1/371,372 Princess Street Fort Kochi 682 001",
        "check_date": "2025-02-02",
        "email": "courtyard@vsnl.com",
        "name": "The Old Courtyard Hotel",
        "phone": "+91 484221 6302",
        "source": "survey",
        "tourism": "hotel"
      },
      "geometry": {
        "type": "Point",
        "coordinates": [
          76.2425038,
          9.966651
        ]
      },
      "id": "node/671179032"
    },
    {
      "type": "Feature",
      "properties": {
        "@id": "node/671186842",
        "check_date": "2025-02-02",
        "name": "Fort Castle Hotel",
        "source": "GPS",
        "tourism": "hotel"
      },
      "geometry": {
        "type": "Point",
        "coordinates": [
          76.2421726,
          9.9670025
        ]
      },
      "id": "node/671186842"
    },
    {
      "type": "Feature",
      "properties": {
        "@id": "node/671528082",
        "addr:housenumber": "6/125",
        "addr:postcode": "682002",
        "addr:street": "Jew Town Road",
        "amenity": "restaurant",
        "cuisine": "indian",
        "email": "cazamaria1@gmail.com",
        "internet_access": "wlan",
        "name": "Caza Maria",
        "operator": "Joseph",
        "phone": "+919846050901",
        "tourism": "hotel"
      },
      "geometry": {
        "type": "Point",
        "coordinates": [
          76.2595398,
          9.9586771
        ]
      },
      "id": "node/671528082"
    },
    {
      "type": "Feature",
      "properties": {
        "@id": "node/778837193",
        "name": "Beach Hotel",
        "tourism": "hotel"
      },
      "geometry": {
        "type": "Point",
        "coordinates": [
          75.7712899,
          11.2523698
        ]
      },
      "id": "node/778837193"
    },
    {
      "type": "Feature",
      "properties": {
        "@id": "node/778837216",
        "name": "Hotel Sea Queen",
        "tourism": "hotel"
      },
      "geometry": {
        "type": "Point",
        "coordinates": [
          75.7720087,
          11.2507599
        ]
      },
      "id": "node/778837216"
    },
    {
      "type": "Feature",
      "properties": {
        "@id": "node/801694337",
        "name": "Gokulam Park Inn",
        "tourism": "hotel"
      },
      "geometry": {
        "type": "Point",
        "coordinates": [
          76.2905144,
          9.9935551
        ]
      },
      "id": "node/801694337"
    },
    {
      "type": "Feature",
      "properties": {
        "@id": "node/845922162",
        "amenity": "restaurant",
        "name": "Green Gates",
        "tourism": "hotel"
      },
      "geometry": {
        "type": "Point",
        "coordinates": [
          76.0881203,
          11.6293605
        ]
      },
      "id": "node/845922162"
    },
    {
      "type": "Feature",
      "properties": {
        "@id": "node/845922165",
        "amenity": "restaurant",
        "name": "Woodlands",
        "tourism": "hotel"
      },
      "geometry": {
        "type": "Point",
        "coordinates": [
          76.0835445,
          11.6158447
        ]
      },
      "id": "node/845922165"
    },
    {
      "type": "Feature",
      "properties": {
        "@id": "node/997577315",
        "name": "Elegance",
        "name:ml": "എലഗൻസ്",
        "shop": "beverages",
        "tourism": "hotel"
      },
      "geometry": {
        "type": "Point",
        "coordinates": [
          76.6095757,
          9.6826471
        ]
      },
      "id": "node/997577315"
    },
    {
      "type": "Feature",
      "properties": {
        "@id": "node/1063502173",
        "name": "Aradhana Tourist Home",
        "tourism": "hotel"
      },
      "geometry": {
        "type": "Point",
        "coordinates": [
          75.7847626,
          11.2449133
        ]
      },
      "id": "node/1063502173"
    },
    {
      "type": "Feature",
      "properties": {
        "@id": "node/1093609837",
        "name": "ITL Holiday Ressorts",
        "tourism": "hotel"
      },
      "geometry": {
        "type": "Point",
        "coordinates": [
          76.6806808,
          10.5331798
        ]
      },
      "id": "node/1093609837"
    },
    {
      "type": "Feature",
      "properties": {
        "@id": "node/1095001151",
        "name": "Hill Top",
        "tourism": "hotel"
      },
      "geometry": {
        "type": "Point",
        "coordinates": [
          76.6737777,
          10.5047941
        ]
      },
      "id": "node/1095001151"
    },
    {
      "type": "Feature",
      "properties": {
        "@id": "node/1096830942",
        "name": "Ciscilia Ressort",
        "tourism": "hotel"
      },
      "geometry": {
        "type": "Point",
        "coordinates": [
          76.7062096,
          10.5074115
        ]
      },
      "id": "node/1096830942"
    },
    {
      "type": "Feature",
      "properties": {
        "@id": "node/1111380519",
        "name": "Kairali Heritage",
        "tourism": "hotel"
      },
      "geometry": {
        "type": "Point",
        "coordinates": [
          75.3782803,
          11.94042
        ]
      },
      "id": "node/1111380519"
    },
    {
      "type": "Feature",
      "properties": {
        "@id": "node/1124398610",
        "internet_access": "wlan",
        "internet_access:fee": "no",
        "name": "Costa Gama Homestay",
        "tourism": "hotel"
      },
      "geometry": {
        "type": "Point",
        "coordinates": [
          76.2440784,
          9.9591478
        ]
      },
      "id": "node/1124398610"
    },
    {
      "type": "Feature",
      "properties": {
        "@id": "node/1124400506",
        "internet_access": "yes",
        "internet_access:fee": "no",
        "name": "Nattika Beach Resort",
        "tourism": "hotel",
        "wheelchair": "no"
      },
      "geometry": {
        "type": "Point",
        "coordinates": [
          76.0823387,
          10.4230053
        ]
      },
      "id": "node/1124400506"
    },
    {
      "type": "Feature",
      "properties": {
        "@id": "node/1149292205",
        "name": "Meadows International",
        "tourism": "hotel"
      },
      "geometry": {
        "type": "Point",
        "coordinates": [
          76.3340162,
          10.308389
        ]
      },
      "id": "node/1149292205"
    },
    {
      "type": "Feature",
      "properties": {
        "@id": "node/1162017896",
        "alt_name": "BTH;Bharat Tourist Home",
        "name": "Bharat Hotel",
        "tourism": "hotel"
      },
      "geometry": {
        "type": "Point",
        "coordinates": [
          76.281612,
          9.96737
        ]
      },
      "id": "node/1162017896"
    },
    {
      "type": "Feature",
      "properties": {
        "@id": "node/1170694344",
        "name": "White Gate Residency",
        "tourism": "hotel"
      },
      "geometry": {
        "type": "Point",
        "coordinates": [
          76.3988024,
          9.7583285
        ]
      },
      "id": "node/1170694344"
    },
    {
      "type": "Feature",
      "properties": {
        "@id": "node/1172852087",
        "name": "Vinagaya",
        "tourism": "hotel"
      },
      "geometry": {
        "type": "Point",
        "coordinates": [
          77.058702,
          10.0872144
        ]
      },
      "id": "node/1172852087"
    },
    {
      "type": "Feature",
      "properties": {
        "@id": "node/1172852923",
        "name": "Arfa Tourist Home",
        "tourism": "hotel"
      },
      "geometry": {
        "type": "Point",
        "coordinates": [
          77.0610441,
          10.0874683
        ]
      },
      "id": "node/1172852923"
    },
    {
      "type": "Feature",
      "properties": {
        "@id": "node/1172852980",
        "check_date": "2025-12-05",
        "name": "Royal Retreat",
        "tourism": "hotel"
      },
      "geometry": {
        "type": "Point",
        "coordinates": [
          77.0610023,
          10.0698569
        ]
      },
      "id": "node/1172852980"
    },
    {
      "type": "Feature",
      "properties": {
        "@id": "node/1172853511",
        "name": "Krishna Lodge",
        "tourism": "hotel"
      },
      "geometry": {
        "type": "Point",
        "coordinates": [
          77.0608037,
          10.0873628
        ]
      },
      "id": "node/1172853511"
    },
    {
      "type": "Feature",
      "properties": {
        "@id": "node/1172853667",
        "name": "Safa Lodge",
        "tourism": "hotel"
      },
      "geometry": {
        "type": "Point",
        "coordinates": [
          77.0608964,
          10.0874085
        ]
      },
      "id": "node/1172853667"
    },
    {
      "type": "Feature",
      "properties": {
        "@id": "node/1473224707",
        "name": "Arcadia Regency",
        "tourism": "hotel"
      },
      "geometry": {
        "type": "Point",
        "coordinates": [
          76.3384279,
          9.4961146
        ]
      },
      "id": "node/1473224707"
    },
    {
      "type": "Feature",
      "properties": {
        "@id": "node/1474036817",
        "name": "Alappat Regency",
        "tourism": "hotel"
      },
      "geometry": {
        "type": "Point",
        "coordinates": [
          76.3054396,
          10.0018035
        ]
      },
      "id": "node/1474036817"
    },
    {
      "type": "Feature",
      "properties": {
        "@id": "node/1474539449",
        "name": "The International",
        "tourism": "hotel"
      },
      "geometry": {
        "type": "Point",
        "coordinates": [
          76.2829885,
          9.9837722
        ]
      },
      "id": "node/1474539449"
    },
    {
      "type": "Feature",
      "properties": {
        "@id": "node/1474863490",
        "name": "Hotel Luciya",
        "tourism": "hotel"
      },
      "geometry": {
        "type": "Point",
        "coordinates": [
          76.2879727,
          9.9779671
        ]
      },
      "id": "node/1474863490"
    },
    {
      "type": "Feature",
      "properties": {
        "@id": "node/1645967795",
        "email": "info@haiwabeach.com",
        "internet_access": "wlan",
        "name": "The Haiwa Beach Residency",
        "tourism": "hotel",
        "website": "http://www.haiwabeach.com"
      },
      "geometry": {
        "type": "Point",
        "coordinates": [
          76.7046882,
          8.7389006
        ]
      },
      "id": "node/1645967795"
    },
    {
      "type": "Feature",
      "properties": {
        "@id": "node/1665821230",
        "name": "Chinnar Resort",
        "tourism": "hotel"
      },
      "geometry": {
        "type": "Point",
        "coordinates": [
          77.172668,
          10.2882642
        ]
      },
      "id": "node/1665821230"
    },
    {
      "type": "Feature",
      "properties": {
        "@id": "node/1667357188",
        "camera:mount": "pole",
        "camera:type": "fixed",
        "description": "AI Camera",
        "man_made": "surveillance",
        "name": "Munnar Inn;KL-KEL-KMVD-50-AICS-06-272",
        "operator": "Govt",
        "ref": "GH road",
        "surveillance": "public",
        "surveillance:type": "camera",
        "surveillance:zone": "traffic",
        "tourism": "hotel"
      },
      "geometry": {
        "type": "Point",
        "coordinates": [
          77.0601,
          10.0861
        ]
      },
      "id": "node/1667357188"
    },
    {
      "type": "Feature",
      "properties": {
        "@id": "node/1667358957",
        "name": "Hotel Almaaeda",
        "tourism": "hotel"
      },
      "geometry": {
        "type": "Point",
        "coordinates": [
          77.0605516,
          10.0868978
        ]
      },
      "id": "node/1667358957"
    },
    {
      "type": "Feature",
      "properties": {
        "@id": "node/1667359920",
        "check_date": "2023-01-26",
        "name": "Saravana Inn",
        "tourism": "hotel"
      },
      "geometry": {
        "type": "Point",
        "coordinates": [
          77.0596,
          10.0874
        ]
      },
      "id": "node/1667359920"
    },
    {
      "type": "Feature",
      "properties": {
        "@id": "node/1667360227",
        "name": "Raahath Inn",
        "tourism": "hotel"
      },
      "geometry": {
        "type": "Point",
        "coordinates": [
          77.0594764,
          10.0873716
        ]
      },
      "id": "node/1667360227"
    },
    {
      "type": "Feature",
      "properties": {
        "@id": "node/1667378779",
        "name": "Coffee Inn",
        "phone": "+91 4869 222763",
        "tourism": "hotel",
        "website": "https://www.coffeeinnthekkady.com/"
      },
      "geometry": {
        "type": "Point",
        "coordinates": [
          77.1709889,
          9.6001539
        ]
      },
      "id": "node/1667378779"
    },
    {
      "type": "Feature",
      "properties": {
        "@id": "node/1667378780",
        "amenity": "restaurant",
        "cuisine": "indian",
        "name": "Jungle Park Resort",
        "tourism": "hotel"
      },
      "geometry": {
        "type": "Point",
        "coordinates": [
          77.170616,
          9.6010963
        ]
      },
      "id": "node/1667378780"
    },
    {
      "type": "Feature",
      "properties": {
        "@id": "node/1667378785",
        "name": "Lords Nest",
        "tourism": "hotel"
      },
      "geometry": {
        "type": "Point",
        "coordinates": [
          77.17071,
          9.60078
        ]
      },
      "id": "node/1667378785"
    },
    {
      "type": "Feature",
      "properties": {
        "@id": "node/1667378826",
        "addr:city": "Thekkady",
        "addr:postcode": "685509",
        "addr:street": "Kumily - Thekkady Road",
        "internet_access": "wlan",
        "internet_access:fee": "no",
        "name": "Hotel Treetop Thekkady",
        "phone": "+91 98950 77199",
        "tourism": "hotel",
        "website": "Hotel Treetop Thekkady"
      },
      "geometry": {
        "type": "Point",
        "coordinates": [
          77.1711,
          9.60116
        ]
      },
      "id": "node/1667378826"
    },
    {
      "type": "Feature",
      "properties": {
        "@id": "node/1667386755",
        "name": "Gangothri Breeze Inn",
        "tourism": "hotel"
      },
      "geometry": {
        "type": "Point",
        "coordinates": [
          77.17155,
          9.5995126
        ]
      },
      "id": "node/1667386755"
    },
    {
      "type": "Feature",
      "properties": {
        "@id": "node/1667386766",
        "name": "Green Palace",
        "tourism": "hotel"
      },
      "geometry": {
        "type": "Point",
        "coordinates": [
          77.1711664,
          9.5997284
        ]
      },
      "id": "node/1667386766"
    },
    {
      "type": "Feature",
      "properties": {
        "@id": "node/1667386775",
        "name": "Hill View",
        "tourism": "hotel"
      },
      "geometry": {
        "type": "Point",
        "coordinates": [
          77.17238,
          9.59779
        ]
      },
      "id": "node/1667386775"
    },
    {
      "type": "Feature",
      "properties": {
        "@id": "node/1667386797",
        "name": "Marvel Inn",
        "tourism": "hotel"
      },
      "geometry": {
        "type": "Point",
        "coordinates": [
          77.1714,
          9.59911
        ]
      },
      "id": "node/1667386797"
    },
    {
      "type": "Feature",
      "properties": {
        "@id": "node/1667386806",
        "name": "The Hut",
        "tourism": "hotel"
      },
      "geometry": {
        "type": "Point",
        "coordinates": [
          77.1721,
          9.59836
        ]
      },
      "id": "node/1667386806"
    },
    {
      "type": "Feature",
      "properties": {
        "@id": "node/1667386813",
        "name": "Thekhady Castle",
        "tourism": "hotel"
      },
      "geometry": {
        "type": "Point",
        "coordinates": [
          77.17203,
          9.59846
        ]
      },
      "id": "node/1667386813"
    },
    {
      "type": "Feature",
      "properties": {
        "@id": "node/1667386816",
        "name": "White House",
        "tourism": "hotel"
      },
      "geometry": {
        "type": "Point",
        "coordinates": [
          77.17123,
          9.59956
        ]
      },
      "id": "node/1667386816"
    },
    {
      "type": "Feature",
      "properties": {
        "@id": "node/1667386818",
        "name": "Wild View",
        "tourism": "hotel"
      },
      "geometry": {
        "type": "Point",
        "coordinates": [
          77.17147,
          9.59897
        ]
      },
      "id": "node/1667386818"
    },
    {
      "type": "Feature",
      "properties": {
        "@id": "node/1667423977",
        "name": "Eco Inn",
        "tourism": "hotel"
      },
      "geometry": {
        "type": "Point",
        "coordinates": [
          77.17269,
          9.59758
        ]
      },
      "id": "node/1667423977"
    },
    {
      "type": "Feature",
      "properties": {
        "@id": "node/1667516185",
        "name": "Elan Hills Resort",
        "tourism": "hotel"
      },
      "geometry": {
        "type": "Point",
        "coordinates": [
          77.1508408,
          9.6115818
        ]
      },
      "id": "node/1667516185"
    },
    {
      "type": "Feature",
      "properties": {
        "@id": "node/1667539884",
        "name": "Lake Palace KTDC",
        "tourism": "hotel"
      },
      "geometry": {
        "type": "Point",
        "coordinates": [
          77.1702098,
          9.5562594
        ]
      },
      "id": "node/1667539884"
    },
    {
      "type": "Feature",
      "properties": {
        "@id": "node/1668508983",
        "name": "Adam's Old Inn",
        "tourism": "hotel"
      },
      "geometry": {
        "type": "Point",
        "coordinates": [
          76.2427734,
          9.9662088
        ]
      },
      "id": "node/1668508983"
    },
    {
      "type": "Feature",
      "properties": {
        "@id": "node/1668517586",
        "name": "Princess Inn",
        "tourism": "hotel",
        "wheelchair": "yes"
      },
      "geometry": {
        "type": "Point",
        "coordinates": [
          76.2429463,
          9.9670562
        ]
      },
      "id": "node/1668517586"
    },
    {
      "type": "Feature",
      "properties": {
        "@id": "node/1668520864",
        "check_date": "2026-02-12",
        "name": "Raintree Lodge",
        "source": "survey",
        "tourism": "hotel",
        "wheelchair": "no"
      },
      "geometry": {
        "type": "Point",
        "coordinates": [
          76.2415742,
          9.9644416
        ]
      },
      "id": "node/1668520864"
    },
    {
      "type": "Feature",
      "properties": {
        "@id": "node/1668530783",
        "addr:city": "Fort Kochi",
        "check_date": "2022-12-09",
        "name": "Toms Old Mansion",
        "tourism": "hotel"
      },
      "geometry": {
        "type": "Point",
        "coordinates": [
          76.24235,
          9.9664
        ]
      },
      "id": "node/1668530783"
    },
    {
      "type": "Feature",
      "properties": {
        "@id": "node/1668531719",
        "check_date": "2025-02-02",
        "name": "Hotel Arches",
        "source": "survey",
        "tourism": "hotel"
      },
      "geometry": {
        "type": "Point",
        "coordinates": [
          76.24155,
          9.96617
        ]
      },
      "id": "node/1668531719"
    },
    {
      "type": "Feature",
      "properties": {
        "@id": "node/1668533847",
        "name": "Chiramel Residency",
        "tourism": "hotel"
      },
      "geometry": {
        "type": "Point",
        "coordinates": [
          76.23988,
          9.96426
        ]
      },
      "id": "node/1668533847"
    },
    {
      "type": "Feature",
      "properties": {
        "@id": "node/1668535174",
        "name": "Bernard Bungalow",
        "tourism": "hotel"
      },
      "geometry": {
        "type": "Point",
        "coordinates": [
          76.2398189,
          9.9644474
        ]
      },
      "id": "node/1668535174"
    },
    {
      "type": "Feature",
      "properties": {
        "@id": "node/1668541697",
        "name": "The Poovath Heritage",
        "tourism": "hotel"
      },
      "geometry": {
        "type": "Point",
        "coordinates": [
          76.238549,
          9.9644269
        ]
      },
      "id": "node/1668541697"
    },
    {
      "type": "Feature",
      "properties": {
        "@id": "node/1668608678",
        "name": "Pearl View Hotel",
        "tourism": "hotel"
      },
      "geometry": {
        "type": "Point",
        "coordinates": [
          75.4794096,
          11.764123
        ]
      },
      "id": "node/1668608678"
    },
    {
      "type": "Feature",
      "properties": {
        "@id": "node/1668613043",
        "name": "Hotel Cairo",
        "tourism": "hotel"
      },
      "geometry": {
        "type": "Point",
        "coordinates": [
          76.4301915,
          9.9707135
        ]
      },
      "id": "node/1668613043"
    },
    {
      "type": "Feature",
      "properties": {
        "@id": "node/1668613890",
        "name": "Hotel Rose Residency",
        "tourism": "hotel"
      },
      "geometry": {
        "type": "Point",
        "coordinates": [
          76.46576,
          9.97945
        ]
      },
      "id": "node/1668613890"
    },
    {
      "type": "Feature",
      "properties": {
        "@id": "node/1668645812",
        "name": "Malabar Palace",
        "tourism": "hotel"
      },
      "geometry": {
        "type": "Point",
        "coordinates": [
          76.7618804,
          10.0548196
        ]
      },
      "id": "node/1668645812"
    },
    {
      "type": "Feature",
      "properties": {
        "@id": "node/1668703470",
        "check_date": "2025-12-05",
        "name": "Hill View",
        "tourism": "hotel"
      },
      "geometry": {
        "type": "Point",
        "coordinates": [
          77.061,
          10.07
        ]
      },
      "id": "node/1668703470"
    },
    {
      "type": "Feature",
      "properties": {
        "@id": "node/1668717541",
        "name": "Aida Tourist Home",
        "tourism": "hotel"
      },
      "geometry": {
        "type": "Point",
        "coordinates": [
          77.06143,
          10.0746
        ]
      },
      "id": "node/1668717541"
    },
    {
      "type": "Feature",
      "properties": {
        "@id": "node/1668717542",
        "name": "Clouds Valley",
        "tourism": "hotel"
      },
      "geometry": {
        "type": "Point",
        "coordinates": [
          77.06174,
          10.07461
        ]
      },
      "id": "node/1668717542"
    },
    {
      "type": "Feature",
      "properties": {
        "@id": "node/1668717544",
        "name": "Poopada",
        "tourism": "hotel"
      },
      "geometry": {
        "type": "Point",
        "coordinates": [
          77.06136,
          10.07615
        ]
      },
      "id": "node/1668717544"
    },
    {
      "type": "Feature",
      "properties": {
        "@id": "node/1668734378",
        "name": "Silver Tips",
        "tourism": "hotel"
      },
      "geometry": {
        "type": "Point",
        "coordinates": [
          77.0626513,
          10.078269
        ]
      },
      "id": "node/1668734378"
    },
    {
      "type": "Feature",
      "properties": {
        "@id": "node/1669968734",
        "name": "Lotus8",
        "name:ml": "ലോട്ടസ്8",
        "tourism": "hotel",
        "website": "https://lotus8hotels.com/"
      },
      "geometry": {
        "type": "Point",
        "coordinates": [
          76.3889722,
          10.1610521
        ]
      },
      "id": "node/1669968734"
    },
    {
      "type": "Feature",
      "properties": {
        "@id": "node/1681677545",
        "name": "Paris Presidency",
        "tourism": "hotel"
      },
      "geometry": {
        "type": "Point",
        "coordinates": [
          75.4900683,
          11.7476439
        ]
      },
      "id": "node/1681677545"
    },
    {
      "type": "Feature",
      "properties": {
        "@id": "node/1683007278",
        "tourism": "hotel"
      },
      "geometry": {
        "type": "Point",
        "coordinates": [
          76.9563487,
          8.4399514
        ]
      },
      "id": "node/1683007278"
    },
    {
      "type": "Feature",
      "properties": {
        "@id": "node/1686026981",
        "name": "K K Residency",
        "tourism": "hotel"
      },
      "geometry": {
        "type": "Point",
        "coordinates": [
          75.2068312,
          12.1066854
        ]
      },
      "id": "node/1686026981"
    },
    {
      "type": "Feature",
      "properties": {
        "@id": "node/1704785144",
        "name": "Sea View Palace",
        "tourism": "hotel"
      },
      "geometry": {
        "type": "Point",
        "coordinates": [
          76.9800524,
          8.3857644
        ]
      },
      "id": "node/1704785144"
    },
    {
      "type": "Feature",
      "properties": {
        "@id": "node/1804935563",
        "name": "Sidhartha Regency",
        "tourism": "hotel"
      },
      "geometry": {
        "type": "Point",
        "coordinates": [
          76.2106835,
          10.5139846
        ]
      },
      "id": "node/1804935563"
    },
    {
      "type": "Feature",
      "properties": {
        "@id": "node/1842326937",
        "tourism": "hotel"
      },
      "geometry": {
        "type": "Point",
        "coordinates": [
          76.2562114,
          11.6623195
        ]
      },
      "id": "node/1842326937"
    },
    {
      "type": "Feature",
      "properties": {
        "@id": "node/1842326955",
        "name": "Pepper Grove",
        "tourism": "hotel"
      },
      "geometry": {
        "type": "Point",
        "coordinates": [
          76.2494616,
          11.6507669
        ]
      },
      "id": "node/1842326955"
    },
    {
      "type": "Feature",
      "properties": {
        "@id": "node/1842405600",
        "name": "Kappad Beach Resort",
        "tourism": "hotel"
      },
      "geometry": {
        "type": "Point",
        "coordinates": [
          75.7135505,
          11.3955768
        ]
      },
      "id": "node/1842405600"
    },
    {
      "type": "Feature",
      "properties": {
        "@id": "node/1989446721",
        "check_date": "2025-10-24",
        "name": "Surya Residency & Bar",
        "tourism": "hotel"
      },
      "geometry": {
        "type": "Point",
        "coordinates": [
          76.6555675,
          10.7698916
        ]
      },
      "id": "node/1989446721"
    },
    {
      "type": "Feature",
      "properties": {
        "@id": "node/1991003297",
        "name": "Nobel Plaza Hotel & Lodge",
        "tourism": "hotel"
      },
      "geometry": {
        "type": "Point",
        "coordinates": [
          76.6490838,
          10.7680125
        ]
      },
      "id": "node/1991003297"
    },
    {
      "type": "Feature",
      "properties": {
        "@id": "node/1991003397",
        "tourism": "hotel"
      },
      "geometry": {
        "type": "Point",
        "coordinates": [
          76.6499475,
          10.7686186
        ]
      },
      "id": "node/1991003397"
    },
    {
      "type": "Feature",
      "properties": {
        "@id": "node/1995265847",
        "name": "Oasis Residency & Guest House",
        "tourism": "hotel"
      },
      "geometry": {
        "type": "Point",
        "coordinates": [
          76.6548545,
          10.7696743
        ]
      },
      "id": "node/1995265847"
    },
    {
      "type": "Feature",
      "properties": {
        "@id": "node/2013145770",
        "name": "Plantation Valley Farm Resort",
        "tourism": "hotel"
      },
      "geometry": {
        "type": "Point",
        "coordinates": [
          76.547978,
          10.2905453
        ]
      },
      "id": "node/2013145770"
    },
    {
      "type": "Feature",
      "properties": {
        "@id": "node/2013145771",
        "name": "Rainforest Resort",
        "tourism": "hotel"
      },
      "geometry": {
        "type": "Point",
        "coordinates": [
          76.5668441,
          10.2878328
        ]
      },
      "id": "node/2013145771"
    },
    {
      "type": "Feature",
      "properties": {
        "@id": "node/2080774670",
        "name": "Hostel Sea Bee",
        "tourism": "hotel"
      },
      "geometry": {
        "type": "Point",
        "coordinates": [
          76.5847223,
          8.889264
        ]
      },
      "id": "node/2080774670"
    },
    {
      "type": "Feature",
      "properties": {
        "@id": "node/2108735990",
        "addr:city": "Munnar",
        "addr:country": "IN",
        "addr:region": "Kerala",
        "name": "Blackberry Hills",
        "source": "Bing",
        "tourism": "hotel"
      },
      "geometry": {
        "type": "Point",
        "coordinates": [
          77.0512686,
          10.0501444
        ]
      },
      "id": "node/2108735990"
    },
    {
      "type": "Feature",
      "properties": {
        "@id": "node/2119188304",
        "addr:city": "Thekkady",
        "addr:country": "IN",
        "addr:region": "Kerala",
        "alt_name": "Green Woods Resort",
        "name": "Greenwoods Resort",
        "phone": "+91 4869 222752",
        "source": "Bing",
        "stars": "5",
        "tourism": "hotel",
        "website": "https://www.greenwoods.in"
      },
      "geometry": {
        "type": "Point",
        "coordinates": [
          77.1669845,
          9.6082189
        ]
      },
      "id": "node/2119188304"
    },
    {
      "type": "Feature",
      "properties": {
        "@id": "node/2127437101",
        "name": "Calicut Tower",
        "tourism": "hotel"
      },
      "geometry": {
        "type": "Point",
        "coordinates": [
          75.7884978,
          11.260193
        ]
      },
      "id": "node/2127437101"
    },
    {
      "type": "Feature",
      "properties": {
        "@id": "node/2152043487",
        "name": "Samsara Harmony",
        "tourism": "hotel",
        "website": "http://www.samsaraharmony.com"
      },
      "geometry": {
        "type": "Point",
        "coordinates": [
          76.6918307,
          8.7535773
        ]
      },
      "id": "node/2152043487"
    },
    {
      "type": "Feature",
      "properties": {
        "@id": "node/2152043498",
        "name": "The Gateway Hotel",
        "tourism": "hotel"
      },
      "geometry": {
        "type": "Point",
        "coordinates": [
          76.7077583,
          8.7344776
        ]
      },
      "id": "node/2152043498"
    },
    {
      "type": "Feature",
      "properties": {
        "@id": "node/2195975534",
        "check_date": "2026-01-15",
        "name": "Ballard Bungalow Heritage Hotel",
        "tourism": "hotel"
      },
      "geometry": {
        "type": "Point",
        "coordinates": [
          76.2462368,
          9.9679439
        ]
      },
      "id": "node/2195975534"
    },
    {
      "type": "Feature",
      "properties": {
        "@id": "node/2195975545",
        "name": "Fort House Hotel",
        "tourism": "hotel"
      },
      "geometry": {
        "type": "Point",
        "coordinates": [
          76.2496238,
          9.9687067
        ]
      },
      "id": "node/2195975545"
    },
    {
      "type": "Feature",
      "properties": {
        "@id": "node/2195975546",
        "check_date": "2026-02-12",
        "name": "Fort Inn",
        "tourism": "hotel"
      },
      "geometry": {
        "type": "Point",
        "coordinates": [
          76.2483259,
          9.9684149
        ]
      },
      "id": "node/2195975546"
    },
    {
      "type": "Feature",
      "properties": {
        "@id": "node/2195975553",
        "addr:city": "Fort Kochi",
        "name": "Hotel Fort Manor",
        "tourism": "hotel"
      },
      "geometry": {
        "type": "Point",
        "coordinates": [
          76.2449612,
          9.967404
        ]
      },
      "id": "node/2195975553"
    },
    {
      "type": "Feature",
      "properties": {
        "@id": "node/2195975560",
        "addr:city": "Fort Cochin",
        "name": "Saj Home Stay",
        "tourism": "hotel"
      },
      "geometry": {
        "type": "Point",
        "coordinates": [
          76.2454919,
          9.9630747
        ]
      },
      "id": "node/2195975560"
    },
    {
      "type": "Feature",
      "properties": {
        "@id": "node/2232463848",
        "addr:city": "Ernakulam",
        "addr:country": "IN",
        "addr:postcode": "682016",
        "addr:state": "KL",
        "addr:street": "Nettipadam Road",
        "name": "SM Regency",
        "tourism": "hotel"
      },
      "geometry": {
        "type": "Point",
        "coordinates": [
          76.2870528,
          9.9670689
        ]
      },
      "id": "node/2232463848"
    },
    {
      "type": "Feature",
      "properties": {
        "@id": "node/2232505077",
        "addr:city": "Kovalam",
        "addr:country": "IN",
        "addr:postcode": "695527",
        "addr:state": "KL",
        "addr:street": "Beach Road",
        "internet_access": "wlan",
        "internet_access:fee": "no",
        "name": "Kovalam Beach",
        "tourism": "hotel",
        "website": "https://kovalambeachhotel.com",
        "wheelchair": "yes"
      },
      "geometry": {
        "type": "Point",
        "coordinates": [
          76.9751013,
          8.3908083
        ]
      },
      "id": "node/2232505077"
    },
    {
      "type": "Feature",
      "properties": {
        "@id": "node/2232505078",
        "addr:city": "Kovalam",
        "addr:country": "IN",
        "addr:postcode": "695527",
        "addr:state": "KL",
        "addr:street": "Beach Road",
        "email": "drnishavinod@gmail.com",
        "internet_access": "wlan",
        "internet_access:fee": "no",
        "name": "Linchu Ayurvedic Beach Resort",
        "operator": "Dr. Nisha",
        "phone": "+91 0471 2481010",
        "tourism": "hotel",
        "wheelchair": "no"
      },
      "geometry": {
        "type": "Point",
        "coordinates": [
          76.9778989,
          8.3881805
        ]
      },
      "id": "node/2232505078"
    },
    {
      "type": "Feature",
      "properties": {
        "@id": "node/2232505079",
        "addr:city": "Kovalam",
        "addr:country": "IN",
        "addr:postcode": "695527",
        "addr:state": "KL",
        "addr:street": "Beach Road",
        "amenity": "restaurant",
        "name": "Sea Rock",
        "tourism": "hotel"
      },
      "geometry": {
        "type": "Point",
        "coordinates": [
          76.976694,
          8.3881602
        ]
      },
      "id": "node/2232505079"
    },
    {
      "type": "Feature",
      "properties": {
        "@id": "node/2232505080",
        "addr:city": "Kovalam",
        "addr:country": "IN",
        "addr:postcode": "695527",
        "addr:state": "KL",
        "amenity": "restaurant",
        "name": "Sea View",
        "tourism": "hotel"
      },
      "geometry": {
        "type": "Point",
        "coordinates": [
          76.9750666,
          8.3902619
        ]
      },
      "id": "node/2232505080"
    },
    {
      "type": "Feature",
      "properties": {
        "@id": "node/2345342946",
        "name": "Malabar Hotel",
        "tourism": "hotel"
      },
      "geometry": {
        "type": "Point",
        "coordinates": [
          76.3083263,
          9.8446347
        ]
      },
      "id": "node/2345342946"
    },
    {
      "type": "Feature",
      "properties": {
        "@id": "node/2376366195",
        "name": "Kukies Holiday Inn",
        "tourism": "hotel"
      },
      "geometry": {
        "type": "Point",
        "coordinates": [
          76.947108,
          8.4923643
        ]
      },
      "id": "node/2376366195"
    },
    {
      "type": "Feature",
      "properties": {
        "@id": "node/2422636533",
        "addr:street": "Court Road",
        "name": "Saaman",
        "tourism": "hotel"
      },
      "geometry": {
        "type": "Point",
        "coordinates": [
          75.9226974,
          10.917016
        ]
      },
      "id": "node/2422636533"
    },
    {
      "type": "Feature",
      "properties": {
        "@id": "node/2443064858",
        "name": "Greenland Farm House",
        "tourism": "hotel"
      },
      "geometry": {
        "type": "Point",
        "coordinates": [
          76.7304467,
          10.5574947
        ]
      },
      "id": "node/2443064858"
    },
    {
      "type": "Feature",
      "properties": {
        "@id": "node/2493489408",
        "name": "Sea Pearl",
        "tourism": "hotel"
      },
      "geometry": {
        "type": "Point",
        "coordinates": [
          76.6057433,
          8.8903237
        ]
      },
      "id": "node/2493489408"
    },
    {
      "type": "Feature",
      "properties": {
        "@id": "node/2493490225",
        "name": "Gama Heritage Residency",
        "tourism": "hotel"
      },
      "geometry": {
        "type": "Point",
        "coordinates": [
          76.2403852,
          9.9618099
        ]
      },
      "id": "node/2493490225"
    },
    {
      "type": "Feature",
      "properties": {
        "@id": "node/2528234194",
        "air_conditioning": "yes",
        "email": "sreelakshmipark@gmail.com",
        "name": "Sree Lakshmi Park",
        "phone": "+91 481 2546073",
        "tourism": "hotel",
        "website": "http://www.sreelakshmipark.com"
      },
      "geometry": {
        "type": "Point",
        "coordinates": [
          76.6058251,
          9.6372642
        ]
      },
      "id": "node/2528234194"
    },
    {
      "type": "Feature",
      "properties": {
        "@id": "node/2573934176",
        "name": "Seashell Haris Beach Resort",
        "tourism": "hotel"
      },
      "geometry": {
        "type": "Point",
        "coordinates": [
          75.3963785,
          11.844108
        ]
      },
      "id": "node/2573934176"
    },
    {
      "type": "Feature",
      "properties": {
        "@id": "node/2602992904",
        "name": "Johns Residency",
        "tourism": "hotel"
      },
      "geometry": {
        "type": "Point",
        "coordinates": [
          76.2821647,
          9.9746088
        ]
      },
      "id": "node/2602992904"
    },
    {
      "type": "Feature",
      "properties": {
        "@id": "node/2602992905",
        "name": "Royal Lakshadweep",
        "tourism": "hotel"
      },
      "geometry": {
        "type": "Point",
        "coordinates": [
          76.2813935,
          9.9727975
        ]
      },
      "id": "node/2602992905"
    },
    {
      "type": "Feature",
      "properties": {
        "@id": "node/2602992907",
        "name": "Sapphire Tourist Home",
        "tourism": "hotel"
      },
      "geometry": {
        "type": "Point",
        "coordinates": [
          76.2804291,
          9.9736045
        ]
      },
      "id": "node/2602992907"
    },
    {
      "type": "Feature",
      "properties": {
        "@id": "node/2615719130",
        "addr:city": "Gururvayur",
        "addr:postcode": "689101",
        "name": "Sopanam Heritage",
        "tourism": "hotel"
      },
      "geometry": {
        "type": "Point",
        "coordinates": [
          76.0447954,
          10.592254
        ]
      },
      "id": "node/2615719130"
    },
    {
      "type": "Feature",
      "properties": {
        "@id": "node/2623349401",
        "addr:city": "Mananthavady",
        "name": "Varnam Homestay",
        "tourism": "hotel",
        "website": "http://www.varnamhomestay.com"
      },
      "geometry": {
        "type": "Point",
        "coordinates": [
          76.0665299,
          11.8276565
        ]
      },
      "id": "node/2623349401"
    },
    {
      "type": "Feature",
      "properties": {
        "@id": "node/2625240811",
        "name": "Hackson",
        "tourism": "hotel"
      },
      "geometry": {
        "type": "Point",
        "coordinates": [
          76.0041753,
          11.8027169
        ]
      },
      "id": "node/2625240811"
    },
    {
      "type": "Feature",
      "properties": {
        "@id": "node/2627396084",
        "check_date": "2026-02-12",
        "name": "Casa Linda",
        "tourism": "hotel"
      },
      "geometry": {
        "type": "Point",
        "coordinates": [
          76.2455327,
          9.9666362
        ]
      },
      "id": "node/2627396084"
    },
    {
      "type": "Feature",
      "properties": {
        "@id": "node/2627396110",
        "air_conditioning": "yes",
        "check_date": "2024-01-19",
        "internet_access": "wlan",
        "internet_access:fee": "customers",
        "name": "Eighth Bastion",
        "name:en": "Eighth Bastion",
        "payment:american_express": "yes",
        "payment:cash": "yes",
        "payment:mastercard": "yes",
        "payment:visa": "yes",
        "payment:visa_debit": "yes",
        "reservation": "yes",
        "stars": "4",
        "tourism": "hotel",
        "wheelchair": "yes"
      },
      "geometry": {
        "type": "Point",
        "coordinates": [
          76.2389273,
          9.964637
        ]
      },
      "id": "node/2627396110"
    },
    {
      "type": "Feature",
      "properties": {
        "@id": "node/2635014329",
        "name": "Deshadan Mountain Resort",
        "tourism": "hotel"
      },
      "geometry": {
        "type": "Point",
        "coordinates": [
          77.071573,
          10.0559762
        ]
      },
      "id": "node/2635014329"
    },
    {
      "type": "Feature",
      "properties": {
        "@id": "node/2635014667",
        "name": "Les 3 Éléphants",
        "tourism": "hotel",
        "website": "www.3elephants.in"
      },
      "geometry": {
        "type": "Point",
        "coordinates": [
          76.1741439,
          10.158036
        ]
      },
      "id": "node/2635014667"
    },
    {
      "type": "Feature",
      "properties": {
        "@id": "node/2635015159",
        "name": "Goodlife Holidays Resorts & Homestay",
        "tourism": "hotel"
      },
      "geometry": {
        "type": "Point",
        "coordinates": [
          76.3446132,
          9.5024074
        ]
      },
      "id": "node/2635015159"
    },
    {
      "type": "Feature",
      "properties": {
        "@id": "node/2643092476",
        "name": "Oceano Cliff",
        "phone": "+91 470 2612288",
        "tourism": "hotel",
        "website": "https://oceanocliff.com/"
      },
      "geometry": {
        "type": "Point",
        "coordinates": [
          76.7117259,
          8.7265923
        ]
      },
      "id": "node/2643092476"
    },
    {
      "type": "Feature",
      "properties": {
        "@id": "node/2643092544",
        "name": "Varkala Bamboo Village Beach Resort",
        "tourism": "hotel"
      },
      "geometry": {
        "type": "Point",
        "coordinates": [
          76.7101621,
          8.72779
        ]
      },
      "id": "node/2643092544"
    },
    {
      "type": "Feature",
      "properties": {
        "@id": "node/2643092589",
        "name": "Sandy Beach Retreat",
        "tourism": "hotel"
      },
      "geometry": {
        "type": "Point",
        "coordinates": [
          76.6939319,
          8.7509165
        ]
      },
      "id": "node/2643092589"
    },
    {
      "type": "Feature",
      "properties": {
        "@id": "node/2643092700",
        "name": "Salient",
        "name:ml": "സാലിയന്റ്",
        "tourism": "hotel",
        "website": "https://www.youtube.com/watch?v=_b2ie5xxXHk"
      },
      "geometry": {
        "type": "Point",
        "coordinates": [
          76.7165354,
          8.7209847
        ]
      },
      "id": "node/2643092700"
    },
    {
      "type": "Feature",
      "properties": {
        "@id": "node/2643096474",
        "name": "Mummy Bamboo House",
        "tourism": "hotel"
      },
      "geometry": {
        "type": "Point",
        "coordinates": [
          76.7015116,
          8.7386181
        ]
      },
      "id": "node/2643096474"
    },
    {
      "type": "Feature",
      "properties": {
        "@id": "node/2643096632",
        "name": "Kaithakuzhi Guesthouse",
        "tourism": "hotel"
      },
      "geometry": {
        "type": "Point",
        "coordinates": [
          76.7015588,
          8.7387404
        ]
      },
      "id": "node/2643096632"
    },
    {
      "type": "Feature",
      "properties": {
        "@id": "node/2643096929",
        "name": "Raj Palace",
        "tourism": "hotel"
      },
      "geometry": {
        "type": "Point",
        "coordinates": [
          76.7015074,
          8.7384773
        ]
      },
      "id": "node/2643096929"
    },
    {
      "type": "Feature",
      "properties": {
        "@id": "node/2643765392",
        "name": "Raj Mahal",
        "tourism": "hotel"
      },
      "geometry": {
        "type": "Point",
        "coordinates": [
          76.9386652,
          8.4830447
        ]
      },
      "id": "node/2643765392"
    },
    {
      "type": "Feature",
      "properties": {
        "@id": "node/2643765456",
        "name": "Rose Tourist Home",
        "tourism": "hotel"
      },
      "geometry": {
        "type": "Point",
        "coordinates": [
          76.9186927,
          8.475198
        ]
      },
      "id": "node/2643765456"
    },
    {
      "type": "Feature",
      "properties": {
        "@id": "node/2643765478",
        "name": "Sunday Bed & Breakfast",
        "tourism": "hotel"
      },
      "geometry": {
        "type": "Point",
        "coordinates": [
          76.9191165,
          8.4749666
        ]
      },
      "id": "node/2643765478"
    },
    {
      "type": "Feature",
      "properties": {
        "@id": "node/2644149425",
        "name": "Hotel",
        "tourism": "hotel"
      },
      "geometry": {
        "type": "Point",
        "coordinates": [
          76.0731113,
          10.8855093
        ]
      },
      "id": "node/2644149425"
    },
    {
      "type": "Feature",
      "properties": {
        "@id": "node/2650128411",
        "name": "Gruenberg",
        "tourism": "hotel"
      },
      "geometry": {
        "type": "Point",
        "coordinates": [
          77.0449935,
          10.0344726
        ]
      },
      "id": "node/2650128411"
    },
    {
      "type": "Feature",
      "properties": {
        "@id": "node/2657552933",
        "name": "Deauvill Resort",
        "tourism": "hotel"
      },
      "geometry": {
        "type": "Point",
        "coordinates": [
          76.7011397,
          8.7394447
        ]
      },
      "id": "node/2657552933"
    },
    {
      "type": "Feature",
      "properties": {
        "@id": "node/2671003599",
        "name": "The Bungalow Heritage Homestay",
        "tourism": "hotel",
        "website": "https://www.thebungalow.in/"
      },
      "geometry": {
        "type": "Point",
        "coordinates": [
          76.2424341,
          9.9751576
        ]
      },
      "id": "node/2671003599"
    },
    {
      "type": "Feature",
      "properties": {
        "@id": "node/2715667927",
        "name": "greensand",
        "operator": "privat",
        "tourism": "hotel"
      },
      "geometry": {
        "type": "Point",
        "coordinates": [
          75.9076008,
          11.0709961
        ]
      },
      "id": "node/2715667927"
    },
    {
      "type": "Feature",
      "properties": {
        "@id": "node/2756307925",
        "tourism": "hotel"
      },
      "geometry": {
        "type": "Point",
        "coordinates": [
          77.0795197,
          10.0490858
        ]
      },
      "id": "node/2756307925"
    },
    {
      "type": "Feature",
      "properties": {
        "@id": "node/2766437763",
        "addr:city": "Kovalam",
        "name": "Dolphin",
        "tourism": "hotel"
      },
      "geometry": {
        "type": "Point",
        "coordinates": [
          76.9808543,
          8.3828146
        ]
      },
      "id": "node/2766437763"
    },
    {
      "type": "Feature",
      "properties": {
        "@id": "node/2790823892",
        "name": "Hill View",
        "tourism": "hotel"
      },
      "geometry": {
        "type": "Point",
        "coordinates": [
          76.7021002,
          8.737887
        ]
      },
      "id": "node/2790823892"
    },
    {
      "type": "Feature",
      "properties": {
        "@id": "node/2828696636",
        "name": "Abad Harmonia",
        "tourism": "hotel"
      },
      "geometry": {
        "type": "Point",
        "coordinates": [
          77.0202352,
          8.3560724
        ]
      },
      "id": "node/2828696636"
    },
    {
      "type": "Feature",
      "properties": {
        "@id": "node/2831476223",
        "name": "Kodungallur Temple Satram",
        "operator": "govt",
        "tourism": "hotel"
      },
      "geometry": {
        "type": "Point",
        "coordinates": [
          76.1980466,
          10.2262569
        ]
      },
      "id": "node/2831476223"
    },
    {
      "type": "Feature",
      "properties": {
        "@id": "node/2879762586",
        "name": "Yamuna Tourist Home",
        "tourism": "hotel"
      },
      "geometry": {
        "type": "Point",
        "coordinates": [
          76.730055,
          9.1565894
        ]
      },
      "id": "node/2879762586"
    },
    {
      "type": "Feature",
      "properties": {
        "@id": "node/2893371881",
        "name": "Srivar Hotels",
        "tourism": "hotel"
      },
      "geometry": {
        "type": "Point",
        "coordinates": [
          76.0367059,
          10.5940523
        ]
      },
      "id": "node/2893371881"
    },
    {
      "type": "Feature",
      "properties": {
        "@id": "node/2900713788",
        "name": "KFDC Gavi",
        "tourism": "hotel"
      },
      "geometry": {
        "type": "Point",
        "coordinates": [
          77.1598574,
          9.4403989
        ]
      },
      "id": "node/2900713788"
    },
    {
      "type": "Feature",
      "properties": {
        "@id": "node/2936635087",
        "name": "Bhasuri Inn",
        "tourism": "hotel",
        "website": "https://www.bhasuriinn.com/"
      },
      "geometry": {
        "type": "Point",
        "coordinates": [
          76.0437848,
          10.5923762
        ]
      },
      "id": "node/2936635087"
    },
    {
      "type": "Feature",
      "properties": {
        "@id": "node/3029111533",
        "name": "Coffee Aroma Resort",
        "tourism": "hotel"
      },
      "geometry": {
        "type": "Point",
        "coordinates": [
          76.0966618,
          11.5591923
        ]
      },
      "id": "node/3029111533"
    },
    {
      "type": "Feature",
      "properties": {
        "@id": "node/3081452399",
        "name": "Hotel Devaragam",
        "tourism": "hotel"
      },
      "geometry": {
        "type": "Point",
        "coordinates": [
          76.0445934,
          10.5956543
        ]
      },
      "id": "node/3081452399"
    },
    {
      "type": "Feature",
      "properties": {
        "@id": "node/3084213617",
        "name": "Krishna Inn",
        "tourism": "hotel"
      },
      "geometry": {
        "type": "Point",
        "coordinates": [
          76.0441522,
          10.5946667
        ]
      },
      "id": "node/3084213617"
    },
    {
      "type": "Feature",
      "properties": {
        "@id": "node/3084213618",
        "name": "Remanika Regency Tourist Home",
        "tourism": "hotel"
      },
      "geometry": {
        "type": "Point",
        "coordinates": [
          76.0437454,
          10.5943362
        ]
      },
      "id": "node/3084213618"
    },
    {
      "type": "Feature",
      "properties": {
        "@id": "node/3084214340",
        "name": "Hotel RV Tower",
        "tourism": "hotel"
      },
      "geometry": {
        "type": "Point",
        "coordinates": [
          76.0458527,
          10.5946825
        ]
      },
      "id": "node/3084214340"
    },
    {
      "type": "Feature",
      "properties": {
        "@id": "node/3084214345",
        "name": "Babu Lodge",
        "tourism": "hotel"
      },
      "geometry": {
        "type": "Point",
        "coordinates": [
          76.0451285,
          10.5935383
        ]
      },
      "id": "node/3084214345"
    },
    {
      "type": "Feature",
      "properties": {
        "@id": "node/3084239503",
        "name": "Dept. of Tourism Govt. Guest House",
        "tourism": "hotel"
      },
      "geometry": {
        "type": "Point",
        "coordinates": [
          76.0450483,
          10.5958618
        ]
      },
      "id": "node/3084239503"
    },
    {
      "type": "Feature",
      "properties": {
        "@id": "node/3090300555",
        "name": "Thriveni Tourist Home",
        "tourism": "hotel"
      },
      "geometry": {
        "type": "Point",
        "coordinates": [
          76.0433895,
          10.5964633
        ]
      },
      "id": "node/3090300555"
    },
    {
      "type": "Feature",
      "properties": {
        "@id": "node/3090303809",
        "name": "Sree Gokulam Sabari",
        "tourism": "hotel"
      },
      "geometry": {
        "type": "Point",
        "coordinates": [
          76.0430973,
          10.5964451
        ]
      },
      "id": "node/3090303809"
    },
    {
      "type": "Feature",
      "properties": {
        "@id": "node/3090420608",
        "name": "Hrishikesam tourist home",
        "tourism": "hotel"
      },
      "geometry": {
        "type": "Point",
        "coordinates": [
          76.0442299,
          10.5931125
        ]
      },
      "id": "node/3090420608"
    },
    {
      "type": "Feature",
      "properties": {
        "@id": "node/3090426717",
        "name": "Guruvayoor resorts",
        "tourism": "hotel"
      },
      "geometry": {
        "type": "Point",
        "coordinates": [
          76.0442189,
          10.596993
        ]
      },
      "id": "node/3090426717"
    },
    {
      "type": "Feature",
      "properties": {
        "@id": "node/3115070725",
        "check_date": "2025-02-07",
        "name": "Manjira Lodge",
        "tourism": "hotel"
      },
      "geometry": {
        "type": "Point",
        "coordinates": [
          76.0382799,
          10.5961843
        ]
      },
      "id": "node/3115070725"
    },
    {
      "type": "Feature",
      "properties": {
        "@id": "node/3115070727",
        "name": "Sree Krishna Bhavan Lodge",
        "tourism": "hotel"
      },
      "geometry": {
        "type": "Point",
        "coordinates": [
          76.0408846,
          10.5966154
        ]
      },
      "id": "node/3115070727"
    },
    {
      "type": "Feature",
      "properties": {
        "@id": "node/3115070728",
        "name": "Govind Regency",
        "tourism": "hotel"
      },
      "geometry": {
        "type": "Point",
        "coordinates": [
          76.040254,
          10.5965244
        ]
      },
      "id": "node/3115070728"
    },
    {
      "type": "Feature",
      "properties": {
        "@id": "node/3115070929",
        "name": "Govind Residency",
        "tourism": "hotel"
      },
      "geometry": {
        "type": "Point",
        "coordinates": [
          76.0401011,
          10.5963715
        ]
      },
      "id": "node/3115070929"
    },
    {
      "type": "Feature",
      "properties": {
        "@id": "node/3115070931",
        "name": "The Vyshakh",
        "tourism": "hotel"
      },
      "geometry": {
        "type": "Point",
        "coordinates": [
          76.0400018,
          10.5960472
        ]
      },
      "id": "node/3115070931"
    },
    {
      "type": "Feature",
      "properties": {
        "@id": "node/3122657887",
        "name": "Sangamam Residency",
        "phone": "+91 490 234 4457, +91 490 232 4691",
        "tourism": "hotel",
        "website": "http://www.sangamamresidency.co.in"
      },
      "geometry": {
        "type": "Point",
        "coordinates": [
          75.4926505,
          11.7514214
        ]
      },
      "id": "node/3122657887"
    },
    {
      "type": "Feature",
      "properties": {
        "@id": "node/3128908598",
        "name": "Ambadi Tourist Home",
        "tourism": "hotel"
      },
      "geometry": {
        "type": "Point",
        "coordinates": [
          76.0423967,
          10.5947474
        ]
      },
      "id": "node/3128908598"
    },
    {
      "type": "Feature",
      "properties": {
        "@id": "node/3157771272",
        "name": "Govind Inn",
        "tourism": "hotel"
      },
      "geometry": {
        "type": "Point",
        "coordinates": [
          76.0401086,
          10.5967192
        ]
      },
      "id": "node/3157771272"
    },
    {
      "type": "Feature",
      "properties": {
        "@id": "node/3157771273",
        "name": "Chandana Inn",
        "tourism": "hotel"
      },
      "geometry": {
        "type": "Point",
        "coordinates": [
          76.0399986,
          10.5968616
        ]
      },
      "id": "node/3157771273"
    },
    {
      "type": "Feature",
      "properties": {
        "@id": "node/3157771274",
        "name": "Govind Enclave",
        "tourism": "hotel"
      },
      "geometry": {
        "type": "Point",
        "coordinates": [
          76.0398914,
          10.5969697
        ]
      },
      "id": "node/3157771274"
    },
    {
      "type": "Feature",
      "properties": {
        "@id": "node/3157771275",
        "name": "Govind Deluxe Lodge",
        "tourism": "hotel"
      },
      "geometry": {
        "type": "Point",
        "coordinates": [
          76.040342,
          10.5968194
        ]
      },
      "id": "node/3157771275"
    },
    {
      "type": "Feature",
      "properties": {
        "@id": "node/3157771277",
        "check_date": "2025-02-07",
        "name": "Vismaya Tower",
        "tourism": "hotel"
      },
      "geometry": {
        "type": "Point",
        "coordinates": [
          76.0368068,
          10.5976578
        ]
      },
      "id": "node/3157771277"
    },
    {
      "type": "Feature",
      "properties": {
        "@id": "node/3157771278",
        "check_date": "2025-02-07",
        "name": "Sathya Inn",
        "tourism": "hotel"
      },
      "geometry": {
        "type": "Point",
        "coordinates": [
          76.0369096,
          10.5954654
        ]
      },
      "id": "node/3157771278"
    },
    {
      "type": "Feature",
      "properties": {
        "@id": "node/3163015878",
        "name": "Sreevalsam guest house",
        "tourism": "hotel"
      },
      "geometry": {
        "type": "Point",
        "coordinates": [
          76.0398487,
          10.5928238
        ]
      },
      "id": "node/3163015878"
    },
    {
      "type": "Feature",
      "properties": {
        "@id": "node/3163015881",
        "name": "Jyothi tourist home",
        "tourism": "hotel"
      },
      "geometry": {
        "type": "Point",
        "coordinates": [
          76.0423598,
          10.5955769
        ]
      },
      "id": "node/3163015881"
    },
    {
      "type": "Feature",
      "properties": {
        "@id": "node/3163015884",
        "name": "Brahmaputhra tourist home",
        "tourism": "hotel"
      },
      "geometry": {
        "type": "Point",
        "coordinates": [
          76.0418863,
          10.5956059
        ]
      },
      "id": "node/3163015884"
    },
    {
      "type": "Feature",
      "properties": {
        "@id": "node/3163015885",
        "name": "Nirmalyam tourist home",
        "tourism": "hotel"
      },
      "geometry": {
        "type": "Point",
        "coordinates": [
          76.0422351,
          10.5957335
        ]
      },
      "id": "node/3163015885"
    },
    {
      "type": "Feature",
      "properties": {
        "@id": "node/3163015886",
        "name": "Vishnu Inn",
        "tourism": "hotel"
      },
      "geometry": {
        "type": "Point",
        "coordinates": [
          76.0420283,
          10.5961424
        ]
      },
      "id": "node/3163015886"
    },
    {
      "type": "Feature",
      "properties": {
        "@id": "node/3163020731",
        "name": "AJ tourist home",
        "tourism": "hotel"
      },
      "geometry": {
        "type": "Point",
        "coordinates": [
          76.0374701,
          10.5943991
        ]
      },
      "id": "node/3163020731"
    },
    {
      "type": "Feature",
      "properties": {
        "@id": "node/3163020732",
        "name": "Archana lodge",
        "tourism": "hotel"
      },
      "geometry": {
        "type": "Point",
        "coordinates": [
          76.0376203,
          10.5944097
        ]
      },
      "id": "node/3163020732"
    },
    {
      "type": "Feature",
      "properties": {
        "@id": "node/3163020734",
        "name": "Avanti Inn",
        "tourism": "hotel"
      },
      "geometry": {
        "type": "Point",
        "coordinates": [
          76.0379368,
          10.5942831
        ]
      },
      "id": "node/3163020734"
    },
    {
      "type": "Feature",
      "properties": {
        "@id": "node/3170049623",
        "name": "Sreekamal residency",
        "tourism": "hotel"
      },
      "geometry": {
        "type": "Point",
        "coordinates": [
          76.0341831,
          10.5947455
        ]
      },
      "id": "node/3170049623"
    },
    {
      "type": "Feature",
      "properties": {
        "@id": "node/3170049625",
        "name": "Lotus lodge",
        "tourism": "hotel"
      },
      "geometry": {
        "type": "Point",
        "coordinates": [
          76.0348375,
          10.5947877
        ]
      },
      "id": "node/3170049625"
    },
    {
      "type": "Feature",
      "properties": {
        "@id": "node/3170049626",
        "name": "Aradhana tourist home",
        "tourism": "hotel"
      },
      "geometry": {
        "type": "Point",
        "coordinates": [
          76.0351219,
          10.5947824
        ]
      },
      "id": "node/3170049626"
    },
    {
      "type": "Feature",
      "properties": {
        "@id": "node/3170049627",
        "name": "Poonthanam guest house",
        "tourism": "hotel"
      },
      "geometry": {
        "type": "Point",
        "coordinates": [
          76.0354115,
          10.5947771
        ]
      },
      "id": "node/3170049627"
    },
    {
      "type": "Feature",
      "properties": {
        "@id": "node/3187995170",
        "name": "Ayodhya",
        "tourism": "hotel"
      },
      "geometry": {
        "type": "Point",
        "coordinates": [
          76.0356533,
          10.5947914
        ]
      },
      "id": "node/3187995170"
    },
    {
      "type": "Feature",
      "properties": {
        "@id": "node/3187995171",
        "name": "Regant residency",
        "tourism": "hotel"
      },
      "geometry": {
        "type": "Point",
        "coordinates": [
          76.0357499,
          10.5948336
        ]
      },
      "id": "node/3187995171"
    },
    {
      "type": "Feature",
      "properties": {
        "@id": "node/3187995172",
        "name": "Ambadi Kannan resorts",
        "tourism": "hotel"
      },
      "geometry": {
        "type": "Point",
        "coordinates": [
          76.0357338,
          10.5947598
        ]
      },
      "id": "node/3187995172"
    },
    {
      "type": "Feature",
      "properties": {
        "@id": "node/3187995173",
        "name": "Gokulam resorts",
        "tourism": "hotel"
      },
      "geometry": {
        "type": "Point",
        "coordinates": [
          76.0356962,
          10.5947018
        ]
      },
      "id": "node/3187995173"
    },
    {
      "type": "Feature",
      "properties": {
        "@id": "node/3187995175",
        "name": "Indian tourist home",
        "tourism": "hotel"
      },
      "geometry": {
        "type": "Point",
        "coordinates": [
          76.0355407,
          10.5944909
        ]
      },
      "id": "node/3187995175"
    },
    {
      "type": "Feature",
      "properties": {
        "@id": "node/3187995176",
        "name": "Mayura residency",
        "tourism": "hotel"
      },
      "geometry": {
        "type": "Point",
        "coordinates": [
          76.037488,
          10.5925399
        ]
      },
      "id": "node/3187995176"
    },
    {
      "type": "Feature",
      "properties": {
        "@id": "node/3187995178",
        "name": "Sathya lodge",
        "tourism": "hotel"
      },
      "geometry": {
        "type": "Point",
        "coordinates": [
          76.0383248,
          10.596869
        ]
      },
      "id": "node/3187995178"
    },
    {
      "type": "Feature",
      "properties": {
        "@id": "node/3187995179",
        "name": "Sreechakra resorts",
        "tourism": "hotel"
      },
      "geometry": {
        "type": "Point",
        "coordinates": [
          76.0385394,
          10.5966528
        ]
      },
      "id": "node/3187995179"
    },
    {
      "type": "Feature",
      "properties": {
        "@id": "node/3187995180",
        "name": "Ambadi regency",
        "tourism": "hotel"
      },
      "geometry": {
        "type": "Point",
        "coordinates": [
          76.0394874,
          10.597124
        ]
      },
      "id": "node/3187995180"
    },
    {
      "type": "Feature",
      "properties": {
        "@id": "node/3187995181",
        "name": "Sagar tourist home",
        "tourism": "hotel"
      },
      "geometry": {
        "type": "Point",
        "coordinates": [
          76.0407558,
          10.5957668
        ]
      },
      "id": "node/3187995181"
    },
    {
      "type": "Feature",
      "properties": {
        "@id": "node/3192990021",
        "check_date": "2023-01-28",
        "name": "7's TM Cottage",
        "tourism": "hotel"
      },
      "geometry": {
        "type": "Point",
        "coordinates": [
          77.0668457,
          10.0879127
        ]
      },
      "id": "node/3192990021"
    },
    {
      "type": "Feature",
      "properties": {
        "@id": "node/3240911225",
        "name": "PM lodge",
        "tourism": "hotel"
      },
      "geometry": {
        "type": "Point",
        "coordinates": [
          76.0452458,
          10.5932252
        ]
      },
      "id": "node/3240911225"
    },
    {
      "type": "Feature",
      "properties": {
        "@id": "node/3249469663",
        "name": "Krishna Inn",
        "operator": "Krishna Holiday Village",
        "tourism": "hotel"
      },
      "geometry": {
        "type": "Point",
        "coordinates": [
          76.1700739,
          10.5593455
        ]
      },
      "id": "node/3249469663"
    },
    {
      "type": "Feature",
      "properties": {
        "@id": "node/3255255635",
        "name": "Prarthna Inn",
        "tourism": "hotel"
      },
      "geometry": {
        "type": "Point",
        "coordinates": [
          76.0430857,
          10.5920931
        ]
      },
      "id": "node/3255255635"
    },
    {
      "type": "Feature",
      "properties": {
        "@id": "node/3256802826",
        "name": "Srikripa tourist home",
        "tourism": "hotel"
      },
      "geometry": {
        "type": "Point",
        "coordinates": [
          76.0416935,
          10.5956739
        ]
      },
      "id": "node/3256802826"
    },
    {
      "type": "Feature",
      "properties": {
        "@id": "node/3257937904",
        "name": "Anandkrishna residency",
        "tourism": "hotel"
      },
      "geometry": {
        "type": "Point",
        "coordinates": [
          76.040611,
          10.5957668
        ]
      },
      "id": "node/3257937904"
    },
    {
      "type": "Feature",
      "properties": {
        "@id": "node/3257937911",
        "check_date": "2025-02-07",
        "name": "Vrindavan Tourist Home",
        "tourism": "hotel"
      },
      "geometry": {
        "type": "Point",
        "coordinates": [
          76.0371938,
          10.5950496
        ]
      },
      "id": "node/3257937911"
    },
    {
      "type": "Feature",
      "properties": {
        "@id": "node/3257937912",
        "check_date": "2025-02-07",
        "name": "Palazhi Residency",
        "tourism": "hotel"
      },
      "geometry": {
        "type": "Point",
        "coordinates": [
          76.0371885,
          10.5949073
        ]
      },
      "id": "node/3257937912"
    },
    {
      "type": "Feature",
      "properties": {
        "@id": "node/3257937914",
        "name": "Kaveri tourist home",
        "tourism": "hotel"
      },
      "geometry": {
        "type": "Point",
        "coordinates": [
          76.0372957,
          10.5941111
        ]
      },
      "id": "node/3257937914"
    },
    {
      "type": "Feature",
      "properties": {
        "@id": "node/3257937916",
        "check_date": "2025-02-07",
        "name": "Nunu Towers",
        "tourism": "hotel"
      },
      "geometry": {
        "type": "Point",
        "coordinates": [
          76.0367057,
          10.5982081
        ]
      },
      "id": "node/3257937916"
    },
    {
      "type": "Feature",
      "properties": {
        "@id": "node/3257937917",
        "check_date": "2025-02-07",
        "name": "Sreepathi Indraprastha",
        "tourism": "hotel"
      },
      "geometry": {
        "type": "Point",
        "coordinates": [
          76.0350695,
          10.6019677
        ]
      },
      "id": "node/3257937917"
    },
    {
      "type": "Feature",
      "properties": {
        "@id": "node/3258172423",
        "name": "Amban Heritage House",
        "tourism": "hotel"
      },
      "geometry": {
        "type": "Point",
        "coordinates": [
          75.4016236,
          11.8830554
        ]
      },
      "id": "node/3258172423"
    },
    {
      "type": "Feature",
      "properties": {
        "@id": "node/3259281721",
        "addr:city": "Thonichal",
        "name": "Abhirami Farm Resort",
        "tourism": "hotel"
      },
      "geometry": {
        "type": "Point",
        "coordinates": [
          76.001699,
          11.7706571
        ]
      },
      "id": "node/3259281721"
    },
    {
      "type": "Feature",
      "properties": {
        "@id": "node/3273120781",
        "air_conditioning": "yes",
        "name": "Saas Tower",
        "tourism": "hotel"
      },
      "geometry": {
        "type": "Point",
        "coordinates": [
          76.2808458,
          9.9738827
        ]
      },
      "id": "node/3273120781"
    },
    {
      "type": "Feature",
      "properties": {
        "@id": "node/3273120990",
        "air_conditioning": "yes",
        "name": "Bjiu Tourist Home",
        "tourism": "hotel"
      },
      "geometry": {
        "type": "Point",
        "coordinates": [
          76.2807616,
          9.9740077
        ]
      },
      "id": "node/3273120990"
    },
    {
      "type": "Feature",
      "properties": {
        "@id": "node/3274115155",
        "name": "Shaziya",
        "name:ml": "ഷസിയ",
        "tourism": "hotel"
      },
      "geometry": {
        "type": "Point",
        "coordinates": [
          76.2892018,
          9.9684875
        ]
      },
      "id": "node/3274115155"
    },
    {
      "type": "Feature",
      "properties": {
        "@id": "node/3276153649",
        "air_conditioning": "yes",
        "internet_access": "wlan",
        "name": "Hotel Broad Bean",
        "name:ml": "ഹോട്ടൽ ബ്രോഡ് ബീൻ",
        "tourism": "hotel"
      },
      "geometry": {
        "type": "Point",
        "coordinates": [
          76.3181721,
          9.962727
        ]
      },
      "id": "node/3276153649"
    },
    {
      "type": "Feature",
      "properties": {
        "@id": "node/3280224137",
        "name": "Hotel RVEES Regency",
        "tourism": "hotel"
      },
      "geometry": {
        "type": "Point",
        "coordinates": [
          76.0486024,
          10.5960386
        ]
      },
      "id": "node/3280224137"
    },
    {
      "type": "Feature",
      "properties": {
        "@id": "node/3291895173",
        "name": "Thulaseedalam tourist home",
        "tourism": "hotel"
      },
      "geometry": {
        "type": "Point",
        "coordinates": [
          76.0381667,
          10.5930706
        ]
      },
      "id": "node/3291895173"
    },
    {
      "type": "Feature",
      "properties": {
        "@id": "node/3291895174",
        "name": "Rajavalsam Guruvayur lodging",
        "tourism": "hotel"
      },
      "geometry": {
        "type": "Point",
        "coordinates": [
          76.038172,
          10.5936032
        ]
      },
      "id": "node/3291895174"
    },
    {
      "type": "Feature",
      "properties": {
        "@id": "node/3291917533",
        "name": "Kanoos residency",
        "tourism": "hotel"
      },
      "geometry": {
        "type": "Point",
        "coordinates": [
          76.0462873,
          10.5952467
        ]
      },
      "id": "node/3291917533"
    },
    {
      "type": "Feature",
      "properties": {
        "@id": "node/3291927887",
        "name": "RVK residency",
        "tourism": "hotel"
      },
      "geometry": {
        "type": "Point",
        "coordinates": [
          76.0428487,
          10.5943609
        ]
      },
      "id": "node/3291927887"
    },
    {
      "type": "Feature",
      "properties": {
        "@id": "node/3291945931",
        "name": "Sree Ragam tourist home",
        "tourism": "hotel"
      },
      "geometry": {
        "type": "Point",
        "coordinates": [
          76.0429962,
          10.59493
        ]
      },
      "id": "node/3291945931"
    },
    {
      "type": "Feature",
      "properties": {
        "@id": "node/3292104839",
        "name": "Pisharody Samajam guest house",
        "tourism": "hotel"
      },
      "geometry": {
        "type": "Point",
        "coordinates": [
          76.0406747,
          10.5910457
        ]
      },
      "id": "node/3292104839"
    },
    {
      "type": "Feature",
      "properties": {
        "@id": "node/3292104840",
        "name": "Hotel Horizon International",
        "tourism": "hotel"
      },
      "geometry": {
        "type": "Point",
        "coordinates": [
          76.0402417,
          10.5918612
        ]
      },
      "id": "node/3292104840"
    },
    {
      "type": "Feature",
      "properties": {
        "@id": "node/3316636161",
        "name": "Libra Tower",
        "tourism": "hotel"
      },
      "geometry": {
        "type": "Point",
        "coordinates": [
          76.0572514,
          10.6006178
        ]
      },
      "id": "node/3316636161"
    },
    {
      "type": "Feature",
      "properties": {
        "@id": "node/3357696253",
        "addr:city": "Kannur-6",
        "addr:housenumber": "V11/347",
        "addr:street": "Kuttikkagam P.O",
        "ele": "4",
        "name": "Ezhara Beach House",
        "operator": "Hyacinth Anita Panioty",
        "phone": "+91 9846 8199 41",
        "smoking": "outside",
        "tourism": "hotel",
        "website": "http://ezharabeachhouse.com/"
      },
      "geometry": {
        "type": "Point",
        "coordinates": [
          75.4241624,
          11.8143611
        ]
      },
      "id": "node/3357696253"
    },
    {
      "type": "Feature",
      "properties": {
        "@id": "node/3358201639",
        "name": "Costa Malabari",
        "tourism": "hotel"
      },
      "geometry": {
        "type": "Point",
        "coordinates": [
          75.4034576,
          11.8409195
        ]
      },
      "id": "node/3358201639"
    },
    {
      "type": "Feature",
      "properties": {
        "@id": "node/3358202092",
        "name": "Sealand Tourist Home",
        "tourism": "hotel"
      },
      "geometry": {
        "type": "Point",
        "coordinates": [
          75.3610182,
          12.0362986
        ]
      },
      "id": "node/3358202092"
    },
    {
      "type": "Feature",
      "properties": {
        "@id": "node/3399828633",
        "addr:postcode": "690518",
        "amenity": "restaurant",
        "cuisine": "coffee_shop;indian",
        "diet:non-vegetarian": "yes",
        "diet:vegetarian": "yes",
        "name": "Mahalekshmi hotel",
        "opening_hours": "Mo-Su 07:00-01:00",
        "phone": "+91-476-2623964",
        "tourism": "hotel"
      },
      "geometry": {
        "type": "Point",
        "coordinates": [
          76.5360466,
          9.0505758
        ]
      },
      "id": "node/3399828633"
    },
    {
      "type": "Feature",
      "properties": {
        "@id": "node/3399828639",
        "name": "greenchannel resort",
        "tourism": "hotel"
      },
      "geometry": {
        "type": "Point",
        "coordinates": [
          76.5044501,
          9.0561642
        ]
      },
      "id": "node/3399828639"
    },
    {
      "type": "Feature",
      "properties": {
        "@id": "node/3549239391",
        "name": "Hotel Ya Ali",
        "tourism": "hotel"
      },
      "geometry": {
        "type": "Point",
        "coordinates": [
          76.8684526,
          8.5735131
        ]
      },
      "id": "node/3549239391"
    },
    {
      "type": "Feature",
      "properties": {
        "@id": "node/3587828824",
        "tourism": "hotel"
      },
      "geometry": {
        "type": "Point",
        "coordinates": [
          76.856494,
          9.0912842
        ]
      },
      "id": "node/3587828824"
    },
    {
      "type": "Feature",
      "properties": {
        "@id": "node/3589225442",
        "check_date": "2024-10-16",
        "name": "Seagull",
        "name:ml": "സീഗൾ",
        "tourism": "hotel"
      },
      "geometry": {
        "type": "Point",
        "coordinates": [
          76.2499495,
          9.968794
        ]
      },
      "id": "node/3589225442"
    },
    {
      "type": "Feature",
      "properties": {
        "@id": "node/3627433753",
        "name": "Omars Inn",
        "tourism": "hotel"
      },
      "geometry": {
        "type": "Point",
        "coordinates": [
          75.3657544,
          11.8724078
        ]
      },
      "id": "node/3627433753"
    },
    {
      "type": "Feature",
      "properties": {
        "@id": "node/3663435447",
        "tourism": "hotel"
      },
      "geometry": {
        "type": "Point",
        "coordinates": [
          76.3788027,
          10.7730137
        ]
      },
      "id": "node/3663435447"
    },
    {
      "type": "Feature",
      "properties": {
        "@id": "node/3688525125",
        "name": "Green Valley Vista",
        "tourism": "hotel"
      },
      "geometry": {
        "type": "Point",
        "coordinates": [
          77.0411805,
          10.0325414
        ]
      },
      "id": "node/3688525125"
    },
    {
      "type": "Feature",
      "properties": {
        "@id": "node/3695768664",
        "addr:postcode": "680001",
        "name": "Das Continental Hotel",
        "tourism": "hotel"
      },
      "geometry": {
        "type": "Point",
        "coordinates": [
          76.2164209,
          10.514379
        ]
      },
      "id": "node/3695768664"
    },
    {
      "type": "Feature",
      "properties": {
        "@id": "node/3763514703",
        "amenity": "restaurant",
        "name": "Surya",
        "tourism": "hotel"
      },
      "geometry": {
        "type": "Point",
        "coordinates": [
          75.7588288,
          11.5614682
        ]
      },
      "id": "node/3763514703"
    },
    {
      "type": "Feature",
      "properties": {
        "@id": "node/3789911650",
        "name": "KK Legacy",
        "tourism": "hotel"
      },
      "geometry": {
        "type": "Point",
        "coordinates": [
          75.4056231,
          11.8382449
        ]
      },
      "id": "node/3789911650"
    },
    {
      "type": "Feature",
      "properties": {
        "@id": "node/3789911651",
        "name": "Kannur Beach House",
        "tourism": "hotel"
      },
      "geometry": {
        "type": "Point",
        "coordinates": [
          75.4054354,
          11.8375202
        ]
      },
      "id": "node/3789911651"
    },
    {
      "type": "Feature",
      "properties": {
        "@id": "node/3789911652",
        "addr:city": "Kannur",
        "addr:country": "IN",
        "addr:district": "Kannur",
        "addr:postcode": "670007",
        "addr:state": "Kerala",
        "addr:street": "Thottada Beach Rd",
        "name": "The Malabar Beach Resort",
        "tourism": "hotel"
      },
      "geometry": {
        "type": "Point",
        "coordinates": [
          75.4067819,
          11.835982
        ]
      },
      "id": "node/3789911652"
    },
    {
      "type": "Feature",
      "properties": {
        "@id": "node/3789915239",
        "name": "Blue Mermaid",
        "tourism": "hotel"
      },
      "geometry": {
        "type": "Point",
        "coordinates": [
          75.4043357,
          11.8387253
        ]
      },
      "id": "node/3789915239"
    },
    {
      "type": "Feature",
      "properties": {
        "@id": "node/3789916632",
        "name": "Satin Sand Beach Resort",
        "tourism": "hotel"
      },
      "geometry": {
        "type": "Point",
        "coordinates": [
          75.4070742,
          11.8356512
        ]
      },
      "id": "node/3789916632"
    },
    {
      "type": "Feature",
      "properties": {
        "@id": "node/3803097094",
        "name": "Manuelson's Malabar Hotel",
        "tourism": "hotel"
      },
      "geometry": {
        "type": "Point",
        "coordinates": [
          75.7837683,
          11.2528994
        ]
      },
      "id": "node/3803097094"
    },
    {
      "type": "Feature",
      "properties": {
        "@id": "node/3818539319",
        "name": "Hotel Price Regency",
        "tourism": "hotel"
      },
      "geometry": {
        "type": "Point",
        "coordinates": [
          75.8852348,
          11.8675989
        ]
      },
      "id": "node/3818539319"
    },
    {
      "type": "Feature",
      "properties": {
        "@id": "node/3819084455",
        "amenity": "restaurant",
        "name": "Beith Restaurant",
        "tourism": "hotel"
      },
      "geometry": {
        "type": "Point",
        "coordinates": [
          76.3177285,
          10.0478857
        ]
      },
      "id": "node/3819084455"
    },
    {
      "type": "Feature",
      "properties": {
        "@id": "node/3824122274",
        "addr:city": "Fort Cochin",
        "addr:housenumber": "1/1901",
        "addr:street": "Kunumpuram",
        "name": "Tea Bungalow",
        "phone": "+91 484 2216337",
        "tourism": "hotel",
        "website": "http://www.teabungalow.in/"
      },
      "geometry": {
        "type": "Point",
        "coordinates": [
          76.2456243,
          9.9629101
        ]
      },
      "id": "node/3824122274"
    },
    {
      "type": "Feature",
      "properties": {
        "@id": "node/3830615055",
        "name": "Park Residency Beer and Wine Parlour",
        "tourism": "hotel"
      },
      "geometry": {
        "type": "Point",
        "coordinates": [
          75.7566703,
          11.6523679
        ]
      },
      "id": "node/3830615055"
    },
    {
      "type": "Feature",
      "properties": {
        "@id": "node/3833150357",
        "name": "BCM Residency",
        "tourism": "hotel"
      },
      "geometry": {
        "type": "Point",
        "coordinates": [
          75.5623224,
          11.8244666
        ]
      },
      "id": "node/3833150357"
    },
    {
      "type": "Feature",
      "properties": {
        "@id": "node/3833847471",
        "name": "Park Residency",
        "tourism": "hotel"
      },
      "geometry": {
        "type": "Point",
        "coordinates": [
          76.0760154,
          10.6664986
        ]
      },
      "id": "node/3833847471"
    },
    {
      "type": "Feature",
      "properties": {
        "@id": "node/3844709257",
        "internet_access": "no",
        "name": "Unwind Hotels",
        "tourism": "hotel",
        "wheelchair": "no"
      },
      "geometry": {
        "type": "Point",
        "coordinates": [
          76.9783481,
          8.3865214
        ]
      },
      "id": "node/3844709257"
    },
    {
      "type": "Feature",
      "properties": {
        "@id": "node/3844709258",
        "name": "Sunrise",
        "tourism": "hotel"
      },
      "geometry": {
        "type": "Point",
        "coordinates": [
          76.9784602,
          8.3887753
        ]
      },
      "id": "node/3844709258"
    },
    {
      "type": "Feature",
      "properties": {
        "@id": "node/3844709259",
        "name": "Sreelaksmi Holiday Inn",
        "tourism": "hotel"
      },
      "geometry": {
        "type": "Point",
        "coordinates": [
          76.9785082,
          8.3887813
        ]
      },
      "id": "node/3844709259"
    },
    {
      "type": "Feature",
      "properties": {
        "@id": "node/3844746065",
        "name": "Hill and Sea View",
        "tourism": "hotel"
      },
      "geometry": {
        "type": "Point",
        "coordinates": [
          76.979807,
          8.3892704
        ]
      },
      "id": "node/3844746065"
    },
    {
      "type": "Feature",
      "properties": {
        "@id": "node/3869104458",
        "name": "InDa",
        "tourism": "hotel"
      },
      "geometry": {
        "type": "Point",
        "coordinates": [
          76.701979,
          8.738746
        ]
      },
      "id": "node/3869104458"
    },
    {
      "type": "Feature",
      "properties": {
        "@id": "node/3898452796",
        "name": "Aruvi Tourist Home",
        "phone": "+91-471-2445751",
        "tourism": "hotel"
      },
      "geometry": {
        "type": "Point",
        "coordinates": [
          76.9412677,
          8.5213409
        ]
      },
      "id": "node/3898452796"
    },
    {
      "type": "Feature",
      "properties": {
        "@id": "node/3941728103",
        "internet_access": "wlan",
        "name": "Hotel Rock and Beach",
        "phone": "+91 471 2486677",
        "tourism": "hotel",
        "website": "http://www.hotelrocknbeach.com"
      },
      "geometry": {
        "type": "Point",
        "coordinates": [
          76.9772867,
          8.3900425
        ]
      },
      "id": "node/3941728103"
    },
    {
      "type": "Feature",
      "properties": {
        "@id": "node/3955711492",
        "name": "Balu Hotel",
        "tourism": "hotel"
      },
      "geometry": {
        "type": "Point",
        "coordinates": [
          76.3223642,
          9.4946292
        ]
      },
      "id": "node/3955711492"
    },
    {
      "type": "Feature",
      "properties": {
        "@id": "node/3956911547",
        "addr:city": "Fort Kochi",
        "addr:postcode": "682001",
        "addr:street": "Tower Road",
        "check_date": "2026-02-12",
        "name": "Koder House",
        "phone": "+91 484 221 8485",
        "tourism": "hotel"
      },
      "geometry": {
        "type": "Point",
        "coordinates": [
          76.2426018,
          9.9673038
        ]
      },
      "id": "node/3956911547"
    },
    {
      "type": "Feature",
      "properties": {
        "@id": "node/3956930715",
        "addr:city": "Fort Kochi",
        "addr:postcode": "682001",
        "addr:street": "Princess Street",
        "check_date": "2025-02-02",
        "name": "Forte Kochi",
        "source": "survey",
        "tourism": "hotel"
      },
      "geometry": {
        "type": "Point",
        "coordinates": [
          76.2426211,
          9.9668273
        ]
      },
      "id": "node/3956930715"
    },
    {
      "type": "Feature",
      "properties": {
        "@id": "node/3956942684",
        "addr:city": "Cochin",
        "addr:housenumber": "8/1969 A",
        "addr:postcode": "682002",
        "addr:street": "Arakaparambu lane",
        "name": "Villa Grace",
        "phone": "+91 953 900 8070",
        "tourism": "hotel"
      },
      "geometry": {
        "type": "Point",
        "coordinates": [
          76.2506634,
          9.9506914
        ]
      },
      "id": "node/3956942684"
    },
    {
      "type": "Feature",
      "properties": {
        "@id": "node/3981235260",
        "name": "Hotel Bonanza",
        "tourism": "hotel"
      },
      "geometry": {
        "type": "Point",
        "coordinates": [
          76.3419184,
          9.4512346
        ]
      },
      "id": "node/3981235260"
    },
    {
      "type": "Feature",
      "properties": {
        "@id": "node/3997792379",
        "addr:city": "Punaloor",
        "name": "Kumar Palace",
        "tourism": "hotel"
      },
      "geometry": {
        "type": "Point",
        "coordinates": [
          76.9295626,
          9.0187998
        ]
      },
      "id": "node/3997792379"
    },
    {
      "type": "Feature",
      "properties": {
        "@id": "node/4014365290",
        "tourism": "hotel"
      },
      "geometry": {
        "type": "Point",
        "coordinates": [
          74.8749385,
          12.7532163
        ]
      },
      "id": "node/4014365290"
    },
    {
      "type": "Feature",
      "properties": {
        "@id": "node/4014369912",
        "name": "Bekal Palace",
        "tourism": "hotel",
        "wheelchair": "no"
      },
      "geometry": {
        "type": "Point",
        "coordinates": [
          75.0230397,
          12.4263029
        ]
      },
      "id": "node/4014369912"
    },
    {
      "type": "Feature",
      "properties": {
        "@id": "node/4014384118",
        "tourism": "hotel"
      },
      "geometry": {
        "type": "Point",
        "coordinates": [
          75.6191875,
          11.5184245
        ]
      },
      "id": "node/4014384118"
    },
    {
      "type": "Feature",
      "properties": {
        "@id": "node/4014392927",
        "name": "Grande Muscat",
        "tourism": "hotel"
      },
      "geometry": {
        "type": "Point",
        "coordinates": [
          76.5357764,
          9.0590622
        ]
      },
      "id": "node/4014392927"
    },
    {
      "type": "Feature",
      "properties": {
        "@id": "node/4014404217",
        "tourism": "hotel"
      },
      "geometry": {
        "type": "Point",
        "coordinates": [
          76.5330092,
          8.9585073
        ]
      },
      "id": "node/4014404217"
    },
    {
      "type": "Feature",
      "properties": {
        "@id": "node/4029480026",
        "addr:city": "Thiruvananthapuram, Kerala",
        "addr:postcode": "695001",
        "addr:street": "Statue - General Hospital Road",
        "internet_access": "wlan",
        "internet_access:fee": "no",
        "name": "Swapna Residency",
        "phone": "+91 471 247 6891",
        "tourism": "hotel",
        "website": "http://swapnaresidency.in/"
      },
      "geometry": {
        "type": "Point",
        "coordinates": [
          76.9475547,
          8.4981827
        ]
      },
      "id": "node/4029480026"
    },
    {
      "type": "Feature",
      "properties": {
        "@id": "node/4040059868",
        "amenity": "restaurant",
        "name": "Paravur Tourist Home(PTH)",
        "tourism": "hotel"
      },
      "geometry": {
        "type": "Point",
        "coordinates": [
          76.2291965,
          10.1483787
        ]
      },
      "id": "node/4040059868"
    },
    {
      "type": "Feature",
      "properties": {
        "@id": "node/4047071341",
        "name": "Hotel Ambassador",
        "tourism": "hotel"
      },
      "geometry": {
        "type": "Point",
        "coordinates": [
          76.5263298,
          9.5894466
        ]
      },
      "id": "node/4047071341"
    },
    {
      "type": "Feature",
      "properties": {
        "@id": "node/4047071342",
        "name": "Hotel Anjali Park",
        "tourism": "hotel"
      },
      "geometry": {
        "type": "Point",
        "coordinates": [
          76.5232533,
          9.589719
        ]
      },
      "id": "node/4047071342"
    },
    {
      "type": "Feature",
      "properties": {
        "@id": "node/4047071344",
        "name": "Hotel Athira",
        "tourism": "hotel"
      },
      "geometry": {
        "type": "Point",
        "coordinates": [
          76.5194929,
          9.5784159
        ]
      },
      "id": "node/4047071344"
    },
    {
      "type": "Feature",
      "properties": {
        "@id": "node/4047071346",
        "level": "3",
        "name": "Hotel Nithya",
        "tourism": "hotel"
      },
      "geometry": {
        "type": "Point",
        "coordinates": [
          76.5257925,
          9.6305196
        ]
      },
      "id": "node/4047071346"
    },
    {
      "type": "Feature",
      "properties": {
        "@id": "node/4048508276",
        "addr:street": "Palace Road",
        "name": "Hotel Orchid Residency",
        "tourism": "hotel",
        "wikidata": "Q111059793"
      },
      "geometry": {
        "type": "Point",
        "coordinates": [
          76.5211514,
          9.5890678
        ]
      },
      "id": "node/4048508276"
    },
    {
      "type": "Feature",
      "properties": {
        "@id": "node/4085338867",
        "addr:city": "Kovalam",
        "addr:postcode": "695527",
        "addr:street": "Light House Beach",
        "name": "Cosmic Leisure Resort",
        "tourism": "hotel"
      },
      "geometry": {
        "type": "Point",
        "coordinates": [
          76.9773477,
          8.3875672
        ]
      },
      "id": "node/4085338867"
    },
    {
      "type": "Feature",
      "properties": {
        "@id": "node/4109607877",
        "name": "Holiday Hill",
        "tourism": "hotel"
      },
      "geometry": {
        "type": "Point",
        "coordinates": [
          76.0647517,
          11.8483976
        ]
      },
      "id": "node/4109607877"
    },
    {
      "type": "Feature",
      "properties": {
        "@id": "node/4122261691",
        "addr:street": "Thodupuzha - Erattupetta Road",
        "name": "Kasim's Kanjee Kada",
        "opening_hours": "Mo-Sa 12:00-15:00",
        "tourism": "hotel"
      },
      "geometry": {
        "type": "Point",
        "coordinates": [
          76.7126159,
          9.8946652
        ]
      },
      "id": "node/4122261691"
    },
    {
      "type": "Feature",
      "properties": {
        "@id": "node/4126657291",
        "internet_access": "wlan",
        "name": "Mangala Towers",
        "tourism": "hotel",
        "wikidata": "Q111054930"
      },
      "geometry": {
        "type": "Point",
        "coordinates": [
          76.214358,
          10.5295033
        ]
      },
      "id": "node/4126657291"
    },
    {
      "type": "Feature",
      "properties": {
        "@id": "node/4142682210",
        "name": "KTDC Aranya Nivas Resort",
        "tourism": "hotel"
      },
      "geometry": {
        "type": "Point",
        "coordinates": [
          77.1804156,
          9.5794951
        ]
      },
      "id": "node/4142682210"
    },
    {
      "type": "Feature",
      "properties": {
        "@id": "node/4144860736",
        "internet_access": "wlan",
        "internet_access:fee": "no",
        "name": "Ganesh House",
        "phone": "+91 471 2484212",
        "tourism": "hotel",
        "website": "http://theganeshhouse.com"
      },
      "geometry": {
        "type": "Point",
        "coordinates": [
          76.9749332,
          8.3988422
        ]
      },
      "id": "node/4144860736"
    },
    {
      "type": "Feature",
      "properties": {
        "@id": "node/4148244689",
        "addr:housenumber": "15/2206",
        "addr:street": "Moolamkuzhi Beach Road; Rameshwaram Canal Road",
        "name": "Sea Hut Homestay",
        "tourism": "hotel"
      },
      "geometry": {
        "type": "Point",
        "coordinates": [
          76.2447311,
          9.9395786
        ]
      },
      "id": "node/4148244689"
    },
    {
      "type": "Feature",
      "properties": {
        "@id": "node/4148436589",
        "addr:street": "Salem-Kochi-Kanyakumari Road",
        "name": "BTH Sarovaram",
        "tourism": "hotel"
      },
      "geometry": {
        "type": "Point",
        "coordinates": [
          76.3179165,
          9.9489356
        ]
      },
      "id": "node/4148436589"
    },
    {
      "type": "Feature",
      "properties": {
        "@id": "node/4161881391",
        "addr:housenumber": "1",
        "addr:street": "Uzhavoor Koothattukulam Road",
        "internet_access": "wlan",
        "name": "Muprappallil Hill Palace Hotel",
        "opening_hours": "24/7",
        "phone": "+91-9447507938",
        "tourism": "hotel",
        "website": "www.muprappallilhillpalace.com"
      },
      "geometry": {
        "type": "Point",
        "coordinates": [
          76.6144963,
          9.801668
        ]
      },
      "id": "node/4161881391"
    },
    {
      "type": "Feature",
      "properties": {
        "@id": "node/4171672389",
        "name": "Taj Puzhayoram Nellayi",
        "tourism": "hotel"
      },
      "geometry": {
        "type": "Point",
        "coordinates": [
          76.2850499,
          10.3979929
        ]
      },
      "id": "node/4171672389"
    },
    {
      "type": "Feature",
      "properties": {
        "@id": "node/4178818639",
        "internet_access": "wlan",
        "internet_access:fee": "no",
        "name": "Galaxy Inn",
        "phone": "+91-471-2576157",
        "tourism": "hotel",
        "website": "https://www.hotelgalaxytvm.com/"
      },
      "geometry": {
        "type": "Point",
        "coordinates": [
          76.9523289,
          8.4844212
        ]
      },
      "id": "node/4178818639"
    },
    {
      "type": "Feature",
      "properties": {
        "@id": "node/4184984891",
        "addr:street": "Palghat-Ottappalam-Shoranur Road",
        "name": "Al-Arab hotel",
        "tourism": "hotel"
      },
      "geometry": {
        "type": "Point",
        "coordinates": [
          76.6216816,
          10.7827462
        ]
      },
      "id": "node/4184984891"
    },
    {
      "type": "Feature",
      "properties": {
        "@id": "node/4232933996",
        "name": "Madavan Nair Tea shop",
        "tourism": "hotel"
      },
      "geometry": {
        "type": "Point",
        "coordinates": [
          76.2056491,
          10.4423519
        ]
      },
      "id": "node/4232933996"
    },
    {
      "type": "Feature",
      "properties": {
        "@id": "node/4246319801",
        "name": "Coffee Routes",
        "tourism": "hotel"
      },
      "geometry": {
        "type": "Point",
        "coordinates": [
          77.1446595,
          9.6286981
        ]
      },
      "id": "node/4246319801"
    },
    {
      "type": "Feature",
      "properties": {
        "@id": "node/4249951740",
        "name": "sreechakra apartment",
        "tourism": "hotel"
      },
      "geometry": {
        "type": "Point",
        "coordinates": [
          76.0374667,
          10.5907619
        ]
      },
      "id": "node/4249951740"
    },
    {
      "type": "Feature",
      "properties": {
        "@id": "node/4250501915",
        "name": "Mayura Inn",
        "tourism": "hotel"
      },
      "geometry": {
        "type": "Point",
        "coordinates": [
          76.2592488,
          10.531602
        ]
      },
      "id": "node/4250501915"
    },
    {
      "type": "Feature",
      "properties": {
        "@id": "node/4250509595",
        "name": "hotel mini",
        "operator": "mini",
        "tourism": "hotel"
      },
      "geometry": {
        "type": "Point",
        "coordinates": [
          76.0598874,
          10.6008272
        ]
      },
      "id": "node/4250509595"
    },
    {
      "type": "Feature",
      "properties": {
        "@id": "node/4264227289",
        "addr:postcode": "676505",
        "addr:street": "Calicut-Malappuram-Perinthalmanna Highway",
        "internet_access": "wlan",
        "name": "Airlines Celestial",
        "opening_hours": "Mo-Su 06:00-11:00",
        "tourism": "hotel"
      },
      "geometry": {
        "type": "Point",
        "coordinates": [
          76.0713949,
          11.0507389
        ]
      },
      "id": "node/4264227289"
    },
    {
      "type": "Feature",
      "properties": {
        "@id": "node/4292824611",
        "name": "runk restaurent",
        "tourism": "hotel"
      },
      "geometry": {
        "type": "Point",
        "coordinates": [
          76.2149186,
          10.405511
        ]
      },
      "id": "node/4292824611"
    },
    {
      "type": "Feature",
      "properties": {
        "@id": "node/4293205692",
        "addr:street": "Subhash Chandra Bose Road",
        "name": "JJ Inn",
        "tourism": "hotel"
      },
      "geometry": {
        "type": "Point",
        "coordinates": [
          76.3152964,
          9.9743937
        ]
      },
      "id": "node/4293205692"
    },
    {
      "type": "Feature",
      "properties": {
        "@id": "node/4303164749",
        "addr:city": "Sulthan Bathery",
        "addr:postcode": "673592",
        "addr:street": "Chulliyode Road",
        "name": "Pepper Trail",
        "operator": "Pepper Trail",
        "tourism": "hotel"
      },
      "geometry": {
        "type": "Point",
        "coordinates": [
          76.2568084,
          11.6608005
        ]
      },
      "id": "node/4303164749"
    },
    {
      "type": "Feature",
      "properties": {
        "@id": "node/4308308595",
        "addr:street": "Thrissur – Kuttippuram Road",
        "name": "Motel Araam",
        "tourism": "hotel"
      },
      "geometry": {
        "type": "Point",
        "coordinates": [
          76.0215404,
          10.8392272
        ]
      },
      "id": "node/4308308595"
    },
    {
      "type": "Feature",
      "properties": {
        "@id": "node/4308325389",
        "addr:street": "Thrissur – Kuttippuram Road",
        "name": "Nirmalyam",
        "tourism": "hotel"
      },
      "geometry": {
        "type": "Point",
        "coordinates": [
          76.0289674,
          10.7399885
        ]
      },
      "id": "node/4308325389"
    },
    {
      "type": "Feature",
      "properties": {
        "@id": "node/4308386190",
        "addr:street": "Calicut-Valanchery-Kuttipuram Highway",
        "name": "Souparnika",
        "tourism": "hotel"
      },
      "geometry": {
        "type": "Point",
        "coordinates": [
          76.0011538,
          10.9428965
        ]
      },
      "id": "node/4308386190"
    },
    {
      "type": "Feature",
      "properties": {
        "@id": "node/4321076589",
        "addr:street": "Tower Road",
        "check_date": "2026-01-12",
        "name": "Bright Heritage",
        "tourism": "hotel"
      },
      "geometry": {
        "type": "Point",
        "coordinates": [
          76.2449462,
          9.9668303
        ]
      },
      "id": "node/4321076589"
    },
    {
      "type": "Feature",
      "properties": {
        "@id": "node/4324733566",
        "name": "Aramana Bar",
        "tourism": "hotel"
      },
      "geometry": {
        "type": "Point",
        "coordinates": [
          76.3485718,
          10.6932977
        ]
      },
      "id": "node/4324733566"
    },
    {
      "type": "Feature",
      "properties": {
        "@id": "node/4346751893",
        "addr:street": "Kalpetta Byepass Road",
        "name": "hot pan",
        "opening_hours": "Mo-Su 06:00-22:00",
        "tourism": "hotel"
      },
      "geometry": {
        "type": "Point",
        "coordinates": [
          76.088808,
          11.6146557
        ]
      },
      "id": "node/4346751893"
    },
    {
      "type": "Feature",
      "properties": {
        "@id": "node/4349831009",
        "addr:city": "Fort Cochin",
        "addr:housenumber": "1-1374",
        "addr:street": "Pattalam Road",
        "email": "uclinjac@yahoo.com",
        "internet_access": "wlan",
        "name": "Aldos Ark Home Stay",
        "opening_hours": "24/7",
        "phone": "+919539703462",
        "tourism": "hotel"
      },
      "geometry": {
        "type": "Point",
        "coordinates": [
          76.2422395,
          9.9621929
        ]
      },
      "id": "node/4349831009"
    },
    {
      "type": "Feature",
      "properties": {
        "@id": "node/4361190189",
        "name": "Kerala bamboo house",
        "tourism": "hotel"
      },
      "geometry": {
        "type": "Point",
        "coordinates": [
          76.7005145,
          8.7385296
        ]
      },
      "id": "node/4361190189"
    },
    {
      "type": "Feature",
      "properties": {
        "@id": "node/4364433708",
        "description": "Homestay",
        "name": "Dewalokam",
        "name:ml": "ദേവലോകം",
        "organic": "yes",
        "phone": "+91 4862-264071/+91-9387535321",
        "shop": "farm",
        "tourism": "hotel",
        "website": "https://www.dewalokam.in/"
      },
      "geometry": {
        "type": "Point",
        "coordinates": [
          76.79327,
          9.9635783
        ]
      },
      "id": "node/4364433708"
    },
    {
      "type": "Feature",
      "properties": {
        "@id": "node/4371312611",
        "addr:postcode": "695001",
        "addr:street": "Manjalikulam Road",
        "internet_access": "wlan",
        "name": "Princess Inn",
        "phone": "+91-4712339151",
        "tourism": "hotel"
      },
      "geometry": {
        "type": "Point",
        "coordinates": [
          76.9491337,
          8.4909753
        ]
      },
      "id": "node/4371312611"
    },
    {
      "type": "Feature",
      "properties": {
        "@id": "node/4376968849",
        "name": "KTDC Ripple Land",
        "operator": "Kerala Tourism Development Corporation",
        "tourism": "hotel"
      },
      "geometry": {
        "type": "Point",
        "coordinates": [
          76.3281749,
          9.5101719
        ]
      },
      "id": "node/4376968849"
    },
    {
      "type": "Feature",
      "properties": {
        "@id": "node/4382928186",
        "check_date": "2026-02-03",
        "name": "Sayoojyam Residency",
        "tourism": "hotel"
      },
      "geometry": {
        "type": "Point",
        "coordinates": [
          76.6563313,
          10.7693368
        ]
      },
      "id": "node/4382928186"
    },
    {
      "type": "Feature",
      "properties": {
        "@id": "node/4382928187",
        "name": "KPM Regency",
        "tourism": "hotel"
      },
      "geometry": {
        "type": "Point",
        "coordinates": [
          76.6564573,
          10.7691893
        ]
      },
      "id": "node/4382928187"
    },
    {
      "type": "Feature",
      "properties": {
        "@id": "node/4382951803",
        "name": "Anugraha Hotel",
        "tourism": "hotel"
      },
      "geometry": {
        "type": "Point",
        "coordinates": [
          76.6588828,
          10.7591683
        ]
      },
      "id": "node/4382951803"
    },
    {
      "type": "Feature",
      "properties": {
        "@id": "node/4395549790",
        "addr:street": "Kannur-Calicut-Valanchery Highway",
        "name": "North Park",
        "name:en": "North Park",
        "tourism": "hotel"
      },
      "geometry": {
        "type": "Point",
        "coordinates": [
          75.5931148,
          11.5995809
        ]
      },
      "id": "node/4395549790"
    },
    {
      "type": "Feature",
      "properties": {
        "@id": "node/4409959690",
        "addr:street": "1st Mile,Pandikuzhi Forest Road, Opp. Amaravathy Govt School, Thekkady -685 509, Kerala, India.",
        "internet_access": "wlan",
        "name": "Spice valley",
        "opening_hours": "24/7",
        "tourism": "hotel"
      },
      "geometry": {
        "type": "Point",
        "coordinates": [
          77.1617717,
          9.6196633
        ]
      },
      "id": "node/4409959690"
    },
    {
      "type": "Feature",
      "properties": {
        "@id": "node/4419913869",
        "name": "Mega Tourist Home",
        "tourism": "hotel"
      },
      "geometry": {
        "type": "Point",
        "coordinates": [
          76.2799414,
          10.7778312
        ]
      },
      "id": "node/4419913869"
    },
    {
      "type": "Feature",
      "properties": {
        "@id": "node/4419938469",
        "name": "Kalpaka Residency",
        "tourism": "hotel"
      },
      "geometry": {
        "type": "Point",
        "coordinates": [
          76.270749,
          10.7631695
        ]
      },
      "id": "node/4419938469"
    },
    {
      "type": "Feature",
      "properties": {
        "@id": "node/4419938471",
        "name": "Hotel Arya",
        "tourism": "hotel"
      },
      "geometry": {
        "type": "Point",
        "coordinates": [
          76.2694722,
          10.761989
        ]
      },
      "id": "node/4419938471"
    },
    {
      "type": "Feature",
      "properties": {
        "@id": "node/4419965634",
        "name": "Hotel Apsara",
        "tourism": "hotel"
      },
      "geometry": {
        "type": "Point",
        "coordinates": [
          76.2723898,
          10.7601016
        ]
      },
      "id": "node/4419965634"
    },
    {
      "type": "Feature",
      "properties": {
        "@id": "node/4419965635",
        "name": "Nakshatra",
        "tourism": "hotel"
      },
      "geometry": {
        "type": "Point",
        "coordinates": [
          76.273173,
          10.7601453
        ]
      },
      "id": "node/4419965635"
    },
    {
      "type": "Feature",
      "properties": {
        "@id": "node/4419965641",
        "name": "CT Tourist Home",
        "tourism": "hotel"
      },
      "geometry": {
        "type": "Point",
        "coordinates": [
          76.2753,
          10.7601849
        ]
      },
      "id": "node/4419965641"
    },
    {
      "type": "Feature",
      "properties": {
        "@id": "node/4426053790",
        "addr:street": "Gap Baison Valley Road",
        "name": "The Club Munnar",
        "operator": "Spice Land, Cochin.",
        "phone": "+91-042898632",
        "tourism": "hotel"
      },
      "geometry": {
        "type": "Point",
        "coordinates": [
          77.126755,
          10.0351417
        ]
      },
      "id": "node/4426053790"
    },
    {
      "type": "Feature",
      "properties": {
        "@id": "node/4426055289",
        "addr:street": "Chokramudi trail",
        "tourism": "hotel"
      },
      "geometry": {
        "type": "Point",
        "coordinates": [
          77.1267425,
          10.035136
        ]
      },
      "id": "node/4426055289"
    },
    {
      "type": "Feature",
      "properties": {
        "@id": "node/4447470970",
        "name": "Cherai Beach Ressorts",
        "tourism": "hotel"
      },
      "geometry": {
        "type": "Point",
        "coordinates": [
          76.1804475,
          10.136164
        ]
      },
      "id": "node/4447470970"
    },
    {
      "type": "Feature",
      "properties": {
        "@id": "node/4447471943",
        "name": "Beach Valley",
        "tourism": "hotel"
      },
      "geometry": {
        "type": "Point",
        "coordinates": [
          76.1799079,
          10.1378878
        ]
      },
      "id": "node/4447471943"
    },
    {
      "type": "Feature",
      "properties": {
        "@id": "node/4478428749",
        "name": "Hotel Jayabharath",
        "tourism": "hotel"
      },
      "geometry": {
        "type": "Point",
        "coordinates": [
          76.3341186,
          10.7812537
        ]
      },
      "id": "node/4478428749"
    },
    {
      "type": "Feature",
      "properties": {
        "@id": "node/4497944810",
        "name": "Zuri",
        "tourism": "hotel"
      },
      "geometry": {
        "type": "Point",
        "coordinates": [
          76.4249887,
          9.59101
        ]
      },
      "id": "node/4497944810"
    },
    {
      "type": "Feature",
      "properties": {
        "@id": "node/4497944811",
        "name": "Aveda Resorts & Spa",
        "tourism": "hotel"
      },
      "geometry": {
        "type": "Point",
        "coordinates": [
          76.4253599,
          9.5895469
        ]
      },
      "id": "node/4497944811"
    },
    {
      "type": "Feature",
      "properties": {
        "@id": "node/4497944814",
        "name": "Paradise Resort",
        "tourism": "hotel"
      },
      "geometry": {
        "type": "Point",
        "coordinates": [
          76.424401,
          9.5860446
        ]
      },
      "id": "node/4497944814"
    },
    {
      "type": "Feature",
      "properties": {
        "@id": "node/4497944815",
        "name": "Lake Residency",
        "tourism": "hotel"
      },
      "geometry": {
        "type": "Point",
        "coordinates": [
          76.4243822,
          9.5853722
        ]
      },
      "id": "node/4497944815"
    },
    {
      "type": "Feature",
      "properties": {
        "@id": "node/4520153789",
        "addr:city": "Alappuzha",
        "addr:street": "100meters off Finishingpoint Road",
        "internet_access": "wlan",
        "name": "Matthews Palmy Residency",
        "phone": "+914772235938",
        "tourism": "hotel",
        "website": "http://www.palmyresidency.com"
      },
      "geometry": {
        "type": "Point",
        "coordinates": [
          76.3486344,
          9.5007724
        ]
      },
      "id": "node/4520153789"
    },
    {
      "type": "Feature",
      "properties": {
        "@id": "node/4520785492",
        "addr:city": "Old Munnar",
        "name": "Grand Plaza",
        "tourism": "hotel"
      },
      "geometry": {
        "type": "Point",
        "coordinates": [
          77.063995,
          10.0740584
        ]
      },
      "id": "node/4520785492"
    },
    {
      "type": "Feature",
      "properties": {
        "@id": "node/4523627019",
        "addr:postcode": "688012",
        "addr:street": "CCNB Road",
        "email": "alasrholidays@gmail.com",
        "internet_access": "wlan",
        "name": "Alasr Heritage",
        "operator": "Sheikh Riyas L.",
        "phone": "+91-9947066699",
        "tourism": "hotel",
        "website": "http://www.alasrholidays.com"
      },
      "geometry": {
        "type": "Point",
        "coordinates": [
          76.3245012,
          9.4946782
        ]
      },
      "id": "node/4523627019"
    },
    {
      "type": "Feature",
      "properties": {
        "@id": "node/4526605192",
        "internet_access": "yes",
        "name": "Abhi's Cafe",
        "name:en": "Abhi's Cafe",
        "smoking": "outside",
        "tourism": "hotel"
      },
      "geometry": {
        "type": "Point",
        "coordinates": [
          76.9791788,
          8.3895002
        ]
      },
      "id": "node/4526605192"
    },
    {
      "type": "Feature",
      "properties": {
        "@id": "node/4539006082",
        "name": "Vedanta wake up",
        "rooms": "Dorm beds, double rooms",
        "tourism": "hotel"
      },
      "geometry": {
        "type": "Point",
        "coordinates": [
          76.9786949,
          8.3875758
        ]
      },
      "id": "node/4539006082"
    },
    {
      "type": "Feature",
      "properties": {
        "@id": "node/4539006083",
        "name": "Moon Valley Cottage",
        "tourism": "hotel"
      },
      "geometry": {
        "type": "Point",
        "coordinates": [
          76.9786628,
          8.3874582
        ]
      },
      "id": "node/4539006083"
    },
    {
      "type": "Feature",
      "properties": {
        "@id": "node/4539006305",
        "name": "Hotel Rohit",
        "tourism": "hotel"
      },
      "geometry": {
        "type": "Point",
        "coordinates": [
          76.9802611,
          8.3862813
        ]
      },
      "id": "node/4539006305"
    },
    {
      "type": "Feature",
      "properties": {
        "@id": "node/4539006306",
        "name": "Hotel Greenland",
        "tourism": "hotel"
      },
      "geometry": {
        "type": "Point",
        "coordinates": [
          76.9803,
          8.386207
        ]
      },
      "id": "node/4539006306"
    },
    {
      "type": "Feature",
      "properties": {
        "@id": "node/4539006329",
        "description": "Ayurvedic clinic and yoga centre",
        "name": "Hotel Peacock",
        "tourism": "hotel"
      },
      "geometry": {
        "type": "Point",
        "coordinates": [
          76.9810153,
          8.3854378
        ]
      },
      "id": "node/4539006329"
    },
    {
      "type": "Feature",
      "properties": {
        "@id": "node/4539006342",
        "name": "Hawah Beach Resort",
        "tourism": "hotel"
      },
      "geometry": {
        "type": "Point",
        "coordinates": [
          76.9815377,
          8.3865192
        ]
      },
      "id": "node/4539006342"
    },
    {
      "type": "Feature",
      "properties": {
        "@id": "node/4539006343",
        "name": "Hotel Peacock",
        "tourism": "hotel"
      },
      "geometry": {
        "type": "Point",
        "coordinates": [
          76.9817756,
          8.3863493
        ]
      },
      "id": "node/4539006343"
    },
    {
      "type": "Feature",
      "properties": {
        "@id": "node/4539037712",
        "name": "Hotel California",
        "tourism": "hotel"
      },
      "geometry": {
        "type": "Point",
        "coordinates": [
          76.9808301,
          8.3847933
        ]
      },
      "id": "node/4539037712"
    },
    {
      "type": "Feature",
      "properties": {
        "@id": "node/4539037714",
        "name": "Blooms Beach Resort",
        "tourism": "hotel"
      },
      "geometry": {
        "type": "Point",
        "coordinates": [
          76.9803647,
          8.3844152
        ]
      },
      "id": "node/4539037714"
    },
    {
      "type": "Feature",
      "properties": {
        "@id": "node/4539037715",
        "internet_access": "no",
        "name": "Maharaju Palace",
        "phone": "+91 9946854270",
        "rooms": "8",
        "start_date": "1999",
        "tourism": "hotel",
        "website": "https://maharajupalace.com",
        "wheelchair": "yes"
      },
      "geometry": {
        "type": "Point",
        "coordinates": [
          76.9805793,
          8.3843263
        ]
      },
      "id": "node/4539037715"
    },
    {
      "type": "Feature",
      "properties": {
        "@id": "node/4539037716",
        "name": "Good Morning Residancy",
        "tourism": "hotel"
      },
      "geometry": {
        "type": "Point",
        "coordinates": [
          76.9805927,
          8.3841034
        ]
      },
      "id": "node/4539037716"
    },
    {
      "type": "Feature",
      "properties": {
        "@id": "node/4539037718",
        "name": "The Beach Hotel",
        "tourism": "hotel"
      },
      "geometry": {
        "type": "Point",
        "coordinates": [
          76.9802051,
          8.3838022
        ]
      },
      "id": "node/4539037718"
    },
    {
      "type": "Feature",
      "properties": {
        "@id": "node/4546380918",
        "name": "Patrick villa",
        "tourism": "hotel"
      },
      "geometry": {
        "type": "Point",
        "coordinates": [
          76.9785763,
          8.3888024
        ]
      },
      "id": "node/4546380918"
    },
    {
      "type": "Feature",
      "properties": {
        "@id": "node/4546380922",
        "name": "Jasmine Palace",
        "tourism": "hotel"
      },
      "geometry": {
        "type": "Point",
        "coordinates": [
          76.9777891,
          8.388687
        ]
      },
      "id": "node/4546380922"
    },
    {
      "type": "Feature",
      "properties": {
        "@id": "node/4546380926",
        "name": "Hotel Marine Palace",
        "phone": "+91 471 2481428",
        "tourism": "hotel",
        "website": "https://hotelmarinepalace.com/"
      },
      "geometry": {
        "type": "Point",
        "coordinates": [
          76.9771708,
          8.3885768
        ]
      },
      "id": "node/4546380926"
    },
    {
      "type": "Feature",
      "properties": {
        "@id": "node/4546380930",
        "name": "Sea Shore Hotel and Restaurant",
        "tourism": "hotel"
      },
      "geometry": {
        "type": "Point",
        "coordinates": [
          76.9766317,
          8.3874252
        ]
      },
      "id": "node/4546380930"
    },
    {
      "type": "Feature",
      "properties": {
        "@id": "node/4546380944",
        "internet_access": "no",
        "name": "Pappukutty",
        "tourism": "hotel",
        "wheelchair": "yes"
      },
      "geometry": {
        "type": "Point",
        "coordinates": [
          76.9777757,
          8.3865429
        ]
      },
      "id": "node/4546380944"
    },
    {
      "type": "Feature",
      "properties": {
        "@id": "node/4546380955",
        "check_date": "2025-12-14",
        "name": "The Beach Hotel",
        "tourism": "hotel"
      },
      "geometry": {
        "type": "Point",
        "coordinates": [
          76.9791047,
          8.3856613
        ]
      },
      "id": "node/4546380955"
    },
    {
      "type": "Feature",
      "properties": {
        "@id": "node/4546380969",
        "name": "Coco Beach Resort and Spa",
        "tourism": "hotel"
      },
      "geometry": {
        "type": "Point",
        "coordinates": [
          76.9785119,
          8.3872275
        ]
      },
      "id": "node/4546380969"
    },
    {
      "type": "Feature",
      "properties": {
        "@id": "node/4548633289",
        "addr:street": "HMT Road",
        "name": "Cochin biriyani house",
        "name:en": "Cochin biriyani house",
        "tourism": "hotel"
      },
      "geometry": {
        "type": "Point",
        "coordinates": [
          76.3275636,
          10.053939
        ]
      },
      "id": "node/4548633289"
    },
    {
      "type": "Feature",
      "properties": {
        "@id": "node/4548892589",
        "email": "info@greenvalleyvista.com",
        "internet_access": "wlan",
        "name": "Green Valley Vista",
        "tourism": "hotel"
      },
      "geometry": {
        "type": "Point",
        "coordinates": [
          77.0457275,
          10.0282032
        ]
      },
      "id": "node/4548892589"
    },
    {
      "type": "Feature",
      "properties": {
        "@id": "node/4561184589",
        "name": "Dream nest Beachhomestay",
        "tourism": "hotel"
      },
      "geometry": {
        "type": "Point",
        "coordinates": [
          76.3197906,
          9.4972782
        ]
      },
      "id": "node/4561184589"
    },
    {
      "type": "Feature",
      "properties": {
        "@id": "node/4573097806",
        "name": "al maray",
        "name:en": "al maray",
        "tourism": "hotel",
        "wikidata": "Q111062197"
      },
      "geometry": {
        "type": "Point",
        "coordinates": [
          76.2942938,
          10.0009683
        ]
      },
      "id": "node/4573097806"
    },
    {
      "type": "Feature",
      "properties": {
        "@id": "node/4581260411",
        "name": "Jasmine Palace",
        "tourism": "hotel"
      },
      "geometry": {
        "type": "Point",
        "coordinates": [
          76.9778725,
          8.3886611
        ]
      },
      "id": "node/4581260411"
    },
    {
      "type": "Feature",
      "properties": {
        "@id": "node/4590474189",
        "name": "Nikhil Residence",
        "name:de": "Nikhil Residence",
        "name:en": "Nikhil Residence",
        "tourism": "hotel"
      },
      "geometry": {
        "type": "Point",
        "coordinates": [
          76.7013228,
          8.7397618
        ]
      },
      "id": "node/4590474189"
    },
    {
      "type": "Feature",
      "properties": {
        "@id": "node/4611581589",
        "addr:postcode": "670101",
        "addr:street": "Opposite District Court",
        "email": "victoriagrouptly@gmail.com",
        "internet_access": "wlan",
        "name": "Hotel Victoria",
        "name:en": "Hotel Victoria",
        "name:fr": "O",
        "opening_hours": "24/7",
        "operator": "Arvind Ratnakar",
        "phone": "+91-9061357657",
        "tourism": "hotel",
        "website": "http://www.victoriaseaside.com"
      },
      "geometry": {
        "type": "Point",
        "coordinates": [
          75.4792663,
          11.7574855
        ]
      },
      "id": "node/4611581589"
    },
    {
      "type": "Feature",
      "properties": {
        "@id": "node/4614234001",
        "addr:postcode": "670101",
        "addr:street": "Opposite District Courts",
        "email": "victoriahoteltly@gmail.com",
        "internet_access": "wlan",
        "opening_hours": "24/7",
        "operator": "Arvind Ratnakar",
        "phone": "+91-9061357657",
        "tourism": "hotel",
        "website": "http://www.victoriaseaside.com"
      },
      "geometry": {
        "type": "Point",
        "coordinates": [
          75.4792554,
          11.7576857
        ]
      },
      "id": "node/4614234001"
    },
    {
      "type": "Feature",
      "properties": {
        "@id": "node/4615665989",
        "addr:street": "Perinthalmanna-Mannarkkad-Palakkad Road",
        "name": "KPM residency",
        "name:en": "KPM residency",
        "tourism": "hotel"
      },
      "geometry": {
        "type": "Point",
        "coordinates": [
          76.2278404,
          10.9752286
        ]
      },
      "id": "node/4615665989"
    },
    {
      "type": "Feature",
      "properties": {
        "@id": "node/4616253889",
        "addr:city": "Old Munnar",
        "name": "Hotel SN",
        "tourism": "hotel"
      },
      "geometry": {
        "type": "Point",
        "coordinates": [
          77.0631488,
          10.0745742
        ]
      },
      "id": "node/4616253889"
    },
    {
      "type": "Feature",
      "properties": {
        "@id": "node/4620330889",
        "name": "Dr.Unni's Nest",
        "name:en": "Dr.Unni's Nest",
        "tourism": "hotel",
        "website": "http://www.unnidoc.com"
      },
      "geometry": {
        "type": "Point",
        "coordinates": [
          76.9801339,
          8.3871359
        ]
      },
      "id": "node/4620330889"
    },
    {
      "type": "Feature",
      "properties": {
        "@id": "node/4623112099",
        "name": "Noah's Ark Inn",
        "tourism": "hotel"
      },
      "geometry": {
        "type": "Point",
        "coordinates": [
          77.0629711,
          10.0782108
        ]
      },
      "id": "node/4623112099"
    },
    {
      "type": "Feature",
      "properties": {
        "@id": "node/4623114493",
        "name": "Sujatha Inn",
        "name:en": "Sujatha Inn",
        "tourism": "hotel"
      },
      "geometry": {
        "type": "Point",
        "coordinates": [
          77.0618017,
          10.0813716
        ]
      },
      "id": "node/4623114493"
    },
    {
      "type": "Feature",
      "properties": {
        "@id": "node/4623114494",
        "name": "Green Ridge",
        "name:en": "Green Ridge",
        "tourism": "hotel"
      },
      "geometry": {
        "type": "Point",
        "coordinates": [
          77.0616113,
          10.0799942
        ]
      },
      "id": "node/4623114494"
    },
    {
      "type": "Feature",
      "properties": {
        "@id": "node/4625634693",
        "name": "St. Teresa's Homestay",
        "tourism": "hotel"
      },
      "geometry": {
        "type": "Point",
        "coordinates": [
          77.1956927,
          10.0507696
        ]
      },
      "id": "node/4625634693"
    },
    {
      "type": "Feature",
      "properties": {
        "@id": "node/4625636489",
        "check_date": "2025-12-27",
        "name": "Munnar Crown Resorts",
        "name:en": "Munnar Crown Resorts",
        "tourism": "hotel"
      },
      "geometry": {
        "type": "Point",
        "coordinates": [
          77.1745031,
          10.0415645
        ]
      },
      "id": "node/4625636489"
    },
    {
      "type": "Feature",
      "properties": {
        "@id": "node/4625677990",
        "check_date": "2025-12-27",
        "name": "Double Tree Villa",
        "name:en": "Double Tree Villa",
        "tourism": "hotel"
      },
      "geometry": {
        "type": "Point",
        "coordinates": [
          77.1915859,
          10.050765
        ]
      },
      "id": "node/4625677990"
    },
    {
      "type": "Feature",
      "properties": {
        "@id": "node/4625684289",
        "name": "Goodluck's Lake View Inn",
        "name:en": "Goodluck's Lake View Inn",
        "tourism": "hotel"
      },
      "geometry": {
        "type": "Point",
        "coordinates": [
          77.1891866,
          10.0501408
        ]
      },
      "id": "node/4625684289"
    },
    {
      "type": "Feature",
      "properties": {
        "@id": "node/4625684489",
        "name": "LG Tourist Home",
        "name:en": "LG Tourist Home",
        "tourism": "hotel"
      },
      "geometry": {
        "type": "Point",
        "coordinates": [
          77.1959059,
          10.051653
        ]
      },
      "id": "node/4625684489"
    },
    {
      "type": "Feature",
      "properties": {
        "@id": "node/4625684490",
        "name": "Royal Inn",
        "name:en": "Royal Inn",
        "tourism": "hotel"
      },
      "geometry": {
        "type": "Point",
        "coordinates": [
          77.1607622,
          10.0379081
        ]
      },
      "id": "node/4625684490"
    },
    {
      "type": "Feature",
      "properties": {
        "@id": "node/4627918192",
        "name": "Green View Holiday Inn",
        "name:en": "Green View Holiday Inn",
        "tourism": "hotel"
      },
      "geometry": {
        "type": "Point",
        "coordinates": [
          77.0480096,
          10.0707273
        ]
      },
      "id": "node/4627918192"
    },
    {
      "type": "Feature",
      "properties": {
        "@id": "node/4627918492",
        "name": "Meghdoot",
        "name:en": "Meghdoot",
        "tourism": "hotel"
      },
      "geometry": {
        "type": "Point",
        "coordinates": [
          77.0663711,
          10.0554006
        ]
      },
      "id": "node/4627918492"
    },
    {
      "type": "Feature",
      "properties": {
        "@id": "node/4627918493",
        "name": "Shamrock Holiday Home",
        "name:en": "Shamrock Holiday Home",
        "tourism": "hotel"
      },
      "geometry": {
        "type": "Point",
        "coordinates": [
          77.0661819,
          10.0547998
        ]
      },
      "id": "node/4627918493"
    },
    {
      "type": "Feature",
      "properties": {
        "@id": "node/4628104690",
        "name": "K R guest house",
        "name:en": "K R guest house",
        "phone": "+91 470 9388 720 200.",
        "tourism": "hotel"
      },
      "geometry": {
        "type": "Point",
        "coordinates": [
          76.7113288,
          8.7270146
        ]
      },
      "id": "node/4628104690"
    },
    {
      "type": "Feature",
      "properties": {
        "@id": "node/4628115589",
        "name": "Summer house",
        "name:en": "Summer house",
        "tourism": "hotel"
      },
      "geometry": {
        "type": "Point",
        "coordinates": [
          76.6201018,
          8.8501344
        ]
      },
      "id": "node/4628115589"
    },
    {
      "type": "Feature",
      "properties": {
        "@id": "node/4631760089",
        "check_date": "2025-02-02",
        "name": "XL Homestay",
        "name:en": "XL Homestay",
        "tourism": "hotel"
      },
      "geometry": {
        "type": "Point",
        "coordinates": [
          76.2418748,
          9.9668747
        ]
      },
      "id": "node/4631760089"
    },
    {
      "type": "Feature",
      "properties": {
        "@id": "node/4632174034",
        "addr:city": "Fort Cochin",
        "name": "Tibet Homestay",
        "tourism": "hotel"
      },
      "geometry": {
        "type": "Point",
        "coordinates": [
          76.244181,
          9.9658699
        ]
      },
      "id": "node/4632174034"
    },
    {
      "type": "Feature",
      "properties": {
        "@id": "node/4632187397",
        "addr:city": "Fort Cochin",
        "name": "Vintage Inn",
        "tourism": "hotel"
      },
      "geometry": {
        "type": "Point",
        "coordinates": [
          76.2437851,
          9.9628773
        ]
      },
      "id": "node/4632187397"
    },
    {
      "type": "Feature",
      "properties": {
        "@id": "node/4632187398",
        "addr:city": "Fort Cochin",
        "name": "Michaela Homestay",
        "tourism": "hotel"
      },
      "geometry": {
        "type": "Point",
        "coordinates": [
          76.242435,
          9.962116
        ]
      },
      "id": "node/4632187398"
    },
    {
      "type": "Feature",
      "properties": {
        "@id": "node/4640505994",
        "addr:city": "Fort Cochin",
        "name": "Puthumana",
        "name:ml": "പുതുമന",
        "tourism": "hotel"
      },
      "geometry": {
        "type": "Point",
        "coordinates": [
          76.2432739,
          9.962803
        ]
      },
      "id": "node/4640505994"
    },
    {
      "type": "Feature",
      "properties": {
        "@id": "node/4642212832",
        "addr:street": "Kulathoor road",
        "building:levels": "3",
        "internet_access": "no",
        "name": "Ashoka Inn",
        "operator": "OYO",
        "smoking": "no",
        "tourism": "hotel"
      },
      "geometry": {
        "type": "Point",
        "coordinates": [
          76.8783102,
          8.5453275
        ]
      },
      "id": "node/4642212832"
    },
    {
      "type": "Feature",
      "properties": {
        "@id": "node/4652890494",
        "name": "Allepey Residency",
        "name:en": "Allepey Residency",
        "tourism": "hotel"
      },
      "geometry": {
        "type": "Point",
        "coordinates": [
          76.3452685,
          9.501237
        ]
      },
      "id": "node/4652890494"
    },
    {
      "type": "Feature",
      "properties": {
        "@id": "node/4653442585",
        "addr:city": "Kochi",
        "addr:district": "Ernakulam",
        "addr:housenumber": "Karthanamparambil Building",
        "addr:postcode": "682024",
        "addr:street": "Near Palarivattom-byepass signal, Edappally-Arakkakadavu Road, Alinchuvadu Junction, Padivattom, Edappally",
        "air_conditioning": "yes",
        "internet_access": "wlan",
        "internet_access:fee": "no",
        "name": "Pleasant Inn",
        "phone": "09567011555",
        "tourism": "hotel"
      },
      "geometry": {
        "type": "Point",
        "coordinates": [
          76.3158303,
          10.0067003
        ]
      },
      "id": "node/4653442585"
    },
    {
      "type": "Feature",
      "properties": {
        "@id": "node/4655138590",
        "name": "Komala",
        "tourism": "hotel"
      },
      "geometry": {
        "type": "Point",
        "coordinates": [
          76.342591,
          9.5027945
        ]
      },
      "id": "node/4655138590"
    },
    {
      "type": "Feature",
      "properties": {
        "@id": "node/4674651109",
        "name": "Blue Sea Beach Resort",
        "name:en": "Blue Sea Beach Resort",
        "tourism": "hotel"
      },
      "geometry": {
        "type": "Point",
        "coordinates": [
          76.7067533,
          8.7325973
        ]
      },
      "id": "node/4674651109"
    },
    {
      "type": "Feature",
      "properties": {
        "@id": "node/4681352010",
        "name": "Hotel Teekay Palace",
        "name:en": "Hotel Teekay Palace",
        "tourism": "hotel"
      },
      "geometry": {
        "type": "Point",
        "coordinates": [
          76.953819,
          8.4894416
        ]
      },
      "id": "node/4681352010"
    },
    {
      "type": "Feature",
      "properties": {
        "@id": "node/4695440789",
        "internet_access": "wlan",
        "name": "Palmy Lake Resort",
        "tourism": "hotel"
      },
      "geometry": {
        "type": "Point",
        "coordinates": [
          76.3533481,
          9.5153032
        ]
      },
      "id": "node/4695440789"
    },
    {
      "type": "Feature",
      "properties": {
        "@id": "node/4710027089",
        "check_date": "2026-02-02",
        "name": "Appollo Dimora",
        "tourism": "hotel"
      },
      "geometry": {
        "type": "Point",
        "coordinates": [
          76.9510263,
          8.4888205
        ]
      },
      "id": "node/4710027089"
    },
    {
      "type": "Feature",
      "properties": {
        "@id": "node/4710027258",
        "name": "Pattom Royal Hotel",
        "tourism": "hotel"
      },
      "geometry": {
        "type": "Point",
        "coordinates": [
          76.9436289,
          8.5177832
        ]
      },
      "id": "node/4710027258"
    },
    {
      "type": "Feature",
      "properties": {
        "@id": "node/4711925462",
        "name": "Hotel Periyar",
        "tourism": "hotel"
      },
      "geometry": {
        "type": "Point",
        "coordinates": [
          76.347865,
          10.1113035
        ]
      },
      "id": "node/4711925462"
    },
    {
      "type": "Feature",
      "properties": {
        "@id": "node/4714476589",
        "name": "Cherukara Nest",
        "name:en": "Cherukara Nest",
        "tourism": "hotel"
      },
      "geometry": {
        "type": "Point",
        "coordinates": [
          76.3490225,
          9.498817
        ]
      },
      "id": "node/4714476589"
    },
    {
      "type": "Feature",
      "properties": {
        "@id": "node/4725308165",
        "addr:city": "Munnar",
        "addr:housenumber": "Near tea county",
        "addr:postcode": "685612",
        "addr:street": "Colony Road",
        "email": "mail@lecelestium.com",
        "internet_access": "yes",
        "internet_access:fee": "yes",
        "name": "Le Celestium",
        "operator": "Leisure Inn Hotels & Resorts",
        "rooms": "36",
        "stars": "3",
        "tourism": "hotel"
      },
      "geometry": {
        "type": "Point",
        "coordinates": [
          77.0680277,
          10.087304
        ]
      },
      "id": "node/4725308165"
    },
    {
      "type": "Feature",
      "properties": {
        "@id": "node/4729063210",
        "bar": "yes",
        "name": "Cherai Tourist Home",
        "tourism": "hotel"
      },
      "geometry": {
        "type": "Point",
        "coordinates": [
          76.1950338,
          10.1391971
        ]
      },
      "id": "node/4729063210"
    },
    {
      "type": "Feature",
      "properties": {
        "@id": "node/4731556722",
        "addr:street": "Munnar-Kumily-Road",
        "check_date": "2025-12-09",
        "name": "Green Palace",
        "tourism": "hotel"
      },
      "geometry": {
        "type": "Point",
        "coordinates": [
          77.2082381,
          9.9771778
        ]
      },
      "id": "node/4731556722"
    },
    {
      "type": "Feature",
      "properties": {
        "@id": "node/4731556824",
        "addr:street": "Thekkady Bypass Road",
        "internet_access": "wlan",
        "name": "Ammu's Home Stay",
        "name:en": "Ammu's Home Stay",
        "tourism": "hotel"
      },
      "geometry": {
        "type": "Point",
        "coordinates": [
          77.1719549,
          9.605387
        ]
      },
      "id": "node/4731556824"
    },
    {
      "type": "Feature",
      "properties": {
        "@id": "node/4733184731",
        "addr:street": "Nest to KSRTC Depot, Kumli-Kottaym Rd",
        "name": "Holiday Vista",
        "name:en": "Holiday Vista",
        "opening_hours": "24/7",
        "phone": "+914869224800",
        "tourism": "hotel"
      },
      "geometry": {
        "type": "Point",
        "coordinates": [
          77.1630187,
          9.6080228
        ]
      },
      "id": "node/4733184731"
    },
    {
      "type": "Feature",
      "properties": {
        "@id": "node/4733916990",
        "name": "Rajnagari",
        "name:ml": "രാജ്നാഗരി",
        "tourism": "hotel"
      },
      "geometry": {
        "type": "Point",
        "coordinates": [
          76.306131,
          10.0269923
        ]
      },
      "id": "node/4733916990"
    },
    {
      "type": "Feature",
      "properties": {
        "@id": "node/4734317237",
        "internet_access": "wlan",
        "name": "Sandy Beach residence",
        "name:en": "Sandy Beach residence",
        "tourism": "hotel",
        "wheelchair": "no"
      },
      "geometry": {
        "type": "Point",
        "coordinates": [
          76.9794182,
          8.3860851
        ]
      },
      "id": "node/4734317237"
    },
    {
      "type": "Feature",
      "properties": {
        "@id": "node/4741829237",
        "addr:street": "BSNL Quatters Inside Road",
        "name": "Proposed",
        "name:en": "IMA House",
        "opening_hours": "24/7",
        "phone": "+91-4843925500",
        "tourism": "hotel"
      },
      "geometry": {
        "type": "Point",
        "coordinates": [
          75.8059166,
          11.285891
        ]
      },
      "id": "node/4741829237"
    },
    {
      "type": "Feature",
      "properties": {
        "@id": "node/4747854179",
        "name": "Everest Tourist Home",
        "tourism": "hotel"
      },
      "geometry": {
        "type": "Point",
        "coordinates": [
          76.3567443,
          10.1077431
        ]
      },
      "id": "node/4747854179"
    },
    {
      "type": "Feature",
      "properties": {
        "@id": "node/4747859310",
        "name": "Manjooran",
        "name:ml": "മാഞ്ഞൂരാൻ",
        "tourism": "hotel"
      },
      "geometry": {
        "type": "Point",
        "coordinates": [
          76.3570147,
          10.1078583
        ]
      },
      "id": "node/4747859310"
    },
    {
      "type": "Feature",
      "properties": {
        "@id": "node/4747859311",
        "alt_name": "Alankar Tourist Home",
        "name": "Alankar Elite Inns and Hotels",
        "tourism": "hotel"
      },
      "geometry": {
        "type": "Point",
        "coordinates": [
          76.3569927,
          10.1081313
        ]
      },
      "id": "node/4747859311"
    },
    {
      "type": "Feature",
      "properties": {
        "@id": "node/4769436243",
        "amenity": "restaurant",
        "name": "Gopika Residency",
        "tourism": "hotel"
      },
      "geometry": {
        "type": "Point",
        "coordinates": [
          76.2678122,
          10.0875327
        ]
      },
      "id": "node/4769436243"
    },
    {
      "type": "Feature",
      "properties": {
        "@id": "node/4793248550",
        "name": "Hotel Spice Garden",
        "tourism": "hotel"
      },
      "geometry": {
        "type": "Point",
        "coordinates": [
          76.8788433,
          9.690902
        ]
      },
      "id": "node/4793248550"
    },
    {
      "type": "Feature",
      "properties": {
        "@id": "node/4796095321",
        "name:fr": "Pooja House",
        "tourism": "hotel"
      },
      "geometry": {
        "type": "Point",
        "coordinates": [
          76.7051047,
          8.7379135
        ]
      },
      "id": "node/4796095321"
    },
    {
      "type": "Feature",
      "properties": {
        "@id": "node/4803368821",
        "name:fr": "Joss Homestay",
        "tourism": "hotel"
      },
      "geometry": {
        "type": "Point",
        "coordinates": [
          76.371183,
          9.4857984
        ]
      },
      "id": "node/4803368821"
    },
    {
      "type": "Feature",
      "properties": {
        "@id": "node/4806798322",
        "air_conditioning": "yes",
        "internet_access": "wlan",
        "internet_access:fee": "no",
        "name": "Beaumonde The Fern",
        "name:en": "Beaumonde The Fern",
        "stars": "4",
        "tourism": "hotel"
      },
      "geometry": {
        "type": "Point",
        "coordinates": [
          76.289952,
          9.9698377
        ]
      },
      "id": "node/4806798322"
    },
    {
      "type": "Feature",
      "properties": {
        "@id": "node/4829735831",
        "name": "HariKrishnansHotel",
        "name:en": "HariKrishnansHotel",
        "tourism": "hotel"
      },
      "geometry": {
        "type": "Point",
        "coordinates": [
          76.5401957,
          9.2472406
        ]
      },
      "id": "node/4829735831"
    },
    {
      "type": "Feature",
      "properties": {
        "@id": "node/4829735852",
        "name": "Vrindavan",
        "name:en": "Vrindavan",
        "name:ml": "വൃന്ദാവൻ",
        "tourism": "hotel"
      },
      "geometry": {
        "type": "Point",
        "coordinates": [
          76.5381564,
          9.2497192
        ]
      },
      "id": "node/4829735852"
    },
    {
      "type": "Feature",
      "properties": {
        "@id": "node/4834362506",
        "name": "Hotel Banasura",
        "tourism": "hotel"
      },
      "geometry": {
        "type": "Point",
        "coordinates": [
          75.9699794,
          11.6731679
        ]
      },
      "id": "node/4834362506"
    },
    {
      "type": "Feature",
      "properties": {
        "@id": "node/4853960921",
        "name": "KTDC Suvasam Lake Resort, Thanneermukkom, Alappuzha",
        "name:en": "KTDC Suvasam Lake Resort, Thanneermukkom, Alappuzha",
        "tourism": "hotel"
      },
      "geometry": {
        "type": "Point",
        "coordinates": [
          76.393465,
          9.6770867
        ]
      },
      "id": "node/4853960921"
    },
    {
      "type": "Feature",
      "properties": {
        "@id": "node/4916380622",
        "tourism": "hotel"
      },
      "geometry": {
        "type": "Point",
        "coordinates": [
          76.3199142,
          9.4841166
        ]
      },
      "id": "node/4916380622"
    },
    {
      "type": "Feature",
      "properties": {
        "@id": "node/4946616396",
        "addr:city": "Kovalam",
        "addr:housenumber": "1/857",
        "addr:postcode": "695527",
        "addr:street": "Beach Road",
        "check_date:internet_access": "2021-04-30",
        "email": "jithinsumangali@gmail.com",
        "internet_access": "wlan",
        "name": "Hotel Sumangali",
        "operator": "EverON Hospitality",
        "rooms": "26",
        "smoking": "isolated",
        "stars": "3",
        "tourism": "hotel",
        "wheelchair": "no"
      },
      "geometry": {
        "type": "Point",
        "coordinates": [
          76.9781814,
          8.3865377
        ]
      },
      "id": "node/4946616396"
    },
    {
      "type": "Feature",
      "properties": {
        "@id": "node/4987991423",
        "name": "Thuvanoor",
        "name:en": "Thuvanoor",
        "tourism": "hotel"
      },
      "geometry": {
        "type": "Point",
        "coordinates": [
          76.1149052,
          10.6169631
        ]
      },
      "id": "node/4987991423"
    },
    {
      "type": "Feature",
      "properties": {
        "@id": "node/5031977892",
        "name": "Vazhani Dam Hotel",
        "tourism": "hotel",
        "wheelchair": "no"
      },
      "geometry": {
        "type": "Point",
        "coordinates": [
          76.3062209,
          10.6378784
        ]
      },
      "id": "node/5031977892"
    },
    {
      "type": "Feature",
      "properties": {
        "@id": "node/5072548221",
        "addr:street": "New Bus Stand-Edodi Road",
        "name": "Sreemani Tourist Home",
        "name:en": "Sreemani Tourist Home",
        "tourism": "hotel"
      },
      "geometry": {
        "type": "Point",
        "coordinates": [
          75.5946098,
          11.5953582
        ]
      },
      "id": "node/5072548221"
    },
    {
      "type": "Feature",
      "properties": {
        "@id": "node/5072548224",
        "addr:street": "New Bus Stand-Edodi Road",
        "name": "City tourist home",
        "name:en": "City tourist home",
        "tourism": "hotel"
      },
      "geometry": {
        "type": "Point",
        "coordinates": [
          75.5943857,
          11.5953786
        ]
      },
      "id": "node/5072548224"
    },
    {
      "type": "Feature",
      "properties": {
        "@id": "node/5144875023",
        "addr:city": "Old Munnar",
        "email": "mail@westwoodmunnar.com",
        "internet_access": "wlan",
        "name": "Hotel Westwood Riverside",
        "opening_hours": "24/7",
        "operator": "EVM Leisure Holidays & Resorts Pvt. Ltd.",
        "phone": "+91-4865230884",
        "tourism": "hotel",
        "website": "https://www.westwoodmunnar.com/"
      },
      "geometry": {
        "type": "Point",
        "coordinates": [
          77.0643183,
          10.074081
        ]
      },
      "id": "node/5144875023"
    },
    {
      "type": "Feature",
      "properties": {
        "@id": "node/5154903561",
        "building": "yes",
        "email": "info@sagarakovalam.com",
        "internet_access": "yes",
        "name": "Sagara Beach Resort",
        "payment:coins": "no",
        "payment:notes": "no",
        "phone": "+91 471 3999 000",
        "tourism": "hotel",
        "website": "https://sagarakovalam.com"
      },
      "geometry": {
        "type": "Point",
        "coordinates": [
          76.9815274,
          8.3836687
        ]
      },
      "id": "node/5154903561"
    },
    {
      "type": "Feature",
      "properties": {
        "@id": "node/5167021326",
        "name": "PVS Tourist Home",
        "tourism": "hotel"
      },
      "geometry": {
        "type": "Point",
        "coordinates": [
          75.3625719,
          11.8717617
        ]
      },
      "id": "node/5167021326"
    },
    {
      "type": "Feature",
      "properties": {
        "@id": "node/5167090508",
        "name": "Aqua Marine",
        "tourism": "hotel"
      },
      "geometry": {
        "type": "Point",
        "coordinates": [
          75.3544144,
          11.8695003
        ]
      },
      "id": "node/5167090508"
    },
    {
      "type": "Feature",
      "properties": {
        "@id": "node/5167467928",
        "name": "Malabar Residency",
        "tourism": "hotel"
      },
      "geometry": {
        "type": "Point",
        "coordinates": [
          75.3693825,
          11.8689378
        ]
      },
      "id": "node/5167467928"
    },
    {
      "type": "Feature",
      "properties": {
        "@id": "node/5167467933",
        "name": "Royal Omars",
        "tourism": "hotel"
      },
      "geometry": {
        "type": "Point",
        "coordinates": [
          75.3698713,
          11.8683954
        ]
      },
      "id": "node/5167467933"
    },
    {
      "type": "Feature",
      "properties": {
        "@id": "node/5167480315",
        "name": "Reema Residency",
        "tourism": "hotel"
      },
      "geometry": {
        "type": "Point",
        "coordinates": [
          75.3679767,
          11.8703725
        ]
      },
      "id": "node/5167480315"
    },
    {
      "type": "Feature",
      "properties": {
        "@id": "node/5167480317",
        "name": "Madan Tourist Lodge",
        "tourism": "hotel"
      },
      "geometry": {
        "type": "Point",
        "coordinates": [
          75.3676078,
          11.8699978
        ]
      },
      "id": "node/5167480317"
    },
    {
      "type": "Feature",
      "properties": {
        "@id": "node/5167503826",
        "name": "Golden Regency Lodge",
        "tourism": "hotel"
      },
      "geometry": {
        "type": "Point",
        "coordinates": [
          75.3670739,
          11.8691448
        ]
      },
      "id": "node/5167503826"
    },
    {
      "type": "Feature",
      "properties": {
        "@id": "node/5167521202",
        "name": "Arafa International Lodge",
        "tourism": "hotel"
      },
      "geometry": {
        "type": "Point",
        "coordinates": [
          75.3638457,
          11.8684274
        ]
      },
      "id": "node/5167521202"
    },
    {
      "type": "Feature",
      "properties": {
        "@id": "node/5167599321",
        "name": "Clyford Inn",
        "tourism": "hotel"
      },
      "geometry": {
        "type": "Point",
        "coordinates": [
          75.3654291,
          11.867973
        ]
      },
      "id": "node/5167599321"
    },
    {
      "type": "Feature",
      "properties": {
        "@id": "node/5167617312",
        "name": "TKT Tourist Home",
        "tourism": "hotel"
      },
      "geometry": {
        "type": "Point",
        "coordinates": [
          75.3638016,
          11.871751
        ]
      },
      "id": "node/5167617312"
    },
    {
      "type": "Feature",
      "properties": {
        "@id": "node/5212482679",
        "addr:city": "Thekkady",
        "addr:postcode": "685509",
        "addr:street": "Lake Road, Near Periyar Wildlife Sanctuary",
        "description": "Quadiriya Palace",
        "email": "holyquadiriya@gmail.com",
        "internet_access": "wlan",
        "name": "Quadiriya Palace",
        "operator": "Mohamed Yunoos",
        "phone": "+91 97468 15290",
        "rooms": "10",
        "stars": "2",
        "tourism": "hotel"
      },
      "geometry": {
        "type": "Point",
        "coordinates": [
          77.1711061,
          9.6002113
        ]
      },
      "id": "node/5212482679"
    },
    {
      "type": "Feature",
      "properties": {
        "@id": "node/5220058293",
        "name": "Basotta Hotel",
        "tourism": "hotel"
      },
      "geometry": {
        "type": "Point",
        "coordinates": [
          76.5781367,
          9.3876399
        ]
      },
      "id": "node/5220058293"
    },
    {
      "type": "Feature",
      "properties": {
        "@id": "node/5226657611",
        "addr:street": "SRM Road",
        "name": "Accardia Residency",
        "tourism": "hotel",
        "wikidata": "Q111062293"
      },
      "geometry": {
        "type": "Point",
        "coordinates": [
          76.2874817,
          9.9919265
        ]
      },
      "id": "node/5226657611"
    },
    {
      "type": "Feature",
      "properties": {
        "@id": "node/5244190339",
        "tourism": "hotel"
      },
      "geometry": {
        "type": "Point",
        "coordinates": [
          76.2883438,
          9.9659663
        ]
      },
      "id": "node/5244190339"
    },
    {
      "type": "Feature",
      "properties": {
        "@id": "node/5253409423",
        "name": "Kaiya House",
        "tourism": "hotel"
      },
      "geometry": {
        "type": "Point",
        "coordinates": [
          76.7102172,
          8.7348544
        ]
      },
      "id": "node/5253409423"
    },
    {
      "type": "Feature",
      "properties": {
        "@id": "node/5261850988",
        "addr:city": "ERNAKULAM",
        "addr:district": "ERNAKULAM",
        "addr:housenumber": "CC 1/170",
        "addr:postcode": "682508",
        "addr:street": "Vypin -  Bus statnd",
        "brand": "HOTEL SEA VIEW IN",
        "description": "Located in Cochin, 1.6 km from Fort Kochi Beach, Hotel Seaview In provides accommodation with a shared lounge, free private parking, a terrace and barbecue facilities.",
        "email": "hotelseaviewin7286@gmail.com",
        "highway": "secondary",
        "internet_access": "yes",
        "internet_access:fee": "customers",
        "name": "Hotel Sea View In",
        "name:en": "Hotel Sea View In",
        "opening_hours": "24/7",
        "phone": "9567693791",
        "power": "kseb",
        "rooms": "7",
        "source": "web",
        "tourism": "hotel",
        "website": "www.hotelseaviewin.com"
      },
      "geometry": {
        "type": "Point",
        "coordinates": [
          76.2439946,
          9.9732495
        ]
      },
      "id": "node/5261850988"
    },
    {
      "type": "Feature",
      "properties": {
        "@id": "node/5273073776",
        "name": "Jubilee",
        "tourism": "hotel"
      },
      "geometry": {
        "type": "Point",
        "coordinates": [
          76.254372,
          11.6625196
        ]
      },
      "id": "node/5273073776"
    },
    {
      "type": "Feature",
      "properties": {
        "@id": "node/5273267722",
        "name": "Hotel Mint Flower",
        "tourism": "hotel"
      },
      "geometry": {
        "type": "Point",
        "coordinates": [
          76.2625132,
          11.6648424
        ]
      },
      "id": "node/5273267722"
    },
    {
      "type": "Feature",
      "properties": {
        "@id": "node/5273267724",
        "name": "Alfa Tourist Home",
        "tourism": "hotel"
      },
      "geometry": {
        "type": "Point",
        "coordinates": [
          76.262741,
          11.6656611
        ]
      },
      "id": "node/5273267724"
    },
    {
      "type": "Feature",
      "properties": {
        "@id": "node/5273512172",
        "name": "Deluxe",
        "tourism": "hotel"
      },
      "geometry": {
        "type": "Point",
        "coordinates": [
          76.0828806,
          11.6098742
        ]
      },
      "id": "node/5273512172"
    },
    {
      "type": "Feature",
      "properties": {
        "@id": "node/5274538222",
        "name": "SM Residency",
        "tourism": "hotel"
      },
      "geometry": {
        "type": "Point",
        "coordinates": [
          76.2257237,
          10.9756883
        ]
      },
      "id": "node/5274538222"
    },
    {
      "type": "Feature",
      "properties": {
        "@id": "node/5274960021",
        "internet_access": "wlan",
        "name": "Agastya Ayurveda Hotel",
        "tourism": "hotel"
      },
      "geometry": {
        "type": "Point",
        "coordinates": [
          77.0093194,
          8.3587982
        ]
      },
      "id": "node/5274960021"
    },
    {
      "type": "Feature",
      "properties": {
        "@id": "node/5277960530",
        "name": "Dream Birds Rooms and Dormitory",
        "tourism": "hotel"
      },
      "geometry": {
        "type": "Point",
        "coordinates": [
          76.2512365,
          11.6615494
        ]
      },
      "id": "node/5277960530"
    },
    {
      "type": "Feature",
      "properties": {
        "@id": "node/5281469726",
        "name": "By the way rooms and restuarant",
        "tourism": "hotel"
      },
      "geometry": {
        "type": "Point",
        "coordinates": [
          76.0838293,
          11.6063491
        ]
      },
      "id": "node/5281469726"
    },
    {
      "type": "Feature",
      "properties": {
        "@id": "node/5284246821",
        "email": "beenahomestay@yahoo.co.in",
        "internet_access": "wlan",
        "name": "Beena Homestay",
        "operator": "Beena and Sudish",
        "phone": "+91 94475 74579",
        "tourism": "hotel"
      },
      "geometry": {
        "type": "Point",
        "coordinates": [
          76.2415767,
          9.9545254
        ]
      },
      "id": "node/5284246821"
    },
    {
      "type": "Feature",
      "properties": {
        "@id": "node/5286934438",
        "addr:city": "Sulthan Bathery",
        "addr:postcode": "673592",
        "addr:street": "Chulliyode Road",
        "name": "Pepper Trail",
        "operator": "Pepper Trail",
        "tourism": "hotel"
      },
      "geometry": {
        "type": "Point",
        "coordinates": [
          76.2571674,
          11.6627313
        ]
      },
      "id": "node/5286934438"
    },
    {
      "type": "Feature",
      "properties": {
        "@id": "node/5292161862",
        "name": "Hotel Green Palace",
        "tourism": "hotel"
      },
      "geometry": {
        "type": "Point",
        "coordinates": [
          76.7019188,
          8.7379607
        ]
      },
      "id": "node/5292161862"
    },
    {
      "type": "Feature",
      "properties": {
        "@id": "node/5298931022",
        "name": "Vanitha canteen",
        "opening_hours": "Mo-Su 07:00-15:00",
        "tourism": "hotel"
      },
      "geometry": {
        "type": "Point",
        "coordinates": [
          76.6577024,
          10.686731
        ]
      },
      "id": "node/5298931022"
    },
    {
      "type": "Feature",
      "properties": {
        "@id": "node/5300920239",
        "addr:city": "Varkala",
        "addr:housenumber": "Helipad",
        "addr:postcode": "695141",
        "addr:street": "Thiruvambadi Beach Road",
        "air_conditioning": "yes",
        "internet_access": "yes",
        "internet_access:fee": "no",
        "leisure": "beach_resort",
        "name": "Black Beach Resort",
        "phone": "+91-4702600935",
        "tourism": "hotel",
        "website": "https://www.blackbeachresort.in/"
      },
      "geometry": {
        "type": "Point",
        "coordinates": [
          76.6992057,
          8.7433922
        ]
      },
      "id": "node/5300920239"
    },
    {
      "type": "Feature",
      "properties": {
        "@id": "node/5300920249",
        "amenity": "restaurant",
        "name": "Palm Tree Heritage",
        "tourism": "hotel"
      },
      "geometry": {
        "type": "Point",
        "coordinates": [
          76.6951033,
          8.7494477
        ]
      },
      "id": "node/5300920249"
    },
    {
      "type": "Feature",
      "properties": {
        "@id": "node/5300920256",
        "amenity": "restaurant",
        "name": "Maadathil Cottages",
        "tourism": "hotel"
      },
      "geometry": {
        "type": "Point",
        "coordinates": [
          76.6923514,
          8.7532412
        ]
      },
      "id": "node/5300920256"
    },
    {
      "type": "Feature",
      "properties": {
        "@id": "node/5304241742",
        "name": "Hotel Vazhiyoram",
        "tourism": "hotel"
      },
      "geometry": {
        "type": "Point",
        "coordinates": [
          76.5024428,
          10.2027764
        ]
      },
      "id": "node/5304241742"
    },
    {
      "type": "Feature",
      "properties": {
        "@id": "node/5311624023",
        "internet_access": "wlan",
        "name": "New Skyline Tourist Paradise",
        "tourism": "hotel"
      },
      "geometry": {
        "type": "Point",
        "coordinates": [
          76.700507,
          8.7401326
        ]
      },
      "id": "node/5311624023"
    },
    {
      "type": "Feature",
      "properties": {
        "@id": "node/5322907621",
        "name": "Parambans Hotel",
        "tourism": "hotel"
      },
      "geometry": {
        "type": "Point",
        "coordinates": [
          76.0190802,
          10.5782774
        ]
      },
      "id": "node/5322907621"
    },
    {
      "type": "Feature",
      "properties": {
        "@id": "node/5352353623",
        "addr:street": "Salem-Kochi-Kanyakumari Road",
        "name": "Karthiyayini Hotel",
        "tourism": "hotel"
      },
      "geometry": {
        "type": "Point",
        "coordinates": [
          76.3190408,
          9.6970734
        ]
      },
      "id": "node/5352353623"
    },
    {
      "type": "Feature",
      "properties": {
        "@id": "node/5380855921",
        "email": "albertramaraj@gmail.com",
        "name": "Ammukutty's Cottage",
        "opening_hours": "24/7",
        "phone": "+91-9447825503",
        "tourism": "hotel",
        "website": "http://www.ammukuttyscottage.com"
      },
      "geometry": {
        "type": "Point",
        "coordinates": [
          77.0704015,
          10.0893509
        ]
      },
      "id": "node/5380855921"
    },
    {
      "type": "Feature",
      "properties": {
        "@id": "node/5397278423",
        "addr:street": "Ponnani-Chavakkad-Kodungallur Highway",
        "email": "lavishkunjikka@gmail.com",
        "opening_hours": "Mo-Sa 03:00-13:00",
        "operator": "M.R.Rajan Matharamkottu",
        "tourism": "hotel"
      },
      "geometry": {
        "type": "Point",
        "coordinates": [
          76.0033864,
          10.6096806
        ]
      },
      "id": "node/5397278423"
    },
    {
      "type": "Feature",
      "properties": {
        "@id": "node/5397634023",
        "addr:street": "Guruvayur - Choondal Road",
        "name": "Ansil Tea Stall",
        "opening_hours": "Mo-Sa 07:00-21:00",
        "tourism": "hotel"
      },
      "geometry": {
        "type": "Point",
        "coordinates": [
          76.0860926,
          10.6134983
        ]
      },
      "id": "node/5397634023"
    },
    {
      "type": "Feature",
      "properties": {
        "@id": "node/5418169419",
        "name": "Hotel Ganga",
        "tourism": "hotel"
      },
      "geometry": {
        "type": "Point",
        "coordinates": [
          76.8927777,
          8.5430659
        ]
      },
      "id": "node/5418169419"
    },
    {
      "type": "Feature",
      "properties": {
        "@id": "node/5465811721",
        "addr:street": "Helipad",
        "email": "lecoco005@gmail.com",
        "internet_access": "wlan",
        "name": "LeCoco",
        "name:ml": "ലെകൊകൊ",
        "name:ru": "Уютный чистый гостевой дом для русскоговорящих",
        "opening_hours": "24/7",
        "operator": "Shinu",
        "phone": "+919995571133",
        "tourism": "hotel",
        "website": "http://lecocobeachhouse.com"
      },
      "geometry": {
        "type": "Point",
        "coordinates": [
          76.703266,
          8.7378289
        ]
      },
      "id": "node/5465811721"
    },
    {
      "type": "Feature",
      "properties": {
        "@id": "node/5517998161",
        "name": "Sreelakam Residency",
        "tourism": "hotel"
      },
      "geometry": {
        "type": "Point",
        "coordinates": [
          76.2922636,
          10.0137522
        ]
      },
      "id": "node/5517998161"
    },
    {
      "type": "Feature",
      "properties": {
        "@id": "node/5518108320",
        "name": "Hotel Abhirami",
        "tourism": "hotel"
      },
      "geometry": {
        "type": "Point",
        "coordinates": [
          76.2914451,
          9.9948286
        ]
      },
      "id": "node/5518108320"
    },
    {
      "type": "Feature",
      "properties": {
        "@id": "node/5544063822",
        "addr:street": "Ponnani-Chavakkad-Kodungallur Highway",
        "name": "Modern Hotel",
        "tourism": "hotel"
      },
      "geometry": {
        "type": "Point",
        "coordinates": [
          76.0007804,
          10.6147691
        ]
      },
      "id": "node/5544063822"
    },
    {
      "type": "Feature",
      "properties": {
        "@id": "node/5561622692",
        "addr:city": "Ernakulam",
        "addr:postcode": "682018",
        "addr:street": "K C M Mather Road",
        "name": "Hotel Presidency",
        "tourism": "hotel",
        "wikidata": "Q111861006"
      },
      "geometry": {
        "type": "Point",
        "coordinates": [
          76.2852982,
          9.9904332
        ]
      },
      "id": "node/5561622692"
    },
    {
      "type": "Feature",
      "properties": {
        "@id": "node/5568817321",
        "addr:street": "N.G.O Quaters Jn",
        "name": "Coolbar",
        "opening_hours": "24/7",
        "tourism": "hotel"
      },
      "geometry": {
        "type": "Point",
        "coordinates": [
          76.3351903,
          10.0212408
        ]
      },
      "id": "node/5568817321"
    },
    {
      "type": "Feature",
      "properties": {
        "@id": "node/5581896168",
        "addr:city": "Nedumbassery",
        "addr:postcode": "683572",
        "addr:street": "Airport Road",
        "brand": "Flora",
        "email": "kochireservations@florahotelsindia.com",
        "internet_access": "wlan",
        "internet_access:fee": "no",
        "name": "Flora Airport Hotel",
        "phone": "+91-484-2404444",
        "smoking": "isolated",
        "stars": "5",
        "tourism": "hotel"
      },
      "geometry": {
        "type": "Point",
        "coordinates": [
          76.390929,
          10.1607987
        ]
      },
      "id": "node/5581896168"
    },
    {
      "type": "Feature",
      "properties": {
        "@id": "node/5598854864",
        "addr:city": "Athani, Nedumbassery",
        "addr:postcode": "683585",
        "addr:street": "Salem-Kochi-Kanyakumari Highway",
        "name": "Diana Heights",
        "phone": "+91 484 247 4160",
        "smoking": "isolated",
        "stars": "4",
        "tourism": "hotel",
        "website": "https://www.dianaheights.com"
      },
      "geometry": {
        "type": "Point",
        "coordinates": [
          76.3541802,
          10.1556016
        ]
      },
      "id": "node/5598854864"
    },
    {
      "type": "Feature",
      "properties": {
        "@id": "node/5601000430",
        "name": "Medora Hotel",
        "tourism": "hotel"
      },
      "geometry": {
        "type": "Point",
        "coordinates": [
          75.7859117,
          11.254607
        ]
      },
      "id": "node/5601000430"
    },
    {
      "type": "Feature",
      "properties": {
        "@id": "node/5601043421",
        "name": "Hotel",
        "name:en": "Hotel Mughal Park",
        "tourism": "hotel"
      },
      "geometry": {
        "type": "Point",
        "coordinates": [
          76.221662,
          10.9772436
        ]
      },
      "id": "node/5601043421"
    },
    {
      "type": "Feature",
      "properties": {
        "@id": "node/5614054623",
        "name": "The Taste of India",
        "tourism": "hotel"
      },
      "geometry": {
        "type": "Point",
        "coordinates": [
          76.2383865,
          9.9644672
        ]
      },
      "id": "node/5614054623"
    },
    {
      "type": "Feature",
      "properties": {
        "@id": "node/5741181622",
        "name:ar": "سفينة سكن بالبحر",
        "tourism": "hotel"
      },
      "geometry": {
        "type": "Point",
        "coordinates": [
          76.3616091,
          9.4648546
        ]
      },
      "id": "node/5741181622"
    },
    {
      "type": "Feature",
      "properties": {
        "@id": "node/5743453899",
        "addr:city": "Kottayam",
        "addr:housenumber": "Thennattil",
        "addr:postcode": "686603",
        "addr:street": "Kanjirathanam - Kondukala Road",
        "internet_access": "yes",
        "name": "Edasseril Villa",
        "smoking": "no",
        "tourism": "hotel"
      },
      "geometry": {
        "type": "Point",
        "coordinates": [
          76.5360899,
          9.7417023
        ]
      },
      "id": "node/5743453899"
    },
    {
      "type": "Feature",
      "properties": {
        "@id": "node/5827378985",
        "addr:street": "Mapranam NandiKara MDR",
        "name": "Ramettante Chayakkada",
        "tourism": "hotel"
      },
      "geometry": {
        "type": "Point",
        "coordinates": [
          76.2315209,
          10.3924452
        ]
      },
      "id": "node/5827378985"
    },
    {
      "type": "Feature",
      "properties": {
        "@id": "node/5907093275",
        "amenity": "restaurant",
        "name": "Sangeetha Hotel",
        "tourism": "hotel"
      },
      "geometry": {
        "type": "Point",
        "coordinates": [
          76.5867696,
          9.2765484
        ]
      },
      "id": "node/5907093275"
    },
    {
      "type": "Feature",
      "properties": {
        "@id": "node/5907594136",
        "name": "Bismillah hotel",
        "tourism": "hotel"
      },
      "geometry": {
        "type": "Point",
        "coordinates": [
          76.1679632,
          10.5635104
        ]
      },
      "id": "node/5907594136"
    },
    {
      "type": "Feature",
      "properties": {
        "@id": "node/5907725682",
        "name": "Mani's Hotel",
        "tourism": "hotel"
      },
      "geometry": {
        "type": "Point",
        "coordinates": [
          76.221249,
          10.5436326
        ]
      },
      "id": "node/5907725682"
    },
    {
      "type": "Feature",
      "properties": {
        "@id": "node/5907770330",
        "name": "Dharshana Hotel",
        "tourism": "hotel"
      },
      "geometry": {
        "type": "Point",
        "coordinates": [
          76.1468045,
          10.6015576
        ]
      },
      "id": "node/5907770330"
    },
    {
      "type": "Feature",
      "properties": {
        "@id": "node/5907797105",
        "name": "Hotel Grand",
        "tourism": "hotel"
      },
      "geometry": {
        "type": "Point",
        "coordinates": [
          76.3230117,
          10.5572006
        ]
      },
      "id": "node/5907797105"
    },
    {
      "type": "Feature",
      "properties": {
        "@id": "node/5907801680",
        "addr:postcode": "680566",
        "addr:street": "Ponnani-Chavakkad-Kodungallur Highway",
        "internet_access": "wlan",
        "name": "Hotel Dreamland",
        "opening_hours": "24/7",
        "phone": "+91487 239 1288",
        "tourism": "hotel",
        "website": "http://www.hoteldreamland.in/"
      },
      "geometry": {
        "type": "Point",
        "coordinates": [
          76.1077945,
          10.4133466
        ]
      },
      "id": "node/5907801680"
    },
    {
      "type": "Feature",
      "properties": {
        "@id": "node/5922279699",
        "name": "Vanitha Hotel",
        "tourism": "hotel"
      },
      "geometry": {
        "type": "Point",
        "coordinates": [
          76.1180355,
          10.5601054
        ]
      },
      "id": "node/5922279699"
    },
    {
      "type": "Feature",
      "properties": {
        "@id": "node/6021213086",
        "addr:postcode": "683572",
        "addr:street": "Salem-Kochi-Kanyakumari Highway",
        "name": "Villa Vista",
        "opening_hours": "24/7",
        "operator": "Biju Paulose",
        "tourism": "hotel",
        "website": "http://www.villavista.in"
      },
      "geometry": {
        "type": "Point",
        "coordinates": [
          76.3738549,
          10.1698586
        ]
      },
      "id": "node/6021213086"
    },
    {
      "type": "Feature",
      "properties": {
        "@id": "node/6031817266",
        "addr:city": "Kochi",
        "addr:postcode": "682024",
        "addr:street": "Edapally Overbridge",
        "brand": "Aura One",
        "internet_access": "yes",
        "internet_access:fee": "no",
        "internet_access:ssid": "4G BROADBAND",
        "name": "Ifthar Hotels",
        "operator": "Four Square Hospitality",
        "rooms": "36",
        "smoking": "no",
        "stars": "3",
        "tourism": "hotel"
      },
      "geometry": {
        "type": "Point",
        "coordinates": [
          76.3097654,
          10.0280978
        ]
      },
      "id": "node/6031817266"
    },
    {
      "type": "Feature",
      "properties": {
        "@id": "node/6047197885",
        "name": "Madaparambil",
        "tourism": "hotel"
      },
      "geometry": {
        "type": "Point",
        "coordinates": [
          76.286802,
          9.9713472
        ]
      },
      "id": "node/6047197885"
    },
    {
      "type": "Feature",
      "properties": {
        "@id": "node/6080348794",
        "name": "centenial homestay",
        "tourism": "hotel"
      },
      "geometry": {
        "type": "Point",
        "coordinates": [
          76.7093263,
          8.738164
        ]
      },
      "id": "node/6080348794"
    },
    {
      "type": "Feature",
      "properties": {
        "@id": "node/6091352885",
        "internet_access": "wlan",
        "name": "Omsam Guest Home",
        "phone": "+91 8156870654",
        "rooms": "8",
        "tourism": "hotel",
        "website": "http://omsamguesthome.com/"
      },
      "geometry": {
        "type": "Point",
        "coordinates": [
          76.7070402,
          8.7323975
        ]
      },
      "id": "node/6091352885"
    },
    {
      "type": "Feature",
      "properties": {
        "@id": "node/6095247154",
        "name": "Hotel Elite",
        "tourism": "hotel"
      },
      "geometry": {
        "type": "Point",
        "coordinates": [
          76.0429063,
          10.5942298
        ]
      },
      "id": "node/6095247154"
    },
    {
      "type": "Feature",
      "properties": {
        "@id": "node/6129949985",
        "name": "Trivandrum lodge",
        "tourism": "hotel"
      },
      "geometry": {
        "type": "Point",
        "coordinates": [
          76.9429832,
          8.4883275
        ]
      },
      "id": "node/6129949985"
    },
    {
      "type": "Feature",
      "properties": {
        "@id": "node/6152781538",
        "name": "Ambalath Maple Leaves Home",
        "tourism": "hotel"
      },
      "geometry": {
        "type": "Point",
        "coordinates": [
          76.0447088,
          10.5887215
        ]
      },
      "id": "node/6152781538"
    },
    {
      "type": "Feature",
      "properties": {
        "@id": "node/6152792678",
        "name": "Munnar Tea Country Resort",
        "tourism": "hotel"
      },
      "geometry": {
        "type": "Point",
        "coordinates": [
          77.0375551,
          10.0326139
        ]
      },
      "id": "node/6152792678"
    },
    {
      "type": "Feature",
      "properties": {
        "@id": "node/6198749885",
        "name": "Marari Garden Ayurveda Homestay (correct location)",
        "tourism": "hotel"
      },
      "geometry": {
        "type": "Point",
        "coordinates": [
          76.3109708,
          9.5388754
        ]
      },
      "id": "node/6198749885"
    },
    {
      "type": "Feature",
      "properties": {
        "@id": "node/6203039386",
        "name": "Rajaram Tourist Home",
        "tourism": "hotel"
      },
      "geometry": {
        "type": "Point",
        "coordinates": [
          76.9540449,
          8.4911473
        ]
      },
      "id": "node/6203039386"
    },
    {
      "type": "Feature",
      "properties": {
        "@id": "node/6210298585",
        "name": "Palm beach resort",
        "tourism": "hotel"
      },
      "geometry": {
        "type": "Point",
        "coordinates": [
          76.3163859,
          9.4988673
        ]
      },
      "id": "node/6210298585"
    },
    {
      "type": "Feature",
      "properties": {
        "@id": "node/6236333085",
        "name": "Rhada house",
        "tourism": "hotel"
      },
      "geometry": {
        "type": "Point",
        "coordinates": [
          76.9777936,
          8.390817
        ]
      },
      "id": "node/6236333085"
    },
    {
      "type": "Feature",
      "properties": {
        "@id": "node/6237481285",
        "addr:city": "Fort Cochin",
        "name": "Nichoos Inn (annex)",
        "tourism": "hotel"
      },
      "geometry": {
        "type": "Point",
        "coordinates": [
          76.2442323,
          9.9633835
        ]
      },
      "id": "node/6237481285"
    },
    {
      "type": "Feature",
      "properties": {
        "@id": "node/6244034188",
        "addr:city": "Ernakulam",
        "addr:postcode": "682018",
        "addr:street": "St Benedict Rd",
        "name": "Coral Isle hotel",
        "tourism": "hotel",
        "wikidata": "Q111401826"
      },
      "geometry": {
        "type": "Point",
        "coordinates": [
          76.2855506,
          9.9918756
        ]
      },
      "id": "node/6244034188"
    },
    {
      "type": "Feature",
      "properties": {
        "@id": "node/6244042499",
        "addr:city": "Ernakulam",
        "addr:postcode": "682018",
        "addr:street": "ESI Hospital Road",
        "name": "Hotel Prayana",
        "tourism": "hotel"
      },
      "geometry": {
        "type": "Point",
        "coordinates": [
          76.2856849,
          9.9931199
        ]
      },
      "id": "node/6244042499"
    },
    {
      "type": "Feature",
      "properties": {
        "@id": "node/6259645855",
        "addr:city": "Thiruvananthapuram",
        "addr:housenumber": "Hotel Windsor Rajadhani",
        "addr:postcode": "695003",
        "addr:street": "Kowdiar Ambalamukku Rd.",
        "brand": "3 star",
        "internet_access": "yes",
        "name": "Windsor Rajadhani",
        "tourism": "hotel"
      },
      "geometry": {
        "type": "Point",
        "coordinates": [
          76.9605435,
          8.5284682
        ]
      },
      "id": "node/6259645855"
    },
    {
      "type": "Feature",
      "properties": {
        "@id": "node/6260400622",
        "contact:email": "madaboutcocovarkala@gmail.com",
        "contact:phone": "+91 9061932651",
        "contact:website": "https://madaboutcocovarkala.com/",
        "name": "Mad about Coco",
        "operator": "Anita Bedi-Zahn",
        "tourism": "hotel"
      },
      "geometry": {
        "type": "Point",
        "coordinates": [
          76.7016359,
          8.7381039
        ]
      },
      "id": "node/6260400622"
    },
    {
      "type": "Feature",
      "properties": {
        "@id": "node/6272285396",
        "name": "Princess residency",
        "tourism": "hotel"
      },
      "geometry": {
        "type": "Point",
        "coordinates": [
          76.3896706,
          10.1615181
        ]
      },
      "id": "node/6272285396"
    },
    {
      "type": "Feature",
      "properties": {
        "@id": "node/6330079214",
        "email": "eucalyptusresort@gmail.com",
        "leisure": "resort",
        "name": "Eucalyptus Resort",
        "opening_hours": "24/7",
        "payment:cash": "yes",
        "phone": "+91 94470 43537",
        "tourism": "hotel",
        "website": "https://eucalyptusmunnar.com"
      },
      "geometry": {
        "type": "Point",
        "coordinates": [
          77.0568844,
          10.0095029
        ]
      },
      "id": "node/6330079214"
    },
    {
      "type": "Feature",
      "properties": {
        "@id": "node/6339852080",
        "name": "haveli",
        "tourism": "hotel"
      },
      "geometry": {
        "type": "Point",
        "coordinates": [
          76.3492865,
          9.5004255
        ]
      },
      "id": "node/6339852080"
    },
    {
      "type": "Feature",
      "properties": {
        "@id": "node/6342974655",
        "addr:street": "near lions school, munnar",
        "name": "Zina Cottage",
        "phone": "+91 94968 22163",
        "tourism": "hotel"
      },
      "geometry": {
        "type": "Point",
        "coordinates": [
          77.05986,
          10.0669199
        ]
      },
      "id": "node/6342974655"
    },
    {
      "type": "Feature",
      "properties": {
        "@id": "node/6359513293",
        "name": "Malabar palace",
        "tourism": "hotel"
      },
      "geometry": {
        "type": "Point",
        "coordinates": [
          75.9624291,
          11.6741736
        ]
      },
      "id": "node/6359513293"
    },
    {
      "type": "Feature",
      "properties": {
        "@id": "node/6359513295",
        "name": "Silver rock home",
        "tourism": "hotel"
      },
      "geometry": {
        "type": "Point",
        "coordinates": [
          75.9411703,
          11.6750973
        ]
      },
      "id": "node/6359513295"
    },
    {
      "type": "Feature",
      "properties": {
        "@id": "node/6388609892",
        "addr:city": "Pala",
        "addr:housenumber": "Opp. KSRTC Bus station",
        "addr:street": "Link road",
        "brand": "Sunstar Hospitality",
        "internet_access": "yes",
        "name": "Sunstar Residency & Food Plaza Pala",
        "rooms": "50",
        "tourism": "hotel"
      },
      "geometry": {
        "type": "Point",
        "coordinates": [
          76.6893244,
          9.7146273
        ]
      },
      "id": "node/6388609892"
    },
    {
      "type": "Feature",
      "properties": {
        "@id": "node/6429953386",
        "addr:street": "Northern Outlet Road",
        "internet_access": "wlan",
        "name": "Pavithra Home Stay",
        "tourism": "hotel"
      },
      "geometry": {
        "type": "Point",
        "coordinates": [
          77.1084827,
          10.1804268
        ]
      },
      "id": "node/6429953386"
    },
    {
      "type": "Feature",
      "properties": {
        "@id": "node/6443535385",
        "name": "Our Land Island Backwater Resort - entry point by boat",
        "name:fr": "Our Land Island Backwater Resort - embarcadère d'accès",
        "tourism": "hotel"
      },
      "geometry": {
        "type": "Point",
        "coordinates": [
          76.3713843,
          9.4439435
        ]
      },
      "id": "node/6443535385"
    },
    {
      "type": "Feature",
      "properties": {
        "@id": "node/6585719312",
        "internet_access": "wlan",
        "name": "Goodland Residency",
        "phone": "+91 471 2330005",
        "rooms": "32",
        "tourism": "hotel",
        "website": "http://goodlandresidency.com/"
      },
      "geometry": {
        "type": "Point",
        "coordinates": [
          76.9540647,
          8.490431
        ]
      },
      "id": "node/6585719312"
    },
    {
      "type": "Feature",
      "properties": {
        "@id": "node/6646183703",
        "addr:city": "Pathanamthitta",
        "addr:housenumber": "Hotel Hills Park",
        "addr:postcode": "689653",
        "addr:street": "Thiruvalla - Kumbazha road",
        "brand": "Hills Park",
        "internet_access": "yes",
        "name": "Hotel Hills Park",
        "payment:cash": "yes",
        "payment:credit_cards": "yes",
        "payment:debit_cards": "yes",
        "reservation": "yes",
        "tourism": "hotel",
        "wheelchair": "limited"
      },
      "geometry": {
        "type": "Point",
        "coordinates": [
          76.8036455,
          9.2668049
        ]
      },
      "id": "node/6646183703"
    },
    {
      "type": "Feature",
      "properties": {
        "@id": "node/6699689085",
        "addr:postcode": "680571",
        "internet_access": "wlan",
        "name": "Peringottukara Palace",
        "opening_hours": "24/7",
        "phone": "+91487 227 5598",
        "tourism": "hotel",
        "website": "http://peringottukarapalace.com/"
      },
      "geometry": {
        "type": "Point",
        "coordinates": [
          76.1297411,
          10.4277408
        ]
      },
      "id": "node/6699689085"
    },
    {
      "type": "Feature",
      "properties": {
        "@id": "node/6779167203",
        "name": "Elixir Villa",
        "tourism": "hotel"
      },
      "geometry": {
        "type": "Point",
        "coordinates": [
          76.2403442,
          9.9633884
        ]
      },
      "id": "node/6779167203"
    },
    {
      "type": "Feature",
      "properties": {
        "@id": "node/6801334103",
        "name": "Hotel Bismi",
        "tourism": "hotel"
      },
      "geometry": {
        "type": "Point",
        "coordinates": [
          76.6251032,
          8.8760765
        ]
      },
      "id": "node/6801334103"
    },
    {
      "type": "Feature",
      "properties": {
        "@id": "node/6801345569",
        "internet_access": "no",
        "name": "Brothers' Hotel",
        "rooms": "0",
        "tourism": "hotel"
      },
      "geometry": {
        "type": "Point",
        "coordinates": [
          76.623678,
          8.8832161
        ]
      },
      "id": "node/6801345569"
    },
    {
      "type": "Feature",
      "properties": {
        "@id": "node/6801353309",
        "internet_access": "no",
        "name": "Shukoor's Hotel",
        "rooms": "0",
        "tourism": "hotel"
      },
      "geometry": {
        "type": "Point",
        "coordinates": [
          76.6236565,
          8.8807229
        ]
      },
      "id": "node/6801353309"
    },
    {
      "type": "Feature",
      "properties": {
        "@id": "node/6819502185",
        "addr:postcode": "682001",
        "addr:street": "Bishop Joseph Kureethara Road",
        "email": "steamerhouse@gmail.com",
        "internet_access": "wlan",
        "name": "Steamers House (Homestay)",
        "operator": "Jackson & Jenson",
        "tourism": "hotel"
      },
      "geometry": {
        "type": "Point",
        "coordinates": [
          76.2407424,
          9.9554414
        ]
      },
      "id": "node/6819502185"
    },
    {
      "type": "Feature",
      "properties": {
        "@id": "node/6855249150",
        "addr:city": "Old Munnar",
        "name": "Casa Montana",
        "tourism": "hotel"
      },
      "geometry": {
        "type": "Point",
        "coordinates": [
          77.0610384,
          10.0738789
        ]
      },
      "id": "node/6855249150"
    },
    {
      "type": "Feature",
      "properties": {
        "@id": "node/6875794145",
        "addr:city": "Kottayam",
        "addr:postcode": "686015",
        "internet_access": "yes",
        "internet_access:fee": "no",
        "name": "GK's Riverview Homestay",
        "tourism": "hotel",
        "website": "https://gkhomestay-kumarakom.com/"
      },
      "geometry": {
        "type": "Point",
        "coordinates": [
          76.4797088,
          9.6337825
        ]
      },
      "id": "node/6875794145"
    },
    {
      "type": "Feature",
      "properties": {
        "@id": "node/6884439632",
        "name": "select",
        "tourism": "hotel"
      },
      "geometry": {
        "type": "Point",
        "coordinates": [
          76.295565,
          10.1548461
        ]
      },
      "id": "node/6884439632"
    },
    {
      "type": "Feature",
      "properties": {
        "@id": "node/6897382649",
        "addr:city": "thodupuzha",
        "addr:postcode": "685582",
        "name": "kuruvis hotel",
        "tourism": "hotel"
      },
      "geometry": {
        "type": "Point",
        "coordinates": [
          76.7135077,
          9.9005171
        ]
      },
      "id": "node/6897382649"
    },
    {
      "type": "Feature",
      "properties": {
        "@id": "node/6897400710",
        "name": "malabar villege",
        "tourism": "hotel"
      },
      "geometry": {
        "type": "Point",
        "coordinates": [
          76.7060408,
          9.9074569
        ]
      },
      "id": "node/6897400710"
    },
    {
      "type": "Feature",
      "properties": {
        "@id": "node/6897400712",
        "name": "hotel regence",
        "tourism": "hotel"
      },
      "geometry": {
        "type": "Point",
        "coordinates": [
          76.7138487,
          9.9095839
        ]
      },
      "id": "node/6897400712"
    },
    {
      "type": "Feature",
      "properties": {
        "@id": "node/6897422652",
        "name": "betcy hotel peermade",
        "rooms": "1",
        "tourism": "hotel"
      },
      "geometry": {
        "type": "Point",
        "coordinates": [
          76.9945944,
          9.571993
        ]
      },
      "id": "node/6897422652"
    },
    {
      "type": "Feature",
      "properties": {
        "@id": "node/6897431764",
        "name": "Madbi Hotel",
        "tourism": "hotel"
      },
      "geometry": {
        "type": "Point",
        "coordinates": [
          76.0841293,
          11.0560836
        ]
      },
      "id": "node/6897431764"
    },
    {
      "type": "Feature",
      "properties": {
        "@id": "node/6897694454",
        "name": "sangam hotel, 6th mile",
        "tourism": "hotel"
      },
      "geometry": {
        "type": "Point",
        "coordinates": [
          77.1655531,
          9.6475944
        ]
      },
      "id": "node/6897694454"
    },
    {
      "type": "Feature",
      "properties": {
        "@id": "node/6917386018",
        "addr:street": "Mangalore-Kasargode Highway",
        "name": "Hotel century",
        "tourism": "hotel"
      },
      "geometry": {
        "type": "Point",
        "coordinates": [
          74.9935593,
          12.5067432
        ]
      },
      "id": "node/6917386018"
    },
    {
      "type": "Feature",
      "properties": {
        "@id": "node/6918347833",
        "name": "Chandra residency",
        "opening_hours": "24/7",
        "phone": "+91-9249449265",
        "tourism": "hotel"
      },
      "geometry": {
        "type": "Point",
        "coordinates": [
          77.0932589,
          9.5746443
        ]
      },
      "id": "node/6918347833"
    },
    {
      "type": "Feature",
      "properties": {
        "@id": "node/6959394175",
        "name": "Cochin park",
        "tourism": "hotel",
        "wikidata": "Q111062427"
      },
      "geometry": {
        "type": "Point",
        "coordinates": [
          76.2843312,
          9.981461
        ]
      },
      "id": "node/6959394175"
    },
    {
      "type": "Feature",
      "properties": {
        "@id": "node/6961195486",
        "internet_access": "wlan",
        "name": "Tea Terrace",
        "name:en": "Tea Terrace Vythiri",
        "name:nl": "Tea Terrace Homestay",
        "tourism": "hotel"
      },
      "geometry": {
        "type": "Point",
        "coordinates": [
          75.9852726,
          11.6096713
        ]
      },
      "id": "node/6961195486"
    },
    {
      "type": "Feature",
      "properties": {
        "@id": "node/6968859675",
        "internet_access": "no",
        "name": "Matha Hotel",
        "tourism": "hotel"
      },
      "geometry": {
        "type": "Point",
        "coordinates": [
          76.7827382,
          9.0059595
        ]
      },
      "id": "node/6968859675"
    },
    {
      "type": "Feature",
      "properties": {
        "@id": "node/6968859676",
        "internet_access": "no",
        "name": "Arya Bhavan Veg",
        "rooms": "No",
        "tourism": "hotel"
      },
      "geometry": {
        "type": "Point",
        "coordinates": [
          76.7824319,
          9.0061501
        ]
      },
      "id": "node/6968859676"
    },
    {
      "type": "Feature",
      "properties": {
        "@id": "node/6968881190",
        "name": "ethans hotel",
        "tourism": "hotel"
      },
      "geometry": {
        "type": "Point",
        "coordinates": [
          76.4788897,
          9.8819179
        ]
      },
      "id": "node/6968881190"
    },
    {
      "type": "Feature",
      "properties": {
        "@id": "node/6975857306",
        "name": "Hotel Imperial Regency",
        "tourism": "hotel"
      },
      "geometry": {
        "type": "Point",
        "coordinates": [
          76.2820151,
          9.9829056
        ]
      },
      "id": "node/6975857306"
    },
    {
      "type": "Feature",
      "properties": {
        "@id": "node/6976180792",
        "name": "Amalas Residency",
        "tourism": "hotel"
      },
      "geometry": {
        "type": "Point",
        "coordinates": [
          76.949623,
          8.4855137
        ]
      },
      "id": "node/6976180792"
    },
    {
      "type": "Feature",
      "properties": {
        "@id": "node/6978783196",
        "name": "saravana bhavan",
        "tourism": "hotel"
      },
      "geometry": {
        "type": "Point",
        "coordinates": [
          76.9480338,
          8.4851239
        ]
      },
      "id": "node/6978783196"
    },
    {
      "type": "Feature",
      "properties": {
        "@id": "node/6978783197",
        "name": "Fort View",
        "tourism": "hotel"
      },
      "geometry": {
        "type": "Point",
        "coordinates": [
          76.9480057,
          8.4849087
        ]
      },
      "id": "node/6978783197"
    },
    {
      "type": "Feature",
      "properties": {
        "@id": "node/6978991324",
        "name": "hotel sukhvas",
        "tourism": "hotel"
      },
      "geometry": {
        "type": "Point",
        "coordinates": [
          76.9490698,
          8.4888808
        ]
      },
      "id": "node/6978991324"
    },
    {
      "type": "Feature",
      "properties": {
        "@id": "node/6982052872",
        "name": "Hotel sourashtra",
        "tourism": "hotel"
      },
      "geometry": {
        "type": "Point",
        "coordinates": [
          76.9482521,
          8.4863984
        ]
      },
      "id": "node/6982052872"
    },
    {
      "type": "Feature",
      "properties": {
        "@id": "node/6982052873",
        "name": "Alankar hotel",
        "tourism": "hotel"
      },
      "geometry": {
        "type": "Point",
        "coordinates": [
          76.9471526,
          8.4849223
        ]
      },
      "id": "node/6982052873"
    },
    {
      "type": "Feature",
      "properties": {
        "@id": "node/6991781815",
        "name": "nadan kadayum veetile oonum",
        "tourism": "hotel"
      },
      "geometry": {
        "type": "Point",
        "coordinates": [
          76.9516718,
          8.4851957
        ]
      },
      "id": "node/6991781815"
    },
    {
      "type": "Feature",
      "properties": {
        "@id": "node/6992065304",
        "name": "Abba hotel",
        "tourism": "hotel"
      },
      "geometry": {
        "type": "Point",
        "coordinates": [
          76.5583674,
          9.6736928
        ]
      },
      "id": "node/6992065304"
    },
    {
      "type": "Feature",
      "properties": {
        "@id": "node/6992544997",
        "name": "krupa restaurant",
        "tourism": "hotel"
      },
      "geometry": {
        "type": "Point",
        "coordinates": [
          76.5193167,
          9.5667178
        ]
      },
      "id": "node/6992544997"
    },
    {
      "type": "Feature",
      "properties": {
        "@id": "node/6992707159",
        "name": "mattathil restaurant",
        "tourism": "hotel"
      },
      "geometry": {
        "type": "Point",
        "coordinates": [
          76.519083,
          9.5662962
        ]
      },
      "id": "node/6992707159"
    },
    {
      "type": "Feature",
      "properties": {
        "@id": "node/6992775134",
        "name": "hotel gopika",
        "tourism": "hotel"
      },
      "geometry": {
        "type": "Point",
        "coordinates": [
          76.5185224,
          9.5656667
        ]
      },
      "id": "node/6992775134"
    },
    {
      "type": "Feature",
      "properties": {
        "@id": "node/6992797088",
        "name": "green leaf",
        "tourism": "hotel"
      },
      "geometry": {
        "type": "Point",
        "coordinates": [
          76.5181979,
          9.5653705
        ]
      },
      "id": "node/6992797088"
    },
    {
      "type": "Feature",
      "properties": {
        "@id": "node/7003684346",
        "name": "Ariyas restaurant",
        "tourism": "hotel"
      },
      "geometry": {
        "type": "Point",
        "coordinates": [
          76.5561719,
          9.6690271
        ]
      },
      "id": "node/7003684346"
    },
    {
      "type": "Feature",
      "properties": {
        "@id": "node/7003686359",
        "name": "National park hotel",
        "tourism": "hotel"
      },
      "geometry": {
        "type": "Point",
        "coordinates": [
          76.5581999,
          9.6715567
        ]
      },
      "id": "node/7003686359"
    },
    {
      "type": "Feature",
      "properties": {
        "@id": "node/7014739691",
        "name": "Cairo Central",
        "tourism": "hotel"
      },
      "geometry": {
        "type": "Point",
        "coordinates": [
          76.4301647,
          9.9703455
        ]
      },
      "id": "node/7014739691"
    },
    {
      "type": "Feature",
      "properties": {
        "@id": "node/7039994257",
        "name": "Ginger",
        "name:ml": "ജിഞ്ചെർ",
        "tourism": "hotel"
      },
      "geometry": {
        "type": "Point",
        "coordinates": [
          76.8765311,
          8.5612427
        ]
      },
      "id": "node/7039994257"
    },
    {
      "type": "Feature",
      "properties": {
        "@id": "node/7046501600",
        "addr:city": "Trivandrum",
        "addr:postcode": "695123",
        "addr:street": "Kodangavila",
        "name": "Mini Hotel",
        "tourism": "hotel"
      },
      "geometry": {
        "type": "Point",
        "coordinates": [
          77.0716814,
          8.3941289
        ]
      },
      "id": "node/7046501600"
    },
    {
      "type": "Feature",
      "properties": {
        "@id": "node/7046501602",
        "addr:city": "Trivandrum",
        "addr:postcode": "695123",
        "addr:street": "Kodangavila",
        "name": "Sulthana Hotel",
        "tourism": "hotel"
      },
      "geometry": {
        "type": "Point",
        "coordinates": [
          77.0715285,
          8.3940811
        ]
      },
      "id": "node/7046501602"
    },
    {
      "type": "Feature",
      "properties": {
        "@id": "node/7071554881",
        "addr:city": "choondal",
        "addr:postcode": "680502",
        "addr:street": "thrissur kunnamkulam road",
        "name": "murali hotel",
        "phone": "+91-7994177808",
        "tourism": "hotel"
      },
      "geometry": {
        "type": "Point",
        "coordinates": [
          76.093858,
          10.6279639
        ]
      },
      "id": "node/7071554881"
    },
    {
      "type": "Feature",
      "properties": {
        "@id": "node/7071580335",
        "name": "Abuka's hotel",
        "tourism": "hotel"
      },
      "geometry": {
        "type": "Point",
        "coordinates": [
          76.1078672,
          10.4446551
        ]
      },
      "id": "node/7071580335"
    },
    {
      "type": "Feature",
      "properties": {
        "@id": "node/7071844140",
        "name": "pathans residentials",
        "tourism": "hotel"
      },
      "geometry": {
        "type": "Point",
        "coordinates": [
          76.2143114,
          10.5224756
        ]
      },
      "id": "node/7071844140"
    },
    {
      "type": "Feature",
      "properties": {
        "@id": "node/7074184085",
        "internet_access": "wlan",
        "name": "goldensands",
        "tourism": "hotel"
      },
      "geometry": {
        "type": "Point",
        "coordinates": [
          76.9815384,
          8.3848767
        ]
      },
      "id": "node/7074184085"
    },
    {
      "type": "Feature",
      "properties": {
        "@id": "node/7074710753",
        "name": "hotel oneiro",
        "tourism": "hotel"
      },
      "geometry": {
        "type": "Point",
        "coordinates": [
          76.0713227,
          10.648871
        ]
      },
      "id": "node/7074710753"
    },
    {
      "type": "Feature",
      "properties": {
        "@id": "node/7074710762",
        "name": "nair hotel",
        "tourism": "hotel"
      },
      "geometry": {
        "type": "Point",
        "coordinates": [
          76.0718838,
          10.6474625
        ]
      },
      "id": "node/7074710762"
    },
    {
      "type": "Feature",
      "properties": {
        "@id": "node/7074710777",
        "name": "Meals Only Restaurant",
        "tourism": "hotel"
      },
      "geometry": {
        "type": "Point",
        "coordinates": [
          76.0752299,
          10.6418206
        ]
      },
      "id": "node/7074710777"
    },
    {
      "type": "Feature",
      "properties": {
        "@id": "node/7074824197",
        "name": "Cook Door Fried Chicken & Shawarma",
        "tourism": "hotel"
      },
      "geometry": {
        "type": "Point",
        "coordinates": [
          76.221487,
          10.5230034
        ]
      },
      "id": "node/7074824197"
    },
    {
      "type": "Feature",
      "properties": {
        "@id": "node/7074824203",
        "name": "SKY Star Residency",
        "tourism": "hotel"
      },
      "geometry": {
        "type": "Point",
        "coordinates": [
          76.220641,
          10.5225582
        ]
      },
      "id": "node/7074824203"
    },
    {
      "type": "Feature",
      "properties": {
        "@id": "node/7074884283",
        "name": "uppum mulakum",
        "tourism": "hotel"
      },
      "geometry": {
        "type": "Point",
        "coordinates": [
          76.1923409,
          10.5193848
        ]
      },
      "id": "node/7074884283"
    },
    {
      "type": "Feature",
      "properties": {
        "@id": "node/7074884302",
        "name": "friends hotel",
        "tourism": "hotel"
      },
      "geometry": {
        "type": "Point",
        "coordinates": [
          76.1880912,
          10.5185583
        ]
      },
      "id": "node/7074884302"
    },
    {
      "type": "Feature",
      "properties": {
        "@id": "node/7074884323",
        "name": "hotel sagar",
        "tourism": "hotel"
      },
      "geometry": {
        "type": "Point",
        "coordinates": [
          76.1791575,
          10.5175895
        ]
      },
      "id": "node/7074884323"
    },
    {
      "type": "Feature",
      "properties": {
        "@id": "node/7074893060",
        "name": "Hotel Dasprakash",
        "tourism": "hotel"
      },
      "geometry": {
        "type": "Point",
        "coordinates": [
          76.0694331,
          10.6555611
        ]
      },
      "id": "node/7074893060"
    },
    {
      "type": "Feature",
      "properties": {
        "@id": "node/7074893076",
        "name": "AL FA Hotel",
        "tourism": "hotel"
      },
      "geometry": {
        "type": "Point",
        "coordinates": [
          76.0685342,
          10.6533635
        ]
      },
      "id": "node/7074893076"
    },
    {
      "type": "Feature",
      "properties": {
        "@id": "node/7076726307",
        "name": "Alankar Hotel",
        "tourism": "hotel"
      },
      "geometry": {
        "type": "Point",
        "coordinates": [
          76.0692602,
          10.6512242
        ]
      },
      "id": "node/7076726307"
    },
    {
      "type": "Feature",
      "properties": {
        "@id": "node/7076732101",
        "name": "Kovilakam Inn",
        "tourism": "hotel"
      },
      "geometry": {
        "type": "Point",
        "coordinates": [
          76.1397215,
          10.6070955
        ]
      },
      "id": "node/7076732101"
    },
    {
      "type": "Feature",
      "properties": {
        "@id": "node/7076732115",
        "name": "SS",
        "tourism": "hotel"
      },
      "geometry": {
        "type": "Point",
        "coordinates": [
          76.1455916,
          10.6025524
        ]
      },
      "id": "node/7076732115"
    },
    {
      "type": "Feature",
      "properties": {
        "@id": "node/7076732134",
        "name": "malabar food station",
        "tourism": "hotel"
      },
      "geometry": {
        "type": "Point",
        "coordinates": [
          76.1491972,
          10.5970211
        ]
      },
      "id": "node/7076732134"
    },
    {
      "type": "Feature",
      "properties": {
        "@id": "node/7076749134",
        "name": "thandiakal hotel",
        "tourism": "hotel"
      },
      "geometry": {
        "type": "Point",
        "coordinates": [
          76.119172,
          10.4628346
        ]
      },
      "id": "node/7076749134"
    },
    {
      "type": "Feature",
      "properties": {
        "@id": "node/7076773007",
        "internet_access": "yes",
        "name": "aviyal restaurant",
        "tourism": "hotel"
      },
      "geometry": {
        "type": "Point",
        "coordinates": [
          76.1149192,
          10.4754481
        ]
      },
      "id": "node/7076773007"
    },
    {
      "type": "Feature",
      "properties": {
        "@id": "node/7076841636",
        "name": "Namboothiri's hotel",
        "tourism": "hotel"
      },
      "geometry": {
        "type": "Point",
        "coordinates": [
          76.16651,
          10.5649367
        ]
      },
      "id": "node/7076841636"
    },
    {
      "type": "Feature",
      "properties": {
        "@id": "node/7076845838",
        "name": "thalassery hotel",
        "tourism": "hotel"
      },
      "geometry": {
        "type": "Point",
        "coordinates": [
          76.1453494,
          10.6025502
        ]
      },
      "id": "node/7076845838"
    },
    {
      "type": "Feature",
      "properties": {
        "@id": "node/7076852433",
        "name": "oyo 15992 central hotel thrisur",
        "tourism": "hotel"
      },
      "geometry": {
        "type": "Point",
        "coordinates": [
          76.2199405,
          10.5312983
        ]
      },
      "id": "node/7076852433"
    },
    {
      "type": "Feature",
      "properties": {
        "@id": "node/7076861244",
        "addr:city": "thritgakkur",
        "name": "Hotel Bhawan Veg",
        "tourism": "hotel"
      },
      "geometry": {
        "type": "Point",
        "coordinates": [
          76.0659935,
          10.4948193
        ]
      },
      "id": "node/7076861244"
    },
    {
      "type": "Feature",
      "properties": {
        "@id": "node/7076861663",
        "name": "Dhanya Hotel & Bakery",
        "tourism": "hotel"
      },
      "geometry": {
        "type": "Point",
        "coordinates": [
          76.0596335,
          10.6009048
        ]
      },
      "id": "node/7076861663"
    },
    {
      "type": "Feature",
      "properties": {
        "@id": "node/7076863534",
        "name": "viram hotel",
        "tourism": "hotel"
      },
      "geometry": {
        "type": "Point",
        "coordinates": [
          76.215794,
          10.5540079
        ]
      },
      "id": "node/7076863534"
    },
    {
      "type": "Feature",
      "properties": {
        "@id": "node/7076868850",
        "name": "desi cuppa",
        "tourism": "hotel"
      },
      "geometry": {
        "type": "Point",
        "coordinates": [
          76.2168857,
          10.555293
        ]
      },
      "id": "node/7076868850"
    },
    {
      "type": "Feature",
      "properties": {
        "@id": "node/7076875241",
        "name": "santhosh hotel",
        "tourism": "hotel"
      },
      "geometry": {
        "type": "Point",
        "coordinates": [
          76.0964283,
          10.4717296
        ]
      },
      "id": "node/7076875241"
    },
    {
      "type": "Feature",
      "properties": {
        "@id": "node/7076889741",
        "brand": "Residence Inn",
        "brand:wikidata": "Q7315394",
        "brand:wikipedia": "en:Residence Inn by Marriott",
        "name": "C A Tower",
        "tourism": "hotel"
      },
      "geometry": {
        "type": "Point",
        "coordinates": [
          76.0436229,
          10.5926309
        ]
      },
      "id": "node/7076889741"
    },
    {
      "type": "Feature",
      "properties": {
        "@id": "node/7076920185",
        "name": "Kallada Hotels",
        "tourism": "hotel"
      },
      "geometry": {
        "type": "Point",
        "coordinates": [
          76.2606973,
          10.5319762
        ]
      },
      "id": "node/7076920185"
    },
    {
      "type": "Feature",
      "properties": {
        "@id": "node/7077112752",
        "name": "pius foods",
        "tourism": "hotel"
      },
      "geometry": {
        "type": "Point",
        "coordinates": [
          76.2185533,
          10.5340135
        ]
      },
      "id": "node/7077112752"
    },
    {
      "type": "Feature",
      "properties": {
        "@id": "node/7077248182",
        "name": "Sharooq Food Court",
        "tourism": "hotel"
      },
      "geometry": {
        "type": "Point",
        "coordinates": [
          76.2115603,
          10.5026971
        ]
      },
      "id": "node/7077248182"
    },
    {
      "type": "Feature",
      "properties": {
        "@id": "node/7077268007",
        "name": "Raydaan Foods",
        "tourism": "hotel"
      },
      "geometry": {
        "type": "Point",
        "coordinates": [
          76.2124762,
          10.4990226
        ]
      },
      "id": "node/7077268007"
    },
    {
      "type": "Feature",
      "properties": {
        "@id": "node/7077268008",
        "name": "Mango Bakers And Cafe",
        "tourism": "hotel"
      },
      "geometry": {
        "type": "Point",
        "coordinates": [
          76.212416,
          10.4985563
        ]
      },
      "id": "node/7077268008"
    },
    {
      "type": "Feature",
      "properties": {
        "@id": "node/7077268015",
        "name": "Beevi's Kitchen",
        "tourism": "hotel"
      },
      "geometry": {
        "type": "Point",
        "coordinates": [
          76.2126779,
          10.4970502
        ]
      },
      "id": "node/7077268015"
    },
    {
      "type": "Feature",
      "properties": {
        "@id": "node/7077651795",
        "name": "sevara hotel",
        "tourism": "hotel"
      },
      "geometry": {
        "type": "Point",
        "coordinates": [
          76.160175,
          10.6801266
        ]
      },
      "id": "node/7077651795"
    },
    {
      "type": "Feature",
      "properties": {
        "@id": "node/7077657606",
        "name": "rani hotel",
        "tourism": "hotel"
      },
      "geometry": {
        "type": "Point",
        "coordinates": [
          76.1599595,
          10.6802844
        ]
      },
      "id": "node/7077657606"
    },
    {
      "type": "Feature",
      "properties": {
        "@id": "node/7079178135",
        "internet_access": "no",
        "name": "ever green",
        "rooms": "5",
        "tourism": "hotel"
      },
      "geometry": {
        "type": "Point",
        "coordinates": [
          76.0572699,
          10.5101187
        ]
      },
      "id": "node/7079178135"
    },
    {
      "type": "Feature",
      "properties": {
        "@id": "node/7079180287",
        "name": "Hotel Ayodhya",
        "tourism": "hotel"
      },
      "geometry": {
        "type": "Point",
        "coordinates": [
          76.113365,
          10.4142496
        ]
      },
      "id": "node/7079180287"
    },
    {
      "type": "Feature",
      "properties": {
        "@id": "node/7079218751",
        "name": "Court View Hotel",
        "tourism": "hotel"
      },
      "geometry": {
        "type": "Point",
        "coordinates": [
          76.2465796,
          10.6584351
        ]
      },
      "id": "node/7079218751"
    },
    {
      "type": "Feature",
      "properties": {
        "@id": "node/7079313205",
        "name": "davidson",
        "tourism": "hotel"
      },
      "geometry": {
        "type": "Point",
        "coordinates": [
          76.242091,
          10.5151539
        ]
      },
      "id": "node/7079313205"
    },
    {
      "type": "Feature",
      "properties": {
        "@id": "node/7082720886",
        "internet_access": "wlan",
        "name": "Satta Beach Resort",
        "tourism": "hotel"
      },
      "geometry": {
        "type": "Point",
        "coordinates": [
          76.6950067,
          8.7506013
        ]
      },
      "id": "node/7082720886"
    },
    {
      "type": "Feature",
      "properties": {
        "@id": "node/7083501088",
        "name": "Venus",
        "tourism": "hotel"
      },
      "geometry": {
        "type": "Point",
        "coordinates": [
          76.2129371,
          10.2812935
        ]
      },
      "id": "node/7083501088"
    },
    {
      "type": "Feature",
      "properties": {
        "@id": "node/7083511088",
        "name": "Vishnu Maya Hotel",
        "tourism": "hotel"
      },
      "geometry": {
        "type": "Point",
        "coordinates": [
          76.2131087,
          10.2830065
        ]
      },
      "id": "node/7083511088"
    },
    {
      "type": "Feature",
      "properties": {
        "@id": "node/7083518402",
        "name": "Malabari Makkani",
        "tourism": "hotel"
      },
      "geometry": {
        "type": "Point",
        "coordinates": [
          76.1184526,
          11.1393666
        ]
      },
      "id": "node/7083518402"
    },
    {
      "type": "Feature",
      "properties": {
        "@id": "node/7083519208",
        "name": "Arasan Fast Food",
        "tourism": "hotel"
      },
      "geometry": {
        "type": "Point",
        "coordinates": [
          76.5622448,
          9.0890994
        ]
      },
      "id": "node/7083519208"
    },
    {
      "type": "Feature",
      "properties": {
        "@id": "node/7083531085",
        "name": "ZAIN FAST FOOD",
        "tourism": "hotel"
      },
      "geometry": {
        "type": "Point",
        "coordinates": [
          76.5675096,
          9.0889032
        ]
      },
      "id": "node/7083531085"
    },
    {
      "type": "Feature",
      "properties": {
        "@id": "node/7083569423",
        "name": "Hotel Madeena",
        "tourism": "hotel"
      },
      "geometry": {
        "type": "Point",
        "coordinates": [
          76.1310911,
          11.1692511
        ]
      },
      "id": "node/7083569423"
    },
    {
      "type": "Feature",
      "properties": {
        "@id": "node/7083686475",
        "name": "K K Hotel",
        "tourism": "hotel"
      },
      "geometry": {
        "type": "Point",
        "coordinates": [
          76.1329375,
          11.1755927
        ]
      },
      "id": "node/7083686475"
    },
    {
      "type": "Feature",
      "properties": {
        "@id": "node/7083686476",
        "name": "Ummachu Hotel",
        "tourism": "hotel"
      },
      "geometry": {
        "type": "Point",
        "coordinates": [
          76.1329151,
          11.1755318
        ]
      },
      "id": "node/7083686476"
    },
    {
      "type": "Feature",
      "properties": {
        "@id": "node/7086614513",
        "addr:city": "perinthalmanna",
        "addr:street": "OOty Road",
        "name": "Mazali Restaurant",
        "tourism": "hotel"
      },
      "geometry": {
        "type": "Point",
        "coordinates": [
          76.2263088,
          10.9890515
        ]
      },
      "id": "node/7086614513"
    },
    {
      "type": "Feature",
      "properties": {
        "@id": "node/7090795385",
        "addr:street": "Chavakkad - Pavaratty Road",
        "name": "കൊള്ളി ബോട്ടി തട്ടുകട",
        "tourism": "hotel"
      },
      "geometry": {
        "type": "Point",
        "coordinates": [
          76.038421,
          10.5830857
        ]
      },
      "id": "node/7090795385"
    },
    {
      "type": "Feature",
      "properties": {
        "@id": "node/7102017985",
        "addr:city": "Ernakulam",
        "addr:street": "Mahatma Gandhi Road",
        "air_conditioning": "yes",
        "internet_access": "yes",
        "name": "Hotel York",
        "tourism": "hotel",
        "website": "https://yorkhotelkochi.com",
        "wheelchair": "no"
      },
      "geometry": {
        "type": "Point",
        "coordinates": [
          76.2877424,
          9.9633444
        ]
      },
      "id": "node/7102017985"
    },
    {
      "type": "Feature",
      "properties": {
        "@id": "node/7104143522",
        "shop": "medical_supply",
        "tourism": "hotel"
      },
      "geometry": {
        "type": "Point",
        "coordinates": [
          76.1233947,
          10.3427153
        ]
      },
      "id": "node/7104143522"
    },
    {
      "type": "Feature",
      "properties": {
        "@id": "node/7104143547",
        "tourism": "hotel"
      },
      "geometry": {
        "type": "Point",
        "coordinates": [
          76.118187,
          10.3369409
        ]
      },
      "id": "node/7104143547"
    },
    {
      "type": "Feature",
      "properties": {
        "@id": "node/7106505150",
        "name": "Avoki Hotels and Resorts",
        "tourism": "hotel"
      },
      "geometry": {
        "type": "Point",
        "coordinates": [
          76.880207,
          8.5826963
        ]
      },
      "id": "node/7106505150"
    },
    {
      "type": "Feature",
      "properties": {
        "@id": "node/7111363863",
        "name": "hotel sree bhavan",
        "tourism": "hotel"
      },
      "geometry": {
        "type": "Point",
        "coordinates": [
          76.2416636,
          10.4737821
        ]
      },
      "id": "node/7111363863"
    },
    {
      "type": "Feature",
      "properties": {
        "@id": "node/7111415096",
        "name": "kairali Tourist home",
        "tourism": "hotel"
      },
      "geometry": {
        "type": "Point",
        "coordinates": [
          76.0361087,
          10.5978783
        ]
      },
      "id": "node/7111415096"
    },
    {
      "type": "Feature",
      "properties": {
        "@id": "node/7111442589",
        "name": "Hotel Saseendra",
        "tourism": "hotel"
      },
      "geometry": {
        "type": "Point",
        "coordinates": [
          76.2439283,
          10.4699783
        ]
      },
      "id": "node/7111442589"
    },
    {
      "type": "Feature",
      "properties": {
        "@id": "node/7111451527",
        "name": "Green Chilly",
        "tourism": "hotel"
      },
      "geometry": {
        "type": "Point",
        "coordinates": [
          76.2495085,
          10.6643489
        ]
      },
      "id": "node/7111451527"
    },
    {
      "type": "Feature",
      "properties": {
        "@id": "node/7111451812",
        "name": "New Hotel",
        "tourism": "hotel"
      },
      "geometry": {
        "type": "Point",
        "coordinates": [
          76.2463638,
          10.4659835
        ]
      },
      "id": "node/7111451812"
    },
    {
      "type": "Feature",
      "properties": {
        "@id": "node/7111457527",
        "name": "shake bee",
        "tourism": "hotel"
      },
      "geometry": {
        "type": "Point",
        "coordinates": [
          76.0368717,
          10.599165
        ]
      },
      "id": "node/7111457527"
    },
    {
      "type": "Feature",
      "properties": {
        "@id": "node/7111457528",
        "tourism": "hotel"
      },
      "geometry": {
        "type": "Point",
        "coordinates": [
          76.0368101,
          10.5990929
        ]
      },
      "id": "node/7111457528"
    },
    {
      "type": "Feature",
      "properties": {
        "@id": "node/7111476842",
        "name": "Golden Hotel",
        "tourism": "hotel"
      },
      "geometry": {
        "type": "Point",
        "coordinates": [
          76.2465124,
          10.6577452
        ]
      },
      "id": "node/7111476842"
    },
    {
      "type": "Feature",
      "properties": {
        "@id": "node/7111496012",
        "name": "Sree Bagavathy Vegetarian Hotel",
        "tourism": "hotel"
      },
      "geometry": {
        "type": "Point",
        "coordinates": [
          76.2153301,
          10.5848794
        ]
      },
      "id": "node/7111496012"
    },
    {
      "type": "Feature",
      "properties": {
        "@id": "node/7111502358",
        "name": "Samudra Theeram",
        "tourism": "hotel"
      },
      "geometry": {
        "type": "Point",
        "coordinates": [
          76.0246362,
          10.5801398
        ]
      },
      "id": "node/7111502358"
    },
    {
      "type": "Feature",
      "properties": {
        "@id": "node/7111513000",
        "name": "Shafna",
        "tourism": "hotel"
      },
      "geometry": {
        "type": "Point",
        "coordinates": [
          76.120203,
          10.6380001
        ]
      },
      "id": "node/7111513000"
    },
    {
      "type": "Feature",
      "properties": {
        "@id": "node/7111513003",
        "name": "Rohini",
        "tourism": "hotel"
      },
      "geometry": {
        "type": "Point",
        "coordinates": [
          76.1203087,
          10.6365337
        ]
      },
      "id": "node/7111513003"
    },
    {
      "type": "Feature",
      "properties": {
        "@id": "node/7111521807",
        "name": "sreesharavana bhavan",
        "tourism": "hotel"
      },
      "geometry": {
        "type": "Point",
        "coordinates": [
          76.2899024,
          10.545435
        ]
      },
      "id": "node/7111521807"
    },
    {
      "type": "Feature",
      "properties": {
        "@id": "node/7111521810",
        "name": "hotel green tree",
        "tourism": "hotel"
      },
      "geometry": {
        "type": "Point",
        "coordinates": [
          76.3055641,
          10.5499
        ]
      },
      "id": "node/7111521810"
    },
    {
      "type": "Feature",
      "properties": {
        "@id": "node/7111524223",
        "name": "Unnis Hotel",
        "tourism": "hotel"
      },
      "geometry": {
        "type": "Point",
        "coordinates": [
          76.2467882,
          10.6620496
        ]
      },
      "id": "node/7111524223"
    },
    {
      "type": "Feature",
      "properties": {
        "@id": "node/7111563653",
        "air_conditioning": "yes",
        "name": "The Qasr",
        "tourism": "hotel",
        "wikidata": "Q111062393"
      },
      "geometry": {
        "type": "Point",
        "coordinates": [
          76.2807797,
          9.9742899
        ]
      },
      "id": "node/7111563653"
    },
    {
      "type": "Feature",
      "properties": {
        "@id": "node/7111664541",
        "name": "Grandma",
        "tourism": "hotel"
      },
      "geometry": {
        "type": "Point",
        "coordinates": [
          76.0207811,
          10.5786078
        ]
      },
      "id": "node/7111664541"
    },
    {
      "type": "Feature",
      "properties": {
        "@id": "node/7111682285",
        "name": "Salkara",
        "tourism": "hotel"
      },
      "geometry": {
        "type": "Point",
        "coordinates": [
          76.023543,
          10.5791337
        ]
      },
      "id": "node/7111682285"
    },
    {
      "type": "Feature",
      "properties": {
        "@id": "node/7111697198",
        "name": "Alankar food park",
        "tourism": "hotel"
      },
      "geometry": {
        "type": "Point",
        "coordinates": [
          76.0224854,
          10.5802584
        ]
      },
      "id": "node/7111697198"
    },
    {
      "type": "Feature",
      "properties": {
        "@id": "node/7111697201",
        "name": "Hira",
        "tourism": "hotel"
      },
      "geometry": {
        "type": "Point",
        "coordinates": [
          76.0225048,
          10.5798007
        ]
      },
      "id": "node/7111697201"
    },
    {
      "type": "Feature",
      "properties": {
        "@id": "node/7111704277",
        "name": "Hotel Pratheep",
        "tourism": "hotel"
      },
      "geometry": {
        "type": "Point",
        "coordinates": [
          76.0640413,
          10.5634052
        ]
      },
      "id": "node/7111704277"
    },
    {
      "type": "Feature",
      "properties": {
        "@id": "node/7111709490",
        "name": "Welcome Hotel",
        "tourism": "hotel"
      },
      "geometry": {
        "type": "Point",
        "coordinates": [
          76.0345203,
          10.6040816
        ]
      },
      "id": "node/7111709490"
    },
    {
      "type": "Feature",
      "properties": {
        "@id": "node/7111710500",
        "name": "vasanthan hotel",
        "tourism": "hotel"
      },
      "geometry": {
        "type": "Point",
        "coordinates": [
          76.233722,
          10.4840854
        ]
      },
      "id": "node/7111710500"
    },
    {
      "type": "Feature",
      "properties": {
        "@id": "node/7111710505",
        "brand": "Residence Inn",
        "brand:wikidata": "Q7315394",
        "brand:wikipedia": "en:Residence Inn by Marriott",
        "name": "angel residency",
        "tourism": "hotel"
      },
      "geometry": {
        "type": "Point",
        "coordinates": [
          76.2316427,
          10.4854583
        ]
      },
      "id": "node/7111710505"
    },
    {
      "type": "Feature",
      "properties": {
        "@id": "node/7111736009",
        "name": "pramith hotel",
        "tourism": "hotel"
      },
      "geometry": {
        "type": "Point",
        "coordinates": [
          76.2135586,
          10.7146553
        ]
      },
      "id": "node/7111736009"
    },
    {
      "type": "Feature",
      "properties": {
        "@id": "node/7111752715",
        "name": "Kayal Hotel",
        "tourism": "hotel"
      },
      "geometry": {
        "type": "Point",
        "coordinates": [
          76.0228315,
          10.5824157
        ]
      },
      "id": "node/7111752715"
    },
    {
      "type": "Feature",
      "properties": {
        "@id": "node/7111766720",
        "name": "hotel horizon gurvayoor",
        "tourism": "hotel"
      },
      "geometry": {
        "type": "Point",
        "coordinates": [
          76.0397006,
          10.5918887
        ]
      },
      "id": "node/7111766720"
    },
    {
      "type": "Feature",
      "properties": {
        "@id": "node/7111770474",
        "name": "Arabian Adukkala",
        "tourism": "hotel"
      },
      "geometry": {
        "type": "Point",
        "coordinates": [
          76.0625081,
          10.5648164
        ]
      },
      "id": "node/7111770474"
    },
    {
      "type": "Feature",
      "properties": {
        "@id": "node/7111770575",
        "name": "Welcome hotel",
        "tourism": "hotel"
      },
      "geometry": {
        "type": "Point",
        "coordinates": [
          76.0625184,
          10.5642992
        ]
      },
      "id": "node/7111770575"
    },
    {
      "type": "Feature",
      "properties": {
        "@id": "node/7111791680",
        "name": "Hotel Aaradhana Pure Vegetarian",
        "tourism": "hotel"
      },
      "geometry": {
        "type": "Point",
        "coordinates": [
          76.2109523,
          10.5170514
        ]
      },
      "id": "node/7111791680"
    },
    {
      "type": "Feature",
      "properties": {
        "@id": "node/7111791683",
        "name": "Hotel Majestic",
        "tourism": "hotel"
      },
      "geometry": {
        "type": "Point",
        "coordinates": [
          76.210433,
          10.5170992
        ]
      },
      "id": "node/7111791683"
    },
    {
      "type": "Feature",
      "properties": {
        "@id": "node/7111807560",
        "name": "krishna Hotel",
        "tourism": "hotel"
      },
      "geometry": {
        "type": "Point",
        "coordinates": [
          76.2027596,
          10.5250143
        ]
      },
      "id": "node/7111807560"
    },
    {
      "type": "Feature",
      "properties": {
        "@id": "node/7111809639",
        "name": "five star thattukada",
        "tourism": "hotel"
      },
      "geometry": {
        "type": "Point",
        "coordinates": [
          76.2492592,
          10.7130935
        ]
      },
      "id": "node/7111809639"
    },
    {
      "type": "Feature",
      "properties": {
        "@id": "node/7111840310",
        "name": "Akshaya hotel",
        "tourism": "hotel"
      },
      "geometry": {
        "type": "Point",
        "coordinates": [
          76.2166498,
          10.519877
        ]
      },
      "id": "node/7111840310"
    },
    {
      "type": "Feature",
      "properties": {
        "@id": "node/7111840311",
        "name": "Hoja Mukku",
        "tourism": "hotel"
      },
      "geometry": {
        "type": "Point",
        "coordinates": [
          76.2167936,
          10.5200545
        ]
      },
      "id": "node/7111840311"
    },
    {
      "type": "Feature",
      "properties": {
        "@id": "node/7119546943",
        "name": "Asset Inn Tourist Home",
        "tourism": "hotel"
      },
      "geometry": {
        "type": "Point",
        "coordinates": [
          75.8796561,
          11.3070357
        ]
      },
      "id": "node/7119546943"
    },
    {
      "type": "Feature",
      "properties": {
        "@id": "node/7119552774",
        "name": "Asser Inn Tourist Home",
        "tourism": "hotel"
      },
      "geometry": {
        "type": "Point",
        "coordinates": [
          75.8796561,
          11.3070357
        ]
      },
      "id": "node/7119552774"
    },
    {
      "type": "Feature",
      "properties": {
        "@id": "node/7121413631",
        "name": "hotel bright",
        "tourism": "hotel"
      },
      "geometry": {
        "type": "Point",
        "coordinates": [
          76.0693769,
          10.6504094
        ]
      },
      "id": "node/7121413631"
    },
    {
      "type": "Feature",
      "properties": {
        "@id": "node/7121413893",
        "name": "hotel badusha",
        "tourism": "hotel"
      },
      "geometry": {
        "type": "Point",
        "coordinates": [
          76.231962,
          10.7554044
        ]
      },
      "id": "node/7121413893"
    },
    {
      "type": "Feature",
      "properties": {
        "@id": "node/7121427686",
        "name": "KR inn",
        "tourism": "hotel"
      },
      "geometry": {
        "type": "Point",
        "coordinates": [
          76.0898782,
          10.7057284
        ]
      },
      "id": "node/7121427686"
    },
    {
      "type": "Feature",
      "properties": {
        "@id": "node/7121427694",
        "name": "Hotel Al ameen",
        "tourism": "hotel"
      },
      "geometry": {
        "type": "Point",
        "coordinates": [
          76.0880413,
          10.7114088
        ]
      },
      "id": "node/7121427694"
    },
    {
      "type": "Feature",
      "properties": {
        "@id": "node/7121476159",
        "name": "vishnu hotel",
        "tourism": "hotel"
      },
      "geometry": {
        "type": "Point",
        "coordinates": [
          76.2092754,
          10.5139938
        ]
      },
      "id": "node/7121476159"
    },
    {
      "type": "Feature",
      "properties": {
        "@id": "node/7121476160",
        "name": "ummachis kanji kada",
        "tourism": "hotel"
      },
      "geometry": {
        "type": "Point",
        "coordinates": [
          76.2090389,
          10.5138594
        ]
      },
      "id": "node/7121476160"
    },
    {
      "type": "Feature",
      "properties": {
        "@id": "node/7121476168",
        "name": "Wood Land Tiffin Centre",
        "tourism": "hotel"
      },
      "geometry": {
        "type": "Point",
        "coordinates": [
          76.2108954,
          10.5147726
        ]
      },
      "id": "node/7121476168"
    },
    {
      "type": "Feature",
      "properties": {
        "@id": "node/7121476177",
        "name": "hotel aliyans",
        "tourism": "hotel"
      },
      "geometry": {
        "type": "Point",
        "coordinates": [
          76.2097762,
          10.5155006
        ]
      },
      "id": "node/7121476177"
    },
    {
      "type": "Feature",
      "properties": {
        "@id": "node/7121494728",
        "name": "Vanitha Hotel",
        "tourism": "hotel"
      },
      "geometry": {
        "type": "Point",
        "coordinates": [
          76.130174,
          10.4287976
        ]
      },
      "id": "node/7121494728"
    },
    {
      "type": "Feature",
      "properties": {
        "@id": "node/7121494764",
        "name": "Nivedya Bakers & Restuarant",
        "tourism": "hotel"
      },
      "geometry": {
        "type": "Point",
        "coordinates": [
          76.1346312,
          10.415913
        ]
      },
      "id": "node/7121494764"
    },
    {
      "type": "Feature",
      "properties": {
        "@id": "node/7121519036",
        "brand": "Residence Inn",
        "brand:wikidata": "Q7315394",
        "brand:wikipedia": "en:Residence Inn by Marriott",
        "name": "Nest home stay",
        "tourism": "hotel"
      },
      "geometry": {
        "type": "Point",
        "coordinates": [
          76.1725284,
          10.5517832
        ]
      },
      "id": "node/7121519036"
    },
    {
      "type": "Feature",
      "properties": {
        "@id": "node/7121523883",
        "name": "Hotel Arangottukara",
        "tourism": "hotel"
      },
      "geometry": {
        "type": "Point",
        "coordinates": [
          76.2011778,
          10.7597347
        ]
      },
      "id": "node/7121523883"
    },
    {
      "type": "Feature",
      "properties": {
        "@id": "node/7121523884",
        "name": "Hotel Elabikka Taste",
        "tourism": "hotel"
      },
      "geometry": {
        "type": "Point",
        "coordinates": [
          76.2009957,
          10.7595856
        ]
      },
      "id": "node/7121523884"
    },
    {
      "type": "Feature",
      "properties": {
        "@id": "node/7121551332",
        "name": "Hotel Saravana Bhavan",
        "tourism": "hotel"
      },
      "geometry": {
        "type": "Point",
        "coordinates": [
          76.0390514,
          10.7323376
        ]
      },
      "id": "node/7121551332"
    },
    {
      "type": "Feature",
      "properties": {
        "@id": "node/7121588007",
        "name": "Ambadi hotel",
        "tourism": "hotel"
      },
      "geometry": {
        "type": "Point",
        "coordinates": [
          76.1496042,
          10.4368837
        ]
      },
      "id": "node/7121588007"
    },
    {
      "type": "Feature",
      "properties": {
        "@id": "node/7121588056",
        "name": "Vanitha",
        "tourism": "hotel"
      },
      "geometry": {
        "type": "Point",
        "coordinates": [
          76.1542125,
          10.416206
        ]
      },
      "id": "node/7121588056"
    },
    {
      "type": "Feature",
      "properties": {
        "@id": "node/7121588058",
        "name": "RXE hotel",
        "tourism": "hotel"
      },
      "geometry": {
        "type": "Point",
        "coordinates": [
          76.1582766,
          10.4131914
        ]
      },
      "id": "node/7121588058"
    },
    {
      "type": "Feature",
      "properties": {
        "@id": "node/7121596232",
        "name": "josco staff head quatrrs",
        "tourism": "hotel"
      },
      "geometry": {
        "type": "Point",
        "coordinates": [
          76.2150375,
          10.5077864
        ]
      },
      "id": "node/7121596232"
    },
    {
      "type": "Feature",
      "properties": {
        "@id": "node/7121597637",
        "name": "Colombo Hotel",
        "tourism": "hotel"
      },
      "geometry": {
        "type": "Point",
        "coordinates": [
          76.2065324,
          10.3466031
        ]
      },
      "id": "node/7121597637"
    },
    {
      "type": "Feature",
      "properties": {
        "@id": "node/7121599713",
        "name": "Taste Mantra",
        "tourism": "hotel"
      },
      "geometry": {
        "type": "Point",
        "coordinates": [
          76.0715709,
          10.6479034
        ]
      },
      "id": "node/7121599713"
    },
    {
      "type": "Feature",
      "properties": {
        "@id": "node/7121608044",
        "name": "Sabka Restaurant",
        "tourism": "hotel"
      },
      "geometry": {
        "type": "Point",
        "coordinates": [
          75.9256933,
          10.9177447
        ]
      },
      "id": "node/7121608044"
    },
    {
      "type": "Feature",
      "properties": {
        "@id": "node/7121815067",
        "name": "Prince Catering Hotel",
        "tourism": "hotel"
      },
      "geometry": {
        "type": "Point",
        "coordinates": [
          76.1220152,
          10.6183701
        ]
      },
      "id": "node/7121815067"
    },
    {
      "type": "Feature",
      "properties": {
        "@id": "node/7121815076",
        "name": "Kalada Hotel",
        "tourism": "hotel"
      },
      "geometry": {
        "type": "Point",
        "coordinates": [
          76.1237294,
          10.6178284
        ]
      },
      "id": "node/7121815076"
    },
    {
      "type": "Feature",
      "properties": {
        "@id": "node/7121822705",
        "brand": "Residence Inn",
        "brand:wikidata": "Q7315394",
        "brand:wikipedia": "en:Residence Inn by Marriott",
        "name": "KOOTTATHIL KOTTAYIMA",
        "tourism": "hotel"
      },
      "geometry": {
        "type": "Point",
        "coordinates": [
          75.9133525,
          10.9172059
        ]
      },
      "id": "node/7121822705"
    },
    {
      "type": "Feature",
      "properties": {
        "@id": "node/7121852902",
        "name": "tea shop",
        "tourism": "hotel"
      },
      "geometry": {
        "type": "Point",
        "coordinates": [
          76.1355582,
          10.3436804
        ]
      },
      "id": "node/7121852902"
    },
    {
      "type": "Feature",
      "properties": {
        "@id": "node/7121855384",
        "name": "Kalamasherry Hotel",
        "tourism": "hotel"
      },
      "geometry": {
        "type": "Point",
        "coordinates": [
          76.1332773,
          10.6124199
        ]
      },
      "id": "node/7121855384"
    },
    {
      "type": "Feature",
      "properties": {
        "@id": "node/7121877667",
        "name": "Hotel garden",
        "tourism": "hotel"
      },
      "geometry": {
        "type": "Point",
        "coordinates": [
          76.1699097,
          10.5602291
        ]
      },
      "id": "node/7121877667"
    },
    {
      "type": "Feature",
      "properties": {
        "@id": "node/7121888291",
        "name": "ammus hotel",
        "tourism": "hotel"
      },
      "geometry": {
        "type": "Point",
        "coordinates": [
          76.2188372,
          10.3675169
        ]
      },
      "id": "node/7121888291"
    },
    {
      "type": "Feature",
      "properties": {
        "@id": "node/7121914341",
        "name": "krishna hotel",
        "tourism": "hotel"
      },
      "geometry": {
        "type": "Point",
        "coordinates": [
          76.2027275,
          10.5251821
        ]
      },
      "id": "node/7121914341"
    },
    {
      "type": "Feature",
      "properties": {
        "@id": "node/7121941366",
        "name": "Gurudeva hotel",
        "tourism": "hotel"
      },
      "geometry": {
        "type": "Point",
        "coordinates": [
          76.2857563,
          10.5128826
        ]
      },
      "id": "node/7121941366"
    },
    {
      "type": "Feature",
      "properties": {
        "@id": "node/7123699234",
        "name": "hotel milath",
        "tourism": "hotel"
      },
      "geometry": {
        "type": "Point",
        "coordinates": [
          76.2542442,
          11.5854728
        ]
      },
      "id": "node/7123699234"
    },
    {
      "type": "Feature",
      "properties": {
        "@id": "node/7123699235",
        "name": "orchid hotel and bakkery",
        "tourism": "hotel"
      },
      "geometry": {
        "type": "Point",
        "coordinates": [
          76.2542849,
          11.585686
        ]
      },
      "id": "node/7123699235"
    },
    {
      "type": "Feature",
      "properties": {
        "@id": "node/7123745894",
        "name": "Wood Lands",
        "tourism": "hotel"
      },
      "geometry": {
        "type": "Point",
        "coordinates": [
          76.2165588,
          10.432377
        ]
      },
      "id": "node/7123745894"
    },
    {
      "type": "Feature",
      "properties": {
        "@id": "node/7123745907",
        "name": "Krishna Hotel",
        "tourism": "hotel"
      },
      "geometry": {
        "type": "Point",
        "coordinates": [
          76.2166597,
          10.4310354
        ]
      },
      "id": "node/7123745907"
    },
    {
      "type": "Feature",
      "properties": {
        "@id": "node/7123745923",
        "name": "Malabar Hotel",
        "tourism": "hotel"
      },
      "geometry": {
        "type": "Point",
        "coordinates": [
          76.2166552,
          10.4298109
        ]
      },
      "id": "node/7123745923"
    },
    {
      "type": "Feature",
      "properties": {
        "@id": "node/7123755037",
        "name": "Aavi",
        "tourism": "hotel"
      },
      "geometry": {
        "type": "Point",
        "coordinates": [
          76.0573164,
          10.6876348
        ]
      },
      "id": "node/7123755037"
    },
    {
      "type": "Feature",
      "properties": {
        "@id": "node/7123794753",
        "name": "hotel pradeep",
        "tourism": "hotel"
      },
      "geometry": {
        "type": "Point",
        "coordinates": [
          76.0631322,
          10.5644022
        ]
      },
      "id": "node/7123794753"
    },
    {
      "type": "Feature",
      "properties": {
        "@id": "node/7123809192",
        "name": "Hotel City",
        "tourism": "hotel"
      },
      "geometry": {
        "type": "Point",
        "coordinates": [
          76.1197351,
          11.1204899
        ]
      },
      "id": "node/7123809192"
    },
    {
      "type": "Feature",
      "properties": {
        "@id": "node/7123809725",
        "brand": "Residence Inn",
        "brand:wikidata": "Q7315394",
        "brand:wikipedia": "en:Residence Inn by Marriott",
        "name": "Park Residence",
        "tourism": "hotel"
      },
      "geometry": {
        "type": "Point",
        "coordinates": [
          76.2108726,
          10.5049491
        ]
      },
      "id": "node/7123809725"
    },
    {
      "type": "Feature",
      "properties": {
        "@id": "node/7123815768",
        "name": "Gurudeva hotel",
        "tourism": "hotel"
      },
      "geometry": {
        "type": "Point",
        "coordinates": [
          76.1526607,
          10.5530767
        ]
      },
      "id": "node/7123815768"
    },
    {
      "type": "Feature",
      "properties": {
        "@id": "node/7123823064",
        "name": "Hotel polar",
        "tourism": "hotel"
      },
      "geometry": {
        "type": "Point",
        "coordinates": [
          76.1212417,
          11.1171152
        ]
      },
      "id": "node/7123823064"
    },
    {
      "type": "Feature",
      "properties": {
        "@id": "node/7123832787",
        "name": "massi",
        "tourism": "hotel"
      },
      "geometry": {
        "type": "Point",
        "coordinates": [
          76.071325,
          10.6483136
        ]
      },
      "id": "node/7123832787"
    },
    {
      "type": "Feature",
      "properties": {
        "@id": "node/7123878152",
        "name": "New Aryas Vegitarian Hotel",
        "tourism": "hotel"
      },
      "geometry": {
        "type": "Point",
        "coordinates": [
          76.4226125,
          10.6866911
        ]
      },
      "id": "node/7123878152"
    },
    {
      "type": "Feature",
      "properties": {
        "@id": "node/7123878153",
        "name": "Kalyani Food Court",
        "tourism": "hotel"
      },
      "geometry": {
        "type": "Point",
        "coordinates": [
          76.4227249,
          10.6870167
        ]
      },
      "id": "node/7123878153"
    },
    {
      "type": "Feature",
      "properties": {
        "@id": "node/7123878154",
        "tourism": "hotel"
      },
      "geometry": {
        "type": "Point",
        "coordinates": [
          76.4229871,
          10.687467
        ]
      },
      "id": "node/7123878154"
    },
    {
      "type": "Feature",
      "properties": {
        "@id": "node/7123878155",
        "name": "Saji Fastfood",
        "tourism": "hotel"
      },
      "geometry": {
        "type": "Point",
        "coordinates": [
          76.4237163,
          10.6892285
        ]
      },
      "id": "node/7123878155"
    },
    {
      "type": "Feature",
      "properties": {
        "@id": "node/7124063889",
        "addr:street": "Court Road",
        "name": "Treebo Trend Casino Hotel",
        "phone": "+919322800100",
        "tourism": "hotel",
        "website": "https://www.treebo.com/hotels-in-kozhikode/treebo-trend-casino-hotel-court-road-1175"
      },
      "geometry": {
        "type": "Point",
        "coordinates": [
          75.7747357,
          11.2513289
        ]
      },
      "id": "node/7124063889"
    },
    {
      "type": "Feature",
      "properties": {
        "@id": "node/7125752580",
        "name": "Town Gate Rest House",
        "phone": "+918943577712",
        "tourism": "hotel"
      },
      "geometry": {
        "type": "Point",
        "coordinates": [
          76.0086007,
          10.7891267
        ]
      },
      "id": "node/7125752580"
    },
    {
      "type": "Feature",
      "properties": {
        "@id": "node/7126070745",
        "name": "Town Gate Rest House",
        "phone": "+918943577712",
        "tourism": "hotel"
      },
      "geometry": {
        "type": "Point",
        "coordinates": [
          76.0090698,
          10.7891552
        ]
      },
      "id": "node/7126070745"
    },
    {
      "type": "Feature",
      "properties": {
        "@id": "node/7128149664",
        "name": "Shahana Hotel",
        "tourism": "hotel"
      },
      "geometry": {
        "type": "Point",
        "coordinates": [
          77.0708698,
          8.31894
        ]
      },
      "id": "node/7128149664"
    },
    {
      "type": "Feature",
      "properties": {
        "@id": "node/7128149665",
        "name": "Hotel Shahana",
        "tourism": "hotel"
      },
      "geometry": {
        "type": "Point",
        "coordinates": [
          77.0707829,
          8.3189085
        ]
      },
      "id": "node/7128149665"
    },
    {
      "type": "Feature",
      "properties": {
        "@id": "node/7128150860",
        "tourism": "hotel"
      },
      "geometry": {
        "type": "Point",
        "coordinates": [
          77.0725229,
          8.4719384
        ]
      },
      "id": "node/7128150860"
    },
    {
      "type": "Feature",
      "properties": {
        "@id": "node/7128175772",
        "name": "Hotel Al-ameen",
        "tourism": "hotel"
      },
      "geometry": {
        "type": "Point",
        "coordinates": [
          76.9319457,
          8.5036815
        ]
      },
      "id": "node/7128175772"
    },
    {
      "type": "Feature",
      "properties": {
        "@id": "node/7128212287",
        "name": "Hotel Paradise",
        "tourism": "hotel"
      },
      "geometry": {
        "type": "Point",
        "coordinates": [
          76.9295381,
          8.5090797
        ]
      },
      "id": "node/7128212287"
    },
    {
      "type": "Feature",
      "properties": {
        "@id": "node/7130110236",
        "addr:postcode": "695571",
        "addr:street": "sai pump road",
        "name": "kr hotel",
        "tourism": "hotel"
      },
      "geometry": {
        "type": "Point",
        "coordinates": [
          77.0376141,
          8.489673
        ]
      },
      "id": "node/7130110236"
    },
    {
      "type": "Feature",
      "properties": {
        "@id": "node/7130130248",
        "addr:city": "trivandrum",
        "addr:postcode": "695024",
        "addr:street": "VKK Nagar, Pazhavangadi,",
        "name": "Hotel Highness Inn",
        "tourism": "hotel"
      },
      "geometry": {
        "type": "Point",
        "coordinates": [
          76.9359031,
          8.4811206
        ]
      },
      "id": "node/7130130248"
    },
    {
      "type": "Feature",
      "properties": {
        "@id": "node/7130160410",
        "name": "thachottukavu hotel",
        "tourism": "hotel"
      },
      "geometry": {
        "type": "Point",
        "coordinates": [
          77.0249695,
          8.5070132
        ]
      },
      "id": "node/7130160410"
    },
    {
      "type": "Feature",
      "properties": {
        "@id": "node/7130163005",
        "name": "Supreme Food Plaza",
        "tourism": "hotel"
      },
      "geometry": {
        "type": "Point",
        "coordinates": [
          76.9074278,
          8.6854522
        ]
      },
      "id": "node/7130163005"
    },
    {
      "type": "Feature",
      "properties": {
        "@id": "node/7130180965",
        "name": "jiju hotel",
        "tourism": "hotel"
      },
      "geometry": {
        "type": "Point",
        "coordinates": [
          77.0267363,
          8.5081039
        ]
      },
      "id": "node/7130180965"
    },
    {
      "type": "Feature",
      "properties": {
        "@id": "node/7130236742",
        "name": "Ajay Hotel",
        "tourism": "hotel"
      },
      "geometry": {
        "type": "Point",
        "coordinates": [
          77.0260732,
          8.5077722
        ]
      },
      "id": "node/7130236742"
    },
    {
      "type": "Feature",
      "properties": {
        "@id": "node/7130252193",
        "tourism": "hotel"
      },
      "geometry": {
        "type": "Point",
        "coordinates": [
          77.0207922,
          8.5132615
        ]
      },
      "id": "node/7130252193"
    },
    {
      "type": "Feature",
      "properties": {
        "@id": "node/7130304111",
        "name": "shibin hotel",
        "tourism": "hotel"
      },
      "geometry": {
        "type": "Point",
        "coordinates": [
          77.0717957,
          8.4702517
        ]
      },
      "id": "node/7130304111"
    },
    {
      "type": "Feature",
      "properties": {
        "@id": "node/7130356346",
        "addr:postcode": "695004",
        "addr:street": "Pazhaya Road",
        "name": "bhadra hotel",
        "tourism": "hotel"
      },
      "geometry": {
        "type": "Point",
        "coordinates": [
          76.9336617,
          8.5157728
        ]
      },
      "id": "node/7130356346"
    },
    {
      "type": "Feature",
      "properties": {
        "@id": "node/7130374189",
        "name": "krishna hotel",
        "tourism": "hotel"
      },
      "geometry": {
        "type": "Point",
        "coordinates": [
          76.9415983,
          8.5042546
        ]
      },
      "id": "node/7130374189"
    },
    {
      "type": "Feature",
      "properties": {
        "@id": "node/7142081961",
        "addr:city": "kollam",
        "name": "Kripa",
        "tourism": "hotel"
      },
      "geometry": {
        "type": "Point",
        "coordinates": [
          76.6367673,
          8.8727298
        ]
      },
      "id": "node/7142081961"
    },
    {
      "type": "Feature",
      "properties": {
        "@id": "node/7142151213",
        "addr:city": "kollam",
        "addr:postcode": "691015",
        "addr:street": "Kallumthazham",
        "name": "Salama",
        "tourism": "hotel"
      },
      "geometry": {
        "type": "Point",
        "coordinates": [
          76.6226976,
          8.9036454
        ]
      },
      "id": "node/7142151213"
    },
    {
      "type": "Feature",
      "properties": {
        "@id": "node/7148088487",
        "name": "Oriole Homestay",
        "tourism": "hotel"
      },
      "geometry": {
        "type": "Point",
        "coordinates": [
          77.174357,
          9.604814
        ]
      },
      "id": "node/7148088487"
    },
    {
      "type": "Feature",
      "properties": {
        "@id": "node/7155990888",
        "name": "Rajadhani hotel",
        "tourism": "hotel"
      },
      "geometry": {
        "type": "Point",
        "coordinates": [
          76.7195188,
          9.1337363
        ]
      },
      "id": "node/7155990888"
    },
    {
      "type": "Feature",
      "properties": {
        "@id": "node/7156526942",
        "description": "no",
        "name": "aasivad hotel",
        "tourism": "hotel"
      },
      "geometry": {
        "type": "Point",
        "coordinates": [
          76.8224646,
          9.2882876
        ]
      },
      "id": "node/7156526942"
    },
    {
      "type": "Feature",
      "properties": {
        "@id": "node/7158004344",
        "addr:street": "Kochukarippaparambil Tower",
        "email": "info@kruparesidency.com",
        "mobile": "+919188370315",
        "name": "Krupa Residency",
        "phone": "+9104828251251",
        "tourism": "hotel",
        "website": "https://www.kruparesidency.com/"
      },
      "geometry": {
        "type": "Point",
        "coordinates": [
          76.828115,
          9.5239789
        ]
      },
      "id": "node/7158004344"
    },
    {
      "type": "Feature",
      "properties": {
        "@id": "node/7169663702",
        "building": "yes",
        "internet_access": "wlan",
        "internet_access:fee": "no",
        "name": "Abad Turle Beach",
        "tourism": "hotel"
      },
      "geometry": {
        "type": "Point",
        "coordinates": [
          76.3035204,
          9.5892455
        ]
      },
      "id": "node/7169663702"
    },
    {
      "type": "Feature",
      "properties": {
        "@id": "node/7176652585",
        "name": "Royal inn",
        "survey:date": "2020-02-01",
        "tourism": "hotel"
      },
      "geometry": {
        "type": "Point",
        "coordinates": [
          76.9474059,
          8.4966038
        ]
      },
      "id": "node/7176652585"
    },
    {
      "type": "Feature",
      "properties": {
        "@id": "node/7177158585",
        "name": "Waves Beach Resort",
        "tourism": "hotel"
      },
      "geometry": {
        "type": "Point",
        "coordinates": [
          75.4025282,
          11.8395812
        ]
      },
      "id": "node/7177158585"
    },
    {
      "type": "Feature",
      "properties": {
        "@id": "node/7178402385",
        "name": "Moidus Heritage",
        "tourism": "hotel"
      },
      "geometry": {
        "type": "Point",
        "coordinates": [
          76.2513246,
          9.9686903
        ]
      },
      "id": "node/7178402385"
    },
    {
      "type": "Feature",
      "properties": {
        "@id": "node/7193304854",
        "addr:city": "nedumkuzhy",
        "addr:housenumber": "HOTEL KALAVARA",
        "addr:postcode": "686516",
        "addr:street": "NH220",
        "name": "Hotel Kalavara",
        "tourism": "hotel"
      },
      "geometry": {
        "type": "Point",
        "coordinates": [
          76.6201783,
          9.5747446
        ]
      },
      "id": "node/7193304854"
    },
    {
      "type": "Feature",
      "properties": {
        "@id": "node/7196602350",
        "addr:city": "kidangoor",
        "name": "Ruchi",
        "tourism": "hotel"
      },
      "geometry": {
        "type": "Point",
        "coordinates": [
          76.6082043,
          9.682306
        ]
      },
      "id": "node/7196602350"
    },
    {
      "type": "Feature",
      "properties": {
        "@id": "node/7196626694",
        "name": "Hotel Pooja Residency",
        "tourism": "hotel"
      },
      "geometry": {
        "type": "Point",
        "coordinates": [
          76.4391956,
          10.1645041
        ]
      },
      "id": "node/7196626694"
    },
    {
      "type": "Feature",
      "properties": {
        "@id": "node/7196761654",
        "name": "sree laksmi hotel",
        "tourism": "hotel"
      },
      "geometry": {
        "type": "Point",
        "coordinates": [
          76.6062698,
          9.6371479
        ]
      },
      "id": "node/7196761654"
    },
    {
      "type": "Feature",
      "properties": {
        "@id": "node/7196897352",
        "name": "hotel bharath ayarkkunnam",
        "tourism": "hotel",
        "wheelchair": "no"
      },
      "geometry": {
        "type": "Point",
        "coordinates": [
          76.6054646,
          9.6336344
        ]
      },
      "id": "node/7196897352"
    },
    {
      "type": "Feature",
      "properties": {
        "@id": "node/7196919466",
        "name": "hotel vani",
        "tourism": "hotel"
      },
      "geometry": {
        "type": "Point",
        "coordinates": [
          76.6054644,
          9.6355197
        ]
      },
      "id": "node/7196919466"
    },
    {
      "type": "Feature",
      "properties": {
        "@id": "node/7196963666",
        "name": "mayoora hotel poovathilppu",
        "tourism": "hotel"
      },
      "geometry": {
        "type": "Point",
        "coordinates": [
          76.674205,
          9.626396
        ]
      },
      "id": "node/7196963666"
    },
    {
      "type": "Feature",
      "properties": {
        "@id": "node/7197004962",
        "name": "aswathy hotel",
        "tourism": "hotel"
      },
      "geometry": {
        "type": "Point",
        "coordinates": [
          76.6822795,
          9.6043395
        ]
      },
      "id": "node/7197004962"
    },
    {
      "type": "Feature",
      "properties": {
        "@id": "node/7197053594",
        "name": "hotel palace",
        "tourism": "hotel"
      },
      "geometry": {
        "type": "Point",
        "coordinates": [
          76.6819454,
          9.6038752
        ]
      },
      "id": "node/7197053594"
    },
    {
      "type": "Feature",
      "properties": {
        "@id": "node/7197207461",
        "addr:city": "8th mile",
        "addr:housenumber": "Vadackens Hotel",
        "addr:postcode": "686501",
        "addr:street": "NH183",
        "name": "Vadackens Hotel",
        "tourism": "hotel"
      },
      "geometry": {
        "type": "Point",
        "coordinates": [
          76.614445,
          9.5782699
        ]
      },
      "id": "node/7197207461"
    },
    {
      "type": "Feature",
      "properties": {
        "@id": "node/7197213989",
        "addr:city": "8th mile",
        "addr:housenumber": "Hotel Harikrishna",
        "addr:postcode": "686501",
        "addr:street": "Nh183",
        "name": "Hotel Harikrishna",
        "tourism": "hotel"
      },
      "geometry": {
        "type": "Point",
        "coordinates": [
          76.6145025,
          9.5782389
        ]
      },
      "id": "node/7197213989"
    },
    {
      "type": "Feature",
      "properties": {
        "@id": "node/7201356067",
        "name": "Hotel Arya",
        "tourism": "hotel"
      },
      "geometry": {
        "type": "Point",
        "coordinates": [
          76.5621899,
          9.4263813
        ]
      },
      "id": "node/7201356067"
    },
    {
      "type": "Feature",
      "properties": {
        "@id": "node/7203981892",
        "addr:city": "Thiruvalla,kerala",
        "addr:postcode": "689101",
        "addr:street": "MC Road",
        "name": "Hotel Voyage",
        "tourism": "hotel"
      },
      "geometry": {
        "type": "Point",
        "coordinates": [
          76.5741215,
          9.3847485
        ]
      },
      "id": "node/7203981892"
    },
    {
      "type": "Feature",
      "properties": {
        "@id": "node/7210955281",
        "name": "Hotel",
        "tourism": "hotel"
      },
      "geometry": {
        "type": "Point",
        "coordinates": [
          76.6164323,
          9.636081
        ]
      },
      "id": "node/7210955281"
    },
    {
      "type": "Feature",
      "properties": {
        "@id": "node/7214513354",
        "name": "City Hotel",
        "tourism": "hotel"
      },
      "geometry": {
        "type": "Point",
        "coordinates": [
          76.6061634,
          9.6353435
        ]
      },
      "id": "node/7214513354"
    },
    {
      "type": "Feature",
      "properties": {
        "@id": "node/7214523181",
        "name": "New Amrutha hotel",
        "tourism": "hotel"
      },
      "geometry": {
        "type": "Point",
        "coordinates": [
          76.6054124,
          9.631913
        ]
      },
      "id": "node/7214523181"
    },
    {
      "type": "Feature",
      "properties": {
        "@id": "node/7215525358",
        "name": "Guruswamis",
        "tourism": "hotel"
      },
      "geometry": {
        "type": "Point",
        "coordinates": [
          76.6550576,
          9.7011159
        ]
      },
      "id": "node/7215525358"
    },
    {
      "type": "Feature",
      "properties": {
        "@id": "node/7215645488",
        "name": "Sivaganga hotel",
        "tourism": "hotel"
      },
      "geometry": {
        "type": "Point",
        "coordinates": [
          76.6560786,
          9.7014577
        ]
      },
      "id": "node/7215645488"
    },
    {
      "type": "Feature",
      "properties": {
        "@id": "node/7215890385",
        "name": "chinna auditorium & residence",
        "tourism": "hotel"
      },
      "geometry": {
        "type": "Point",
        "coordinates": [
          76.7101193,
          9.8951833
        ]
      },
      "id": "node/7215890385"
    },
    {
      "type": "Feature",
      "properties": {
        "@id": "node/7215932356",
        "name": "Meerans Hotel",
        "tourism": "hotel"
      },
      "geometry": {
        "type": "Point",
        "coordinates": [
          76.6131563,
          9.3962622
        ]
      },
      "id": "node/7215932356"
    },
    {
      "type": "Feature",
      "properties": {
        "@id": "node/7218266049",
        "name": "Chandra hotel",
        "tourism": "hotel"
      },
      "geometry": {
        "type": "Point",
        "coordinates": [
          76.6064406,
          9.6352984
        ]
      },
      "id": "node/7218266049"
    },
    {
      "type": "Feature",
      "properties": {
        "@id": "node/7222333386",
        "addr:postcode": "691001",
        "addr:street": "Cashew Street",
        "check_date": "2022-12-11",
        "email": "info@seapalace.info",
        "internet_access": "wlan",
        "name": "Hotel Sea Palace",
        "opening_hours": "24/7",
        "phone": "+91 474 276 0441",
        "source": "survey",
        "tourism": "hotel",
        "website": "https://www.seapalace.info/"
      },
      "geometry": {
        "type": "Point",
        "coordinates": [
          76.5954403,
          8.8778767
        ]
      },
      "id": "node/7222333386"
    },
    {
      "type": "Feature",
      "properties": {
        "@id": "node/7222673568",
        "tourism": "hotel"
      },
      "geometry": {
        "type": "Point",
        "coordinates": [
          76.5745595,
          9.6219105
        ]
      },
      "id": "node/7222673568"
    },
    {
      "type": "Feature",
      "properties": {
        "@id": "node/7223156143",
        "name": "Rajendra hotel",
        "tourism": "hotel"
      },
      "geometry": {
        "type": "Point",
        "coordinates": [
          76.5754473,
          9.6221551
        ]
      },
      "id": "node/7223156143"
    },
    {
      "type": "Feature",
      "properties": {
        "@id": "node/7227157702",
        "name": "Hotel Mihraj Halal",
        "tourism": "hotel"
      },
      "geometry": {
        "type": "Point",
        "coordinates": [
          76.410979,
          10.1647417
        ]
      },
      "id": "node/7227157702"
    },
    {
      "type": "Feature",
      "properties": {
        "@id": "node/7227491285",
        "email": "info@tulsivillage.com",
        "internet_access": "wlan",
        "name": "Tulsi Village Retreat",
        "phone": "+91-9656260024",
        "tourism": "hotel",
        "website": "http://www.tulsivillage.in"
      },
      "geometry": {
        "type": "Point",
        "coordinates": [
          76.9952023,
          9.991657
        ]
      },
      "id": "node/7227491285"
    },
    {
      "type": "Feature",
      "properties": {
        "@id": "node/7232273885",
        "fixme": "add proper tags, building:part = hotel",
        "name": "Travancore Kitchen",
        "survey:date": "2020-02-21",
        "tourism": "hotel"
      },
      "geometry": {
        "type": "Point",
        "coordinates": [
          76.9733347,
          8.51735
        ]
      },
      "id": "node/7232273885"
    },
    {
      "type": "Feature",
      "properties": {
        "@id": "node/7244772886",
        "name": "flutterby inn",
        "tourism": "hotel"
      },
      "geometry": {
        "type": "Point",
        "coordinates": [
          77.0535353,
          10.0475234
        ]
      },
      "id": "node/7244772886"
    },
    {
      "type": "Feature",
      "properties": {
        "@id": "node/7259896785",
        "addr:street": "Thiruvambadi Beach Road",
        "email": "magnoliaguesthouse@hotmail.com",
        "internet_access": "wlan",
        "name": "Magnolia Guest House",
        "phone": "+91 99461 42100",
        "tourism": "hotel",
        "website": "https://www.magnoliaguesthouse.in/"
      },
      "geometry": {
        "type": "Point",
        "coordinates": [
          76.6958727,
          8.7488788
        ]
      },
      "id": "node/7259896785"
    },
    {
      "type": "Feature",
      "properties": {
        "@id": "node/7306237646",
        "addr:city": "kottayam",
        "addr:housenumber": "madona hotel",
        "addr:postcode": "686008",
        "addr:street": "Medical College Junction Roundana",
        "name": "madona hotel",
        "tourism": "hotel"
      },
      "geometry": {
        "type": "Point",
        "coordinates": [
          76.5237228,
          9.6332778
        ]
      },
      "id": "node/7306237646"
    },
    {
      "type": "Feature",
      "properties": {
        "@id": "node/7306248443",
        "addr:city": "kottayam",
        "addr:housenumber": "new malabar hotel",
        "addr:postcode": "686008",
        "addr:street": "Medical College Junction Roundana",
        "name": "new malabar hotel",
        "tourism": "hotel"
      },
      "geometry": {
        "type": "Point",
        "coordinates": [
          76.5230807,
          9.633153
        ]
      },
      "id": "node/7306248443"
    },
    {
      "type": "Feature",
      "properties": {
        "@id": "node/7308177077",
        "addr:housenumber": "thachampara",
        "addr:postcode": "678593",
        "addr:street": "Palakkad-Malappuram-Calicut Road",
        "brand": "sagar",
        "name": "sagara",
        "tourism": "hotel"
      },
      "geometry": {
        "type": "Point",
        "coordinates": [
          76.5069175,
          10.9594383
        ]
      },
      "id": "node/7308177077"
    },
    {
      "type": "Feature",
      "properties": {
        "@id": "node/7308319899",
        "addr:street": "Changanassery- Vazhoor Road",
        "name": "Janatha hotel",
        "tourism": "hotel"
      },
      "geometry": {
        "type": "Point",
        "coordinates": [
          76.6050851,
          9.4805312
        ]
      },
      "id": "node/7308319899"
    },
    {
      "type": "Feature",
      "properties": {
        "@id": "node/7308356449",
        "addr:city": "changanacherry",
        "addr:street": "MC Road",
        "brand": "chickking",
        "ele": "2",
        "name": "Golden Spoon",
        "tourism": "hotel"
      },
      "geometry": {
        "type": "Point",
        "coordinates": [
          76.5424357,
          9.4438151
        ]
      },
      "id": "node/7308356449"
    },
    {
      "type": "Feature",
      "properties": {
        "@id": "node/7308422206",
        "addr:city": "ranni",
        "addr:housenumber": "hotel ravindra",
        "addr:postcode": "689711",
        "addr:street": "athikayam",
        "name": "hotel ravindra",
        "tourism": "hotel"
      },
      "geometry": {
        "type": "Point",
        "coordinates": [
          76.8432038,
          9.3871602
        ]
      },
      "id": "node/7308422206"
    },
    {
      "type": "Feature",
      "properties": {
        "@id": "node/7308439501",
        "addr:city": "ranni",
        "addr:housenumber": "royal hotel",
        "addr:postcode": "689711",
        "addr:street": "athikayam",
        "name": "royal hotel",
        "tourism": "hotel"
      },
      "geometry": {
        "type": "Point",
        "coordinates": [
          76.8426885,
          9.3874896
        ]
      },
      "id": "node/7308439501"
    },
    {
      "type": "Feature",
      "properties": {
        "@id": "node/7308460200",
        "name": "rubeena hotel",
        "tourism": "hotel"
      },
      "geometry": {
        "type": "Point",
        "coordinates": [
          76.51881,
          10.9482733
        ]
      },
      "id": "node/7308460200"
    },
    {
      "type": "Feature",
      "properties": {
        "@id": "node/7308543742",
        "name": "sansaar hotel",
        "tourism": "hotel"
      },
      "geometry": {
        "type": "Point",
        "coordinates": [
          76.5082818,
          10.9571219
        ]
      },
      "id": "node/7308543742"
    },
    {
      "type": "Feature",
      "properties": {
        "@id": "node/7312808781",
        "name": "Hotel Archana",
        "tourism": "hotel"
      },
      "geometry": {
        "type": "Point",
        "coordinates": [
          76.6103095,
          9.6750198
        ]
      },
      "id": "node/7312808781"
    },
    {
      "type": "Feature",
      "properties": {
        "@id": "node/7312808783",
        "name": "Saravana Restaurant-Hot Dosas",
        "tourism": "hotel"
      },
      "geometry": {
        "type": "Point",
        "coordinates": [
          76.6108605,
          9.6753225
        ]
      },
      "id": "node/7312808783"
    },
    {
      "type": "Feature",
      "properties": {
        "@id": "node/7317760275",
        "name": "Hotel Emarald Regency",
        "tourism": "hotel"
      },
      "geometry": {
        "type": "Point",
        "coordinates": [
          76.5742053,
          9.5242469
        ]
      },
      "id": "node/7317760275"
    },
    {
      "type": "Feature",
      "properties": {
        "@id": "node/7318585871",
        "name": "My Trip Houseboats",
        "tourism": "hotel"
      },
      "geometry": {
        "type": "Point",
        "coordinates": [
          76.3650851,
          9.4890126
        ]
      },
      "id": "node/7318585871"
    },
    {
      "type": "Feature",
      "properties": {
        "@id": "node/7321239820",
        "name": "Areeparambil building",
        "tourism": "hotel"
      },
      "geometry": {
        "type": "Point",
        "coordinates": [
          76.9350828,
          9.4214363
        ]
      },
      "id": "node/7321239820"
    },
    {
      "type": "Feature",
      "properties": {
        "@id": "node/7322086260",
        "name": "maria residency rooms",
        "tourism": "hotel"
      },
      "geometry": {
        "type": "Point",
        "coordinates": [
          76.391825,
          9.9517524
        ]
      },
      "id": "node/7322086260"
    },
    {
      "type": "Feature",
      "properties": {
        "@id": "node/7322091759",
        "name": "new best hotel",
        "tourism": "hotel"
      },
      "geometry": {
        "type": "Point",
        "coordinates": [
          76.3904717,
          9.9525344
        ]
      },
      "id": "node/7322091759"
    },
    {
      "type": "Feature",
      "properties": {
        "@id": "node/7322817206",
        "name": "Porch grill",
        "tourism": "hotel"
      },
      "geometry": {
        "type": "Point",
        "coordinates": [
          76.487274,
          9.8721574
        ]
      },
      "id": "node/7322817206"
    },
    {
      "type": "Feature",
      "properties": {
        "@id": "node/7324851053",
        "name": "Brothers Hotel",
        "tourism": "hotel"
      },
      "geometry": {
        "type": "Point",
        "coordinates": [
          76.8275938,
          9.5248824
        ]
      },
      "id": "node/7324851053"
    },
    {
      "type": "Feature",
      "properties": {
        "@id": "node/7325088680",
        "name": "Inspecion Bunglow",
        "tourism": "hotel"
      },
      "geometry": {
        "type": "Point",
        "coordinates": [
          76.498117,
          9.8797574
        ]
      },
      "id": "node/7325088680"
    },
    {
      "type": "Feature",
      "properties": {
        "@id": "node/7325556527",
        "name": "Janatha Loadge",
        "tourism": "hotel"
      },
      "geometry": {
        "type": "Point",
        "coordinates": [
          76.4835925,
          9.8783089
        ]
      },
      "id": "node/7325556527"
    },
    {
      "type": "Feature",
      "properties": {
        "@id": "node/7325578722",
        "name": "Citrus Restaurant 3.0 (4)",
        "tourism": "hotel"
      },
      "geometry": {
        "type": "Point",
        "coordinates": [
          76.4834578,
          9.8784434
        ]
      },
      "id": "node/7325578722"
    },
    {
      "type": "Feature",
      "properties": {
        "@id": "node/7327223892",
        "name": "Ponnappan Chettans Hotel",
        "tourism": "hotel"
      },
      "geometry": {
        "type": "Point",
        "coordinates": [
          76.4725028,
          9.8840371
        ]
      },
      "id": "node/7327223892"
    },
    {
      "type": "Feature",
      "properties": {
        "@id": "node/7329132088",
        "name": "puttu kada",
        "tourism": "hotel"
      },
      "geometry": {
        "type": "Point",
        "coordinates": [
          76.7144481,
          9.1306082
        ]
      },
      "id": "node/7329132088"
    },
    {
      "type": "Feature",
      "properties": {
        "@id": "node/7332204559",
        "name": "HOTEL SONIA RETREAT",
        "tourism": "hotel"
      },
      "geometry": {
        "type": "Point",
        "coordinates": [
          76.5939277,
          9.8581169
        ]
      },
      "id": "node/7332204559"
    },
    {
      "type": "Feature",
      "properties": {
        "@id": "node/7332494330",
        "name": "Hotel New Taj",
        "tourism": "hotel"
      },
      "geometry": {
        "type": "Point",
        "coordinates": [
          76.5934299,
          9.8563148
        ]
      },
      "id": "node/7332494330"
    },
    {
      "type": "Feature",
      "properties": {
        "@id": "node/7333044925",
        "name": "padiyara hotel and catering",
        "tourism": "hotel"
      },
      "geometry": {
        "type": "Point",
        "coordinates": [
          76.6172364,
          9.4435334
        ]
      },
      "id": "node/7333044925"
    },
    {
      "type": "Feature",
      "properties": {
        "@id": "node/7333883411",
        "addr:city": "ettumanoor",
        "addr:postcode": "686631",
        "addr:street": "mangalam hills",
        "internet_access": "yes",
        "name": "souparnika hotel",
        "tourism": "hotel"
      },
      "geometry": {
        "type": "Point",
        "coordinates": [
          76.5729426,
          9.6767727
        ]
      },
      "id": "node/7333883411"
    },
    {
      "type": "Feature",
      "properties": {
        "@id": "node/7333895606",
        "name": "hotel nivedya",
        "tourism": "hotel"
      },
      "geometry": {
        "type": "Point",
        "coordinates": [
          76.5264267,
          9.515867
        ]
      },
      "id": "node/7333895606"
    },
    {
      "type": "Feature",
      "properties": {
        "@id": "node/7333976946",
        "name": "Hotel achoos",
        "tourism": "hotel"
      },
      "geometry": {
        "type": "Point",
        "coordinates": [
          76.5828921,
          9.4779144
        ]
      },
      "id": "node/7333976946"
    },
    {
      "type": "Feature",
      "properties": {
        "@id": "node/7334012814",
        "addr:housenumber": "biriyani kada",
        "addr:street": "Masjid road",
        "internet_access": "no",
        "name": "Biriyani kada",
        "tourism": "hotel"
      },
      "geometry": {
        "type": "Point",
        "coordinates": [
          76.5421245,
          9.4463157
        ]
      },
      "id": "node/7334012814"
    },
    {
      "type": "Feature",
      "properties": {
        "@id": "node/7334014227",
        "tourism": "hotel"
      },
      "geometry": {
        "type": "Point",
        "coordinates": [
          76.4235486,
          10.175349
        ]
      },
      "id": "node/7334014227"
    },
    {
      "type": "Feature",
      "properties": {
        "@id": "node/7334014235",
        "name": "Amma Residency",
        "tourism": "hotel"
      },
      "geometry": {
        "type": "Point",
        "coordinates": [
          76.4388793,
          10.1656236
        ]
      },
      "id": "node/7334014235"
    },
    {
      "type": "Feature",
      "properties": {
        "@id": "node/7334014237",
        "tourism": "hotel"
      },
      "geometry": {
        "type": "Point",
        "coordinates": [
          76.4434066,
          10.1589602
        ]
      },
      "id": "node/7334014237"
    },
    {
      "type": "Feature",
      "properties": {
        "@id": "node/7334036513",
        "addr:street": "Changanassery- Vazhoor Road",
        "name": "Hotel arya",
        "tourism": "hotel"
      },
      "geometry": {
        "type": "Point",
        "coordinates": [
          76.5781628,
          9.4754352
        ]
      },
      "id": "node/7334036513"
    },
    {
      "type": "Feature",
      "properties": {
        "@id": "node/7334073138",
        "name": "Hotel rari",
        "tourism": "hotel"
      },
      "geometry": {
        "type": "Point",
        "coordinates": [
          76.6823983,
          9.5623771
        ]
      },
      "id": "node/7334073138"
    },
    {
      "type": "Feature",
      "properties": {
        "@id": "node/7334085105",
        "name": "Hotel seena",
        "tourism": "hotel"
      },
      "geometry": {
        "type": "Point",
        "coordinates": [
          76.5772633,
          9.4747078
        ]
      },
      "id": "node/7334085105"
    },
    {
      "type": "Feature",
      "properties": {
        "@id": "node/7334087856",
        "name": "hotel bazar",
        "tourism": "hotel"
      },
      "geometry": {
        "type": "Point",
        "coordinates": [
          76.6820771,
          9.5590278
        ]
      },
      "id": "node/7334087856"
    },
    {
      "type": "Feature",
      "properties": {
        "@id": "node/7334123568",
        "name": "Alvin family hotel",
        "tourism": "hotel"
      },
      "geometry": {
        "type": "Point",
        "coordinates": [
          76.6085696,
          9.434802
        ]
      },
      "id": "node/7334123568"
    },
    {
      "type": "Feature",
      "properties": {
        "@id": "node/7334181343",
        "addr:street": "Changanassery- Vazhoor Road",
        "name": "Hotel dear chachans",
        "tourism": "hotel"
      },
      "geometry": {
        "type": "Point",
        "coordinates": [
          76.5767667,
          9.4744462
        ]
      },
      "id": "node/7334181343"
    },
    {
      "type": "Feature",
      "properties": {
        "@id": "node/7334358445",
        "name": "friends hotel",
        "tourism": "hotel"
      },
      "geometry": {
        "type": "Point",
        "coordinates": [
          76.7059754,
          9.5676972
        ]
      },
      "id": "node/7334358445"
    },
    {
      "type": "Feature",
      "properties": {
        "@id": "node/7334411532",
        "addr:city": "kavlaam",
        "addr:housenumber": "kalyani Hotel",
        "addr:postcode": "686506",
        "addr:street": "kurichy eera kavalm road",
        "name": "kalyani Hotel",
        "tourism": "hotel"
      },
      "geometry": {
        "type": "Point",
        "coordinates": [
          76.4649918,
          9.4894866
        ]
      },
      "id": "node/7334411532"
    },
    {
      "type": "Feature",
      "properties": {
        "@id": "node/7334414772",
        "addr:street": "Karukachal - Manimala Road",
        "name": "St Johns Hotel",
        "tourism": "hotel"
      },
      "geometry": {
        "type": "Point",
        "coordinates": [
          76.6579063,
          9.5051998
        ]
      },
      "id": "node/7334414772"
    },
    {
      "type": "Feature",
      "properties": {
        "@id": "node/7334439351",
        "addr:postcode": "686540",
        "addr:street": "Karukachal - Manimala Road",
        "name": "Hotel Kunjoos",
        "tourism": "hotel"
      },
      "geometry": {
        "type": "Point",
        "coordinates": [
          76.6409765,
          9.5018662
        ]
      },
      "id": "node/7334439351"
    },
    {
      "type": "Feature",
      "properties": {
        "@id": "node/7334490485",
        "name": "uduppi vegetarians",
        "tourism": "hotel"
      },
      "geometry": {
        "type": "Point",
        "coordinates": [
          76.5317937,
          9.5934138
        ]
      },
      "id": "node/7334490485"
    },
    {
      "type": "Feature",
      "properties": {
        "@id": "node/7334792034",
        "addr:postcode": "686540",
        "addr:street": "Bus stand",
        "name": "Saranya hotel",
        "tourism": "hotel"
      },
      "geometry": {
        "type": "Point",
        "coordinates": [
          76.6414162,
          9.5031941
        ]
      },
      "id": "node/7334792034"
    },
    {
      "type": "Feature",
      "properties": {
        "@id": "node/7334809800",
        "addr:postcode": "686540",
        "addr:street": "Kottayam-Kozhencherry Highway",
        "name": "Royal Bakers,Priya Hotel",
        "shop": "bakery",
        "tourism": "hotel"
      },
      "geometry": {
        "type": "Point",
        "coordinates": [
          76.6398977,
          9.501359
        ]
      },
      "id": "node/7334809800"
    },
    {
      "type": "Feature",
      "properties": {
        "@id": "node/7334821279",
        "addr:street": "Kottayam-Kozhencherry Highway",
        "name": "Padippura hotel",
        "tourism": "hotel"
      },
      "geometry": {
        "type": "Point",
        "coordinates": [
          76.6385727,
          9.5126015
        ]
      },
      "id": "node/7334821279"
    },
    {
      "type": "Feature",
      "properties": {
        "@id": "node/7334871355",
        "addr:street": "Kottayam-Kozhencherry Highway",
        "name": "Mareena Hotel",
        "tourism": "hotel"
      },
      "geometry": {
        "type": "Point",
        "coordinates": [
          76.6383883,
          9.511976
        ]
      },
      "id": "node/7334871355"
    },
    {
      "type": "Feature",
      "properties": {
        "@id": "node/7334985916",
        "name": "Hotel Aravind",
        "tourism": "hotel"
      },
      "geometry": {
        "type": "Point",
        "coordinates": [
          76.5663451,
          9.7626796
        ]
      },
      "id": "node/7334985916"
    },
    {
      "type": "Feature",
      "properties": {
        "@id": "node/7335039107",
        "name": "Ratheesh Hotel",
        "tourism": "hotel"
      },
      "geometry": {
        "type": "Point",
        "coordinates": [
          76.5658886,
          9.7623723
        ]
      },
      "id": "node/7335039107"
    },
    {
      "type": "Feature",
      "properties": {
        "@id": "node/7335040277",
        "addr:postcode": "686633",
        "name": "uppum mulakum thattukada",
        "tourism": "hotel"
      },
      "geometry": {
        "type": "Point",
        "coordinates": [
          76.5633095,
          9.7606981
        ]
      },
      "id": "node/7335040277"
    },
    {
      "type": "Feature",
      "properties": {
        "@id": "node/7335041232",
        "addr:street": "Kuravilangad Kuruppanthura Road",
        "name": "Ganam Hotel",
        "tourism": "hotel"
      },
      "geometry": {
        "type": "Point",
        "coordinates": [
          76.5606997,
          9.7575631
        ]
      },
      "id": "node/7335041232"
    },
    {
      "type": "Feature",
      "properties": {
        "@id": "node/7335071401",
        "name": "biriyani chembu",
        "tourism": "hotel"
      },
      "geometry": {
        "type": "Point",
        "coordinates": [
          76.3068483,
          10.0373405
        ]
      },
      "id": "node/7335071401"
    },
    {
      "type": "Feature",
      "properties": {
        "@id": "node/7335071409",
        "tourism": "hotel"
      },
      "geometry": {
        "type": "Point",
        "coordinates": [
          76.3049815,
          10.0313397
        ]
      },
      "id": "node/7335071409"
    },
    {
      "type": "Feature",
      "properties": {
        "@id": "node/7335182526",
        "addr:street": "Changanassery - Vazhoor Road",
        "name": "celery hotel",
        "tourism": "hotel"
      },
      "geometry": {
        "type": "Point",
        "coordinates": [
          76.6434467,
          9.5236561
        ]
      },
      "id": "node/7335182526"
    },
    {
      "type": "Feature",
      "properties": {
        "@id": "node/7335193254",
        "addr:street": "Kottayam-Kozhencherry Highway",
        "name": "Lara tower",
        "tourism": "hotel"
      },
      "geometry": {
        "type": "Point",
        "coordinates": [
          76.6396989,
          9.5058564
        ]
      },
      "id": "node/7335193254"
    },
    {
      "type": "Feature",
      "properties": {
        "@id": "node/7335224344",
        "addr:street": "Kottayam-Kozhencherry Highway",
        "name": "Hotel Maruthi Cafe",
        "tourism": "hotel"
      },
      "geometry": {
        "type": "Point",
        "coordinates": [
          76.6383547,
          9.5133947
        ]
      },
      "id": "node/7335224344"
    },
    {
      "type": "Feature",
      "properties": {
        "@id": "node/7335276208",
        "name": "The Elegance Hotel",
        "tourism": "hotel"
      },
      "geometry": {
        "type": "Point",
        "coordinates": [
          77.156042,
          9.8403215
        ]
      },
      "id": "node/7335276208"
    },
    {
      "type": "Feature",
      "properties": {
        "@id": "node/7335357554",
        "name": "Siby hotel",
        "tourism": "hotel"
      },
      "geometry": {
        "type": "Point",
        "coordinates": [
          76.5428878,
          9.4479353
        ]
      },
      "id": "node/7335357554"
    },
    {
      "type": "Feature",
      "properties": {
        "@id": "node/7339873152",
        "name": "hotel Amrutha",
        "tourism": "hotel"
      },
      "geometry": {
        "type": "Point",
        "coordinates": [
          76.5082846,
          10.9573718
        ]
      },
      "id": "node/7339873152"
    },
    {
      "type": "Feature",
      "properties": {
        "@id": "node/7339924355",
        "name": "Surya jewellery;Saravanas hotel",
        "shop": "fashion_accessories",
        "tourism": "hotel"
      },
      "geometry": {
        "type": "Point",
        "coordinates": [
          76.5768929,
          9.4744315
        ]
      },
      "id": "node/7339924355"
    },
    {
      "type": "Feature",
      "properties": {
        "@id": "node/7339929281",
        "addr:postcode": "686540",
        "addr:street": "Changanassery - Vazhoor Road",
        "name": "Hotel archana",
        "tourism": "hotel"
      },
      "geometry": {
        "type": "Point",
        "coordinates": [
          76.6366155,
          9.5005313
        ]
      },
      "id": "node/7339929281"
    },
    {
      "type": "Feature",
      "properties": {
        "@id": "node/7339933499",
        "addr:postcode": "686540",
        "addr:street": "Changanassery - Vazhoor Road",
        "name": "Hotel alaina",
        "tourism": "hotel"
      },
      "geometry": {
        "type": "Point",
        "coordinates": [
          76.6400559,
          9.5018864
        ]
      },
      "id": "node/7339933499"
    },
    {
      "type": "Feature",
      "properties": {
        "@id": "node/7339973891",
        "name": "sreenandanam",
        "tourism": "hotel"
      },
      "geometry": {
        "type": "Point",
        "coordinates": [
          76.4523423,
          10.988676
        ]
      },
      "id": "node/7339973891"
    },
    {
      "type": "Feature",
      "properties": {
        "@id": "node/7339986535",
        "name": "achayans hotel",
        "tourism": "hotel"
      },
      "geometry": {
        "type": "Point",
        "coordinates": [
          76.4520393,
          10.9889944
        ]
      },
      "id": "node/7339986535"
    },
    {
      "type": "Feature",
      "properties": {
        "@id": "node/7340002279",
        "addr:street": "Changanassery- Vazhoor Road",
        "name": "Renjith hotel",
        "tourism": "hotel"
      },
      "geometry": {
        "type": "Point",
        "coordinates": [
          76.5726316,
          9.4718407
        ]
      },
      "id": "node/7340002279"
    },
    {
      "type": "Feature",
      "properties": {
        "@id": "node/7340002283",
        "name": "Farm fresh fruits",
        "tourism": "hotel"
      },
      "geometry": {
        "type": "Point",
        "coordinates": [
          76.5723572,
          9.4717306
        ]
      },
      "id": "node/7340002283"
    },
    {
      "type": "Feature",
      "properties": {
        "@id": "node/7340017509",
        "brand": "Kerala Hotel",
        "tourism": "hotel"
      },
      "geometry": {
        "type": "Point",
        "coordinates": [
          76.6323904,
          9.4995194
        ]
      },
      "id": "node/7340017509"
    },
    {
      "type": "Feature",
      "properties": {
        "@id": "node/7340045398",
        "name": "twenty-20 biryani",
        "tourism": "hotel"
      },
      "geometry": {
        "type": "Point",
        "coordinates": [
          76.4536383,
          10.9897546
        ]
      },
      "id": "node/7340045398"
    },
    {
      "type": "Feature",
      "properties": {
        "@id": "node/7340045399",
        "name": "hotel sreenandanam",
        "tourism": "hotel"
      },
      "geometry": {
        "type": "Point",
        "coordinates": [
          76.4535774,
          10.9897064
        ]
      },
      "id": "node/7340045399"
    },
    {
      "type": "Feature",
      "properties": {
        "@id": "node/7340208201",
        "addr:street": "Kothala - Kangazha road",
        "brand": "Best Western",
        "brand:wikidata": "Q830334",
        "brand:wikipedia": "en:Best Western",
        "internet_access": "yes",
        "name": "Best Western",
        "rooms": "4",
        "tourism": "hotel"
      },
      "geometry": {
        "type": "Point",
        "coordinates": [
          76.6764228,
          9.5503776
        ]
      },
      "id": "node/7340208201"
    },
    {
      "type": "Feature",
      "properties": {
        "@id": "node/7340406861",
        "name": "A One Hotel",
        "tourism": "hotel"
      },
      "geometry": {
        "type": "Point",
        "coordinates": [
          76.7216802,
          9.6578157
        ]
      },
      "id": "node/7340406861"
    },
    {
      "type": "Feature",
      "properties": {
        "@id": "node/7340441661",
        "name": "Janatha Hotel & Bakery",
        "tourism": "hotel"
      },
      "geometry": {
        "type": "Point",
        "coordinates": [
          76.722759,
          9.6559466
        ]
      },
      "id": "node/7340441661"
    },
    {
      "type": "Feature",
      "properties": {
        "@id": "node/7342370724",
        "addr:city": "Pandalam",
        "addr:postcode": "689501",
        "addr:street": "MC Road",
        "name": "Aryas Hotel",
        "tourism": "hotel"
      },
      "geometry": {
        "type": "Point",
        "coordinates": [
          76.6787277,
          9.2247517
        ]
      },
      "id": "node/7342370724"
    },
    {
      "type": "Feature",
      "properties": {
        "@id": "node/7342425881",
        "name": "St.Anns Hotel",
        "tourism": "hotel"
      },
      "geometry": {
        "type": "Point",
        "coordinates": [
          76.6826339,
          9.7088615
        ]
      },
      "id": "node/7342425881"
    },
    {
      "type": "Feature",
      "properties": {
        "@id": "node/7342433758",
        "name": "Foodie's Priya Hotel",
        "tourism": "hotel"
      },
      "geometry": {
        "type": "Point",
        "coordinates": [
          76.7223896,
          9.6566103
        ]
      },
      "id": "node/7342433758"
    },
    {
      "type": "Feature",
      "properties": {
        "@id": "node/7342435698",
        "name": "Hotel Royal Park",
        "tourism": "hotel"
      },
      "geometry": {
        "type": "Point",
        "coordinates": [
          76.721664,
          9.6575226
        ]
      },
      "id": "node/7342435698"
    },
    {
      "type": "Feature",
      "properties": {
        "@id": "node/7342435923",
        "name": "thara hotel",
        "tourism": "hotel"
      },
      "geometry": {
        "type": "Point",
        "coordinates": [
          76.6824517,
          9.7093463
        ]
      },
      "id": "node/7342435923"
    },
    {
      "type": "Feature",
      "properties": {
        "@id": "node/7342440874",
        "name": "Marian Hotel",
        "tourism": "hotel"
      },
      "geometry": {
        "type": "Point",
        "coordinates": [
          76.6808526,
          9.7119126
        ]
      },
      "id": "node/7342440874"
    },
    {
      "type": "Feature",
      "properties": {
        "@id": "node/7342446795",
        "name": "Canteen",
        "tourism": "hotel"
      },
      "geometry": {
        "type": "Point",
        "coordinates": [
          76.692435,
          9.715464
        ]
      },
      "id": "node/7342446795"
    },
    {
      "type": "Feature",
      "properties": {
        "@id": "node/7342452434",
        "name": "New Priya Hotel",
        "tourism": "hotel"
      },
      "geometry": {
        "type": "Point",
        "coordinates": [
          76.7235922,
          9.6509886
        ]
      },
      "id": "node/7342452434"
    },
    {
      "type": "Feature",
      "properties": {
        "@id": "node/7342848493",
        "name": "nanma vege hote",
        "tourism": "hotel"
      },
      "geometry": {
        "type": "Point",
        "coordinates": [
          76.7717669,
          9.0012037
        ]
      },
      "id": "node/7342848493"
    },
    {
      "type": "Feature",
      "properties": {
        "@id": "node/7342867996",
        "name": "ganesh hotel",
        "tourism": "hotel"
      },
      "geometry": {
        "type": "Point",
        "coordinates": [
          76.772062,
          9.0014527
        ]
      },
      "id": "node/7342867996"
    },
    {
      "type": "Feature",
      "properties": {
        "@id": "node/7342968686",
        "name": "Hotel Atham",
        "tourism": "hotel"
      },
      "geometry": {
        "type": "Point",
        "coordinates": [
          76.7709137,
          9.001708
        ]
      },
      "id": "node/7342968686"
    },
    {
      "type": "Feature",
      "properties": {
        "@id": "node/7342992616",
        "name": "Hotel Malankara",
        "tourism": "hotel"
      },
      "geometry": {
        "type": "Point",
        "coordinates": [
          76.7831553,
          9.0065089
        ]
      },
      "id": "node/7342992616"
    },
    {
      "type": "Feature",
      "properties": {
        "@id": "node/7343062252",
        "tourism": "hotel"
      },
      "geometry": {
        "type": "Point",
        "coordinates": [
          76.6562487,
          9.3671766
        ]
      },
      "id": "node/7343062252"
    },
    {
      "type": "Feature",
      "properties": {
        "@id": "node/7343366827",
        "tourism": "hotel"
      },
      "geometry": {
        "type": "Point",
        "coordinates": [
          76.6603646,
          9.3347565
        ]
      },
      "id": "node/7343366827"
    },
    {
      "type": "Feature",
      "properties": {
        "@id": "node/7346820790",
        "tourism": "hotel"
      },
      "geometry": {
        "type": "Point",
        "coordinates": [
          76.8784169,
          9.5432118
        ]
      },
      "id": "node/7346820790"
    },
    {
      "type": "Feature",
      "properties": {
        "@id": "node/7346835990",
        "tourism": "hotel"
      },
      "geometry": {
        "type": "Point",
        "coordinates": [
          76.8799545,
          9.5427319
        ]
      },
      "id": "node/7346835990"
    },
    {
      "type": "Feature",
      "properties": {
        "@id": "node/7346890324",
        "name": "Malabar Hotel",
        "tourism": "hotel"
      },
      "geometry": {
        "type": "Point",
        "coordinates": [
          76.6868275,
          9.8526264
        ]
      },
      "id": "node/7346890324"
    },
    {
      "type": "Feature",
      "properties": {
        "@id": "node/7349854690",
        "name": "Unnis hotel nellappara",
        "tourism": "hotel"
      },
      "geometry": {
        "type": "Point",
        "coordinates": [
          76.6794858,
          9.8389248
        ]
      },
      "id": "node/7349854690"
    },
    {
      "type": "Feature",
      "properties": {
        "@id": "node/7350628317",
        "name": "J K hotel",
        "tourism": "hotel"
      },
      "geometry": {
        "type": "Point",
        "coordinates": [
          76.6889529,
          9.7959817
        ]
      },
      "id": "node/7350628317"
    },
    {
      "type": "Feature",
      "properties": {
        "@id": "node/7350730428",
        "name": "Shivas Hotel",
        "tourism": "hotel"
      },
      "geometry": {
        "type": "Point",
        "coordinates": [
          76.6943247,
          9.7772448
        ]
      },
      "id": "node/7350730428"
    },
    {
      "type": "Feature",
      "properties": {
        "@id": "node/7350734786",
        "name": "Aaradhya Hotel",
        "tourism": "hotel"
      },
      "geometry": {
        "type": "Point",
        "coordinates": [
          76.6941745,
          9.7780642
        ]
      },
      "id": "node/7350734786"
    },
    {
      "type": "Feature",
      "properties": {
        "@id": "node/7351251190",
        "addr:city": "Pathanamthitta",
        "addr:housenumber": "Shanti Hotel,Pathanamthitta",
        "addr:postcode": "689645",
        "addr:street": "Pathanamthitta-Kadamanitta Road",
        "name": "Shanti Hotel,Pathanamthitta",
        "tourism": "hotel"
      },
      "geometry": {
        "type": "Point",
        "coordinates": [
          76.7868244,
          9.2645807
        ]
      },
      "id": "node/7351251190"
    },
    {
      "type": "Feature",
      "properties": {
        "@id": "node/7351412599",
        "name": "Aiswarya Hotel",
        "tourism": "hotel"
      },
      "geometry": {
        "type": "Point",
        "coordinates": [
          76.4427435,
          9.916037
        ]
      },
      "id": "node/7351412599"
    },
    {
      "type": "Feature",
      "properties": {
        "@id": "node/7351627485",
        "name": "Dhanalakshmi hotel",
        "tourism": "hotel"
      },
      "geometry": {
        "type": "Point",
        "coordinates": [
          76.4238072,
          9.9642024
        ]
      },
      "id": "node/7351627485"
    },
    {
      "type": "Feature",
      "properties": {
        "@id": "node/7351760776",
        "addr:city": "Pathanamthitta",
        "addr:housenumber": "Shanthi Hotel & Lodge Bulding No: 473,",
        "addr:postcode": "689645",
        "addr:street": "Thiruvalla-Kumbazha Hwy, Central Junction, Pathanamthitta",
        "internet_access": "wlan",
        "internet_access:fee": "yes",
        "name": "Shanthi Hotel & Lodge",
        "rooms": "10",
        "tourism": "hotel"
      },
      "geometry": {
        "type": "Point",
        "coordinates": [
          76.7866768,
          9.2649903
        ]
      },
      "id": "node/7351760776"
    },
    {
      "type": "Feature",
      "properties": {
        "@id": "node/7351765815",
        "addr:city": "Pathanamthitta",
        "addr:housenumber": "Thumbamon Hotel",
        "addr:postcode": "689645",
        "addr:street": "Pathanamthitta",
        "internet_access": "wlan",
        "name": "Thumbamon Hotel",
        "rooms": "2",
        "tourism": "hotel"
      },
      "geometry": {
        "type": "Point",
        "coordinates": [
          76.7867358,
          9.2647865
        ]
      },
      "id": "node/7351765815"
    },
    {
      "type": "Feature",
      "properties": {
        "@id": "node/7354748221",
        "name": "Hotel Rose Garden",
        "tourism": "hotel"
      },
      "geometry": {
        "type": "Point",
        "coordinates": [
          74.988732,
          12.4907041
        ]
      },
      "id": "node/7354748221"
    },
    {
      "type": "Feature",
      "properties": {
        "@id": "node/7354938214",
        "name": "Star Tourist Home",
        "tourism": "hotel"
      },
      "geometry": {
        "type": "Point",
        "coordinates": [
          74.9867793,
          12.4994643
        ]
      },
      "id": "node/7354938214"
    },
    {
      "type": "Feature",
      "properties": {
        "@id": "node/7354939743",
        "name": "Hotel Sree Krishna Bhavan ഹോട്ടല്‍ ശ്രീകൃഷ്ണ ഭവൻ",
        "tourism": "hotel"
      },
      "geometry": {
        "type": "Point",
        "coordinates": [
          74.9870773,
          12.4994756
        ]
      },
      "id": "node/7354939743"
    },
    {
      "type": "Feature",
      "properties": {
        "@id": "node/7357708422",
        "name": "Darbar Hotel",
        "tourism": "hotel"
      },
      "geometry": {
        "type": "Point",
        "coordinates": [
          74.9903635,
          12.5014888
        ]
      },
      "id": "node/7357708422"
    },
    {
      "type": "Feature",
      "properties": {
        "@id": "node/7357771750",
        "name": "ASHOK HOTEL",
        "tourism": "hotel"
      },
      "geometry": {
        "type": "Point",
        "coordinates": [
          74.989439,
          12.5025525
        ]
      },
      "id": "node/7357771750"
    },
    {
      "type": "Feature",
      "properties": {
        "@id": "node/7357771758",
        "name": "Hotel Udupi manasa pure veg restaurant",
        "tourism": "hotel"
      },
      "geometry": {
        "type": "Point",
        "coordinates": [
          74.9888284,
          12.5025129
        ]
      },
      "id": "node/7357771758"
    },
    {
      "type": "Feature",
      "properties": {
        "@id": "node/7357787626",
        "name": "Hotel New Kerala",
        "tourism": "hotel",
        "wheelchair": "no"
      },
      "geometry": {
        "type": "Point",
        "coordinates": [
          74.9875239,
          12.5021343
        ]
      },
      "id": "node/7357787626"
    },
    {
      "type": "Feature",
      "properties": {
        "@id": "node/7357793982",
        "name": "Thanima",
        "tourism": "hotel"
      },
      "geometry": {
        "type": "Point",
        "coordinates": [
          74.9881381,
          12.5020926
        ]
      },
      "id": "node/7357793982"
    },
    {
      "type": "Feature",
      "properties": {
        "@id": "node/7357793983",
        "name": "Malabar Coffee House",
        "tourism": "hotel",
        "wheelchair": "no"
      },
      "geometry": {
        "type": "Point",
        "coordinates": [
          74.9874886,
          12.5019169
        ]
      },
      "id": "node/7357793983"
    },
    {
      "type": "Feature",
      "properties": {
        "@id": "node/7357804520",
        "name": "Ente Veedu Hotel എന്റെ വീട് ഹോട്ടൽ",
        "tourism": "hotel"
      },
      "geometry": {
        "type": "Point",
        "coordinates": [
          74.9874973,
          12.5035062
        ]
      },
      "id": "node/7357804520"
    },
    {
      "type": "Feature",
      "properties": {
        "@id": "node/7357809293",
        "name": "Hotel Megharaj",
        "tourism": "hotel"
      },
      "geometry": {
        "type": "Point",
        "coordinates": [
          74.9869425,
          12.5037453
        ]
      },
      "id": "node/7357809293"
    },
    {
      "type": "Feature",
      "properties": {
        "@id": "node/7359174630",
        "name": "Hotel SAJ International",
        "tourism": "hotel"
      },
      "geometry": {
        "type": "Point",
        "coordinates": [
          76.4770265,
          9.979577
        ]
      },
      "id": "node/7359174630"
    },
    {
      "type": "Feature",
      "properties": {
        "@id": "node/7361785282",
        "name": "Speedway INN",
        "tourism": "hotel"
      },
      "geometry": {
        "type": "Point",
        "coordinates": [
          74.9952013,
          12.5083006
        ]
      },
      "id": "node/7361785282"
    },
    {
      "type": "Feature",
      "properties": {
        "@id": "node/7361843001",
        "name": "OYO 24301 Century Park Hotel Mangalore",
        "tourism": "hotel"
      },
      "geometry": {
        "type": "Point",
        "coordinates": [
          74.9936162,
          12.5066711
        ]
      },
      "id": "node/7361843001"
    },
    {
      "type": "Feature",
      "properties": {
        "@id": "node/7361858703",
        "name": "Pathiri hotel",
        "tourism": "hotel"
      },
      "geometry": {
        "type": "Point",
        "coordinates": [
          74.993708,
          12.5069017
        ]
      },
      "id": "node/7361858703"
    },
    {
      "type": "Feature",
      "properties": {
        "@id": "node/7362546435",
        "tourism": "hotel"
      },
      "geometry": {
        "type": "Point",
        "coordinates": [
          76.8632787,
          9.3616968
        ]
      },
      "id": "node/7362546435"
    },
    {
      "type": "Feature",
      "properties": {
        "@id": "node/7363557464",
        "name": "Aukarcha nte Hotel",
        "tourism": "hotel"
      },
      "geometry": {
        "type": "Point",
        "coordinates": [
          75.0001798,
          12.54147
        ]
      },
      "id": "node/7363557464"
    },
    {
      "type": "Feature",
      "properties": {
        "@id": "node/7363593566",
        "name": "Udupi Vihar",
        "tourism": "hotel"
      },
      "geometry": {
        "type": "Point",
        "coordinates": [
          75.0002871,
          12.5423118
        ]
      },
      "id": "node/7363593566"
    },
    {
      "type": "Feature",
      "properties": {
        "@id": "node/7363805653",
        "tourism": "hotel"
      },
      "geometry": {
        "type": "Point",
        "coordinates": [
          76.8499109,
          9.3675966
        ]
      },
      "id": "node/7363805653"
    },
    {
      "type": "Feature",
      "properties": {
        "@id": "node/7365824925",
        "name": "Hotal Relax",
        "tourism": "hotel"
      },
      "geometry": {
        "type": "Point",
        "coordinates": [
          75.018587,
          12.517796
        ]
      },
      "id": "node/7365824925"
    },
    {
      "type": "Feature",
      "properties": {
        "@id": "node/7365863098",
        "name": "Hill Blooms",
        "tourism": "hotel"
      },
      "geometry": {
        "type": "Point",
        "coordinates": [
          76.2882383,
          11.6739893
        ]
      },
      "id": "node/7365863098"
    },
    {
      "type": "Feature",
      "properties": {
        "@id": "node/7366155326",
        "name": "Kasaragodian Thattkada",
        "tourism": "hotel"
      },
      "geometry": {
        "type": "Point",
        "coordinates": [
          75.0323132,
          12.5117915
        ]
      },
      "id": "node/7366155326"
    },
    {
      "type": "Feature",
      "properties": {
        "@id": "node/7366159483",
        "name": "Malabar hotel",
        "tourism": "hotel"
      },
      "geometry": {
        "type": "Point",
        "coordinates": [
          75.043392,
          12.5095821
        ]
      },
      "id": "node/7366159483"
    },
    {
      "type": "Feature",
      "properties": {
        "@id": "node/7366245796",
        "tourism": "hotel"
      },
      "geometry": {
        "type": "Point",
        "coordinates": [
          76.7552888,
          9.2384204
        ]
      },
      "id": "node/7366245796"
    },
    {
      "type": "Feature",
      "properties": {
        "@id": "node/7366336575",
        "addr:city": "Thiruvalla,kerala",
        "addr:postcode": "689101",
        "addr:street": "Kayamkulam - Thiruvalla Road",
        "name": "Abhilash Hotel",
        "tourism": "hotel"
      },
      "geometry": {
        "type": "Point",
        "coordinates": [
          76.5738151,
          9.383042
        ]
      },
      "id": "node/7366336575"
    },
    {
      "type": "Feature",
      "properties": {
        "@id": "node/7366364036",
        "tourism": "hotel"
      },
      "geometry": {
        "type": "Point",
        "coordinates": [
          76.7590191,
          9.2509251
        ]
      },
      "id": "node/7366364036"
    },
    {
      "type": "Feature",
      "properties": {
        "@id": "node/7366717302",
        "name": "Hotel Kulavan",
        "tourism": "hotel"
      },
      "geometry": {
        "type": "Point",
        "coordinates": [
          75.0708949,
          12.5441933
        ]
      },
      "id": "node/7366717302"
    },
    {
      "type": "Feature",
      "properties": {
        "@id": "node/7367056513",
        "name": "devasura inn",
        "tourism": "hotel"
      },
      "geometry": {
        "type": "Point",
        "coordinates": [
          75.9976099,
          10.6713134
        ]
      },
      "id": "node/7367056513"
    },
    {
      "type": "Feature",
      "properties": {
        "@id": "node/7367100917",
        "amenity": "restaurant",
        "internet_access": "no",
        "name": "Kudumbasree hotel",
        "smoking": "no",
        "toilets": "no",
        "tourism": "hotel"
      },
      "geometry": {
        "type": "Point",
        "coordinates": [
          75.5918064,
          11.8592176
        ]
      },
      "id": "node/7367100917"
    },
    {
      "type": "Feature",
      "properties": {
        "@id": "node/7367891236",
        "name": "zahara coolbar",
        "shop": "travel_agency",
        "tourism": "hotel"
      },
      "geometry": {
        "type": "Point",
        "coordinates": [
          75.7103032,
          11.4633723
        ]
      },
      "id": "node/7367891236"
    },
    {
      "type": "Feature",
      "properties": {
        "@id": "node/7373879480",
        "tourism": "hotel"
      },
      "geometry": {
        "type": "Point",
        "coordinates": [
          76.7925975,
          9.393054
        ]
      },
      "id": "node/7373879480"
    },
    {
      "type": "Feature",
      "properties": {
        "@id": "node/7374810045",
        "addr:city": "Kanjikode",
        "addr:postcode": "678621",
        "brand": "South Indian",
        "name": "Hotel Sri Saravana Bavan",
        "tourism": "hotel"
      },
      "geometry": {
        "type": "Point",
        "coordinates": [
          76.779394,
          10.7993203
        ]
      },
      "id": "node/7374810045"
    },
    {
      "type": "Feature",
      "properties": {
        "@id": "node/7375699537",
        "addr:city": "വാഴപ്പിള്ളി, മുവാറ്റുപുഴ",
        "addr:postcode": "686669",
        "addr:street": "എം സി റോഡ്",
        "name": "ഹോട്ടൽ ഭാരത്",
        "name:en": "Hotel Bharath",
        "phone": "+919447579025",
        "tourism": "hotel",
        "website": "http://www.bharathhotel.com/"
      },
      "geometry": {
        "type": "Point",
        "coordinates": [
          76.572192,
          9.9961563
        ]
      },
      "id": "node/7375699537"
    },
    {
      "type": "Feature",
      "properties": {
        "@id": "node/7380085337",
        "name": "Hotal Mubarak",
        "tourism": "hotel"
      },
      "geometry": {
        "type": "Point",
        "coordinates": [
          75.1014264,
          12.635119
        ]
      },
      "id": "node/7380085337"
    },
    {
      "type": "Feature",
      "properties": {
        "@id": "node/7380090493",
        "name": "Hotel Highway Fast Food Restaurant",
        "tourism": "hotel"
      },
      "geometry": {
        "type": "Point",
        "coordinates": [
          75.1035776,
          12.6380749
        ]
      },
      "id": "node/7380090493"
    },
    {
      "type": "Feature",
      "properties": {
        "@id": "node/7380166381",
        "name": "Bagavathi Hotel ഭഗവതി ഹോട്ടൽ",
        "tourism": "hotel"
      },
      "geometry": {
        "type": "Point",
        "coordinates": [
          75.1073713,
          12.6438433
        ]
      },
      "id": "node/7380166381"
    },
    {
      "type": "Feature",
      "properties": {
        "@id": "node/7380182579",
        "name": "Hotel Vrindavana Veg",
        "tourism": "hotel"
      },
      "geometry": {
        "type": "Point",
        "coordinates": [
          75.1087428,
          12.6450349
        ]
      },
      "id": "node/7380182579"
    },
    {
      "type": "Feature",
      "properties": {
        "@id": "node/7380187568",
        "name": "Ganesh Hotel (Pure Veg)",
        "tourism": "hotel"
      },
      "geometry": {
        "type": "Point",
        "coordinates": [
          75.1067164,
          12.643694
        ]
      },
      "id": "node/7380187568"
    },
    {
      "type": "Feature",
      "properties": {
        "@id": "node/7380192208",
        "name": "New Sagar Hotel",
        "tourism": "hotel"
      },
      "geometry": {
        "type": "Point",
        "coordinates": [
          75.1086193,
          12.6456477
        ]
      },
      "id": "node/7380192208"
    },
    {
      "type": "Feature",
      "properties": {
        "@id": "node/7382819087",
        "name": "Baskerettan hotel",
        "tourism": "hotel"
      },
      "geometry": {
        "type": "Point",
        "coordinates": [
          76.158557,
          10.8918808
        ]
      },
      "id": "node/7382819087"
    },
    {
      "type": "Feature",
      "properties": {
        "@id": "node/7382819184",
        "name": "Nadan",
        "tourism": "hotel"
      },
      "geometry": {
        "type": "Point",
        "coordinates": [
          76.1592759,
          10.8920967
        ]
      },
      "id": "node/7382819184"
    },
    {
      "type": "Feature",
      "properties": {
        "@id": "node/7383910848",
        "name": "kallery",
        "tourism": "hotel"
      },
      "geometry": {
        "type": "Point",
        "coordinates": [
          76.2677567,
          10.6885863
        ]
      },
      "id": "node/7383910848"
    },
    {
      "type": "Feature",
      "properties": {
        "@id": "node/7384091778",
        "name": "Madeena Hotel and coolbar",
        "tourism": "hotel"
      },
      "geometry": {
        "type": "Point",
        "coordinates": [
          76.1035324,
          11.0329167
        ]
      },
      "id": "node/7384091778"
    },
    {
      "type": "Feature",
      "properties": {
        "@id": "node/7386068172",
        "name": "Velur Chungam",
        "tourism": "hotel"
      },
      "geometry": {
        "type": "Point",
        "coordinates": [
          76.1760095,
          10.6403296
        ]
      },
      "id": "node/7386068172"
    },
    {
      "type": "Feature",
      "properties": {
        "@id": "node/7387983334",
        "addr:street": "Perumbilavu-Nilambur Road",
        "tourism": "hotel"
      },
      "geometry": {
        "type": "Point",
        "coordinates": [
          76.1943165,
          10.901646
        ]
      },
      "id": "node/7387983334"
    },
    {
      "type": "Feature",
      "properties": {
        "@id": "node/7388466387",
        "name": "Hotel Indraprastham",
        "tourism": "hotel"
      },
      "geometry": {
        "type": "Point",
        "coordinates": [
          76.2004909,
          10.225766
        ]
      },
      "id": "node/7388466387"
    },
    {
      "type": "Feature",
      "properties": {
        "@id": "node/7388637746",
        "name": "Hotel",
        "tourism": "hotel"
      },
      "geometry": {
        "type": "Point",
        "coordinates": [
          76.344081,
          10.9008767
        ]
      },
      "id": "node/7388637746"
    },
    {
      "type": "Feature",
      "properties": {
        "@id": "node/7388774910",
        "name": "RED land",
        "tourism": "hotel"
      },
      "geometry": {
        "type": "Point",
        "coordinates": [
          76.8210701,
          8.8115351
        ]
      },
      "id": "node/7388774910"
    },
    {
      "type": "Feature",
      "properties": {
        "@id": "node/7388856087",
        "addr:city": "KUTTALOOR",
        "addr:postcode": "676304",
        "addr:street": "Malappurram - Parappnangadi Road",
        "brand": "GHEE RICE",
        "internet_access": "no",
        "name": "Muttipadi Neychore Centre",
        "rooms": "1",
        "tourism": "hotel"
      },
      "geometry": {
        "type": "Point",
        "coordinates": [
          75.9905496,
          11.0514247
        ]
      },
      "id": "node/7388856087"
    },
    {
      "type": "Feature",
      "properties": {
        "@id": "node/7388856088",
        "addr:city": "Kuttaloor",
        "addr:postcode": "676304",
        "addr:street": "Malappurram - Parappnangadi Road",
        "air_conditioning": "no",
        "internet_access": "no",
        "name": "Hotel Al Ameen",
        "rooms": "1",
        "tourism": "hotel"
      },
      "geometry": {
        "type": "Point",
        "coordinates": [
          75.9896162,
          11.0512931
        ]
      },
      "id": "node/7388856088"
    },
    {
      "type": "Feature",
      "properties": {
        "@id": "node/7389182442",
        "name": "Theevandi Chayakkada",
        "tourism": "hotel"
      },
      "geometry": {
        "type": "Point",
        "coordinates": [
          76.4994092,
          9.8276876
        ]
      },
      "id": "node/7389182442"
    },
    {
      "type": "Feature",
      "properties": {
        "@id": "node/7389362320",
        "tourism": "hotel"
      },
      "geometry": {
        "type": "Point",
        "coordinates": [
          75.9646771,
          11.3641188
        ]
      },
      "id": "node/7389362320"
    },
    {
      "type": "Feature",
      "properties": {
        "@id": "node/7389421759",
        "name": "dosa corner",
        "tourism": "hotel"
      },
      "geometry": {
        "type": "Point",
        "coordinates": [
          76.6447549,
          10.7847784
        ]
      },
      "id": "node/7389421759"
    },
    {
      "type": "Feature",
      "properties": {
        "@id": "node/7389439601",
        "name": "chaithanya pure vegetarian",
        "tourism": "hotel"
      },
      "geometry": {
        "type": "Point",
        "coordinates": [
          76.6451818,
          10.7847932
        ]
      },
      "id": "node/7389439601"
    },
    {
      "type": "Feature",
      "properties": {
        "@id": "node/7389686397",
        "name": "Prakashan Chettante Sarbathkada",
        "tourism": "hotel"
      },
      "geometry": {
        "type": "Point",
        "coordinates": [
          76.5637474,
          9.8266526
        ]
      },
      "id": "node/7389686397"
    },
    {
      "type": "Feature",
      "properties": {
        "@id": "node/7389689362",
        "name": "Hotel Malabar Palace",
        "tourism": "hotel"
      },
      "geometry": {
        "type": "Point",
        "coordinates": [
          76.5462733,
          9.8306205
        ]
      },
      "id": "node/7389689362"
    },
    {
      "type": "Feature",
      "properties": {
        "@id": "node/7389693045",
        "name": "Jai Hind Hotel",
        "tourism": "hotel"
      },
      "geometry": {
        "type": "Point",
        "coordinates": [
          76.5451115,
          9.8305658
        ]
      },
      "id": "node/7389693045"
    },
    {
      "type": "Feature",
      "properties": {
        "@id": "node/7389708651",
        "name": "Biriyani Hut",
        "tourism": "hotel"
      },
      "geometry": {
        "type": "Point",
        "coordinates": [
          76.543106,
          9.8304018
        ]
      },
      "id": "node/7389708651"
    },
    {
      "type": "Feature",
      "properties": {
        "@id": "node/7389782624",
        "addr:city": "Vengara",
        "addr:postcode": "676519",
        "addr:street": "Malappurram - Parappnangadi Road",
        "air_conditioning": "no",
        "bar": "no",
        "brand": "All",
        "internet_access": "no",
        "name": "Hotel Safera",
        "rooms": "1",
        "tourism": "hotel"
      },
      "geometry": {
        "type": "Point",
        "coordinates": [
          75.9874354,
          11.0511178
        ]
      },
      "id": "node/7389782624"
    },
    {
      "type": "Feature",
      "properties": {
        "@id": "node/7389788857",
        "addr:city": "VENGARA",
        "addr:postcode": "676304",
        "addr:street": "Malappurram - Parappnangadi Road",
        "bar": "no",
        "brand": "LOCAL",
        "internet_access": "no",
        "name": "Hotel Airlance",
        "rooms": "1",
        "tourism": "hotel"
      },
      "geometry": {
        "type": "Point",
        "coordinates": [
          75.9851609,
          11.0512653
        ]
      },
      "id": "node/7389788857"
    },
    {
      "type": "Feature",
      "properties": {
        "@id": "node/7389788859",
        "addr:city": "VENGARA",
        "addr:postcode": "676304",
        "addr:street": "Malappurram - Parappnangadi Road",
        "air_conditioning": "no",
        "bar": "no",
        "brand": "LOCAL",
        "internet_access": "no",
        "name": "Hotel Airvoice",
        "rooms": "1",
        "tourism": "hotel"
      },
      "geometry": {
        "type": "Point",
        "coordinates": [
          75.985,
          11.0514903
        ]
      },
      "id": "node/7389788859"
    },
    {
      "type": "Feature",
      "properties": {
        "@id": "node/7391370987",
        "name": "Hotel Sana",
        "tourism": "hotel"
      },
      "geometry": {
        "type": "Point",
        "coordinates": [
          76.6340365,
          10.8185329
        ]
      },
      "id": "node/7391370987"
    },
    {
      "type": "Feature",
      "properties": {
        "@id": "node/7392147986",
        "description": "hotel",
        "name": "hotel A 1",
        "tourism": "hotel"
      },
      "geometry": {
        "type": "Point",
        "coordinates": [
          76.2789375,
          10.3414077
        ]
      },
      "id": "node/7392147986"
    },
    {
      "type": "Feature",
      "properties": {
        "@id": "node/7395461107",
        "name": "Maria Hotel",
        "tourism": "hotel"
      },
      "geometry": {
        "type": "Point",
        "coordinates": [
          76.5882176,
          9.7587821
        ]
      },
      "id": "node/7395461107"
    },
    {
      "type": "Feature",
      "properties": {
        "@id": "node/7396984580",
        "addr:city": "Chattanchal",
        "addr:street": "Chattanchal",
        "internet_access": "no",
        "name": "Shabharigiri",
        "tourism": "hotel"
      },
      "geometry": {
        "type": "Point",
        "coordinates": [
          75.0574908,
          12.4822657
        ]
      },
      "id": "node/7396984580"
    },
    {
      "type": "Feature",
      "properties": {
        "@id": "node/7398285202",
        "name": "Hotel Daewoo",
        "tourism": "hotel"
      },
      "geometry": {
        "type": "Point",
        "coordinates": [
          76.6218315,
          9.737124
        ]
      },
      "id": "node/7398285202"
    },
    {
      "type": "Feature",
      "properties": {
        "@id": "node/7398379797",
        "name": "Mohanan's Hotel",
        "tourism": "hotel"
      },
      "geometry": {
        "type": "Point",
        "coordinates": [
          76.643757,
          9.7245409
        ]
      },
      "id": "node/7398379797"
    },
    {
      "type": "Feature",
      "properties": {
        "@id": "node/7398519899",
        "name": "Ambadi Hotel",
        "tourism": "hotel"
      },
      "geometry": {
        "type": "Point",
        "coordinates": [
          76.7315563,
          9.6311916
        ]
      },
      "id": "node/7398519899"
    },
    {
      "type": "Feature",
      "properties": {
        "@id": "node/7398877162",
        "addr:city": "Chattanchal",
        "addr:street": "chattanchal",
        "name": "Milan hotel",
        "tourism": "hotel"
      },
      "geometry": {
        "type": "Point",
        "coordinates": [
          75.0576633,
          12.48014
        ]
      },
      "id": "node/7398877162"
    },
    {
      "type": "Feature",
      "properties": {
        "@id": "node/7402255411",
        "name": "Athira Stores & Sruthy HOTEL",
        "tourism": "hotel"
      },
      "geometry": {
        "type": "Point",
        "coordinates": [
          76.7385077,
          9.5900019
        ]
      },
      "id": "node/7402255411"
    },
    {
      "type": "Feature",
      "properties": {
        "@id": "node/7405395321",
        "name": "Vanitha Hotel",
        "tourism": "hotel"
      },
      "geometry": {
        "type": "Point",
        "coordinates": [
          75.8097116,
          11.3349761
        ]
      },
      "id": "node/7405395321"
    },
    {
      "type": "Feature",
      "properties": {
        "@id": "node/7410010394",
        "name": "Hotel Lachoos",
        "tourism": "hotel"
      },
      "geometry": {
        "type": "Point",
        "coordinates": [
          75.8104293,
          11.3371718
        ]
      },
      "id": "node/7410010394"
    },
    {
      "type": "Feature",
      "properties": {
        "@id": "node/7414635089",
        "name": "Rathiba Hotel",
        "tourism": "hotel"
      },
      "geometry": {
        "type": "Point",
        "coordinates": [
          75.79981,
          11.3175805
        ]
      },
      "id": "node/7414635089"
    },
    {
      "type": "Feature",
      "properties": {
        "@id": "node/7430150306",
        "tourism": "hotel"
      },
      "geometry": {
        "type": "Point",
        "coordinates": [
          75.8599492,
          11.2869738
        ]
      },
      "id": "node/7430150306"
    },
    {
      "type": "Feature",
      "properties": {
        "@id": "node/7442014652",
        "addr:street": "kidangoor-Ayarkunnam-Manarcadu Road",
        "name": "K R Bakers",
        "tourism": "hotel"
      },
      "geometry": {
        "type": "Point",
        "coordinates": [
          76.5828179,
          9.5888326
        ]
      },
      "id": "node/7442014652"
    },
    {
      "type": "Feature",
      "properties": {
        "@id": "node/7443931758",
        "tourism": "hotel"
      },
      "geometry": {
        "type": "Point",
        "coordinates": [
          75.7862093,
          11.3274651
        ]
      },
      "id": "node/7443931758"
    },
    {
      "type": "Feature",
      "properties": {
        "@id": "node/7444531192",
        "name": "ponnuse restaurant",
        "tourism": "hotel"
      },
      "geometry": {
        "type": "Point",
        "coordinates": [
          76.3435595,
          9.4954775
        ]
      },
      "id": "node/7444531192"
    },
    {
      "type": "Feature",
      "properties": {
        "@id": "node/7448048487",
        "amenity": "restaurant",
        "brand": "Delta Hotels",
        "name": "rajive hotel",
        "tourism": "hotel"
      },
      "geometry": {
        "type": "Point",
        "coordinates": [
          76.5055237,
          9.0812723
        ]
      },
      "id": "node/7448048487"
    },
    {
      "type": "Feature",
      "properties": {
        "@id": "node/7448279421",
        "addr:city": "Moonnilavu",
        "addr:postcode": "686586",
        "addr:street": "Kalatthukkadavu - Moonnilavu Road",
        "internet_access": "no",
        "name": "raj",
        "tourism": "hotel"
      },
      "geometry": {
        "type": "Point",
        "coordinates": [
          76.7851918,
          9.7484379
        ]
      },
      "id": "node/7448279421"
    },
    {
      "type": "Feature",
      "properties": {
        "@id": "node/7448304298",
        "addr:city": "Moonnilavu",
        "addr:postcode": "686586",
        "addr:street": "Kalatthukkadavu - Moonnilavu Road",
        "internet_access": "no",
        "tourism": "hotel"
      },
      "geometry": {
        "type": "Point",
        "coordinates": [
          76.7847541,
          9.7483734
        ]
      },
      "id": "node/7448304298"
    },
    {
      "type": "Feature",
      "properties": {
        "@id": "node/7449379812",
        "name": "murali hotel",
        "tourism": "hotel"
      },
      "geometry": {
        "type": "Point",
        "coordinates": [
          76.4586145,
          9.2811187
        ]
      },
      "id": "node/7449379812"
    },
    {
      "type": "Feature",
      "properties": {
        "@id": "node/7449685494",
        "name": "Plaza",
        "tourism": "hotel"
      },
      "geometry": {
        "type": "Point",
        "coordinates": [
          76.2387118,
          11.2855774
        ]
      },
      "id": "node/7449685494"
    },
    {
      "type": "Feature",
      "properties": {
        "@id": "node/7449721842",
        "addr:city": "mezhuveli",
        "addr:postcode": "689507",
        "addr:street": "KIDANGANNUR - ALAKODU",
        "tourism": "hotel"
      },
      "geometry": {
        "type": "Point",
        "coordinates": [
          76.6944443,
          9.2942113
        ]
      },
      "id": "node/7449721842"
    },
    {
      "type": "Feature",
      "properties": {
        "@id": "node/7449947684",
        "tourism": "hotel"
      },
      "geometry": {
        "type": "Point",
        "coordinates": [
          76.6889699,
          9.2955387
        ]
      },
      "id": "node/7449947684"
    },
    {
      "type": "Feature",
      "properties": {
        "@id": "node/7452477497",
        "name": "Elite",
        "tourism": "hotel"
      },
      "geometry": {
        "type": "Point",
        "coordinates": [
          76.2365476,
          11.2836106
        ]
      },
      "id": "node/7452477497"
    },
    {
      "type": "Feature",
      "properties": {
        "@id": "node/7452505651",
        "name": "Raydan",
        "tourism": "hotel"
      },
      "geometry": {
        "type": "Point",
        "coordinates": [
          76.2350441,
          11.2831292
        ]
      },
      "id": "node/7452505651"
    },
    {
      "type": "Feature",
      "properties": {
        "@id": "node/7453023966",
        "addr:city": "Payyanur",
        "addr:postcode": "670307",
        "name": "Royal Hotel",
        "tourism": "hotel"
      },
      "geometry": {
        "type": "Point",
        "coordinates": [
          75.2072937,
          12.106404
        ]
      },
      "id": "node/7453023966"
    },
    {
      "type": "Feature",
      "properties": {
        "@id": "node/7453030511",
        "addr:city": "Idukki",
        "addr:street": "vanchikavala ,cheruthoni",
        "name": "KSEB canteen",
        "tourism": "hotel"
      },
      "geometry": {
        "type": "Point",
        "coordinates": [
          76.9608446,
          9.8627683
        ]
      },
      "id": "node/7453030511"
    },
    {
      "type": "Feature",
      "properties": {
        "@id": "node/7453058344",
        "addr:city": "Payyannur",
        "addr:postcode": "670307",
        "name": "kairali Vegetarian Hoel",
        "tourism": "hotel"
      },
      "geometry": {
        "type": "Point",
        "coordinates": [
          75.2090978,
          12.1063972
        ]
      },
      "id": "node/7453058344"
    },
    {
      "type": "Feature",
      "properties": {
        "@id": "node/7453294943",
        "addr:city": "payyanur",
        "addr:postcode": "670307",
        "addr:street": "Thayineri",
        "name": "Ayubinte Chayakada",
        "tourism": "hotel"
      },
      "geometry": {
        "type": "Point",
        "coordinates": [
          75.1982966,
          12.1209538
        ]
      },
      "id": "node/7453294943"
    },
    {
      "type": "Feature",
      "properties": {
        "@id": "node/7453511577",
        "name": "New Aswathy - Hotel Nirmalyam",
        "tourism": "hotel"
      },
      "geometry": {
        "type": "Point",
        "coordinates": [
          76.384514,
          9.9000304
        ]
      },
      "id": "node/7453511577"
    },
    {
      "type": "Feature",
      "properties": {
        "@id": "node/7453569906",
        "name": "എരിവും പുളിയൂം",
        "tourism": "hotel"
      },
      "geometry": {
        "type": "Point",
        "coordinates": [
          76.3843811,
          9.8994169
        ]
      },
      "id": "node/7453569906"
    },
    {
      "type": "Feature",
      "properties": {
        "@id": "node/7453725009",
        "name": "padipura Residency",
        "tourism": "hotel"
      },
      "geometry": {
        "type": "Point",
        "coordinates": [
          76.3406003,
          9.5044053
        ]
      },
      "id": "node/7453725009"
    },
    {
      "type": "Feature",
      "properties": {
        "@id": "node/7454464871",
        "name": "KR Bakery;Oges",
        "shop": "bakery",
        "tourism": "hotel"
      },
      "geometry": {
        "type": "Point",
        "coordinates": [
          76.1227376,
          11.1202631
        ]
      },
      "id": "node/7454464871"
    },
    {
      "type": "Feature",
      "properties": {
        "@id": "node/7456190937",
        "name": "Naveena Kudumba Sree Hotel",
        "tourism": "hotel"
      },
      "geometry": {
        "type": "Point",
        "coordinates": [
          75.6962278,
          11.4412235
        ]
      },
      "id": "node/7456190937"
    },
    {
      "type": "Feature",
      "properties": {
        "@id": "node/7456190938",
        "addr:city": "Koyilandy",
        "addr:postcode": "673305",
        "addr:street": "KOYILANDY",
        "name": "Center Fresh",
        "tourism": "hotel"
      },
      "geometry": {
        "type": "Point",
        "coordinates": [
          75.6952948,
          11.4410161
        ]
      },
      "id": "node/7456190938"
    },
    {
      "type": "Feature",
      "properties": {
        "@id": "node/7457004205",
        "name": "Anzi Catering and Hotel",
        "tourism": "hotel"
      },
      "geometry": {
        "type": "Point",
        "coordinates": [
          76.6761102,
          8.7815047
        ]
      },
      "id": "node/7457004205"
    },
    {
      "type": "Feature",
      "properties": {
        "@id": "node/7457081406",
        "name": "Karappuram",
        "tourism": "hotel"
      },
      "geometry": {
        "type": "Point",
        "coordinates": [
          76.3042431,
          9.629011
        ]
      },
      "id": "node/7457081406"
    },
    {
      "type": "Feature",
      "properties": {
        "@id": "node/7457199563",
        "air_conditioning": "yes",
        "name": "Cochin Palace",
        "tourism": "hotel",
        "wheelchair": "yes"
      },
      "geometry": {
        "type": "Point",
        "coordinates": [
          76.3001729,
          9.963397
        ]
      },
      "id": "node/7457199563"
    },
    {
      "type": "Feature",
      "properties": {
        "@id": "node/7457613887",
        "name": "Hotel Sasthapuri",
        "tourism": "hotel"
      },
      "geometry": {
        "type": "Point",
        "coordinates": [
          75.7859229,
          11.2500631
        ]
      },
      "id": "node/7457613887"
    },
    {
      "type": "Feature",
      "properties": {
        "@id": "node/7457613888",
        "name": "Hotel Omkara -The Premium Vegetarian",
        "tourism": "hotel"
      },
      "geometry": {
        "type": "Point",
        "coordinates": [
          75.7868503,
          11.253248
        ]
      },
      "id": "node/7457613888"
    },
    {
      "type": "Feature",
      "properties": {
        "@id": "node/7458743954",
        "name": "CHILAKA HOTEL",
        "tourism": "hotel"
      },
      "geometry": {
        "type": "Point",
        "coordinates": [
          76.411786,
          9.9138568
        ]
      },
      "id": "node/7458743954"
    },
    {
      "type": "Feature",
      "properties": {
        "@id": "node/7458908944",
        "name": "Panacea Ventures",
        "tourism": "hotel"
      },
      "geometry": {
        "type": "Point",
        "coordinates": [
          76.9260974,
          9.0174178
        ]
      },
      "id": "node/7458908944"
    },
    {
      "type": "Feature",
      "properties": {
        "@id": "node/7458908945",
        "name": "New Kavitha Hotel",
        "tourism": "hotel"
      },
      "geometry": {
        "type": "Point",
        "coordinates": [
          76.9252686,
          9.0176641
        ]
      },
      "id": "node/7458908945"
    },
    {
      "type": "Feature",
      "properties": {
        "@id": "node/7458908978",
        "name": "A One Hotel",
        "tourism": "hotel"
      },
      "geometry": {
        "type": "Point",
        "coordinates": [
          76.9219749,
          9.0201463
        ]
      },
      "id": "node/7458908978"
    },
    {
      "type": "Feature",
      "properties": {
        "@id": "node/7459105215",
        "addr:city": "Konni",
        "addr:postcode": "689691",
        "name": "Krishna Hotel",
        "tourism": "hotel"
      },
      "geometry": {
        "type": "Point",
        "coordinates": [
          76.8476493,
          9.2307299
        ]
      },
      "id": "node/7459105215"
    },
    {
      "type": "Feature",
      "properties": {
        "@id": "node/7460255087",
        "tourism": "hotel"
      },
      "geometry": {
        "type": "Point",
        "coordinates": [
          76.7185821,
          8.7456771
        ]
      },
      "id": "node/7460255087"
    },
    {
      "type": "Feature",
      "properties": {
        "@id": "node/7460255107",
        "tourism": "hotel"
      },
      "geometry": {
        "type": "Point",
        "coordinates": [
          76.7213056,
          8.7436106
        ]
      },
      "id": "node/7460255107"
    },
    {
      "type": "Feature",
      "properties": {
        "@id": "node/7461396633",
        "name": "Hotel Copper Folia",
        "tourism": "hotel"
      },
      "geometry": {
        "type": "Point",
        "coordinates": [
          75.8215821,
          11.2582098
        ]
      },
      "id": "node/7461396633"
    },
    {
      "type": "Feature",
      "properties": {
        "@id": "node/7461830308",
        "addr:city": "മുവാറ്റുപുഴ",
        "name": "Bismillah Caters",
        "tourism": "hotel"
      },
      "geometry": {
        "type": "Point",
        "coordinates": [
          76.583719,
          9.9930284
        ]
      },
      "id": "node/7461830308"
    },
    {
      "type": "Feature",
      "properties": {
        "@id": "node/7461830312",
        "name": "Hotel New Paris",
        "tourism": "hotel"
      },
      "geometry": {
        "type": "Point",
        "coordinates": [
          76.5873169,
          9.992849
        ]
      },
      "id": "node/7461830312"
    },
    {
      "type": "Feature",
      "properties": {
        "@id": "node/7461926119",
        "addr:city": "Kanjiramattom",
        "addr:postcode": "686585",
        "addr:street": "Kanjiramattom-Chengalam Road",
        "internet_access": "no",
        "name": "City Hotel",
        "rooms": "0",
        "tourism": "hotel"
      },
      "geometry": {
        "type": "Point",
        "coordinates": [
          76.6894736,
          9.6309382
        ]
      },
      "id": "node/7461926119"
    },
    {
      "type": "Feature",
      "properties": {
        "@id": "node/7461963897",
        "name": "Sree Vallaba Hotel, Manipuzha",
        "tourism": "hotel"
      },
      "geometry": {
        "type": "Point",
        "coordinates": [
          76.5525838,
          9.3728888
        ]
      },
      "id": "node/7461963897"
    },
    {
      "type": "Feature",
      "properties": {
        "@id": "node/7462651415",
        "name": "Hotel Devi Palace",
        "tourism": "hotel"
      },
      "geometry": {
        "type": "Point",
        "coordinates": [
          76.2272021,
          11.2777098
        ]
      },
      "id": "node/7462651415"
    },
    {
      "type": "Feature",
      "properties": {
        "@id": "node/7462651896",
        "name": "moonlight",
        "tourism": "hotel"
      },
      "geometry": {
        "type": "Point",
        "coordinates": [
          76.643861,
          9.1741205
        ]
      },
      "id": "node/7462651896"
    },
    {
      "type": "Feature",
      "properties": {
        "@id": "node/7462662811",
        "addr:city": "KANHANGAD",
        "addr:postcode": "671531",
        "addr:street": "ENNAPPARA",
        "internet_access": "no",
        "rooms": "1",
        "tourism": "hotel"
      },
      "geometry": {
        "type": "Point",
        "coordinates": [
          75.1893083,
          12.3579866
        ]
      },
      "id": "node/7462662811"
    },
    {
      "type": "Feature",
      "properties": {
        "@id": "node/7462676093",
        "name": "greenland",
        "tourism": "hotel"
      },
      "geometry": {
        "type": "Point",
        "coordinates": [
          76.6379648,
          9.1755352
        ]
      },
      "id": "node/7462676093"
    },
    {
      "type": "Feature",
      "properties": {
        "@id": "node/7462767685",
        "name": "Hotel New India",
        "tourism": "hotel"
      },
      "geometry": {
        "type": "Point",
        "coordinates": [
          76.3910121,
          9.9278317
        ]
      },
      "id": "node/7462767685"
    },
    {
      "type": "Feature",
      "properties": {
        "@id": "node/7462778937",
        "name": "Hotel Friends",
        "tourism": "hotel"
      },
      "geometry": {
        "type": "Point",
        "coordinates": [
          76.3899033,
          9.929646
        ]
      },
      "id": "node/7462778937"
    },
    {
      "type": "Feature",
      "properties": {
        "@id": "node/7462795330",
        "tourism": "hotel"
      },
      "geometry": {
        "type": "Point",
        "coordinates": [
          76.6494914,
          9.1724087
        ]
      },
      "id": "node/7462795330"
    },
    {
      "type": "Feature",
      "properties": {
        "@id": "node/7462807045",
        "tourism": "hotel"
      },
      "geometry": {
        "type": "Point",
        "coordinates": [
          76.6474392,
          9.1730707
        ]
      },
      "id": "node/7462807045"
    },
    {
      "type": "Feature",
      "properties": {
        "@id": "node/7462879526",
        "name": "Sreedevi Vegeterian Hotel",
        "tourism": "hotel"
      },
      "geometry": {
        "type": "Point",
        "coordinates": [
          76.3901444,
          9.9326082
        ]
      },
      "id": "node/7462879526"
    },
    {
      "type": "Feature",
      "properties": {
        "@id": "node/7462879529",
        "name": "Hotel Rajeswari",
        "tourism": "hotel"
      },
      "geometry": {
        "type": "Point",
        "coordinates": [
          76.390194,
          9.9327998
        ]
      },
      "id": "node/7462879529"
    },
    {
      "type": "Feature",
      "properties": {
        "@id": "node/7462879530",
        "name": "Hotel Ganesh Bhavan ഹോട്ടൽ ഗണേഷ് ഭവൻ",
        "tourism": "hotel"
      },
      "geometry": {
        "type": "Point",
        "coordinates": [
          76.3902087,
          9.9326954
        ]
      },
      "id": "node/7462879530"
    },
    {
      "type": "Feature",
      "properties": {
        "@id": "node/7462893706",
        "name": "sreevinayaka hotel",
        "tourism": "hotel"
      },
      "geometry": {
        "type": "Point",
        "coordinates": [
          76.390162,
          9.9330858
        ]
      },
      "id": "node/7462893706"
    },
    {
      "type": "Feature",
      "properties": {
        "@id": "node/7462919097",
        "name": "Hotel Shri Aryaas",
        "tourism": "hotel"
      },
      "geometry": {
        "type": "Point",
        "coordinates": [
          76.3895646,
          9.9330615
        ]
      },
      "id": "node/7462919097"
    },
    {
      "type": "Feature",
      "properties": {
        "@id": "node/7462985882",
        "addr:city": "KATTAPPANA",
        "addr:street": "Kattappana - Kuttikkanam Road",
        "name": "hilda",
        "tourism": "hotel"
      },
      "geometry": {
        "type": "Point",
        "coordinates": [
          77.1019079,
          9.7448902
        ]
      },
      "id": "node/7462985882"
    },
    {
      "type": "Feature",
      "properties": {
        "@id": "node/7462993061",
        "addr:city": "KATTAPPANA",
        "addr:street": "Kattappana - Kuttikkanam Road",
        "name": "danya",
        "tourism": "hotel"
      },
      "geometry": {
        "type": "Point",
        "coordinates": [
          77.1017475,
          9.7446449
        ]
      },
      "id": "node/7462993061"
    },
    {
      "type": "Feature",
      "properties": {
        "@id": "node/7463151613",
        "tourism": "hotel"
      },
      "geometry": {
        "type": "Point",
        "coordinates": [
          75.4934077,
          11.748573
        ]
      },
      "id": "node/7463151613"
    },
    {
      "type": "Feature",
      "properties": {
        "@id": "node/7463183130",
        "name": "Vinayaka Hotel",
        "tourism": "hotel"
      },
      "geometry": {
        "type": "Point",
        "coordinates": [
          76.9577502,
          8.467155
        ]
      },
      "id": "node/7463183130"
    },
    {
      "type": "Feature",
      "properties": {
        "@id": "node/7463505449",
        "addr:city": "Cherpunkal",
        "addr:postcode": "686584",
        "addr:street": "Cherpunkal - Kodungoor Road",
        "internet_access": "no",
        "name": "Holy Cross Hotel",
        "rooms": "0",
        "tourism": "hotel"
      },
      "geometry": {
        "type": "Point",
        "coordinates": [
          76.6431263,
          9.6860702
        ]
      },
      "id": "node/7463505449"
    },
    {
      "type": "Feature",
      "properties": {
        "@id": "node/7463515331",
        "name": "Guest hotel",
        "tourism": "hotel"
      },
      "geometry": {
        "type": "Point",
        "coordinates": [
          76.7896119,
          9.5572014
        ]
      },
      "id": "node/7463515331"
    },
    {
      "type": "Feature",
      "properties": {
        "@id": "node/7463615382",
        "tourism": "hotel"
      },
      "geometry": {
        "type": "Point",
        "coordinates": [
          77.0371758,
          10.0244874
        ]
      },
      "id": "node/7463615382"
    },
    {
      "type": "Feature",
      "properties": {
        "@id": "node/7463631463",
        "addr:city": "kattappana",
        "addr:postcode": "685508",
        "addr:street": "AUXILIUM ROAD",
        "name": "palakkal",
        "tourism": "hotel"
      },
      "geometry": {
        "type": "Point",
        "coordinates": [
          77.1088325,
          9.7495351
        ]
      },
      "id": "node/7463631463"
    },
    {
      "type": "Feature",
      "properties": {
        "@id": "node/7463664845",
        "name": "ravis",
        "tourism": "hotel"
      },
      "geometry": {
        "type": "Point",
        "coordinates": [
          76.644637,
          9.1714292
        ]
      },
      "id": "node/7463664845"
    },
    {
      "type": "Feature",
      "properties": {
        "@id": "node/7463687846",
        "name": "Ammas",
        "tourism": "hotel"
      },
      "geometry": {
        "type": "Point",
        "coordinates": [
          76.8803307,
          8.5409539
        ]
      },
      "id": "node/7463687846"
    },
    {
      "type": "Feature",
      "properties": {
        "@id": "node/7463687852",
        "name": "Arikathu",
        "tourism": "hotel"
      },
      "geometry": {
        "type": "Point",
        "coordinates": [
          76.8817183,
          8.5409132
        ]
      },
      "id": "node/7463687852"
    },
    {
      "type": "Feature",
      "properties": {
        "@id": "node/7463687853",
        "name": "Mannan hotel",
        "tourism": "hotel"
      },
      "geometry": {
        "type": "Point",
        "coordinates": [
          76.8815556,
          8.5410204
        ]
      },
      "id": "node/7463687853"
    },
    {
      "type": "Feature",
      "properties": {
        "@id": "node/7463722722",
        "name": "Lal's",
        "tourism": "hotel"
      },
      "geometry": {
        "type": "Point",
        "coordinates": [
          76.8839287,
          8.5420375
        ]
      },
      "id": "node/7463722722"
    },
    {
      "type": "Feature",
      "properties": {
        "@id": "node/7463730971",
        "name": "saravanas",
        "tourism": "hotel"
      },
      "geometry": {
        "type": "Point",
        "coordinates": [
          76.5405403,
          9.4466316
        ]
      },
      "id": "node/7463730971"
    },
    {
      "type": "Feature",
      "properties": {
        "@id": "node/7463730975",
        "name": "Anand",
        "tourism": "hotel"
      },
      "geometry": {
        "type": "Point",
        "coordinates": [
          76.5406127,
          9.4466805
        ]
      },
      "id": "node/7463730975"
    },
    {
      "type": "Feature",
      "properties": {
        "@id": "node/7463838618",
        "addr:city": "changanacherry",
        "addr:street": "kunumpuram",
        "name": "matha hotel",
        "tourism": "hotel"
      },
      "geometry": {
        "type": "Point",
        "coordinates": [
          76.567724,
          9.4384395
        ]
      },
      "id": "node/7463838618"
    },
    {
      "type": "Feature",
      "properties": {
        "@id": "node/7463853844",
        "addr:city": "Koyilandy",
        "addr:postcode": "673305",
        "addr:street": "Kannur-Calicut-Valanchery Highway",
        "name": "Hotel Empire",
        "tourism": "hotel"
      },
      "geometry": {
        "type": "Point",
        "coordinates": [
          75.6949622,
          11.4402362
        ]
      },
      "id": "node/7463853844"
    },
    {
      "type": "Feature",
      "properties": {
        "@id": "node/7463853845",
        "addr:city": "Koyilandy",
        "addr:postcode": "673305",
        "addr:street": "Kannur-Calicut-Valanchery Highway",
        "name": "Hotel Plaza",
        "tourism": "hotel"
      },
      "geometry": {
        "type": "Point",
        "coordinates": [
          75.6949251,
          11.440335
        ]
      },
      "id": "node/7463853845"
    },
    {
      "type": "Feature",
      "properties": {
        "@id": "node/7463912161",
        "addr:city": "trivandrum",
        "addr:street": "Thiruvananthapuram Bypass",
        "name": "Rosh Lodge",
        "tourism": "hotel"
      },
      "geometry": {
        "type": "Point",
        "coordinates": [
          76.9264265,
          8.487809
        ]
      },
      "id": "node/7463912161"
    },
    {
      "type": "Feature",
      "properties": {
        "@id": "node/7463912816",
        "addr:city": "trivandrum",
        "addr:street": "Salem-Kochi-Kanyakumari Road, Aakulam",
        "name": "courtyard Marriott hotel",
        "tourism": "hotel"
      },
      "geometry": {
        "type": "Point",
        "coordinates": [
          76.8930047,
          8.5229773
        ]
      },
      "id": "node/7463912816"
    },
    {
      "type": "Feature",
      "properties": {
        "@id": "node/7463915572",
        "tourism": "hotel"
      },
      "geometry": {
        "type": "Point",
        "coordinates": [
          76.7269484,
          9.5072003
        ]
      },
      "id": "node/7463915572"
    },
    {
      "type": "Feature",
      "properties": {
        "@id": "node/7464070200",
        "name": "Uduppi Hotel",
        "tourism": "hotel"
      },
      "geometry": {
        "type": "Point",
        "coordinates": [
          76.6095909,
          9.3197842
        ]
      },
      "id": "node/7464070200"
    },
    {
      "type": "Feature",
      "properties": {
        "@id": "node/7464226110",
        "addr:city": "changanacherry",
        "addr:housenumber": "Palace Rd, Changanassery, Kerala 686101",
        "addr:postcode": "686101",
        "addr:street": "Palace Rd",
        "name": "Hotel Shalimar",
        "tourism": "hotel"
      },
      "geometry": {
        "type": "Point",
        "coordinates": [
          76.5411526,
          9.4467367
        ]
      },
      "id": "node/7464226110"
    },
    {
      "type": "Feature",
      "properties": {
        "@id": "node/7464226111",
        "addr:city": "changanacherry",
        "addr:housenumber": "Unnamed Road, Changanassery, Kerala 6",
        "addr:postcode": "686101",
        "name": "Hotel Breeze",
        "tourism": "hotel"
      },
      "geometry": {
        "type": "Point",
        "coordinates": [
          76.5415308,
          9.4471363
        ]
      },
      "id": "node/7464226111"
    },
    {
      "type": "Feature",
      "properties": {
        "@id": "node/7464492495",
        "air_conditioning": "yes",
        "name": "Crown Tourist Home",
        "tourism": "hotel",
        "website": "https://crownhotels.in/"
      },
      "geometry": {
        "type": "Point",
        "coordinates": [
          76.6387113,
          10.7977235
        ]
      },
      "id": "node/7464492495"
    },
    {
      "type": "Feature",
      "properties": {
        "@id": "node/7464532177",
        "name": "chaithram food court",
        "tourism": "hotel"
      },
      "geometry": {
        "type": "Point",
        "coordinates": [
          76.3520624,
          9.9842221
        ]
      },
      "id": "node/7464532177"
    },
    {
      "type": "Feature",
      "properties": {
        "@id": "node/7464565367",
        "name": "Cafe D Arabia",
        "tourism": "hotel"
      },
      "geometry": {
        "type": "Point",
        "coordinates": [
          76.3442771,
          10.0078498
        ]
      },
      "id": "node/7464565367"
    },
    {
      "type": "Feature",
      "properties": {
        "@id": "node/7465264815",
        "name": "Hotel Panchavady",
        "tourism": "hotel"
      },
      "geometry": {
        "type": "Point",
        "coordinates": [
          76.5413735,
          9.4456977
        ]
      },
      "id": "node/7465264815"
    },
    {
      "type": "Feature",
      "properties": {
        "@id": "node/7465287339",
        "name": "Kavitha Hotel",
        "tourism": "hotel"
      },
      "geometry": {
        "type": "Point",
        "coordinates": [
          76.8697477,
          8.8723341
        ]
      },
      "id": "node/7465287339"
    },
    {
      "type": "Feature",
      "properties": {
        "@id": "node/7465287341",
        "name": "Hotel Nirav",
        "tourism": "hotel"
      },
      "geometry": {
        "type": "Point",
        "coordinates": [
          76.8697552,
          8.87209
        ]
      },
      "id": "node/7465287341"
    },
    {
      "type": "Feature",
      "properties": {
        "@id": "node/7465414237",
        "addr:city": "KOYILANDY",
        "addr:postcode": "673305",
        "addr:street": "Kannur-Calicut-Valanchery Highway",
        "name": "Thakkara Restaurant Koyilandy",
        "tourism": "hotel"
      },
      "geometry": {
        "type": "Point",
        "coordinates": [
          75.6890361,
          11.4487289
        ]
      },
      "id": "node/7465414237"
    },
    {
      "type": "Feature",
      "properties": {
        "@id": "node/7465524399",
        "name": "Fort Kitchen",
        "tourism": "hotel"
      },
      "geometry": {
        "type": "Point",
        "coordinates": [
          76.3739566,
          9.9427001
        ]
      },
      "id": "node/7465524399"
    },
    {
      "type": "Feature",
      "properties": {
        "@id": "node/7465543002",
        "name": "Chembarathi Food Court",
        "tourism": "hotel"
      },
      "geometry": {
        "type": "Point",
        "coordinates": [
          76.3739137,
          9.9431268
        ]
      },
      "id": "node/7465543002"
    },
    {
      "type": "Feature",
      "properties": {
        "@id": "node/7465666171",
        "tourism": "hotel"
      },
      "geometry": {
        "type": "Point",
        "coordinates": [
          76.5434934,
          9.4363282
        ]
      },
      "id": "node/7465666171"
    },
    {
      "type": "Feature",
      "properties": {
        "@id": "node/7465666174",
        "name": "AXA FAST FOOD",
        "tourism": "hotel"
      },
      "geometry": {
        "type": "Point",
        "coordinates": [
          76.5438435,
          9.436778
        ]
      },
      "id": "node/7465666174"
    },
    {
      "type": "Feature",
      "properties": {
        "@id": "node/7465698721",
        "name": "Mani Kappa Kada",
        "tourism": "hotel"
      },
      "geometry": {
        "type": "Point",
        "coordinates": [
          76.3611867,
          9.9526056
        ]
      },
      "id": "node/7465698721"
    },
    {
      "type": "Feature",
      "properties": {
        "@id": "node/7465704488",
        "name": "Hotel Matha",
        "tourism": "hotel"
      },
      "geometry": {
        "type": "Point",
        "coordinates": [
          76.545265,
          9.4271772
        ]
      },
      "id": "node/7465704488"
    },
    {
      "type": "Feature",
      "properties": {
        "@id": "node/7465710107",
        "addr:city": "pilathara",
        "name": "kerala hotel",
        "tourism": "hotel"
      },
      "geometry": {
        "type": "Point",
        "coordinates": [
          75.2534569,
          12.0884153
        ]
      },
      "id": "node/7465710107"
    },
    {
      "type": "Feature",
      "properties": {
        "@id": "node/7465715425",
        "name": "Hotel New Aryaas",
        "tourism": "hotel"
      },
      "geometry": {
        "type": "Point",
        "coordinates": [
          76.3601594,
          9.9518685
        ]
      },
      "id": "node/7465715425"
    },
    {
      "type": "Feature",
      "properties": {
        "@id": "node/7465740247",
        "name": "Chilanka Hotel",
        "tourism": "hotel"
      },
      "geometry": {
        "type": "Point",
        "coordinates": [
          76.3583107,
          9.9521229
        ]
      },
      "id": "node/7465740247"
    },
    {
      "type": "Feature",
      "properties": {
        "@id": "node/7465837071",
        "name": "Hotel Grand",
        "tourism": "hotel"
      },
      "geometry": {
        "type": "Point",
        "coordinates": [
          76.5853051,
          9.9925332
        ]
      },
      "id": "node/7465837071"
    },
    {
      "type": "Feature",
      "properties": {
        "@id": "node/7465837072",
        "name": "Hotel Alif",
        "tourism": "hotel"
      },
      "geometry": {
        "type": "Point",
        "coordinates": [
          76.5846123,
          9.9922833
        ]
      },
      "id": "node/7465837072"
    },
    {
      "type": "Feature",
      "properties": {
        "@id": "node/7465848900",
        "name": "North Indian Dhaba",
        "tourism": "hotel"
      },
      "geometry": {
        "type": "Point",
        "coordinates": [
          77.1345107,
          8.6813709
        ]
      },
      "id": "node/7465848900"
    },
    {
      "type": "Feature",
      "properties": {
        "@id": "node/7465848901",
        "name": "Iiser Canteen",
        "tourism": "hotel"
      },
      "geometry": {
        "type": "Point",
        "coordinates": [
          77.1340654,
          8.6813338
        ]
      },
      "id": "node/7465848901"
    },
    {
      "type": "Feature",
      "properties": {
        "@id": "node/7465955015",
        "name": "Vijaya Hotel",
        "tourism": "hotel"
      },
      "geometry": {
        "type": "Point",
        "coordinates": [
          76.5459115,
          9.4225374
        ]
      },
      "id": "node/7465955015"
    },
    {
      "type": "Feature",
      "properties": {
        "@id": "node/7465955025",
        "name": "Hotel Arcadia Avenue",
        "tourism": "hotel"
      },
      "geometry": {
        "type": "Point",
        "coordinates": [
          76.5477568,
          9.4197168
        ]
      },
      "id": "node/7465955025"
    },
    {
      "type": "Feature",
      "properties": {
        "@id": "node/7465955035",
        "name": "Curry Chatty",
        "tourism": "hotel"
      },
      "geometry": {
        "type": "Point",
        "coordinates": [
          76.5502716,
          9.4164411
        ]
      },
      "id": "node/7465955035"
    },
    {
      "type": "Feature",
      "properties": {
        "@id": "node/7466096914",
        "name": "hotel thoufeeq",
        "tourism": "hotel"
      },
      "geometry": {
        "type": "Point",
        "coordinates": [
          76.7020798,
          9.9092403
        ]
      },
      "id": "node/7466096914"
    },
    {
      "type": "Feature",
      "properties": {
        "@id": "node/7466191307",
        "name": "Sneha Hotel",
        "tourism": "hotel"
      },
      "geometry": {
        "type": "Point",
        "coordinates": [
          76.5483834,
          9.3916862
        ]
      },
      "id": "node/7466191307"
    },
    {
      "type": "Feature",
      "properties": {
        "@id": "node/7466195400",
        "name": "HOTEL NEW DARBAR",
        "tourism": "hotel"
      },
      "geometry": {
        "type": "Point",
        "coordinates": [
          76.4017991,
          9.8538582
        ]
      },
      "id": "node/7466195400"
    },
    {
      "type": "Feature",
      "properties": {
        "@id": "node/7466266953",
        "name": "techno greens",
        "tourism": "hotel"
      },
      "geometry": {
        "type": "Point",
        "coordinates": [
          76.8639867,
          8.621552
        ]
      },
      "id": "node/7466266953"
    },
    {
      "type": "Feature",
      "properties": {
        "@id": "node/7466287608",
        "name": "Afeefa Hotel",
        "tourism": "hotel"
      },
      "geometry": {
        "type": "Point",
        "coordinates": [
          76.4081789,
          9.8488164
        ]
      },
      "id": "node/7466287608"
    },
    {
      "type": "Feature",
      "properties": {
        "@id": "node/7466287609",
        "name": "Pachoosinte thattukada 4.0 (1)",
        "tourism": "hotel"
      },
      "geometry": {
        "type": "Point",
        "coordinates": [
          76.4084205,
          9.8486696
        ]
      },
      "id": "node/7466287609"
    },
    {
      "type": "Feature",
      "properties": {
        "@id": "node/7466339391",
        "addr:city": "Kothamangalam,",
        "addr:postcode": "686666",
        "addr:street": "Muvattupuzha-Kothamangalam Road",
        "name": "Tharavad Hotel",
        "tourism": "hotel"
      },
      "geometry": {
        "type": "Point",
        "coordinates": [
          76.6160222,
          10.0570343
        ]
      },
      "id": "node/7466339391"
    },
    {
      "type": "Feature",
      "properties": {
        "@id": "node/7466503227",
        "name": "MAC FUN",
        "tourism": "hotel"
      },
      "geometry": {
        "type": "Point",
        "coordinates": [
          76.3582313,
          9.9579843
        ]
      },
      "id": "node/7466503227"
    },
    {
      "type": "Feature",
      "properties": {
        "@id": "node/7466542657",
        "name": "K K B Restarunt",
        "tourism": "hotel"
      },
      "geometry": {
        "type": "Point",
        "coordinates": [
          76.2744282,
          9.9197481
        ]
      },
      "id": "node/7466542657"
    },
    {
      "type": "Feature",
      "properties": {
        "@id": "node/7466545907",
        "name": "Hotel Palace",
        "tourism": "hotel"
      },
      "geometry": {
        "type": "Point",
        "coordinates": [
          76.5737278,
          9.9935249
        ]
      },
      "id": "node/7466545907"
    },
    {
      "type": "Feature",
      "properties": {
        "@id": "node/7466653960",
        "name": "Riveria by Raj",
        "tourism": "hotel"
      },
      "geometry": {
        "type": "Point",
        "coordinates": [
          76.5721092,
          9.9898794
        ]
      },
      "id": "node/7466653960"
    },
    {
      "type": "Feature",
      "properties": {
        "@id": "node/7466670791",
        "tourism": "hotel"
      },
      "geometry": {
        "type": "Point",
        "coordinates": [
          76.3524867,
          9.946625
        ]
      },
      "id": "node/7466670791"
    },
    {
      "type": "Feature",
      "properties": {
        "@id": "node/7466694667",
        "name": "OYO 13577 TKR Metro Residency",
        "tourism": "hotel",
        "wikidata": "Q111062397"
      },
      "geometry": {
        "type": "Point",
        "coordinates": [
          76.3015101,
          10.0156133
        ]
      },
      "id": "node/7466694667"
    },
    {
      "type": "Feature",
      "properties": {
        "@id": "node/7466934883",
        "name": "hotel palazhi",
        "tourism": "hotel"
      },
      "geometry": {
        "type": "Point",
        "coordinates": [
          76.6338058,
          9.1758685
        ]
      },
      "id": "node/7466934883"
    },
    {
      "type": "Feature",
      "properties": {
        "@id": "node/7466950053",
        "name": "devi",
        "tourism": "hotel"
      },
      "geometry": {
        "type": "Point",
        "coordinates": [
          76.6352914,
          9.1757573
        ]
      },
      "id": "node/7466950053"
    },
    {
      "type": "Feature",
      "properties": {
        "@id": "node/7467078448",
        "name": "Vanitha Hotel",
        "tourism": "hotel"
      },
      "geometry": {
        "type": "Point",
        "coordinates": [
          76.2272539,
          11.2757184
        ]
      },
      "id": "node/7467078448"
    },
    {
      "type": "Feature",
      "properties": {
        "@id": "node/7467084956",
        "name": "Pravasi Fast Food",
        "tourism": "hotel"
      },
      "geometry": {
        "type": "Point",
        "coordinates": [
          76.2413376,
          11.2839749
        ]
      },
      "id": "node/7467084956"
    },
    {
      "type": "Feature",
      "properties": {
        "@id": "node/7467367170",
        "addr:city": "kattappana",
        "addr:street": "Kattappana - Kuttikkanam Road",
        "name": "grand park",
        "tourism": "hotel"
      },
      "geometry": {
        "type": "Point",
        "coordinates": [
          77.1102919,
          9.7531512
        ]
      },
      "id": "node/7467367170"
    },
    {
      "type": "Feature",
      "properties": {
        "@id": "node/7467418680",
        "name": "Lakshmi Hotel & Thattukada",
        "tourism": "hotel"
      },
      "geometry": {
        "type": "Point",
        "coordinates": [
          76.422175,
          9.8376972
        ]
      },
      "id": "node/7467418680"
    },
    {
      "type": "Feature",
      "properties": {
        "@id": "node/7467424115",
        "name": "hotel thejas",
        "tourism": "hotel"
      },
      "geometry": {
        "type": "Point",
        "coordinates": [
          75.7948218,
          11.2864017
        ]
      },
      "id": "node/7467424115"
    },
    {
      "type": "Feature",
      "properties": {
        "@id": "node/7467437995",
        "tourism": "hotel"
      },
      "geometry": {
        "type": "Point",
        "coordinates": [
          76.5881693,
          9.359826
        ]
      },
      "id": "node/7467437995"
    },
    {
      "type": "Feature",
      "properties": {
        "@id": "node/7467438260",
        "addr:city": "Thiruvalla",
        "addr:postcode": "689111",
        "addr:street": "Thiruvalla - Mallappally Road",
        "name": "Canteen",
        "tourism": "hotel"
      },
      "geometry": {
        "type": "Point",
        "coordinates": [
          76.5774807,
          9.3972916
        ]
      },
      "id": "node/7467438260"
    },
    {
      "type": "Feature",
      "properties": {
        "@id": "node/7467458348",
        "tourism": "hotel"
      },
      "geometry": {
        "type": "Point",
        "coordinates": [
          75.7874456,
          11.2382754
        ]
      },
      "id": "node/7467458348"
    },
    {
      "type": "Feature",
      "properties": {
        "@id": "node/7467458362",
        "name": "maroosh cafe",
        "tourism": "hotel"
      },
      "geometry": {
        "type": "Point",
        "coordinates": [
          75.7865491,
          11.2383481
        ]
      },
      "id": "node/7467458362"
    },
    {
      "type": "Feature",
      "properties": {
        "@id": "node/7467464095",
        "tourism": "hotel"
      },
      "geometry": {
        "type": "Point",
        "coordinates": [
          76.9569563,
          10.0122035
        ]
      },
      "id": "node/7467464095"
    },
    {
      "type": "Feature",
      "properties": {
        "@id": "node/7467522656",
        "addr:city": "Vennikulam",
        "addr:postcode": "689544",
        "addr:street": "Kottayam-Kozhencherry Highway",
        "tourism": "hotel"
      },
      "geometry": {
        "type": "Point",
        "coordinates": [
          76.6680726,
          9.402803
        ]
      },
      "id": "node/7467522656"
    },
    {
      "type": "Feature",
      "properties": {
        "@id": "node/7467530956",
        "tourism": "hotel"
      },
      "geometry": {
        "type": "Point",
        "coordinates": [
          75.784574,
          11.2476873
        ]
      },
      "id": "node/7467530956"
    },
    {
      "type": "Feature",
      "properties": {
        "@id": "node/7467680601",
        "name": "Pillechan's Pickles",
        "tourism": "hotel"
      },
      "geometry": {
        "type": "Point",
        "coordinates": [
          76.8887989,
          9.8084517
        ]
      },
      "id": "node/7467680601"
    },
    {
      "type": "Feature",
      "properties": {
        "@id": "node/7467810880",
        "addr:city": "Ernakulam",
        "addr:postcode": "682036",
        "air_conditioning": "yes",
        "name": "Hotel Kochi Caprice",
        "phone": "+91-484 232 3133",
        "tourism": "hotel"
      },
      "geometry": {
        "type": "Point",
        "coordinates": [
          76.2941592,
          9.9658203
        ]
      },
      "id": "node/7467810880"
    },
    {
      "type": "Feature",
      "properties": {
        "@id": "node/7467824352",
        "name": "Soniya",
        "tourism": "hotel"
      },
      "geometry": {
        "type": "Point",
        "coordinates": [
          76.3511986,
          9.9561211
        ]
      },
      "id": "node/7467824352"
    },
    {
      "type": "Feature",
      "properties": {
        "@id": "node/7467877636",
        "name": "Hotel Sivamayam",
        "tourism": "hotel"
      },
      "geometry": {
        "type": "Point",
        "coordinates": [
          76.4225775,
          9.8141411
        ]
      },
      "id": "node/7467877636"
    },
    {
      "type": "Feature",
      "properties": {
        "@id": "node/7467916622",
        "name": "Anas homely foods",
        "tourism": "hotel"
      },
      "geometry": {
        "type": "Point",
        "coordinates": [
          76.9985547,
          8.4592928
        ]
      },
      "id": "node/7467916622"
    },
    {
      "type": "Feature",
      "properties": {
        "@id": "node/7467923852",
        "name": "Bismillah Food Court",
        "tourism": "hotel"
      },
      "geometry": {
        "type": "Point",
        "coordinates": [
          76.5800877,
          9.9891114
        ]
      },
      "id": "node/7467923852"
    },
    {
      "type": "Feature",
      "properties": {
        "@id": "node/7468138509",
        "tourism": "hotel"
      },
      "geometry": {
        "type": "Point",
        "coordinates": [
          76.8448657,
          9.4810993
        ]
      },
      "id": "node/7468138509"
    },
    {
      "type": "Feature",
      "properties": {
        "@id": "node/7468206827",
        "name": "Nanadhanam",
        "tourism": "hotel"
      },
      "geometry": {
        "type": "Point",
        "coordinates": [
          76.3581134,
          9.9589864
        ]
      },
      "id": "node/7468206827"
    },
    {
      "type": "Feature",
      "properties": {
        "@id": "node/7468353315",
        "description": "HOTEL",
        "name": "Hotel AJ Residency",
        "tourism": "hotel"
      },
      "geometry": {
        "type": "Point",
        "coordinates": [
          76.2930205,
          9.9965945
        ]
      },
      "id": "node/7468353315"
    },
    {
      "type": "Feature",
      "properties": {
        "@id": "node/7468562762",
        "name": "TCS Suites",
        "tourism": "hotel",
        "wikidata": "Q111062317"
      },
      "geometry": {
        "type": "Point",
        "coordinates": [
          76.3043512,
          10.030782
        ]
      },
      "id": "node/7468562762"
    },
    {
      "type": "Feature",
      "properties": {
        "@id": "node/7469053809",
        "name": "hotel sadhanand",
        "tourism": "hotel"
      },
      "geometry": {
        "type": "Point",
        "coordinates": [
          76.0301481,
          10.847179
        ]
      },
      "id": "node/7469053809"
    },
    {
      "type": "Feature",
      "properties": {
        "@id": "node/7469116428",
        "name": "kunnupurathu hotel",
        "tourism": "hotel"
      },
      "geometry": {
        "type": "Point",
        "coordinates": [
          76.556256,
          9.4416395
        ]
      },
      "id": "node/7469116428"
    },
    {
      "type": "Feature",
      "properties": {
        "@id": "node/7469305129",
        "tourism": "hotel"
      },
      "geometry": {
        "type": "Point",
        "coordinates": [
          76.6058533,
          10.0106046
        ]
      },
      "id": "node/7469305129"
    },
    {
      "type": "Feature",
      "properties": {
        "@id": "node/7469305131",
        "addr:city": "Puthupaddy",
        "internet_access": "no",
        "name": "usthad hotel",
        "tourism": "hotel"
      },
      "geometry": {
        "type": "Point",
        "coordinates": [
          76.606041,
          10.0105676
        ]
      },
      "id": "node/7469305131"
    },
    {
      "type": "Feature",
      "properties": {
        "@id": "node/7469360145",
        "name": "Abhirami Hotel",
        "tourism": "hotel"
      },
      "geometry": {
        "type": "Point",
        "coordinates": [
          77.0771471,
          8.5041527
        ]
      },
      "id": "node/7469360145"
    },
    {
      "type": "Feature",
      "properties": {
        "@id": "node/7469378331",
        "name": "sainu's fast food ,pathiripala",
        "tourism": "hotel"
      },
      "geometry": {
        "type": "Point",
        "coordinates": [
          76.4730674,
          10.7788763
        ]
      },
      "id": "node/7469378331"
    },
    {
      "type": "Feature",
      "properties": {
        "@id": "node/7469378337",
        "name": "hotel sapthagiri pure veg",
        "tourism": "hotel"
      },
      "geometry": {
        "type": "Point",
        "coordinates": [
          76.4749269,
          10.7817846
        ]
      },
      "id": "node/7469378337"
    },
    {
      "type": "Feature",
      "properties": {
        "@id": "node/7469378338",
        "name": "paachu's snacks",
        "tourism": "hotel"
      },
      "geometry": {
        "type": "Point",
        "coordinates": [
          76.4750304,
          10.780637
        ]
      },
      "id": "node/7469378338"
    },
    {
      "type": "Feature",
      "properties": {
        "@id": "node/7469400927",
        "name": "Maharaja",
        "tourism": "hotel"
      },
      "geometry": {
        "type": "Point",
        "coordinates": [
          77.1123859,
          9.7565584
        ]
      },
      "id": "node/7469400927"
    },
    {
      "type": "Feature",
      "properties": {
        "@id": "node/7469427476",
        "tourism": "hotel"
      },
      "geometry": {
        "type": "Point",
        "coordinates": [
          76.9658179,
          10.0053805
        ]
      },
      "id": "node/7469427476"
    },
    {
      "type": "Feature",
      "properties": {
        "@id": "node/7469432482",
        "addr:city": "kollam",
        "brand": "Raj Residency",
        "name": "Raj Residency",
        "tourism": "hotel"
      },
      "geometry": {
        "type": "Point",
        "coordinates": [
          76.7414576,
          8.8354195
        ]
      },
      "id": "node/7469432482"
    },
    {
      "type": "Feature",
      "properties": {
        "@id": "node/7469435187",
        "tourism": "hotel"
      },
      "geometry": {
        "type": "Point",
        "coordinates": [
          76.7489265,
          9.4930499
        ]
      },
      "id": "node/7469435187"
    },
    {
      "type": "Feature",
      "properties": {
        "@id": "node/7469508951",
        "name": "Taj hotel",
        "tourism": "hotel"
      },
      "geometry": {
        "type": "Point",
        "coordinates": [
          76.6219094,
          10.0641944
        ]
      },
      "id": "node/7469508951"
    },
    {
      "type": "Feature",
      "properties": {
        "@id": "node/7469509183",
        "tourism": "hotel"
      },
      "geometry": {
        "type": "Point",
        "coordinates": [
          76.8470345,
          8.5604176
        ]
      },
      "id": "node/7469509183"
    },
    {
      "type": "Feature",
      "properties": {
        "@id": "node/7469524320",
        "name": "Hotel Ikkante Mandhikada",
        "tourism": "hotel"
      },
      "geometry": {
        "type": "Point",
        "coordinates": [
          76.4590046,
          9.8016411
        ]
      },
      "id": "node/7469524320"
    },
    {
      "type": "Feature",
      "properties": {
        "@id": "node/7469524458",
        "name": "പുട്ടുകട , thattukada",
        "tourism": "hotel"
      },
      "geometry": {
        "type": "Point",
        "coordinates": [
          76.4599226,
          9.7908135
        ]
      },
      "id": "node/7469524458"
    },
    {
      "type": "Feature",
      "properties": {
        "@id": "node/7469524467",
        "name": "Hotel Gayathri",
        "tourism": "hotel"
      },
      "geometry": {
        "type": "Point",
        "coordinates": [
          76.4597696,
          9.7894972
        ]
      },
      "id": "node/7469524467"
    },
    {
      "type": "Feature",
      "properties": {
        "@id": "node/7469524489",
        "name": "Mareena Halal Fast Food",
        "tourism": "hotel"
      },
      "geometry": {
        "type": "Point",
        "coordinates": [
          76.4588569,
          9.7873629
        ]
      },
      "id": "node/7469524489"
    },
    {
      "type": "Feature",
      "properties": {
        "@id": "node/7469533632",
        "tourism": "hotel"
      },
      "geometry": {
        "type": "Point",
        "coordinates": [
          76.7669052,
          9.695204
        ]
      },
      "id": "node/7469533632"
    },
    {
      "type": "Feature",
      "properties": {
        "@id": "node/7469542385",
        "name": "haries",
        "tourism": "hotel"
      },
      "geometry": {
        "type": "Point",
        "coordinates": [
          76.9532791,
          10.0160457
        ]
      },
      "id": "node/7469542385"
    },
    {
      "type": "Feature",
      "properties": {
        "@id": "node/7469542544",
        "tourism": "hotel"
      },
      "geometry": {
        "type": "Point",
        "coordinates": [
          76.9573134,
          10.0146724
        ]
      },
      "id": "node/7469542544"
    },
    {
      "type": "Feature",
      "properties": {
        "@id": "node/7469548085",
        "tourism": "hotel"
      },
      "geometry": {
        "type": "Point",
        "coordinates": [
          76.8430123,
          8.5655366
        ]
      },
      "id": "node/7469548085"
    },
    {
      "type": "Feature",
      "properties": {
        "@id": "node/7469551390",
        "tourism": "hotel"
      },
      "geometry": {
        "type": "Point",
        "coordinates": [
          76.6132781,
          10.0690103
        ]
      },
      "id": "node/7469551390"
    },
    {
      "type": "Feature",
      "properties": {
        "@id": "node/7469576061",
        "air_conditioning": "no",
        "name": "Kottayil Lodge",
        "tourism": "hotel",
        "wheelchair": "no"
      },
      "geometry": {
        "type": "Point",
        "coordinates": [
          76.2938511,
          9.9445895
        ]
      },
      "id": "node/7469576061"
    },
    {
      "type": "Feature",
      "properties": {
        "@id": "node/7469576072",
        "air_conditioning": "no",
        "name": "SNM Lodge",
        "tourism": "hotel"
      },
      "geometry": {
        "type": "Point",
        "coordinates": [
          76.2942934,
          9.9442695
        ]
      },
      "id": "node/7469576072"
    },
    {
      "type": "Feature",
      "properties": {
        "@id": "node/7470141635",
        "name": "Raju Fast Food",
        "tourism": "hotel"
      },
      "geometry": {
        "type": "Point",
        "coordinates": [
          76.4496333,
          9.7853045
        ]
      },
      "id": "node/7470141635"
    },
    {
      "type": "Feature",
      "properties": {
        "@id": "node/7470219641",
        "name": "al thamar",
        "tourism": "hotel"
      },
      "geometry": {
        "type": "Point",
        "coordinates": [
          76.4725441,
          10.1150342
        ]
      },
      "id": "node/7470219641"
    },
    {
      "type": "Feature",
      "properties": {
        "@id": "node/7470231490",
        "name": "poppins",
        "tourism": "hotel"
      },
      "geometry": {
        "type": "Point",
        "coordinates": [
          75.5483821,
          11.9880786
        ]
      },
      "id": "node/7470231490"
    },
    {
      "type": "Feature",
      "properties": {
        "@id": "node/7470261308",
        "name": "Hotel Pankaj",
        "tourism": "hotel"
      },
      "geometry": {
        "type": "Point",
        "coordinates": [
          76.4462322,
          9.7855309
        ]
      },
      "id": "node/7470261308"
    },
    {
      "type": "Feature",
      "properties": {
        "@id": "node/7470261312",
        "name": "AMMAS FRESH CHAPPATHIKADA",
        "tourism": "hotel"
      },
      "geometry": {
        "type": "Point",
        "coordinates": [
          76.4454022,
          9.7856265
        ]
      },
      "id": "node/7470261312"
    },
    {
      "type": "Feature",
      "properties": {
        "@id": "node/7470261315",
        "name": "Hotel Sangam",
        "tourism": "hotel"
      },
      "geometry": {
        "type": "Point",
        "coordinates": [
          76.444941,
          9.7858598
        ]
      },
      "id": "node/7470261315"
    },
    {
      "type": "Feature",
      "properties": {
        "@id": "node/7470352009",
        "name": "Vijaya Hotel",
        "tourism": "hotel"
      },
      "geometry": {
        "type": "Point",
        "coordinates": [
          76.4429193,
          9.7860683
        ]
      },
      "id": "node/7470352009"
    },
    {
      "type": "Feature",
      "properties": {
        "@id": "node/7470352015",
        "name": "Magic Oven",
        "tourism": "hotel"
      },
      "geometry": {
        "type": "Point",
        "coordinates": [
          76.4432779,
          9.7858415
        ]
      },
      "id": "node/7470352015"
    },
    {
      "type": "Feature",
      "properties": {
        "@id": "node/7470387161",
        "tourism": "hotel"
      },
      "geometry": {
        "type": "Point",
        "coordinates": [
          76.3505037,
          9.9457518
        ]
      },
      "id": "node/7470387161"
    },
    {
      "type": "Feature",
      "properties": {
        "@id": "node/7470390632",
        "name": "Maharano Hotel",
        "tourism": "hotel"
      },
      "geometry": {
        "type": "Point",
        "coordinates": [
          76.5795449,
          9.9797613
        ]
      },
      "id": "node/7470390632"
    },
    {
      "type": "Feature",
      "properties": {
        "@id": "node/7470812520",
        "tourism": "hotel"
      },
      "geometry": {
        "type": "Point",
        "coordinates": [
          76.9551365,
          10.0144345
        ]
      },
      "id": "node/7470812520"
    },
    {
      "type": "Feature",
      "properties": {
        "@id": "node/7470812566",
        "tourism": "hotel"
      },
      "geometry": {
        "type": "Point",
        "coordinates": [
          76.9500575,
          10.014568
        ]
      },
      "id": "node/7470812566"
    },
    {
      "type": "Feature",
      "properties": {
        "@id": "node/7470812569",
        "tourism": "hotel"
      },
      "geometry": {
        "type": "Point",
        "coordinates": [
          76.9466409,
          10.0146733
        ]
      },
      "id": "node/7470812569"
    },
    {
      "type": "Feature",
      "properties": {
        "@id": "node/7470887983",
        "tourism": "hotel"
      },
      "geometry": {
        "type": "Point",
        "coordinates": [
          76.9268662,
          10.0175327
        ]
      },
      "id": "node/7470887983"
    },
    {
      "type": "Feature",
      "properties": {
        "@id": "node/7470934099",
        "addr:city": "ADIMALI",
        "addr:postcode": "685561",
        "internet_access": "no",
        "name": "Mezban Hotel",
        "rooms": "0",
        "tourism": "hotel"
      },
      "geometry": {
        "type": "Point",
        "coordinates": [
          76.9553945,
          10.0122865
        ]
      },
      "id": "node/7470934099"
    },
    {
      "type": "Feature",
      "properties": {
        "@id": "node/7471027394",
        "addr:street": "Calicut-Valanchery-Kuttipuram Highway",
        "amenity": "restaurant",
        "internet_access:fee": "yes",
        "name": "Aryabavan Vegitarian Hotel",
        "takeaway": "yes",
        "toilets": "yes",
        "toilets:access": "customers",
        "tourism": "hotel"
      },
      "geometry": {
        "type": "Point",
        "coordinates": [
          76.0023558,
          10.9349511
        ]
      },
      "id": "node/7471027394"
    },
    {
      "type": "Feature",
      "properties": {
        "@id": "node/7471472378",
        "name": "Hotel Suryodaya",
        "tourism": "hotel"
      },
      "geometry": {
        "type": "Point",
        "coordinates": [
          75.8105575,
          11.3034578
        ]
      },
      "id": "node/7471472378"
    },
    {
      "type": "Feature",
      "properties": {
        "@id": "node/7471493197",
        "name": "shaji hotel",
        "tourism": "hotel"
      },
      "geometry": {
        "type": "Point",
        "coordinates": [
          75.9371206,
          11.0361616
        ]
      },
      "id": "node/7471493197"
    },
    {
      "type": "Feature",
      "properties": {
        "@id": "node/7471682997",
        "name": "veettil oonu",
        "tourism": "hotel"
      },
      "geometry": {
        "type": "Point",
        "coordinates": [
          77.0231113,
          9.576185
        ]
      },
      "id": "node/7471682997"
    },
    {
      "type": "Feature",
      "properties": {
        "@id": "node/7471685897",
        "name": "Maria",
        "tourism": "hotel"
      },
      "geometry": {
        "type": "Point",
        "coordinates": [
          76.7848804,
          9.5312281
        ]
      },
      "id": "node/7471685897"
    },
    {
      "type": "Feature",
      "properties": {
        "@id": "node/7471685899",
        "name": "Aishwariya",
        "tourism": "hotel"
      },
      "geometry": {
        "type": "Point",
        "coordinates": [
          76.7849523,
          9.5311476
        ]
      },
      "id": "node/7471685899"
    },
    {
      "type": "Feature",
      "properties": {
        "@id": "node/7472098039",
        "tourism": "hotel"
      },
      "geometry": {
        "type": "Point",
        "coordinates": [
          76.9263896,
          8.4648052
        ]
      },
      "id": "node/7472098039"
    },
    {
      "type": "Feature",
      "properties": {
        "@id": "node/7472741235",
        "tourism": "hotel"
      },
      "geometry": {
        "type": "Point",
        "coordinates": [
          76.9571603,
          10.013024
        ]
      },
      "id": "node/7472741235"
    },
    {
      "type": "Feature",
      "properties": {
        "@id": "node/7472803048",
        "name": "Hotel Arya Jyothi",
        "tourism": "hotel"
      },
      "geometry": {
        "type": "Point",
        "coordinates": [
          76.4728736,
          9.9797636
        ]
      },
      "id": "node/7472803048"
    },
    {
      "type": "Feature",
      "properties": {
        "@id": "node/7472803081",
        "name": "Hotel New Aryaas South Indian",
        "tourism": "hotel"
      },
      "geometry": {
        "type": "Point",
        "coordinates": [
          76.4709518,
          9.9794294
        ]
      },
      "id": "node/7472803081"
    },
    {
      "type": "Feature",
      "properties": {
        "@id": "node/7472875340",
        "name": "Avenue Kowdiar",
        "tourism": "hotel"
      },
      "geometry": {
        "type": "Point",
        "coordinates": [
          76.9609992,
          8.514728
        ]
      },
      "id": "node/7472875340"
    },
    {
      "type": "Feature",
      "properties": {
        "@id": "node/7472894168",
        "tourism": "hotel"
      },
      "geometry": {
        "type": "Point",
        "coordinates": [
          75.9141038,
          11.133079
        ]
      },
      "id": "node/7472894168"
    },
    {
      "type": "Feature",
      "properties": {
        "@id": "node/7472977587",
        "addr:city": "Pathanamthitta",
        "addr:postcode": "689645",
        "addr:street": "ksrtc",
        "name": "thanima hotel",
        "tourism": "hotel"
      },
      "geometry": {
        "type": "Point",
        "coordinates": [
          76.7903938,
          9.2676241
        ]
      },
      "id": "node/7472977587"
    },
    {
      "type": "Feature",
      "properties": {
        "@id": "node/7472990154",
        "name": "Dhanya",
        "tourism": "hotel"
      },
      "geometry": {
        "type": "Point",
        "coordinates": [
          76.7449766,
          9.4930067
        ]
      },
      "id": "node/7472990154"
    },
    {
      "type": "Feature",
      "properties": {
        "@id": "node/7472990167",
        "tourism": "hotel"
      },
      "geometry": {
        "type": "Point",
        "coordinates": [
          76.7500856,
          9.4942238
        ]
      },
      "id": "node/7472990167"
    },
    {
      "type": "Feature",
      "properties": {
        "@id": "node/7473089283",
        "tourism": "hotel"
      },
      "geometry": {
        "type": "Point",
        "coordinates": [
          76.5283854,
          9.5611487
        ]
      },
      "id": "node/7473089283"
    },
    {
      "type": "Feature",
      "properties": {
        "@id": "node/7473120387",
        "name": "sree muthappan",
        "tourism": "hotel"
      },
      "geometry": {
        "type": "Point",
        "coordinates": [
          75.1038437,
          12.3628558
        ]
      },
      "id": "node/7473120387"
    },
    {
      "type": "Feature",
      "properties": {
        "@id": "node/7473239722",
        "tourism": "hotel"
      },
      "geometry": {
        "type": "Point",
        "coordinates": [
          76.7464556,
          9.4926621
        ]
      },
      "id": "node/7473239722"
    },
    {
      "type": "Feature",
      "properties": {
        "@id": "node/7473350847",
        "tourism": "hotel"
      },
      "geometry": {
        "type": "Point",
        "coordinates": [
          76.610447,
          10.0836098
        ]
      },
      "id": "node/7473350847"
    },
    {
      "type": "Feature",
      "properties": {
        "@id": "node/7473350858",
        "tourism": "hotel"
      },
      "geometry": {
        "type": "Point",
        "coordinates": [
          76.6096105,
          10.082963
        ]
      },
      "id": "node/7473350858"
    },
    {
      "type": "Feature",
      "properties": {
        "@id": "node/7473359588",
        "name": "athanikal",
        "tourism": "hotel"
      },
      "geometry": {
        "type": "Point",
        "coordinates": [
          75.7637156,
          11.2966172
        ]
      },
      "id": "node/7473359588"
    },
    {
      "type": "Feature",
      "properties": {
        "@id": "node/7473375234",
        "tourism": "hotel"
      },
      "geometry": {
        "type": "Point",
        "coordinates": [
          76.8779116,
          10.0301377
        ]
      },
      "id": "node/7473375234"
    },
    {
      "type": "Feature",
      "properties": {
        "@id": "node/7473375235",
        "tourism": "hotel"
      },
      "geometry": {
        "type": "Point",
        "coordinates": [
          76.8777818,
          10.0300982
        ]
      },
      "id": "node/7473375235"
    },
    {
      "type": "Feature",
      "properties": {
        "@id": "node/7473663439",
        "addr:city": "Arpookkara, Kottayam",
        "addr:postcode": "686008",
        "addr:street": "Medical College Road",
        "air_conditioning": "yes",
        "description": "3 Star Hotel",
        "internet_access": "yes",
        "internet_access:fee": "customers",
        "name": "Hotel Floral Park",
        "tourism": "hotel"
      },
      "geometry": {
        "type": "Point",
        "coordinates": [
          76.5236405,
          9.6329233
        ]
      },
      "id": "node/7473663439"
    },
    {
      "type": "Feature",
      "properties": {
        "@id": "node/7473723054",
        "name": "Esquire business hotel with bar Kadampanad",
        "tourism": "hotel"
      },
      "geometry": {
        "type": "Point",
        "coordinates": [
          76.6903213,
          9.0905579
        ]
      },
      "id": "node/7473723054"
    },
    {
      "type": "Feature",
      "properties": {
        "@id": "node/7473887901",
        "tourism": "hotel"
      },
      "geometry": {
        "type": "Point",
        "coordinates": [
          76.5937568,
          10.0762013
        ]
      },
      "id": "node/7473887901"
    },
    {
      "type": "Feature",
      "properties": {
        "@id": "node/7473992900",
        "name": "KR HOTEL & Thattukada വീട്ടിലെ ഊണ്",
        "tourism": "hotel"
      },
      "geometry": {
        "type": "Point",
        "coordinates": [
          76.4350465,
          9.7805784
        ]
      },
      "id": "node/7473992900"
    },
    {
      "type": "Feature",
      "properties": {
        "@id": "node/7474018233",
        "name": "shantigiri community kitchen and dining hall",
        "tourism": "hotel"
      },
      "geometry": {
        "type": "Point",
        "coordinates": [
          76.9001059,
          8.6309551
        ]
      },
      "id": "node/7474018233"
    },
    {
      "type": "Feature",
      "properties": {
        "@id": "node/7474036401",
        "name": "Kuwait",
        "tourism": "hotel"
      },
      "geometry": {
        "type": "Point",
        "coordinates": [
          76.8734675,
          8.7655321
        ]
      },
      "id": "node/7474036401"
    },
    {
      "type": "Feature",
      "properties": {
        "@id": "node/7474036427",
        "name": "Kaveri",
        "name:kn": "ಕಾವೇರಿ",
        "tourism": "hotel"
      },
      "geometry": {
        "type": "Point",
        "coordinates": [
          76.875051,
          8.7662282
        ]
      },
      "id": "node/7474036427"
    },
    {
      "type": "Feature",
      "properties": {
        "@id": "node/7474036436",
        "name": "Gouri",
        "tourism": "hotel"
      },
      "geometry": {
        "type": "Point",
        "coordinates": [
          76.8767779,
          8.7674529
        ]
      },
      "id": "node/7474036436"
    },
    {
      "type": "Feature",
      "properties": {
        "@id": "node/7474946523",
        "name": "indian bakery",
        "tourism": "hotel"
      },
      "geometry": {
        "type": "Point",
        "coordinates": [
          76.7076623,
          9.894877
        ]
      },
      "id": "node/7474946523"
    },
    {
      "type": "Feature",
      "properties": {
        "@id": "node/7475225875",
        "name": "hotel new palace",
        "tourism": "hotel"
      },
      "geometry": {
        "type": "Point",
        "coordinates": [
          75.774732,
          11.2709383
        ]
      },
      "id": "node/7475225875"
    },
    {
      "type": "Feature",
      "properties": {
        "@id": "node/7475233067",
        "name": "Hotel New Kamalavilas",
        "tourism": "hotel"
      },
      "geometry": {
        "type": "Point",
        "coordinates": [
          75.7765525,
          11.2696692
        ]
      },
      "id": "node/7475233067"
    },
    {
      "type": "Feature",
      "properties": {
        "@id": "node/7475235198",
        "tourism": "hotel"
      },
      "geometry": {
        "type": "Point",
        "coordinates": [
          76.5955168,
          9.8661202
        ]
      },
      "id": "node/7475235198"
    },
    {
      "type": "Feature",
      "properties": {
        "@id": "node/7475311703",
        "name": "Anand Bhavan",
        "tourism": "hotel"
      },
      "geometry": {
        "type": "Point",
        "coordinates": [
          76.5875738,
          9.9001093
        ]
      },
      "id": "node/7475311703"
    },
    {
      "type": "Feature",
      "properties": {
        "@id": "node/7475332603",
        "name": "Hotel Mahalekshmi",
        "tourism": "hotel"
      },
      "geometry": {
        "type": "Point",
        "coordinates": [
          76.5750383,
          8.8892292
        ]
      },
      "id": "node/7475332603"
    },
    {
      "type": "Feature",
      "properties": {
        "@id": "node/7475350704",
        "internet_access:fee": "no",
        "name": "Wins",
        "tourism": "hotel"
      },
      "geometry": {
        "type": "Point",
        "coordinates": [
          77.0583997,
          9.9265788
        ]
      },
      "id": "node/7475350704"
    },
    {
      "type": "Feature",
      "properties": {
        "@id": "node/7475432625",
        "name": "Sastha Hotel",
        "tourism": "hotel"
      },
      "geometry": {
        "type": "Point",
        "coordinates": [
          76.3069195,
          10.8767329
        ]
      },
      "id": "node/7475432625"
    },
    {
      "type": "Feature",
      "properties": {
        "@id": "node/7475451077",
        "name": "Millenium",
        "tourism": "hotel"
      },
      "geometry": {
        "type": "Point",
        "coordinates": [
          75.1938236,
          12.2252922
        ]
      },
      "id": "node/7475451077"
    },
    {
      "type": "Feature",
      "properties": {
        "@id": "node/7475617434",
        "addr:street": "chittar seethathod  road",
        "brand": "local food",
        "internet_access": "yes",
        "name": "sandhosh hotel",
        "tourism": "hotel"
      },
      "geometry": {
        "type": "Point",
        "coordinates": [
          76.9267723,
          9.3310276
        ]
      },
      "id": "node/7475617434"
    },
    {
      "type": "Feature",
      "properties": {
        "@id": "node/7475632031",
        "tourism": "hotel"
      },
      "geometry": {
        "type": "Point",
        "coordinates": [
          76.682398,
          10.0580368
        ]
      },
      "id": "node/7475632031"
    },
    {
      "type": "Feature",
      "properties": {
        "@id": "node/7475693470",
        "name": "Hotel Priyadarshini",
        "tourism": "hotel"
      },
      "geometry": {
        "type": "Point",
        "coordinates": [
          76.2959343,
          9.8949653
        ]
      },
      "id": "node/7475693470"
    },
    {
      "type": "Feature",
      "properties": {
        "@id": "node/7475749456",
        "name": "friends hotel",
        "tourism": "hotel"
      },
      "geometry": {
        "type": "Point",
        "coordinates": [
          75.8219619,
          11.292862
        ]
      },
      "id": "node/7475749456"
    },
    {
      "type": "Feature",
      "properties": {
        "@id": "node/7475797571",
        "tourism": "hotel"
      },
      "geometry": {
        "type": "Point",
        "coordinates": [
          76.7697825,
          9.9577697
        ]
      },
      "id": "node/7475797571"
    },
    {
      "type": "Feature",
      "properties": {
        "@id": "node/7475955003",
        "name": "Sivan Hotel",
        "tourism": "hotel"
      },
      "geometry": {
        "type": "Point",
        "coordinates": [
          76.605692,
          8.9385888
        ]
      },
      "id": "node/7475955003"
    },
    {
      "type": "Feature",
      "properties": {
        "@id": "node/7475972053",
        "name": "prince hotel",
        "tourism": "hotel"
      },
      "geometry": {
        "type": "Point",
        "coordinates": [
          76.3285662,
          9.5125745
        ]
      },
      "id": "node/7475972053"
    },
    {
      "type": "Feature",
      "properties": {
        "@id": "node/7476312153",
        "internet_access": "no",
        "internet_access:fee": "no",
        "name": "nalapakam",
        "smoking": "no",
        "tourism": "hotel",
        "wheelchair": "no"
      },
      "geometry": {
        "type": "Point",
        "coordinates": [
          76.1902452,
          10.8999655
        ]
      },
      "id": "node/7476312153"
    },
    {
      "type": "Feature",
      "properties": {
        "@id": "node/7476409740",
        "name": "Puzhayoram Food Court - DTPC Kottayam",
        "tourism": "hotel"
      },
      "geometry": {
        "type": "Point",
        "coordinates": [
          76.4342344,
          9.7787839
        ]
      },
      "id": "node/7476409740"
    },
    {
      "type": "Feature",
      "properties": {
        "@id": "node/7476526513",
        "name": "Hotel Johns",
        "tourism": "hotel"
      },
      "geometry": {
        "type": "Point",
        "coordinates": [
          76.6594437,
          9.4442205
        ]
      },
      "id": "node/7476526513"
    },
    {
      "type": "Feature",
      "properties": {
        "@id": "node/7476759755",
        "name": "hotel sherin",
        "tourism": "hotel"
      },
      "geometry": {
        "type": "Point",
        "coordinates": [
          76.6580122,
          9.1676701
        ]
      },
      "id": "node/7476759755"
    },
    {
      "type": "Feature",
      "properties": {
        "@id": "node/7476776751",
        "name": "Hotel Mereena restaurent Beer & wine",
        "tourism": "hotel"
      },
      "geometry": {
        "type": "Point",
        "coordinates": [
          76.6385827,
          9.5104912
        ]
      },
      "id": "node/7476776751"
    },
    {
      "type": "Feature",
      "properties": {
        "@id": "node/7476825244",
        "name": "Al baith hotel",
        "tourism": "hotel"
      },
      "geometry": {
        "type": "Point",
        "coordinates": [
          76.6633239,
          9.1670526
        ]
      },
      "id": "node/7476825244"
    },
    {
      "type": "Feature",
      "properties": {
        "@id": "node/7477620013",
        "name": "OYO 2079 near Medical College Hotel Trivandrum",
        "tourism": "hotel"
      },
      "geometry": {
        "type": "Point",
        "coordinates": [
          76.9282539,
          8.5259882
        ]
      },
      "id": "node/7477620013"
    },
    {
      "type": "Feature",
      "properties": {
        "@id": "node/7477919644",
        "name": "Food house",
        "tourism": "hotel"
      },
      "geometry": {
        "type": "Point",
        "coordinates": [
          75.3587287,
          12.0371832
        ]
      },
      "id": "node/7477919644"
    },
    {
      "type": "Feature",
      "properties": {
        "@id": "node/7478033226",
        "name": "Lekshmi Tea Shop",
        "tourism": "hotel"
      },
      "geometry": {
        "type": "Point",
        "coordinates": [
          76.4978338,
          9.4883582
        ]
      },
      "id": "node/7478033226"
    },
    {
      "type": "Feature",
      "properties": {
        "@id": "node/7478151239",
        "name": "Akshaya",
        "tourism": "hotel"
      },
      "geometry": {
        "type": "Point",
        "coordinates": [
          76.6362321,
          9.0552764
        ]
      },
      "id": "node/7478151239"
    },
    {
      "type": "Feature",
      "properties": {
        "@id": "node/7478155848",
        "internet_access": "no",
        "name": "aiswarya hostel",
        "rooms": "0",
        "tourism": "hotel"
      },
      "geometry": {
        "type": "Point",
        "coordinates": [
          76.1908274,
          10.5244149
        ]
      },
      "id": "node/7478155848"
    },
    {
      "type": "Feature",
      "properties": {
        "@id": "node/7478190595",
        "name": "O Grill.",
        "tourism": "hotel"
      },
      "geometry": {
        "type": "Point",
        "coordinates": [
          76.3927439,
          9.7540838
        ]
      },
      "id": "node/7478190595"
    },
    {
      "type": "Feature",
      "properties": {
        "@id": "node/7478277639",
        "name": "Saseendra",
        "tourism": "hotel"
      },
      "geometry": {
        "type": "Point",
        "coordinates": [
          76.6380327,
          9.0593428
        ]
      },
      "id": "node/7478277639"
    },
    {
      "type": "Feature",
      "properties": {
        "@id": "node/7478326430",
        "name": "New Paris",
        "tourism": "hotel"
      },
      "geometry": {
        "type": "Point",
        "coordinates": [
          75.8092798,
          11.3347248
        ]
      },
      "id": "node/7478326430"
    },
    {
      "type": "Feature",
      "properties": {
        "@id": "node/7478415860",
        "addr:city": "Muvattupuzha, Ernakulam",
        "name": "Khaleef Restaurant",
        "tourism": "hotel"
      },
      "geometry": {
        "type": "Point",
        "coordinates": [
          76.565122,
          10.0166676
        ]
      },
      "id": "node/7478415860"
    },
    {
      "type": "Feature",
      "properties": {
        "@id": "node/7478432787",
        "name": "Udaya Hotel",
        "tourism": "hotel"
      },
      "geometry": {
        "type": "Point",
        "coordinates": [
          76.5628459,
          10.0186951
        ]
      },
      "id": "node/7478432787"
    },
    {
      "type": "Feature",
      "properties": {
        "@id": "node/7478433919",
        "name": "Hotel Kamaliya",
        "tourism": "hotel"
      },
      "geometry": {
        "type": "Point",
        "coordinates": [
          76.5636236,
          10.0180198
        ]
      },
      "id": "node/7478433919"
    },
    {
      "type": "Feature",
      "properties": {
        "@id": "node/7478483096",
        "name": "Malabar Hotel",
        "tourism": "hotel"
      },
      "geometry": {
        "type": "Point",
        "coordinates": [
          76.561934,
          10.0190015
        ]
      },
      "id": "node/7478483096"
    },
    {
      "type": "Feature",
      "properties": {
        "@id": "node/7478501103",
        "name": "Regent Hotel, Muthalakodam",
        "tourism": "hotel"
      },
      "geometry": {
        "type": "Point",
        "coordinates": [
          76.7323674,
          9.9109617
        ]
      },
      "id": "node/7478501103"
    },
    {
      "type": "Feature",
      "properties": {
        "@id": "node/7478767194",
        "name": "City Hotel",
        "tourism": "hotel"
      },
      "geometry": {
        "type": "Point",
        "coordinates": [
          76.7426411,
          9.9144178
        ]
      },
      "id": "node/7478767194"
    },
    {
      "type": "Feature",
      "properties": {
        "@id": "node/7478992087",
        "name": "Kurups Hotel",
        "tourism": "hotel"
      },
      "geometry": {
        "type": "Point",
        "coordinates": [
          76.7061974,
          9.3355353
        ]
      },
      "id": "node/7478992087"
    },
    {
      "type": "Feature",
      "properties": {
        "@id": "node/7479037390",
        "name": "hotel",
        "tourism": "hotel"
      },
      "geometry": {
        "type": "Point",
        "coordinates": [
          76.234318,
          10.3448029
        ]
      },
      "id": "node/7479037390"
    },
    {
      "type": "Feature",
      "properties": {
        "@id": "node/7479220765",
        "name": "Sivasree Restaurent& Caterings",
        "tourism": "hotel"
      },
      "geometry": {
        "type": "Point",
        "coordinates": [
          76.7658268,
          9.5453739
        ]
      },
      "id": "node/7479220765"
    },
    {
      "type": "Feature",
      "properties": {
        "@id": "node/7479533285",
        "name": "Reji Hotel",
        "tourism": "hotel"
      },
      "geometry": {
        "type": "Point",
        "coordinates": [
          76.5871095,
          9.5405361
        ]
      },
      "id": "node/7479533285"
    },
    {
      "type": "Feature",
      "properties": {
        "@id": "node/7479636847",
        "name": "AKF Hotel",
        "tourism": "hotel"
      },
      "geometry": {
        "type": "Point",
        "coordinates": [
          76.5732789,
          9.55536
        ]
      },
      "id": "node/7479636847"
    },
    {
      "type": "Feature",
      "properties": {
        "@id": "node/7479684768",
        "tourism": "hotel"
      },
      "geometry": {
        "type": "Point",
        "coordinates": [
          76.8408761,
          8.6977266
        ]
      },
      "id": "node/7479684768"
    },
    {
      "type": "Feature",
      "properties": {
        "@id": "node/7480066064",
        "tourism": "hotel"
      },
      "geometry": {
        "type": "Point",
        "coordinates": [
          76.6334533,
          9.3812135
        ]
      },
      "id": "node/7480066064"
    },
    {
      "type": "Feature",
      "properties": {
        "@id": "node/7480298000",
        "name": "Hotel Uduppi Kitchen",
        "tourism": "hotel"
      },
      "geometry": {
        "type": "Point",
        "coordinates": [
          76.338807,
          9.5113096
        ]
      },
      "id": "node/7480298000"
    },
    {
      "type": "Feature",
      "properties": {
        "@id": "node/7480334236",
        "name": "Le Arabia",
        "tourism": "hotel"
      },
      "geometry": {
        "type": "Point",
        "coordinates": [
          75.7752122,
          11.2736412
        ]
      },
      "id": "node/7480334236"
    },
    {
      "type": "Feature",
      "properties": {
        "@id": "node/7480338615",
        "tourism": "hotel"
      },
      "geometry": {
        "type": "Point",
        "coordinates": [
          76.5835793,
          9.3662851
        ]
      },
      "id": "node/7480338615"
    },
    {
      "type": "Feature",
      "properties": {
        "@id": "node/7480584410",
        "name": "Ashbin's Mansion",
        "tourism": "hotel"
      },
      "geometry": {
        "type": "Point",
        "coordinates": [
          76.7443803,
          9.4528928
        ]
      },
      "id": "node/7480584410"
    },
    {
      "type": "Feature",
      "properties": {
        "@id": "node/7480626282",
        "name": "Pariyar",
        "tourism": "hotel"
      },
      "geometry": {
        "type": "Point",
        "coordinates": [
          76.0094686,
          11.3611774
        ]
      },
      "id": "node/7480626282"
    },
    {
      "type": "Feature",
      "properties": {
        "@id": "node/7481747950",
        "tourism": "hotel"
      },
      "geometry": {
        "type": "Point",
        "coordinates": [
          75.1820901,
          12.3911742
        ]
      },
      "id": "node/7481747950"
    },
    {
      "type": "Feature",
      "properties": {
        "@id": "node/7481846404",
        "tourism": "hotel"
      },
      "geometry": {
        "type": "Point",
        "coordinates": [
          76.5870857,
          9.4302556
        ]
      },
      "id": "node/7481846404"
    },
    {
      "type": "Feature",
      "properties": {
        "@id": "node/7481852062",
        "tourism": "hotel"
      },
      "geometry": {
        "type": "Point",
        "coordinates": [
          75.8258336,
          11.3104893
        ]
      },
      "id": "node/7481852062"
    },
    {
      "type": "Feature",
      "properties": {
        "@id": "node/7481861196",
        "tourism": "hotel"
      },
      "geometry": {
        "type": "Point",
        "coordinates": [
          75.8255571,
          11.3102672
        ]
      },
      "id": "node/7481861196"
    },
    {
      "type": "Feature",
      "properties": {
        "@id": "node/7481889191",
        "addr:city": "Taliparamba",
        "addr:district": "Kannur",
        "addr:postcode": "670141",
        "addr:street": "Kasargod-Kannur-Calicut Highway",
        "name": "Horizon International",
        "tourism": "hotel"
      },
      "geometry": {
        "type": "Point",
        "coordinates": [
          75.3551747,
          12.0419898
        ]
      },
      "id": "node/7481889191"
    },
    {
      "type": "Feature",
      "properties": {
        "@id": "node/7482024304",
        "addr:city": "Vaduthala",
        "addr:street": "Pazhampilly Thomas Road",
        "internet_access": "no",
        "name": "Rappai's Kitchen",
        "rooms": "Shed",
        "tourism": "hotel"
      },
      "geometry": {
        "type": "Point",
        "coordinates": [
          76.2761324,
          10.0128096
        ]
      },
      "id": "node/7482024304"
    },
    {
      "type": "Feature",
      "properties": {
        "@id": "node/7483626673",
        "name": "Like And Share Hotel",
        "tourism": "hotel"
      },
      "geometry": {
        "type": "Point",
        "coordinates": [
          75.8095406,
          11.3294625
        ]
      },
      "id": "node/7483626673"
    },
    {
      "type": "Feature",
      "properties": {
        "@id": "node/7484012308",
        "name": "janakiya hotel",
        "tourism": "hotel"
      },
      "geometry": {
        "type": "Point",
        "coordinates": [
          76.3475465,
          9.5721864
        ]
      },
      "id": "node/7484012308"
    },
    {
      "type": "Feature",
      "properties": {
        "@id": "node/7484040242",
        "name": "Prabitha Hotel",
        "tourism": "hotel"
      },
      "geometry": {
        "type": "Point",
        "coordinates": [
          75.7120842,
          11.4219256
        ]
      },
      "id": "node/7484040242"
    },
    {
      "type": "Feature",
      "properties": {
        "@id": "node/7484242096",
        "tourism": "hotel"
      },
      "geometry": {
        "type": "Point",
        "coordinates": [
          76.7197438,
          9.5376995
        ]
      },
      "id": "node/7484242096"
    },
    {
      "type": "Feature",
      "properties": {
        "@id": "node/7485074930",
        "addr:city": "PATHANAMTHITTA",
        "addr:postcode": "689648",
        "addr:street": "LIBRARY JUNCTION VALLICODE",
        "name": "Small Hotel",
        "tourism": "hotel"
      },
      "geometry": {
        "type": "Point",
        "coordinates": [
          76.7774833,
          9.2182501
        ]
      },
      "id": "node/7485074930"
    },
    {
      "type": "Feature",
      "properties": {
        "@id": "node/7485088349",
        "tourism": "hotel"
      },
      "geometry": {
        "type": "Point",
        "coordinates": [
          75.8335519,
          11.3000575
        ]
      },
      "id": "node/7485088349"
    },
    {
      "type": "Feature",
      "properties": {
        "@id": "node/7485490551",
        "brand": "Residence Inn",
        "brand:wikidata": "Q7315394",
        "brand:wikipedia": "en:Residence Inn by Marriott",
        "name": "Residence Inn",
        "official_name": "Residence Inn by Marriott",
        "tourism": "hotel"
      },
      "geometry": {
        "type": "Point",
        "coordinates": [
          75.3589729,
          11.9161601
        ]
      },
      "id": "node/7485490551"
    },
    {
      "type": "Feature",
      "properties": {
        "@id": "node/7487985307",
        "name": "Chicking",
        "tourism": "hotel"
      },
      "geometry": {
        "type": "Point",
        "coordinates": [
          76.9387518,
          8.5264494
        ]
      },
      "id": "node/7487985307"
    },
    {
      "type": "Feature",
      "properties": {
        "@id": "node/7488128003",
        "name": "Hotel S",
        "tourism": "hotel"
      },
      "geometry": {
        "type": "Point",
        "coordinates": [
          75.3858928,
          11.8743374
        ]
      },
      "id": "node/7488128003"
    },
    {
      "type": "Feature",
      "properties": {
        "@id": "node/7488313397",
        "tourism": "hotel"
      },
      "geometry": {
        "type": "Point",
        "coordinates": [
          76.719016,
          9.5516353
        ]
      },
      "id": "node/7488313397"
    },
    {
      "type": "Feature",
      "properties": {
        "@id": "node/7488954535",
        "name": "kabani heritage hotel",
        "tourism": "hotel"
      },
      "geometry": {
        "type": "Point",
        "coordinates": [
          76.402432,
          10.163225
        ]
      },
      "id": "node/7488954535"
    },
    {
      "type": "Feature",
      "properties": {
        "@id": "node/7488960835",
        "name": "hotel ulli chamanthi",
        "tourism": "hotel"
      },
      "geometry": {
        "type": "Point",
        "coordinates": [
          76.4026351,
          10.1640956
        ]
      },
      "id": "node/7488960835"
    },
    {
      "type": "Feature",
      "properties": {
        "@id": "node/7489001591",
        "tourism": "hotel"
      },
      "geometry": {
        "type": "Point",
        "coordinates": [
          76.8326203,
          9.5138613
        ]
      },
      "id": "node/7489001591"
    },
    {
      "type": "Feature",
      "properties": {
        "@id": "node/7489030908",
        "name": "ebins hotel",
        "tourism": "hotel"
      },
      "geometry": {
        "type": "Point",
        "coordinates": [
          76.4056499,
          10.1636626
        ]
      },
      "id": "node/7489030908"
    },
    {
      "type": "Feature",
      "properties": {
        "@id": "node/7489421206",
        "name": "aek",
        "tourism": "hotel"
      },
      "geometry": {
        "type": "Point",
        "coordinates": [
          76.6706426,
          8.8672358
        ]
      },
      "id": "node/7489421206"
    },
    {
      "type": "Feature",
      "properties": {
        "@id": "node/7489476642",
        "name": "Arafa hotel and family",
        "tourism": "hotel"
      },
      "geometry": {
        "type": "Point",
        "coordinates": [
          76.3521377,
          9.5659928
        ]
      },
      "id": "node/7489476642"
    },
    {
      "type": "Feature",
      "properties": {
        "@id": "node/7489697879",
        "tourism": "hotel"
      },
      "geometry": {
        "type": "Point",
        "coordinates": [
          76.4375034,
          9.5918848
        ]
      },
      "id": "node/7489697879"
    },
    {
      "type": "Feature",
      "properties": {
        "@id": "node/7489719827",
        "name": "new azad hotel",
        "tourism": "hotel"
      },
      "geometry": {
        "type": "Point",
        "coordinates": [
          76.6808154,
          8.8941943
        ]
      },
      "id": "node/7489719827"
    },
    {
      "type": "Feature",
      "properties": {
        "@id": "node/7490050774",
        "name": "Venuchettante Kada Fast food & Restaurent",
        "tourism": "hotel"
      },
      "geometry": {
        "type": "Point",
        "coordinates": [
          76.415035,
          9.3728323
        ]
      },
      "id": "node/7490050774"
    },
    {
      "type": "Feature",
      "properties": {
        "@id": "node/7490065886",
        "tourism": "hotel"
      },
      "geometry": {
        "type": "Point",
        "coordinates": [
          75.4405653,
          11.8115896
        ]
      },
      "id": "node/7490065886"
    },
    {
      "type": "Feature",
      "properties": {
        "@id": "node/7490166655",
        "name": "Sreyas Hotel",
        "tourism": "hotel"
      },
      "geometry": {
        "type": "Point",
        "coordinates": [
          75.3654328,
          12.3006575
        ]
      },
      "id": "node/7490166655"
    },
    {
      "type": "Feature",
      "properties": {
        "@id": "node/7490166656",
        "name": "Dear's Hotel & Cool Bar",
        "tourism": "hotel"
      },
      "geometry": {
        "type": "Point",
        "coordinates": [
          75.3656477,
          12.3006355
        ]
      },
      "id": "node/7490166656"
    },
    {
      "type": "Feature",
      "properties": {
        "@id": "node/7490166664",
        "name": "Holy Mary Bakery",
        "tourism": "hotel"
      },
      "geometry": {
        "type": "Point",
        "coordinates": [
          75.3651502,
          12.3024232
        ]
      },
      "id": "node/7490166664"
    },
    {
      "type": "Feature",
      "properties": {
        "@id": "node/7490244847",
        "name": "KK Hotel",
        "tourism": "hotel"
      },
      "geometry": {
        "type": "Point",
        "coordinates": [
          75.7711681,
          11.3342836
        ]
      },
      "id": "node/7490244847"
    },
    {
      "type": "Feature",
      "properties": {
        "@id": "node/7490958074",
        "name": "Vismaya hotel",
        "tourism": "hotel"
      },
      "geometry": {
        "type": "Point",
        "coordinates": [
          76.7539453,
          9.0899969
        ]
      },
      "id": "node/7490958074"
    },
    {
      "type": "Feature",
      "properties": {
        "@id": "node/7491066595",
        "name": "Hotel Amma",
        "tourism": "hotel"
      },
      "geometry": {
        "type": "Point",
        "coordinates": [
          76.3274702,
          9.5199662
        ]
      },
      "id": "node/7491066595"
    },
    {
      "type": "Feature",
      "properties": {
        "@id": "node/7491232145",
        "tourism": "hotel"
      },
      "geometry": {
        "type": "Point",
        "coordinates": [
          75.761631,
          11.5566641
        ]
      },
      "id": "node/7491232145"
    },
    {
      "type": "Feature",
      "properties": {
        "@id": "node/7491324759",
        "tourism": "hotel"
      },
      "geometry": {
        "type": "Point",
        "coordinates": [
          75.4478422,
          11.8369083
        ]
      },
      "id": "node/7491324759"
    },
    {
      "type": "Feature",
      "properties": {
        "@id": "node/7491386975",
        "tourism": "hotel"
      },
      "geometry": {
        "type": "Point",
        "coordinates": [
          75.4010231,
          11.8800456
        ]
      },
      "id": "node/7491386975"
    },
    {
      "type": "Feature",
      "properties": {
        "@id": "node/7491537711",
        "tourism": "hotel"
      },
      "geometry": {
        "type": "Point",
        "coordinates": [
          75.858482,
          11.2334981
        ]
      },
      "id": "node/7491537711"
    },
    {
      "type": "Feature",
      "properties": {
        "@id": "node/7492484048",
        "tourism": "hotel"
      },
      "geometry": {
        "type": "Point",
        "coordinates": [
          75.4484988,
          11.7999055
        ]
      },
      "id": "node/7492484048"
    },
    {
      "type": "Feature",
      "properties": {
        "@id": "node/7494478824",
        "name": "Kerala Hotel Forest Canopy",
        "tourism": "hotel"
      },
      "geometry": {
        "type": "Point",
        "coordinates": [
          76.5683764,
          9.4668687
        ]
      },
      "id": "node/7494478824"
    },
    {
      "type": "Feature",
      "properties": {
        "@id": "node/7494478840",
        "name": "Hotel Chilanka",
        "tourism": "hotel"
      },
      "geometry": {
        "type": "Point",
        "coordinates": [
          76.5647589,
          9.4637353
        ]
      },
      "id": "node/7494478840"
    },
    {
      "type": "Feature",
      "properties": {
        "@id": "node/7494511589",
        "addr:city": "Kurishummoodu",
        "addr:postcode": "686104",
        "name": "Hotel Anjali",
        "tourism": "hotel"
      },
      "geometry": {
        "type": "Point",
        "coordinates": [
          76.5541071,
          9.4588075
        ]
      },
      "id": "node/7494511589"
    },
    {
      "type": "Feature",
      "properties": {
        "@id": "node/7494679996",
        "tourism": "hotel"
      },
      "geometry": {
        "type": "Point",
        "coordinates": [
          76.7189744,
          9.5389844
        ]
      },
      "id": "node/7494679996"
    },
    {
      "type": "Feature",
      "properties": {
        "@id": "node/7494726420",
        "internet_access": "no",
        "tourism": "hotel"
      },
      "geometry": {
        "type": "Point",
        "coordinates": [
          76.6088801,
          10.0250214
        ]
      },
      "id": "node/7494726420"
    },
    {
      "type": "Feature",
      "properties": {
        "@id": "node/7494726443",
        "name": "Night Food",
        "tourism": "hotel"
      },
      "geometry": {
        "type": "Point",
        "coordinates": [
          76.6585794,
          10.0273885
        ]
      },
      "id": "node/7494726443"
    },
    {
      "type": "Feature",
      "properties": {
        "@id": "node/7494803097",
        "addr:place": "M.E.S Junction",
        "name": "Rasal Hotel",
        "tourism": "hotel"
      },
      "geometry": {
        "type": "Point",
        "coordinates": [
          76.7842725,
          9.6847677
        ]
      },
      "id": "node/7494803097"
    },
    {
      "type": "Feature",
      "properties": {
        "@id": "node/7494817302",
        "name": "Hotel Masafi",
        "tourism": "hotel"
      },
      "geometry": {
        "type": "Point",
        "coordinates": [
          76.6822186,
          8.8937939
        ]
      },
      "id": "node/7494817302"
    },
    {
      "type": "Feature",
      "properties": {
        "@id": "node/7494889808",
        "name": "Hotel Sharus",
        "tourism": "hotel"
      },
      "geometry": {
        "type": "Point",
        "coordinates": [
          76.7818366,
          9.2292735
        ]
      },
      "id": "node/7494889808"
    },
    {
      "type": "Feature",
      "properties": {
        "@id": "node/7494970010",
        "name": "somagiri",
        "tourism": "hotel"
      },
      "geometry": {
        "type": "Point",
        "coordinates": [
          76.7060662,
          9.5666054
        ]
      },
      "id": "node/7494970010"
    },
    {
      "type": "Feature",
      "properties": {
        "@id": "node/7495105992",
        "name": "Thattukada",
        "tourism": "hotel"
      },
      "geometry": {
        "type": "Point",
        "coordinates": [
          75.1430794,
          12.3843752
        ]
      },
      "id": "node/7495105992"
    },
    {
      "type": "Feature",
      "properties": {
        "@id": "node/7495293236",
        "name": "new kerala hotel",
        "tourism": "hotel"
      },
      "geometry": {
        "type": "Point",
        "coordinates": [
          76.9148144,
          8.5230271
        ]
      },
      "id": "node/7495293236"
    },
    {
      "type": "Feature",
      "properties": {
        "@id": "node/7496586319",
        "name": "Rahul Hotel",
        "tourism": "hotel"
      },
      "geometry": {
        "type": "Point",
        "coordinates": [
          76.74421,
          9.1193085
        ]
      },
      "id": "node/7496586319"
    },
    {
      "type": "Feature",
      "properties": {
        "@id": "node/7497073634",
        "tourism": "hotel"
      },
      "geometry": {
        "type": "Point",
        "coordinates": [
          75.4674162,
          11.8329288
        ]
      },
      "id": "node/7497073634"
    },
    {
      "type": "Feature",
      "properties": {
        "@id": "node/7497103044",
        "tourism": "hotel"
      },
      "geometry": {
        "type": "Point",
        "coordinates": [
          76.2939148,
          10.2652575
        ]
      },
      "id": "node/7497103044"
    },
    {
      "type": "Feature",
      "properties": {
        "@id": "node/7497314295",
        "shop": "general",
        "tourism": "hotel"
      },
      "geometry": {
        "type": "Point",
        "coordinates": [
          75.5408018,
          11.9854672
        ]
      },
      "id": "node/7497314295"
    },
    {
      "type": "Feature",
      "properties": {
        "@id": "node/7497720160",
        "name": "Hotel Durga",
        "tourism": "hotel"
      },
      "geometry": {
        "type": "Point",
        "coordinates": [
          76.2762696,
          10.0159575
        ]
      },
      "id": "node/7497720160"
    },
    {
      "type": "Feature",
      "properties": {
        "@id": "node/7498048872",
        "tourism": "hotel"
      },
      "geometry": {
        "type": "Point",
        "coordinates": [
          76.3133386,
          10.3533294
        ]
      },
      "id": "node/7498048872"
    },
    {
      "type": "Feature",
      "properties": {
        "@id": "node/7498218326",
        "tourism": "hotel"
      },
      "geometry": {
        "type": "Point",
        "coordinates": [
          76.9204303,
          8.5257268
        ]
      },
      "id": "node/7498218326"
    },
    {
      "type": "Feature",
      "properties": {
        "@id": "node/7498251721",
        "name": "Malabar Kithchen",
        "tourism": "hotel"
      },
      "geometry": {
        "type": "Point",
        "coordinates": [
          76.3167736,
          10.3584644
        ]
      },
      "id": "node/7498251721"
    },
    {
      "type": "Feature",
      "properties": {
        "@id": "node/7498299378",
        "tourism": "hotel"
      },
      "geometry": {
        "type": "Point",
        "coordinates": [
          75.4684559,
          11.8328464
        ]
      },
      "id": "node/7498299378"
    },
    {
      "type": "Feature",
      "properties": {
        "@id": "node/7498299380",
        "tourism": "hotel"
      },
      "geometry": {
        "type": "Point",
        "coordinates": [
          75.4678766,
          11.8322268
        ]
      },
      "id": "node/7498299380"
    },
    {
      "type": "Feature",
      "properties": {
        "@id": "node/7498308576",
        "internet_access": "no",
        "name": "revathy hotel",
        "tourism": "hotel"
      },
      "geometry": {
        "type": "Point",
        "coordinates": [
          76.630761,
          8.9996223
        ]
      },
      "id": "node/7498308576"
    },
    {
      "type": "Feature",
      "properties": {
        "@id": "node/7498312030",
        "name": "udaya hotel",
        "tourism": "hotel"
      },
      "geometry": {
        "type": "Point",
        "coordinates": [
          76.632297,
          9.0024271
        ]
      },
      "id": "node/7498312030"
    },
    {
      "type": "Feature",
      "properties": {
        "@id": "node/7498336813",
        "addr:city": "kollam",
        "addr:street": "mundro island",
        "name": "kurippu hotel",
        "tourism": "hotel"
      },
      "geometry": {
        "type": "Point",
        "coordinates": [
          76.6265305,
          9.002636
        ]
      },
      "id": "node/7498336813"
    },
    {
      "type": "Feature",
      "properties": {
        "@id": "node/7498869730",
        "name": "Saina Events And Restaurant",
        "tourism": "hotel"
      },
      "geometry": {
        "type": "Point",
        "coordinates": [
          76.7220665,
          9.5364754
        ]
      },
      "id": "node/7498869730"
    },
    {
      "type": "Feature",
      "properties": {
        "@id": "node/7498951192",
        "name": "Hotel Kathrena",
        "tourism": "hotel"
      },
      "geometry": {
        "type": "Point",
        "coordinates": [
          76.5519979,
          9.4619282
        ]
      },
      "id": "node/7498951192"
    },
    {
      "type": "Feature",
      "properties": {
        "@id": "node/7498951206",
        "name": "Hotel Tony",
        "tourism": "hotel"
      },
      "geometry": {
        "type": "Point",
        "coordinates": [
          76.571878,
          9.486789
        ]
      },
      "id": "node/7498951206"
    },
    {
      "type": "Feature",
      "properties": {
        "@id": "node/7498951213",
        "name": "Hotel Amalu",
        "tourism": "hotel"
      },
      "geometry": {
        "type": "Point",
        "coordinates": [
          76.5712331,
          9.488858
        ]
      },
      "id": "node/7498951213"
    },
    {
      "type": "Feature",
      "properties": {
        "@id": "node/7500089232",
        "internet_access": "no",
        "tourism": "hotel"
      },
      "geometry": {
        "type": "Point",
        "coordinates": [
          76.2966301,
          10.26915
        ]
      },
      "id": "node/7500089232"
    },
    {
      "type": "Feature",
      "properties": {
        "@id": "node/7500210978",
        "tourism": "hotel"
      },
      "geometry": {
        "type": "Point",
        "coordinates": [
          76.6975577,
          9.4279807
        ]
      },
      "id": "node/7500210978"
    },
    {
      "type": "Feature",
      "properties": {
        "@id": "node/7500210981",
        "tourism": "hotel"
      },
      "geometry": {
        "type": "Point",
        "coordinates": [
          76.7004503,
          9.4242776
        ]
      },
      "id": "node/7500210981"
    },
    {
      "type": "Feature",
      "properties": {
        "@id": "node/7500281358",
        "name": "Hotel Wings Park(4 Star)Hotel Wings Park(4 Star)",
        "tourism": "hotel"
      },
      "geometry": {
        "type": "Point",
        "coordinates": [
          76.4754246,
          10.1119017
        ]
      },
      "id": "node/7500281358"
    },
    {
      "type": "Feature",
      "properties": {
        "@id": "node/7500298004",
        "name": "Subeesh perumanpura",
        "tourism": "hotel"
      },
      "geometry": {
        "type": "Point",
        "coordinates": [
          75.8890379,
          11.2583126
        ]
      },
      "id": "node/7500298004"
    },
    {
      "type": "Feature",
      "properties": {
        "@id": "node/7500465114",
        "name": "Shree Aariya Nivass",
        "tourism": "hotel"
      },
      "geometry": {
        "type": "Point",
        "coordinates": [
          76.2986444,
          10.379321
        ]
      },
      "id": "node/7500465114"
    },
    {
      "type": "Feature",
      "properties": {
        "@id": "node/7500481943",
        "name": "Thattukada",
        "tourism": "hotel"
      },
      "geometry": {
        "type": "Point",
        "coordinates": [
          76.2548751,
          9.9456204
        ]
      },
      "id": "node/7500481943"
    },
    {
      "type": "Feature",
      "properties": {
        "@id": "node/7500481944",
        "name": "Icecream Parlour",
        "tourism": "hotel"
      },
      "geometry": {
        "type": "Point",
        "coordinates": [
          76.2559019,
          9.9450581
        ]
      },
      "id": "node/7500481944"
    },
    {
      "type": "Feature",
      "properties": {
        "@id": "node/7500481945",
        "name": "Hotel Pee pee",
        "tourism": "hotel"
      },
      "geometry": {
        "type": "Point",
        "coordinates": [
          76.2558765,
          9.9447673
        ]
      },
      "id": "node/7500481945"
    },
    {
      "type": "Feature",
      "properties": {
        "@id": "node/7500481949",
        "name": "Shawarma Shop",
        "tourism": "hotel"
      },
      "geometry": {
        "type": "Point",
        "coordinates": [
          76.2560389,
          9.9449806
        ]
      },
      "id": "node/7500481949"
    },
    {
      "type": "Feature",
      "properties": {
        "@id": "node/7500481962",
        "name": "Abad westwood",
        "tourism": "hotel"
      },
      "geometry": {
        "type": "Point",
        "coordinates": [
          76.258565,
          9.9450428
        ]
      },
      "id": "node/7500481962"
    },
    {
      "type": "Feature",
      "properties": {
        "@id": "node/7500481963",
        "name": "Al Zafir",
        "tourism": "hotel"
      },
      "geometry": {
        "type": "Point",
        "coordinates": [
          76.2589169,
          9.9450694
        ]
      },
      "id": "node/7500481963"
    },
    {
      "type": "Feature",
      "properties": {
        "@id": "node/7500481972",
        "name": "Fathimas fast food",
        "tourism": "hotel"
      },
      "geometry": {
        "type": "Point",
        "coordinates": [
          76.2560028,
          9.947913
        ]
      },
      "id": "node/7500481972"
    },
    {
      "type": "Feature",
      "properties": {
        "@id": "node/7500483835",
        "name": "Indian Coffee House",
        "tourism": "hotel"
      },
      "geometry": {
        "type": "Point",
        "coordinates": [
          76.2959243,
          10.3814479
        ]
      },
      "id": "node/7500483835"
    },
    {
      "type": "Feature",
      "properties": {
        "@id": "node/7500545485",
        "name": "Ifthar Hotel",
        "tourism": "hotel"
      },
      "geometry": {
        "type": "Point",
        "coordinates": [
          76.2636101,
          9.935222
        ]
      },
      "id": "node/7500545485"
    },
    {
      "type": "Feature",
      "properties": {
        "@id": "node/7500545494",
        "tourism": "hotel"
      },
      "geometry": {
        "type": "Point",
        "coordinates": [
          76.2600807,
          9.9356152
        ]
      },
      "id": "node/7500545494"
    },
    {
      "type": "Feature",
      "properties": {
        "@id": "node/7500727730",
        "name": "Hotel grand",
        "tourism": "hotel"
      },
      "geometry": {
        "type": "Point",
        "coordinates": [
          76.7596181,
          8.8116816
        ]
      },
      "id": "node/7500727730"
    },
    {
      "type": "Feature",
      "properties": {
        "@id": "node/7500763491",
        "name": "rithaf residential",
        "tourism": "hotel"
      },
      "geometry": {
        "type": "Point",
        "coordinates": [
          75.3484215,
          11.9246127
        ]
      },
      "id": "node/7500763491"
    },
    {
      "type": "Feature",
      "properties": {
        "@id": "node/7500855173",
        "addr:postcode": "680623",
        "addr:street": "Kuranchery - Velur Road",
        "internet_access": "wlan",
        "name": "Ayuryogashram",
        "operator": "oiseau migrateur",
        "tourism": "hotel"
      },
      "geometry": {
        "type": "Point",
        "coordinates": [
          76.2321452,
          10.6360698
        ]
      },
      "id": "node/7500855173"
    },
    {
      "type": "Feature",
      "properties": {
        "@id": "node/7501022054",
        "name": "Hotel Woodlands",
        "tourism": "hotel"
      },
      "geometry": {
        "type": "Point",
        "coordinates": [
          76.6253446,
          10.0649271
        ]
      },
      "id": "node/7501022054"
    },
    {
      "type": "Feature",
      "properties": {
        "@id": "node/7501022084",
        "name": "Chic Chic",
        "tourism": "hotel"
      },
      "geometry": {
        "type": "Point",
        "coordinates": [
          76.6122823,
          10.0693495
        ]
      },
      "id": "node/7501022084"
    },
    {
      "type": "Feature",
      "properties": {
        "@id": "node/7501409313",
        "name": "mini hotel",
        "tourism": "hotel"
      },
      "geometry": {
        "type": "Point",
        "coordinates": [
          76.6706669,
          8.9835044
        ]
      },
      "id": "node/7501409313"
    },
    {
      "type": "Feature",
      "properties": {
        "@id": "node/7501621278",
        "name": "Bismilla Hotel",
        "tourism": "hotel"
      },
      "geometry": {
        "type": "Point",
        "coordinates": [
          75.0826955,
          12.3303016
        ]
      },
      "id": "node/7501621278"
    },
    {
      "type": "Feature",
      "properties": {
        "@id": "node/7501650682",
        "name": "Friends Hotel",
        "tourism": "hotel"
      },
      "geometry": {
        "type": "Point",
        "coordinates": [
          75.8898157,
          11.2644041
        ]
      },
      "id": "node/7501650682"
    },
    {
      "type": "Feature",
      "properties": {
        "@id": "node/7501708999",
        "addr:city": "Puthur, Thrissur",
        "addr:postcode": "680014",
        "name": "Chandrans Hotel and Tea shop",
        "tourism": "hotel"
      },
      "geometry": {
        "type": "Point",
        "coordinates": [
          76.2774317,
          10.4908564
        ]
      },
      "id": "node/7501708999"
    },
    {
      "type": "Feature",
      "properties": {
        "@id": "node/7502365038",
        "name": "payasam kalavara",
        "tourism": "hotel"
      },
      "geometry": {
        "type": "Point",
        "coordinates": [
          76.3516727,
          10.0234917
        ]
      },
      "id": "node/7502365038"
    },
    {
      "type": "Feature",
      "properties": {
        "@id": "node/7502365039",
        "name": "kuzhimanthi hotel",
        "tourism": "hotel"
      },
      "geometry": {
        "type": "Point",
        "coordinates": [
          76.3529763,
          10.020824
        ]
      },
      "id": "node/7502365039"
    },
    {
      "type": "Feature",
      "properties": {
        "@id": "node/7502365053",
        "name": "Bismi Fast Food",
        "tourism": "hotel"
      },
      "geometry": {
        "type": "Point",
        "coordinates": [
          76.3472686,
          10.0279158
        ]
      },
      "id": "node/7502365053"
    },
    {
      "type": "Feature",
      "properties": {
        "@id": "node/7502519857",
        "tourism": "hotel"
      },
      "geometry": {
        "type": "Point",
        "coordinates": [
          76.139919,
          11.2148782
        ]
      },
      "id": "node/7502519857"
    },
    {
      "type": "Feature",
      "properties": {
        "@id": "node/7502519873",
        "tourism": "hotel"
      },
      "geometry": {
        "type": "Point",
        "coordinates": [
          76.1428587,
          11.2185958
        ]
      },
      "id": "node/7502519873"
    },
    {
      "type": "Feature",
      "properties": {
        "@id": "node/7502589662",
        "tourism": "hotel"
      },
      "geometry": {
        "type": "Point",
        "coordinates": [
          76.7676661,
          8.6782272
        ]
      },
      "id": "node/7502589662"
    },
    {
      "type": "Feature",
      "properties": {
        "@id": "node/7502596837",
        "tourism": "hotel"
      },
      "geometry": {
        "type": "Point",
        "coordinates": [
          75.5489014,
          11.9963768
        ]
      },
      "id": "node/7502596837"
    },
    {
      "type": "Feature",
      "properties": {
        "@id": "node/7502596843",
        "brand": "AC Hotel",
        "name": "AC Hotel",
        "tourism": "hotel"
      },
      "geometry": {
        "type": "Point",
        "coordinates": [
          75.5489686,
          11.9964678
        ]
      },
      "id": "node/7502596843"
    },
    {
      "type": "Feature",
      "properties": {
        "@id": "node/7502609568",
        "name": "hill palace",
        "tourism": "hotel"
      },
      "geometry": {
        "type": "Point",
        "coordinates": [
          76.0851635,
          11.0490433
        ]
      },
      "id": "node/7502609568"
    },
    {
      "type": "Feature",
      "properties": {
        "@id": "node/7502643858",
        "name": "Ali's",
        "tourism": "hotel"
      },
      "geometry": {
        "type": "Point",
        "coordinates": [
          75.3744186,
          11.875251
        ]
      },
      "id": "node/7502643858"
    },
    {
      "type": "Feature",
      "properties": {
        "@id": "node/7502643859",
        "name": "Cita Pani",
        "tourism": "hotel"
      },
      "geometry": {
        "type": "Point",
        "coordinates": [
          75.3745403,
          11.8751455
        ]
      },
      "id": "node/7502643859"
    },
    {
      "type": "Feature",
      "properties": {
        "@id": "node/7502841585",
        "tourism": "hotel"
      },
      "geometry": {
        "type": "Point",
        "coordinates": [
          76.2939846,
          10.337859
        ]
      },
      "id": "node/7502841585"
    },
    {
      "type": "Feature",
      "properties": {
        "@id": "node/7503221042",
        "addr:city": "pachalam",
        "addr:housenumber": "DRAA-03",
        "addr:postcode": "682012",
        "addr:street": "Chittoor Road",
        "name": "Svastlie",
        "tourism": "hotel"
      },
      "geometry": {
        "type": "Point",
        "coordinates": [
          76.2788862,
          10.0056724
        ]
      },
      "id": "node/7503221042"
    },
    {
      "type": "Feature",
      "properties": {
        "@id": "node/7503482727",
        "tourism": "hotel"
      },
      "geometry": {
        "type": "Point",
        "coordinates": [
          75.7936862,
          11.2479372
        ]
      },
      "id": "node/7503482727"
    },
    {
      "type": "Feature",
      "properties": {
        "@id": "node/7503497997",
        "name": "Park connect",
        "tourism": "hotel"
      },
      "geometry": {
        "type": "Point",
        "coordinates": [
          76.3426311,
          10.0146206
        ]
      },
      "id": "node/7503497997"
    },
    {
      "type": "Feature",
      "properties": {
        "@id": "node/7503498112",
        "name": "Hotel Aryaas vegetarian",
        "tourism": "hotel"
      },
      "geometry": {
        "type": "Point",
        "coordinates": [
          76.2920213,
          10.0563463
        ]
      },
      "id": "node/7503498112"
    },
    {
      "type": "Feature",
      "properties": {
        "@id": "node/7503498165",
        "name": "hotel vypin",
        "tourism": "hotel"
      },
      "geometry": {
        "type": "Point",
        "coordinates": [
          76.2875345,
          10.0570699
        ]
      },
      "id": "node/7503498165"
    },
    {
      "type": "Feature",
      "properties": {
        "@id": "node/7503498185",
        "internet_access": "no",
        "name": "hotel safair",
        "smoking": "no",
        "tourism": "hotel",
        "wheelchair": "no"
      },
      "geometry": {
        "type": "Point",
        "coordinates": [
          76.2942023,
          10.0510519
        ]
      },
      "id": "node/7503498185"
    },
    {
      "type": "Feature",
      "properties": {
        "@id": "node/7503876178",
        "name": "Hotel Malabar",
        "tourism": "hotel"
      },
      "geometry": {
        "type": "Point",
        "coordinates": [
          76.491358,
          9.7673019
        ]
      },
      "id": "node/7503876178"
    },
    {
      "type": "Feature",
      "properties": {
        "@id": "node/7503876204",
        "name": "Hotel Zodiac",
        "tourism": "hotel"
      },
      "geometry": {
        "type": "Point",
        "coordinates": [
          76.4905141,
          9.7675729
        ]
      },
      "id": "node/7503876204"
    },
    {
      "type": "Feature",
      "properties": {
        "@id": "node/7503958772",
        "name": "Hotel Chitharam",
        "tourism": "hotel"
      },
      "geometry": {
        "type": "Point",
        "coordinates": [
          76.2868576,
          10.0470214
        ]
      },
      "id": "node/7503958772"
    },
    {
      "type": "Feature",
      "properties": {
        "@id": "node/7504049953",
        "name": "thriphy hotel",
        "tourism": "hotel"
      },
      "geometry": {
        "type": "Point",
        "coordinates": [
          76.6780882,
          8.9891532
        ]
      },
      "id": "node/7504049953"
    },
    {
      "type": "Feature",
      "properties": {
        "@id": "node/7505407449",
        "name": "Tea Shop",
        "tourism": "hotel"
      },
      "geometry": {
        "type": "Point",
        "coordinates": [
          76.2875199,
          10.4891997
        ]
      },
      "id": "node/7505407449"
    },
    {
      "type": "Feature",
      "properties": {
        "@id": "node/7505440811",
        "tourism": "hotel"
      },
      "geometry": {
        "type": "Point",
        "coordinates": [
          76.3362945,
          10.0167634
        ]
      },
      "id": "node/7505440811"
    },
    {
      "type": "Feature",
      "properties": {
        "@id": "node/7505555509",
        "tourism": "hotel"
      },
      "geometry": {
        "type": "Point",
        "coordinates": [
          76.6570178,
          10.0238268
        ]
      },
      "id": "node/7505555509"
    },
    {
      "type": "Feature",
      "properties": {
        "@id": "node/7506287655",
        "name": "Jeeva Hotel",
        "tourism": "hotel"
      },
      "geometry": {
        "type": "Point",
        "coordinates": [
          76.6858622,
          8.9634769
        ]
      },
      "id": "node/7506287655"
    },
    {
      "type": "Feature",
      "properties": {
        "@id": "node/7506487257",
        "name": "rohini hotel",
        "tourism": "hotel"
      },
      "geometry": {
        "type": "Point",
        "coordinates": [
          76.6842336,
          8.962395
        ]
      },
      "id": "node/7506487257"
    },
    {
      "type": "Feature",
      "properties": {
        "@id": "node/7506511953",
        "name": "Karthika hotel kilivayal",
        "tourism": "hotel"
      },
      "geometry": {
        "type": "Point",
        "coordinates": [
          76.6751066,
          9.066779
        ]
      },
      "id": "node/7506511953"
    },
    {
      "type": "Feature",
      "properties": {
        "@id": "node/7506936001",
        "name": "Uduppi Woodlands Hotel and Tourist home",
        "rooms": "16",
        "tourism": "hotel"
      },
      "geometry": {
        "type": "Point",
        "coordinates": [
          76.206098,
          10.34653
        ]
      },
      "id": "node/7506936001"
    },
    {
      "type": "Feature",
      "properties": {
        "@id": "node/7507118415",
        "tourism": "hotel"
      },
      "geometry": {
        "type": "Point",
        "coordinates": [
          76.6624606,
          10.7700021
        ]
      },
      "id": "node/7507118415"
    },
    {
      "type": "Feature",
      "properties": {
        "@id": "node/7507164267",
        "name": "juice shop",
        "tourism": "hotel"
      },
      "geometry": {
        "type": "Point",
        "coordinates": [
          76.6560152,
          10.7734855
        ]
      },
      "id": "node/7507164267"
    },
    {
      "type": "Feature",
      "properties": {
        "@id": "node/7507177870",
        "name": "Kairali Hotel",
        "tourism": "hotel"
      },
      "geometry": {
        "type": "Point",
        "coordinates": [
          75.3413987,
          11.9764435
        ]
      },
      "id": "node/7507177870"
    },
    {
      "type": "Feature",
      "properties": {
        "@id": "node/7507181004",
        "name": "Hotel Ariyaas",
        "tourism": "hotel"
      },
      "geometry": {
        "type": "Point",
        "coordinates": [
          76.4998333,
          9.17424
        ]
      },
      "id": "node/7507181004"
    },
    {
      "type": "Feature",
      "properties": {
        "@id": "node/7507209380",
        "name": "Hotel Rajesh",
        "tourism": "hotel"
      },
      "geometry": {
        "type": "Point",
        "coordinates": [
          75.3683684,
          12.0130754
        ]
      },
      "id": "node/7507209380"
    },
    {
      "type": "Feature",
      "properties": {
        "@id": "node/7507212847",
        "tourism": "hotel"
      },
      "geometry": {
        "type": "Point",
        "coordinates": [
          75.3415668,
          11.9763201
        ]
      },
      "id": "node/7507212847"
    },
    {
      "type": "Feature",
      "properties": {
        "@id": "node/7507271847",
        "cash_withdrawal": "no",
        "internet_access": "no",
        "internet_access:fee": "no",
        "name": "shyama",
        "operator": "shyama",
        "smoking": "no",
        "stars": "1",
        "tourism": "hotel",
        "wheelchair": "limited"
      },
      "geometry": {
        "type": "Point",
        "coordinates": [
          75.3606555,
          11.9843534
        ]
      },
      "id": "node/7507271847"
    },
    {
      "type": "Feature",
      "properties": {
        "@id": "node/7507767366",
        "name": "Hotel Minar",
        "tourism": "hotel"
      },
      "geometry": {
        "type": "Point",
        "coordinates": [
          75.8783772,
          11.2393716
        ]
      },
      "id": "node/7507767366"
    },
    {
      "type": "Feature",
      "properties": {
        "@id": "node/7508251468",
        "name": "Chinnus",
        "tourism": "hotel"
      },
      "geometry": {
        "type": "Point",
        "coordinates": [
          76.9050674,
          9.6862013
        ]
      },
      "id": "node/7508251468"
    },
    {
      "type": "Feature",
      "properties": {
        "@id": "node/7508329375",
        "air_conditioning": "no",
        "bar": "no",
        "internet_access": "no",
        "name": "HOTEL DALIA",
        "rooms": "0",
        "tourism": "hotel",
        "wheelchair": "no"
      },
      "geometry": {
        "type": "Point",
        "coordinates": [
          76.5889744,
          9.985481
        ]
      },
      "id": "node/7508329375"
    },
    {
      "type": "Feature",
      "properties": {
        "@id": "node/7508371323",
        "name": "kalathinte melathil",
        "tourism": "hotel"
      },
      "geometry": {
        "type": "Point",
        "coordinates": [
          76.6528308,
          9.1003706
        ]
      },
      "id": "node/7508371323"
    },
    {
      "type": "Feature",
      "properties": {
        "@id": "node/7508389106",
        "tourism": "hotel"
      },
      "geometry": {
        "type": "Point",
        "coordinates": [
          76.5850232,
          9.9812515
        ]
      },
      "id": "node/7508389106"
    },
    {
      "type": "Feature",
      "properties": {
        "@id": "node/7508444108",
        "name": "Geethanjali Gardens",
        "tourism": "hotel"
      },
      "geometry": {
        "type": "Point",
        "coordinates": [
          76.3861386,
          9.8517956
        ]
      },
      "id": "node/7508444108"
    },
    {
      "type": "Feature",
      "properties": {
        "@id": "node/7509454166",
        "name": "Top Thattukada",
        "tourism": "hotel"
      },
      "geometry": {
        "type": "Point",
        "coordinates": [
          76.1575845,
          11.6554409
        ]
      },
      "id": "node/7509454166"
    },
    {
      "type": "Feature",
      "properties": {
        "@id": "node/7509463173",
        "internet_access": "wlan",
        "internet_access:fee": "yes",
        "name": "Polariz",
        "smoking": "outside",
        "stars": "5",
        "tourism": "hotel",
        "wheelchair": "designated"
      },
      "geometry": {
        "type": "Point",
        "coordinates": [
          75.3925652,
          11.9934489
        ]
      },
      "id": "node/7509463173"
    },
    {
      "type": "Feature",
      "properties": {
        "@id": "node/7509481417",
        "name": "Malabar Hotel",
        "tourism": "hotel"
      },
      "geometry": {
        "type": "Point",
        "coordinates": [
          76.3276418,
          9.5293706
        ]
      },
      "id": "node/7509481417"
    },
    {
      "type": "Feature",
      "properties": {
        "@id": "node/7509601316",
        "name": "Vanitha Hotel",
        "tourism": "hotel"
      },
      "geometry": {
        "type": "Point",
        "coordinates": [
          76.2424739,
          11.1943137
        ]
      },
      "id": "node/7509601316"
    },
    {
      "type": "Feature",
      "properties": {
        "@id": "node/7509684462",
        "name": "Pradeep Hotel",
        "tourism": "hotel"
      },
      "geometry": {
        "type": "Point",
        "coordinates": [
          76.798892,
          9.672668
        ]
      },
      "id": "node/7509684462"
    },
    {
      "type": "Feature",
      "properties": {
        "@id": "node/7509690110",
        "name": "Orchid Hotel Poonjar",
        "tourism": "hotel"
      },
      "geometry": {
        "type": "Point",
        "coordinates": [
          76.8141028,
          9.6726891
        ]
      },
      "id": "node/7509690110"
    },
    {
      "type": "Feature",
      "properties": {
        "@id": "node/7509866168",
        "name": "Das Residency",
        "tourism": "hotel"
      },
      "geometry": {
        "type": "Point",
        "coordinates": [
          75.4007619,
          11.9820489
        ]
      },
      "id": "node/7509866168"
    },
    {
      "type": "Feature",
      "properties": {
        "@id": "node/7509866169",
        "name": "Wellview Residency",
        "tourism": "hotel"
      },
      "geometry": {
        "type": "Point",
        "coordinates": [
          75.4009596,
          11.9812322
        ]
      },
      "id": "node/7509866169"
    },
    {
      "type": "Feature",
      "properties": {
        "@id": "node/7509966546",
        "tourism": "hotel"
      },
      "geometry": {
        "type": "Point",
        "coordinates": [
          76.5417727,
          9.4440076
        ]
      },
      "id": "node/7509966546"
    },
    {
      "type": "Feature",
      "properties": {
        "@id": "node/7510097862",
        "name": "taste of kerala",
        "tourism": "hotel"
      },
      "geometry": {
        "type": "Point",
        "coordinates": [
          76.2645686,
          10.2467703
        ]
      },
      "id": "node/7510097862"
    },
    {
      "type": "Feature",
      "properties": {
        "@id": "node/7510289128",
        "name": "Vanitha Hotel",
        "tourism": "hotel"
      },
      "geometry": {
        "type": "Point",
        "coordinates": [
          75.6692097,
          11.9782734
        ]
      },
      "id": "node/7510289128"
    },
    {
      "type": "Feature",
      "properties": {
        "@id": "node/7510672807",
        "name": "tkm canteen",
        "tourism": "hotel"
      },
      "geometry": {
        "type": "Point",
        "coordinates": [
          76.6936574,
          8.9933432
        ]
      },
      "id": "node/7510672807"
    },
    {
      "type": "Feature",
      "properties": {
        "@id": "node/7510856972",
        "brand": "Residence Inn",
        "brand:wikidata": "Q7315394",
        "brand:wikipedia": "en:Residence Inn by Marriott",
        "name": "Residence",
        "tourism": "hotel"
      },
      "geometry": {
        "type": "Point",
        "coordinates": [
          76.6825941,
          9.7169852
        ]
      },
      "id": "node/7510856972"
    },
    {
      "type": "Feature",
      "properties": {
        "@id": "node/7510971787",
        "brand": "Residence Inn",
        "brand:wikidata": "Q7315394",
        "brand:wikipedia": "en:Residence Inn by Marriott",
        "name": "Gowri Residence",
        "official_name": "Residence Inn by Marriott",
        "tourism": "hotel"
      },
      "geometry": {
        "type": "Point",
        "coordinates": [
          76.3402435,
          9.5065799
        ]
      },
      "id": "node/7510971787"
    },
    {
      "type": "Feature",
      "properties": {
        "@id": "node/7510971798",
        "name": "Sreehari Hotel",
        "tourism": "hotel"
      },
      "geometry": {
        "type": "Point",
        "coordinates": [
          76.3395727,
          9.5081159
        ]
      },
      "id": "node/7510971798"
    },
    {
      "type": "Feature",
      "properties": {
        "@id": "node/7511397268",
        "name": "Summer Sand",
        "tourism": "hotel"
      },
      "geometry": {
        "type": "Point",
        "coordinates": [
          76.9283344,
          9.6547268
        ]
      },
      "id": "node/7511397268"
    },
    {
      "type": "Feature",
      "properties": {
        "@id": "node/7511403579",
        "brand": "Residence Inn",
        "brand:wikidata": "Q7315394",
        "brand:wikipedia": "en:Residence Inn by Marriott",
        "name": "Apsara Residency",
        "tourism": "hotel"
      },
      "geometry": {
        "type": "Point",
        "coordinates": [
          75.5521155,
          11.6781503
        ]
      },
      "id": "node/7511403579"
    },
    {
      "type": "Feature",
      "properties": {
        "@id": "node/7511690530",
        "name": "friends",
        "tourism": "hotel"
      },
      "geometry": {
        "type": "Point",
        "coordinates": [
          76.1660712,
          11.7915899
        ]
      },
      "id": "node/7511690530"
    },
    {
      "type": "Feature",
      "properties": {
        "@id": "node/7511835539",
        "name": "Achoos Hotel",
        "tourism": "hotel"
      },
      "geometry": {
        "type": "Point",
        "coordinates": [
          76.9859685,
          10.0328312
        ]
      },
      "id": "node/7511835539"
    },
    {
      "type": "Feature",
      "properties": {
        "@id": "node/7511894248",
        "name": "Grand Hotel",
        "name:fr": "Grand Hôtel",
        "tourism": "hotel"
      },
      "geometry": {
        "type": "Point",
        "coordinates": [
          75.5430153,
          11.6879936
        ]
      },
      "id": "node/7511894248"
    },
    {
      "type": "Feature",
      "properties": {
        "@id": "node/7511915407",
        "name": "diana bakers and caters",
        "tourism": "hotel"
      },
      "geometry": {
        "type": "Point",
        "coordinates": [
          76.728677,
          9.1503754
        ]
      },
      "id": "node/7511915407"
    },
    {
      "type": "Feature",
      "properties": {
        "@id": "node/7512104934",
        "name": "Surya Hotel",
        "phone": "+91-468 2343103",
        "tourism": "hotel"
      },
      "geometry": {
        "type": "Point",
        "coordinates": [
          76.8488045,
          9.2281751
        ]
      },
      "id": "node/7512104934"
    },
    {
      "type": "Feature",
      "properties": {
        "@id": "node/7512941066",
        "tourism": "hotel"
      },
      "geometry": {
        "type": "Point",
        "coordinates": [
          76.0492534,
          11.6317401
        ]
      },
      "id": "node/7512941066"
    },
    {
      "type": "Feature",
      "properties": {
        "@id": "node/7512972221",
        "name": "Breeze land",
        "tourism": "hotel"
      },
      "geometry": {
        "type": "Point",
        "coordinates": [
          76.5417806,
          9.4466147
        ]
      },
      "id": "node/7512972221"
    },
    {
      "type": "Feature",
      "properties": {
        "@id": "node/7513196660",
        "tourism": "hotel"
      },
      "geometry": {
        "type": "Point",
        "coordinates": [
          76.5248131,
          9.5002442
        ]
      },
      "id": "node/7513196660"
    },
    {
      "type": "Feature",
      "properties": {
        "@id": "node/7513248388",
        "addr:street": "MC Road",
        "name": "Mizpha",
        "tourism": "hotel"
      },
      "geometry": {
        "type": "Point",
        "coordinates": [
          76.5243841,
          9.5032543
        ]
      },
      "id": "node/7513248388"
    },
    {
      "type": "Feature",
      "properties": {
        "@id": "node/7513448715",
        "name": "Gayathri International",
        "tourism": "hotel"
      },
      "geometry": {
        "type": "Point",
        "coordinates": [
          75.5919551,
          11.5953646
        ]
      },
      "id": "node/7513448715"
    },
    {
      "type": "Feature",
      "properties": {
        "@id": "node/7514015193",
        "name": "Azad hotel",
        "tourism": "hotel"
      },
      "geometry": {
        "type": "Point",
        "coordinates": [
          76.1780917,
          10.9918313
        ]
      },
      "id": "node/7514015193"
    },
    {
      "type": "Feature",
      "properties": {
        "@id": "node/7515020627",
        "tourism": "hotel"
      },
      "geometry": {
        "type": "Point",
        "coordinates": [
          76.0827113,
          11.614397
        ]
      },
      "id": "node/7515020627"
    },
    {
      "type": "Feature",
      "properties": {
        "@id": "node/7515020674",
        "name": "Tamar",
        "tourism": "hotel"
      },
      "geometry": {
        "type": "Point",
        "coordinates": [
          76.0840913,
          11.6167073
        ]
      },
      "id": "node/7515020674"
    },
    {
      "type": "Feature",
      "properties": {
        "@id": "node/7515049190",
        "name": "friends",
        "tourism": "hotel"
      },
      "geometry": {
        "type": "Point",
        "coordinates": [
          76.1672316,
          11.7920469
        ]
      },
      "id": "node/7515049190"
    },
    {
      "type": "Feature",
      "properties": {
        "@id": "node/7515049195",
        "tourism": "hotel"
      },
      "geometry": {
        "type": "Point",
        "coordinates": [
          76.1675599,
          11.7919744
        ]
      },
      "id": "node/7515049195"
    },
    {
      "type": "Feature",
      "properties": {
        "@id": "node/7515109433",
        "internet_access": "no",
        "name": "dinar hotel",
        "tourism": "hotel"
      },
      "geometry": {
        "type": "Point",
        "coordinates": [
          75.8812906,
          11.3087972
        ]
      },
      "id": "node/7515109433"
    },
    {
      "type": "Feature",
      "properties": {
        "@id": "node/7515369332",
        "tourism": "hotel"
      },
      "geometry": {
        "type": "Point",
        "coordinates": [
          76.3144496,
          11.6078433
        ]
      },
      "id": "node/7515369332"
    },
    {
      "type": "Feature",
      "properties": {
        "@id": "node/7515391388",
        "tourism": "hotel"
      },
      "geometry": {
        "type": "Point",
        "coordinates": [
          76.3123282,
          11.6079325
        ]
      },
      "id": "node/7515391388"
    },
    {
      "type": "Feature",
      "properties": {
        "@id": "node/7515391439",
        "name": "kowat",
        "tourism": "hotel"
      },
      "geometry": {
        "type": "Point",
        "coordinates": [
          76.3117929,
          11.6077213
        ]
      },
      "id": "node/7515391439"
    },
    {
      "type": "Feature",
      "properties": {
        "@id": "node/7515413025",
        "name": "ards mess",
        "tourism": "hotel"
      },
      "geometry": {
        "type": "Point",
        "coordinates": [
          76.0801981,
          11.6175922
        ]
      },
      "id": "node/7515413025"
    },
    {
      "type": "Feature",
      "properties": {
        "@id": "node/7516782080",
        "name": "Hotel Joyees",
        "tourism": "hotel"
      },
      "geometry": {
        "type": "Point",
        "coordinates": [
          76.5329032,
          9.66737
        ]
      },
      "id": "node/7516782080"
    },
    {
      "type": "Feature",
      "properties": {
        "@id": "node/7516823212",
        "tourism": "hotel"
      },
      "geometry": {
        "type": "Point",
        "coordinates": [
          76.1655114,
          11.6600856
        ]
      },
      "id": "node/7516823212"
    },
    {
      "type": "Feature",
      "properties": {
        "@id": "node/7516912496",
        "addr:housenumber": "Hotel Sona",
        "addr:street": "koyilandy -gudallur - edavanna road",
        "name": "Hotel Sona",
        "tourism": "hotel"
      },
      "geometry": {
        "type": "Point",
        "coordinates": [
          76.0298339,
          11.2585818
        ]
      },
      "id": "node/7516912496"
    },
    {
      "type": "Feature",
      "properties": {
        "@id": "node/7516912504",
        "addr:housenumber": "Hotel ruchi",
        "addr:street": "koyilandy -gudallur - edavanna road",
        "name": "Hotel ruchi",
        "tourism": "hotel"
      },
      "geometry": {
        "type": "Point",
        "coordinates": [
          76.0398425,
          11.2537334
        ]
      },
      "id": "node/7516912504"
    },
    {
      "type": "Feature",
      "properties": {
        "@id": "node/7516912507",
        "addr:housenumber": "Tattu kada",
        "addr:street": "koyilandy -gudallur - edavanna road",
        "name": "Tattu kada",
        "tourism": "hotel"
      },
      "geometry": {
        "type": "Point",
        "coordinates": [
          76.0399872,
          11.2532891
        ]
      },
      "id": "node/7516912507"
    },
    {
      "type": "Feature",
      "properties": {
        "@id": "node/7516926193",
        "tourism": "hotel"
      },
      "geometry": {
        "type": "Point",
        "coordinates": [
          76.5531056,
          9.2917488
        ]
      },
      "id": "node/7516926193"
    },
    {
      "type": "Feature",
      "properties": {
        "@id": "node/7516926207",
        "name": "hotel ramya",
        "tourism": "hotel"
      },
      "geometry": {
        "type": "Point",
        "coordinates": [
          76.5343172,
          9.3111822
        ]
      },
      "id": "node/7516926207"
    },
    {
      "type": "Feature",
      "properties": {
        "@id": "node/7517520659",
        "addr:street": "Calicut-Valanchery-Kuttipuram Highway",
        "name": "hotel gujarathi dhaba",
        "tourism": "hotel"
      },
      "geometry": {
        "type": "Point",
        "coordinates": [
          75.935968,
          11.0592386
        ]
      },
      "id": "node/7517520659"
    },
    {
      "type": "Feature",
      "properties": {
        "@id": "node/7517520660",
        "name": "hotel Al farooj",
        "tourism": "hotel"
      },
      "geometry": {
        "type": "Point",
        "coordinates": [
          75.9360106,
          11.059406
        ]
      },
      "id": "node/7517520660"
    },
    {
      "type": "Feature",
      "properties": {
        "@id": "node/7517520665",
        "name": "food magic",
        "tourism": "hotel"
      },
      "geometry": {
        "type": "Point",
        "coordinates": [
          75.9361007,
          11.0598519
        ]
      },
      "id": "node/7517520665"
    },
    {
      "type": "Feature",
      "properties": {
        "@id": "node/7517747073",
        "tourism": "hotel"
      },
      "geometry": {
        "type": "Point",
        "coordinates": [
          76.5378268,
          9.4463381
        ]
      },
      "id": "node/7517747073"
    },
    {
      "type": "Feature",
      "properties": {
        "@id": "node/7517789748",
        "name": "Devi hotels And restaurants",
        "tourism": "hotel"
      },
      "geometry": {
        "type": "Point",
        "coordinates": [
          76.8159546,
          8.6043154
        ]
      },
      "id": "node/7517789748"
    },
    {
      "type": "Feature",
      "properties": {
        "@id": "node/7517791119",
        "name": "CHannankara Hotels",
        "tourism": "hotel"
      },
      "geometry": {
        "type": "Point",
        "coordinates": [
          76.8307823,
          8.5897748
        ]
      },
      "id": "node/7517791119"
    },
    {
      "type": "Feature",
      "properties": {
        "@id": "node/7517795121",
        "name": "Arafa",
        "tourism": "hotel"
      },
      "geometry": {
        "type": "Point",
        "coordinates": [
          76.3313743,
          10.1557025
        ]
      },
      "id": "node/7517795121"
    },
    {
      "type": "Feature",
      "properties": {
        "@id": "node/7517795151",
        "name": "Kunnath",
        "tourism": "hotel"
      },
      "geometry": {
        "type": "Point",
        "coordinates": [
          76.3309598,
          10.1559538
        ]
      },
      "id": "node/7517795151"
    },
    {
      "type": "Feature",
      "properties": {
        "@id": "node/7518219810",
        "name": "Royal Bakes",
        "tourism": "hotel"
      },
      "geometry": {
        "type": "Point",
        "coordinates": [
          76.2983534,
          11.6445279
        ]
      },
      "id": "node/7518219810"
    },
    {
      "type": "Feature",
      "properties": {
        "@id": "node/7518270809",
        "name": "Hotel Rajitha",
        "tourism": "hotel"
      },
      "geometry": {
        "type": "Point",
        "coordinates": [
          75.8746322,
          11.267827
        ]
      },
      "id": "node/7518270809"
    },
    {
      "type": "Feature",
      "properties": {
        "@id": "node/7518498937",
        "name": "Shine Hotel",
        "tourism": "hotel"
      },
      "geometry": {
        "type": "Point",
        "coordinates": [
          75.9018959,
          11.4363759
        ]
      },
      "id": "node/7518498937"
    },
    {
      "type": "Feature",
      "properties": {
        "@id": "node/7518553337",
        "tourism": "hotel"
      },
      "geometry": {
        "type": "Point",
        "coordinates": [
          75.8337242,
          11.4556525
        ]
      },
      "id": "node/7518553337"
    },
    {
      "type": "Feature",
      "properties": {
        "@id": "node/7518635012",
        "name": "Hotel Stand View",
        "tourism": "hotel"
      },
      "geometry": {
        "type": "Point",
        "coordinates": [
          75.9970955,
          11.3210659
        ]
      },
      "id": "node/7518635012"
    },
    {
      "type": "Feature",
      "properties": {
        "@id": "node/7518710741",
        "name": "Hotel Breeze",
        "tourism": "hotel"
      },
      "geometry": {
        "type": "Point",
        "coordinates": [
          76.5306078,
          9.4659493
        ]
      },
      "id": "node/7518710741"
    },
    {
      "type": "Feature",
      "properties": {
        "@id": "node/7518724788",
        "name": "hotal mathilakom veg",
        "tourism": "hotel"
      },
      "geometry": {
        "type": "Point",
        "coordinates": [
          75.9969968,
          11.3217563
        ]
      },
      "id": "node/7518724788"
    },
    {
      "type": "Feature",
      "properties": {
        "@id": "node/7518877392",
        "name": "theeram",
        "tourism": "hotel"
      },
      "geometry": {
        "type": "Point",
        "coordinates": [
          76.2669259,
          10.2407382
        ]
      },
      "id": "node/7518877392"
    },
    {
      "type": "Feature",
      "properties": {
        "@id": "node/7519003590",
        "tourism": "hotel"
      },
      "geometry": {
        "type": "Point",
        "coordinates": [
          76.3399451,
          10.1527567
        ]
      },
      "id": "node/7519003590"
    },
    {
      "type": "Feature",
      "properties": {
        "@id": "node/7519066967",
        "name": "amma hotel",
        "tourism": "hotel"
      },
      "geometry": {
        "type": "Point",
        "coordinates": [
          76.2835735,
          10.229863
        ]
      },
      "id": "node/7519066967"
    },
    {
      "type": "Feature",
      "properties": {
        "@id": "node/7520895672",
        "name": "Hotel Salkara",
        "tourism": "hotel"
      },
      "geometry": {
        "type": "Point",
        "coordinates": [
          76.4538174,
          9.8038112
        ]
      },
      "id": "node/7520895672"
    },
    {
      "type": "Feature",
      "properties": {
        "@id": "node/7520903387",
        "name": "Hotel Chinnus",
        "tourism": "hotel"
      },
      "geometry": {
        "type": "Point",
        "coordinates": [
          76.4537988,
          9.8039175
        ]
      },
      "id": "node/7520903387"
    },
    {
      "type": "Feature",
      "properties": {
        "@id": "node/7521347444",
        "name": "Aradhana Guest House",
        "rooms": "27",
        "tourism": "hotel"
      },
      "geometry": {
        "type": "Point",
        "coordinates": [
          76.2108532,
          10.5170818
        ]
      },
      "id": "node/7521347444"
    },
    {
      "type": "Feature",
      "properties": {
        "@id": "node/7521371071",
        "addr:street": "Kasargod-Kannur-Calicut Highway",
        "name": "Thahzeeb Mahal",
        "tourism": "hotel"
      },
      "geometry": {
        "type": "Point",
        "coordinates": [
          75.2575638,
          12.0806618
        ]
      },
      "id": "node/7521371071"
    },
    {
      "type": "Feature",
      "properties": {
        "@id": "node/7522206162",
        "name": "Sopanam",
        "tourism": "hotel"
      },
      "geometry": {
        "type": "Point",
        "coordinates": [
          75.8016632,
          11.214146
        ]
      },
      "id": "node/7522206162"
    },
    {
      "type": "Feature",
      "properties": {
        "@id": "node/7522355022",
        "name": "Hotel Rainbow",
        "tourism": "hotel"
      },
      "geometry": {
        "type": "Point",
        "coordinates": [
          75.8367474,
          11.2710385
        ]
      },
      "id": "node/7522355022"
    },
    {
      "type": "Feature",
      "properties": {
        "@id": "node/7523104491",
        "name": "Rabiya mahal",
        "tourism": "hotel"
      },
      "geometry": {
        "type": "Point",
        "coordinates": [
          75.2409112,
          12.0802529
        ]
      },
      "id": "node/7523104491"
    },
    {
      "type": "Feature",
      "properties": {
        "@id": "node/7524743276",
        "tourism": "hotel"
      },
      "geometry": {
        "type": "Point",
        "coordinates": [
          76.5283595,
          9.5957308
        ]
      },
      "id": "node/7524743276"
    },
    {
      "type": "Feature",
      "properties": {
        "@id": "node/7525226323",
        "tourism": "hotel"
      },
      "geometry": {
        "type": "Point",
        "coordinates": [
          75.7919775,
          11.3008489
        ]
      },
      "id": "node/7525226323"
    },
    {
      "type": "Feature",
      "properties": {
        "@id": "node/7525420039",
        "name": "Dosa Corner Narikkuni",
        "tourism": "hotel"
      },
      "geometry": {
        "type": "Point",
        "coordinates": [
          75.8641251,
          11.3674718
        ]
      },
      "id": "node/7525420039"
    },
    {
      "type": "Feature",
      "properties": {
        "@id": "node/7525420049",
        "name": "Hotel Athulya",
        "tourism": "hotel"
      },
      "geometry": {
        "type": "Point",
        "coordinates": [
          75.8642007,
          11.3669337
        ]
      },
      "id": "node/7525420049"
    },
    {
      "type": "Feature",
      "properties": {
        "@id": "node/7525420050",
        "name": "royal palace",
        "tourism": "hotel"
      },
      "geometry": {
        "type": "Point",
        "coordinates": [
          75.8641287,
          11.3667934
        ]
      },
      "id": "node/7525420050"
    },
    {
      "type": "Feature",
      "properties": {
        "@id": "node/7525420101",
        "name": "Hotel Royal Palace",
        "tourism": "hotel"
      },
      "geometry": {
        "type": "Point",
        "coordinates": [
          75.8626114,
          11.3658583
        ]
      },
      "id": "node/7525420101"
    },
    {
      "type": "Feature",
      "properties": {
        "@id": "node/7525420141",
        "name": "Surya Vanitha Hotel",
        "tourism": "hotel"
      },
      "geometry": {
        "type": "Point",
        "coordinates": [
          75.8616966,
          11.3641723
        ]
      },
      "id": "node/7525420141"
    },
    {
      "type": "Feature",
      "properties": {
        "@id": "node/7525420275",
        "tourism": "hotel"
      },
      "geometry": {
        "type": "Point",
        "coordinates": [
          75.8461936,
          11.3925195
        ]
      },
      "id": "node/7525420275"
    },
    {
      "type": "Feature",
      "properties": {
        "@id": "node/7525896010",
        "name": "Hotel D Ottathengu",
        "tourism": "hotel"
      },
      "geometry": {
        "type": "Point",
        "coordinates": [
          75.7839771,
          11.3274731
        ]
      },
      "id": "node/7525896010"
    },
    {
      "type": "Feature",
      "properties": {
        "@id": "node/7525929287",
        "name": "Tik Tok Food Court",
        "tourism": "hotel"
      },
      "geometry": {
        "type": "Point",
        "coordinates": [
          76.4464563,
          10.1832388
        ]
      },
      "id": "node/7525929287"
    },
    {
      "type": "Feature",
      "properties": {
        "@id": "node/7526592774",
        "name": "Hotel Sai",
        "tourism": "hotel"
      },
      "geometry": {
        "type": "Point",
        "coordinates": [
          76.1791619,
          10.8015003
        ]
      },
      "id": "node/7526592774"
    },
    {
      "type": "Feature",
      "properties": {
        "@id": "node/7527859828",
        "name": "new plaza",
        "tourism": "hotel"
      },
      "geometry": {
        "type": "Point",
        "coordinates": [
          75.9103521,
          11.3602011
        ]
      },
      "id": "node/7527859828"
    },
    {
      "type": "Feature",
      "properties": {
        "@id": "node/7527859913",
        "tourism": "hotel"
      },
      "geometry": {
        "type": "Point",
        "coordinates": [
          75.9090727,
          11.3744765
        ]
      },
      "id": "node/7527859913"
    },
    {
      "type": "Feature",
      "properties": {
        "@id": "node/7527860195",
        "tourism": "hotel"
      },
      "geometry": {
        "type": "Point",
        "coordinates": [
          75.9365145,
          11.4153521
        ]
      },
      "id": "node/7527860195"
    },
    {
      "type": "Feature",
      "properties": {
        "@id": "node/7527860329",
        "tourism": "hotel"
      },
      "geometry": {
        "type": "Point",
        "coordinates": [
          75.9674226,
          11.4608752
        ]
      },
      "id": "node/7527860329"
    },
    {
      "type": "Feature",
      "properties": {
        "@id": "node/7528072674",
        "name": "Nila",
        "tourism": "hotel"
      },
      "geometry": {
        "type": "Point",
        "coordinates": [
          76.3080399,
          10.0250224
        ]
      },
      "id": "node/7528072674"
    },
    {
      "type": "Feature",
      "properties": {
        "@id": "node/7528072675",
        "name": "Hotel Chakkys",
        "tourism": "hotel"
      },
      "geometry": {
        "type": "Point",
        "coordinates": [
          76.308545,
          10.0248098
        ]
      },
      "id": "node/7528072675"
    },
    {
      "type": "Feature",
      "properties": {
        "@id": "node/7528370020",
        "name": "Hotel Royal Front Rd",
        "tourism": "hotel"
      },
      "geometry": {
        "type": "Point",
        "coordinates": [
          76.3096382,
          10.0280042
        ]
      },
      "id": "node/7528370020"
    },
    {
      "type": "Feature",
      "properties": {
        "@id": "node/7528370027",
        "name": "Sharon",
        "tourism": "hotel"
      },
      "geometry": {
        "type": "Point",
        "coordinates": [
          76.3100486,
          10.0314035
        ]
      },
      "id": "node/7528370027"
    },
    {
      "type": "Feature",
      "properties": {
        "@id": "node/7528370054",
        "name": "Thwayyibs Chappathi Corner",
        "tourism": "hotel"
      },
      "geometry": {
        "type": "Point",
        "coordinates": [
          76.3051589,
          10.0422164
        ]
      },
      "id": "node/7528370054"
    },
    {
      "type": "Feature",
      "properties": {
        "@id": "node/7528767904",
        "name": "Queen Merry Hotel",
        "tourism": "hotel"
      },
      "geometry": {
        "type": "Point",
        "coordinates": [
          76.0637333,
          11.8255942
        ]
      },
      "id": "node/7528767904"
    },
    {
      "type": "Feature",
      "properties": {
        "@id": "node/7529052731",
        "tourism": "hotel"
      },
      "geometry": {
        "type": "Point",
        "coordinates": [
          75.3364462,
          11.9531132
        ]
      },
      "id": "node/7529052731"
    },
    {
      "type": "Feature",
      "properties": {
        "@id": "node/7531098224",
        "tourism": "hotel"
      },
      "geometry": {
        "type": "Point",
        "coordinates": [
          76.0450711,
          11.2496337
        ]
      },
      "id": "node/7531098224"
    },
    {
      "type": "Feature",
      "properties": {
        "@id": "node/7531615496",
        "tourism": "hotel"
      },
      "geometry": {
        "type": "Point",
        "coordinates": [
          75.9670486,
          11.1823332
        ]
      },
      "id": "node/7531615496"
    },
    {
      "type": "Feature",
      "properties": {
        "@id": "node/7539815296",
        "name": "Sagar Hotel",
        "tourism": "hotel"
      },
      "geometry": {
        "type": "Point",
        "coordinates": [
          76.4907679,
          10.9318143
        ]
      },
      "id": "node/7539815296"
    },
    {
      "type": "Feature",
      "properties": {
        "@id": "node/7539815298",
        "name": "Hotel Karakurussi",
        "tourism": "hotel"
      },
      "geometry": {
        "type": "Point",
        "coordinates": [
          76.4908457,
          10.9315193
        ]
      },
      "id": "node/7539815298"
    },
    {
      "type": "Feature",
      "properties": {
        "@id": "node/7540696765",
        "name": "Sreekrishna Hotel",
        "tourism": "hotel"
      },
      "geometry": {
        "type": "Point",
        "coordinates": [
          76.5273311,
          10.9326289
        ]
      },
      "id": "node/7540696765"
    },
    {
      "type": "Feature",
      "properties": {
        "@id": "node/7541732629",
        "name": "Kanhangad South",
        "tourism": "hotel"
      },
      "geometry": {
        "type": "Point",
        "coordinates": [
          75.1022545,
          12.2967182
        ]
      },
      "id": "node/7541732629"
    },
    {
      "type": "Feature",
      "properties": {
        "@id": "node/7544251744",
        "name": "Hotel Durga",
        "tourism": "hotel"
      },
      "geometry": {
        "type": "Point",
        "coordinates": [
          76.5013101,
          10.5961287
        ]
      },
      "id": "node/7544251744"
    },
    {
      "type": "Feature",
      "properties": {
        "@id": "node/7544987465",
        "name": "Mango Hotel",
        "tourism": "hotel"
      },
      "geometry": {
        "type": "Point",
        "coordinates": [
          76.4895393,
          10.6000776
        ]
      },
      "id": "node/7544987465"
    },
    {
      "type": "Feature",
      "properties": {
        "@id": "node/7544987467",
        "name": "AAR JAY HOTEL",
        "tourism": "hotel"
      },
      "geometry": {
        "type": "Point",
        "coordinates": [
          76.4876269,
          10.5996215
        ]
      },
      "id": "node/7544987467"
    },
    {
      "type": "Feature",
      "properties": {
        "@id": "node/7551649292",
        "tourism": "hotel"
      },
      "geometry": {
        "type": "Point",
        "coordinates": [
          75.4029769,
          11.8453045
        ]
      },
      "id": "node/7551649292"
    },
    {
      "type": "Feature",
      "properties": {
        "@id": "node/7560490712",
        "name": "hotel dum malabari",
        "tourism": "hotel"
      },
      "geometry": {
        "type": "Point",
        "coordinates": [
          76.1486589,
          10.5623618
        ]
      },
      "id": "node/7560490712"
    },
    {
      "type": "Feature",
      "properties": {
        "@id": "node/7560494180",
        "name": "hotel jayaprabha",
        "tourism": "hotel"
      },
      "geometry": {
        "type": "Point",
        "coordinates": [
          76.1479991,
          10.5617835
        ]
      },
      "id": "node/7560494180"
    },
    {
      "type": "Feature",
      "properties": {
        "@id": "node/7580349240",
        "tourism": "hotel"
      },
      "geometry": {
        "type": "Point",
        "coordinates": [
          76.3099475,
          11.3341634
        ]
      },
      "id": "node/7580349240"
    },
    {
      "type": "Feature",
      "properties": {
        "@id": "node/7589725695",
        "name": "CP",
        "tourism": "hotel"
      },
      "geometry": {
        "type": "Point",
        "coordinates": [
          76.2004642,
          10.5146115
        ]
      },
      "id": "node/7589725695"
    },
    {
      "type": "Feature",
      "properties": {
        "@id": "node/7591638877",
        "internet_access": "wlan",
        "internet_access:fee": "customers",
        "name": "Periyar Villa Homestay",
        "phone": "+91 9447023755",
        "tourism": "hotel",
        "website": "http://www.periyarvilla.com"
      },
      "geometry": {
        "type": "Point",
        "coordinates": [
          77.1536656,
          9.6167828
        ]
      },
      "id": "node/7591638877"
    },
    {
      "type": "Feature",
      "properties": {
        "@id": "node/7600040718",
        "name": "shekarettan",
        "tourism": "hotel"
      },
      "geometry": {
        "type": "Point",
        "coordinates": [
          76.3633561,
          10.5289065
        ]
      },
      "id": "node/7600040718"
    },
    {
      "type": "Feature",
      "properties": {
        "@id": "node/7600040720",
        "name": "ceekaysrooms and restaurant",
        "tourism": "hotel"
      },
      "geometry": {
        "type": "Point",
        "coordinates": [
          76.3629435,
          10.5282337
        ]
      },
      "id": "node/7600040720"
    },
    {
      "type": "Feature",
      "properties": {
        "@id": "node/7605321385",
        "addr:city": "Kochi",
        "brand": "Marriott",
        "internet_access": "wlan",
        "name": "Kochi Marriott Hotel",
        "name:en": "Kochi Marriott Hotel",
        "name:ml": "കൊച്ചി മാരിയറ്റ് ഹോട്ടൽ",
        "phone": "+91 484 717 7777",
        "rooms": "246",
        "tourism": "hotel"
      },
      "geometry": {
        "type": "Point",
        "coordinates": [
          76.3074257,
          10.0293539
        ]
      },
      "id": "node/7605321385"
    },
    {
      "type": "Feature",
      "properties": {
        "@id": "node/7615336779",
        "air_conditioning": "yes",
        "internet_access": "yes",
        "name": "Holiday Vista",
        "tourism": "hotel"
      },
      "geometry": {
        "type": "Point",
        "coordinates": [
          77.1654826,
          9.6067055
        ]
      },
      "id": "node/7615336779"
    },
    {
      "type": "Feature",
      "properties": {
        "@id": "node/7615683540",
        "brand": "Residence Inn",
        "brand:wikidata": "Q7315394",
        "brand:wikipedia": "en:Residence Inn by Marriott",
        "name": "Dolphin Residence",
        "tourism": "hotel"
      },
      "geometry": {
        "type": "Point",
        "coordinates": [
          77.1685446,
          9.6092039
        ]
      },
      "id": "node/7615683540"
    },
    {
      "type": "Feature",
      "properties": {
        "@id": "node/7632765310",
        "name": "Kavitha Hotel",
        "tourism": "hotel"
      },
      "geometry": {
        "type": "Point",
        "coordinates": [
          76.9893191,
          8.5417152
        ]
      },
      "id": "node/7632765310"
    },
    {
      "type": "Feature",
      "properties": {
        "@id": "node/7633099086",
        "internet_access:fee": "no",
        "name": "Usha Hotel",
        "tourism": "hotel"
      },
      "geometry": {
        "type": "Point",
        "coordinates": [
          77.1339305,
          8.4749583
        ]
      },
      "id": "node/7633099086"
    },
    {
      "type": "Feature",
      "properties": {
        "@id": "node/7635360089",
        "level": "1",
        "name": "Broadway lodge",
        "survey:date": "2020-06-19",
        "tourism": "hotel"
      },
      "geometry": {
        "type": "Point",
        "coordinates": [
          76.2782684,
          9.9784508
        ]
      },
      "id": "node/7635360089"
    },
    {
      "type": "Feature",
      "properties": {
        "@id": "node/7635960040",
        "amenity": "fast_food",
        "tourism": "hotel"
      },
      "geometry": {
        "type": "Point",
        "coordinates": [
          77.1088972,
          8.490787
        ]
      },
      "id": "node/7635960040"
    },
    {
      "type": "Feature",
      "properties": {
        "@id": "node/7637362632",
        "tourism": "hotel"
      },
      "geometry": {
        "type": "Point",
        "coordinates": [
          77.0270624,
          8.5491369
        ]
      },
      "id": "node/7637362632"
    },
    {
      "type": "Feature",
      "properties": {
        "@id": "node/7637363348",
        "tourism": "hotel"
      },
      "geometry": {
        "type": "Point",
        "coordinates": [
          77.0661872,
          8.5512833
        ]
      },
      "id": "node/7637363348"
    },
    {
      "type": "Feature",
      "properties": {
        "@id": "node/7637862665",
        "tourism": "hotel"
      },
      "geometry": {
        "type": "Point",
        "coordinates": [
          76.7319229,
          9.2527206
        ]
      },
      "id": "node/7637862665"
    },
    {
      "type": "Feature",
      "properties": {
        "@id": "node/7638177975",
        "name": "Hotel",
        "tourism": "hotel"
      },
      "geometry": {
        "type": "Point",
        "coordinates": [
          76.4346983,
          10.9885264
        ]
      },
      "id": "node/7638177975"
    },
    {
      "type": "Feature",
      "properties": {
        "@id": "node/7638196125",
        "tourism": "hotel"
      },
      "geometry": {
        "type": "Point",
        "coordinates": [
          76.4308639,
          10.9861433
        ]
      },
      "id": "node/7638196125"
    },
    {
      "type": "Feature",
      "properties": {
        "@id": "node/7638196126",
        "name": "Safa Hotel",
        "tourism": "hotel"
      },
      "geometry": {
        "type": "Point",
        "coordinates": [
          76.430928,
          10.9860491
        ]
      },
      "id": "node/7638196126"
    },
    {
      "type": "Feature",
      "properties": {
        "@id": "node/7726032439",
        "internet_access": "no",
        "tourism": "hotel"
      },
      "geometry": {
        "type": "Point",
        "coordinates": [
          76.321108,
          10.0010898
        ]
      },
      "id": "node/7726032439"
    },
    {
      "type": "Feature",
      "properties": {
        "@id": "node/7735595880",
        "bar": "no",
        "check_date": "2025-12-24",
        "internet_access": "no",
        "name": "Hotel Greenpark",
        "tourism": "hotel"
      },
      "geometry": {
        "type": "Point",
        "coordinates": [
          76.7064052,
          8.9784662
        ]
      },
      "id": "node/7735595880"
    },
    {
      "type": "Feature",
      "properties": {
        "@id": "node/7746096969",
        "addr:postcode": "676503",
        "addr:street": "Calicut-Valanchery-Kuttipuram Highway",
        "name": "Hotel virad",
        "tourism": "hotel"
      },
      "geometry": {
        "type": "Point",
        "coordinates": [
          75.9926511,
          10.9930431
        ]
      },
      "id": "node/7746096969"
    },
    {
      "type": "Feature",
      "properties": {
        "@id": "node/7757091156",
        "name": "Sree Krishna cafe veg",
        "tourism": "hotel"
      },
      "geometry": {
        "type": "Point",
        "coordinates": [
          76.6037939,
          8.8924038
        ]
      },
      "id": "node/7757091156"
    },
    {
      "type": "Feature",
      "properties": {
        "@id": "node/7761712846",
        "name": "Kovil Inn Homestay",
        "tourism": "hotel"
      },
      "geometry": {
        "type": "Point",
        "coordinates": [
          76.3020812,
          9.944042
        ]
      },
      "id": "node/7761712846"
    },
    {
      "type": "Feature",
      "properties": {
        "@id": "node/7799970484",
        "name": "Ritty's",
        "tourism": "hotel"
      },
      "geometry": {
        "type": "Point",
        "coordinates": [
          76.7845138,
          9.3717228
        ]
      },
      "id": "node/7799970484"
    },
    {
      "type": "Feature",
      "properties": {
        "@id": "node/7906067367",
        "addr:city": "Kozhikode",
        "addr:postcode": "673012",
        "name": "Chappathi Corner",
        "tourism": "hotel"
      },
      "geometry": {
        "type": "Point",
        "coordinates": [
          75.8176618,
          11.2936039
        ]
      },
      "id": "node/7906067367"
    },
    {
      "type": "Feature",
      "properties": {
        "@id": "node/7917622843",
        "name": "Hotel Highway",
        "tourism": "hotel"
      },
      "geometry": {
        "type": "Point",
        "coordinates": [
          75.9457082,
          11.2470715
        ]
      },
      "id": "node/7917622843"
    },
    {
      "type": "Feature",
      "properties": {
        "@id": "node/7925582083",
        "name": "Arabim Ottakom",
        "tourism": "hotel"
      },
      "geometry": {
        "type": "Point",
        "coordinates": [
          76.3217083,
          10.0571729
        ]
      },
      "id": "node/7925582083"
    },
    {
      "type": "Feature",
      "properties": {
        "@id": "node/7925583586",
        "addr:city": "tvm",
        "addr:postcode": "695542",
        "addr:street": "Nedumangadu - Shorlacode Highway",
        "tourism": "hotel"
      },
      "geometry": {
        "type": "Point",
        "coordinates": [
          77.0898887,
          8.5752961
        ]
      },
      "id": "node/7925583586"
    },
    {
      "type": "Feature",
      "properties": {
        "@id": "node/7950273524",
        "internet_access": "no",
        "name": "hotel new star",
        "smoking": "outside",
        "stars": "1",
        "tourism": "hotel",
        "wheelchair": "limited"
      },
      "geometry": {
        "type": "Point",
        "coordinates": [
          75.3953196,
          12.0109734
        ]
      },
      "id": "node/7950273524"
    },
    {
      "type": "Feature",
      "properties": {
        "@id": "node/7994214381",
        "addr:city": "SULTHAN BATHERY",
        "addr:postcode": "673592",
        "addr:street": "MANIKUNI",
        "name": "Mojo Bakery",
        "tourism": "hotel"
      },
      "geometry": {
        "type": "Point",
        "coordinates": [
          76.250268,
          11.6609241
        ]
      },
      "id": "node/7994214381"
    },
    {
      "type": "Feature",
      "properties": {
        "@id": "node/7994662785",
        "building": "yes",
        "name": "Hotel Kyvalya",
        "tourism": "hotel"
      },
      "geometry": {
        "type": "Point",
        "coordinates": [
          76.9495663,
          8.4913785
        ]
      },
      "id": "node/7994662785"
    },
    {
      "type": "Feature",
      "properties": {
        "@id": "node/8007217137",
        "name": "Hotel tiptop",
        "tourism": "hotel"
      },
      "geometry": {
        "type": "Point",
        "coordinates": [
          76.1433961,
          10.6553111
        ]
      },
      "id": "node/8007217137"
    },
    {
      "type": "Feature",
      "properties": {
        "@id": "node/8025458484",
        "name": "Prasanth hotel",
        "tourism": "hotel"
      },
      "geometry": {
        "type": "Point",
        "coordinates": [
          75.3622938,
          12.2727464
        ]
      },
      "id": "node/8025458484"
    },
    {
      "type": "Feature",
      "properties": {
        "@id": "node/8050202885",
        "addr:city": "Ernakulam",
        "addr:postcode": "683580",
        "addr:street": "Sreemoolanagaram",
        "amenity": "restaurant",
        "internet_access": "no",
        "name": "Hotel Athul",
        "tourism": "hotel"
      },
      "geometry": {
        "type": "Point",
        "coordinates": [
          76.4015448,
          10.1334175
        ]
      },
      "id": "node/8050202885"
    },
    {
      "type": "Feature",
      "properties": {
        "@id": "node/8142081019",
        "description": "Airbnb homestay",
        "name": "KkPerambil Homestay",
        "phone": "+919020584848",
        "tourism": "hotel"
      },
      "geometry": {
        "type": "Point",
        "coordinates": [
          76.3812012,
          9.5016005
        ]
      },
      "id": "node/8142081019"
    },
    {
      "type": "Feature",
      "properties": {
        "@id": "node/8157242001",
        "name": "Chaandni Lake View",
        "tourism": "hotel"
      },
      "geometry": {
        "type": "Point",
        "coordinates": [
          76.3537285,
          9.5120992
        ]
      },
      "id": "node/8157242001"
    },
    {
      "type": "Feature",
      "properties": {
        "@id": "node/8165303252",
        "tourism": "hotel"
      },
      "geometry": {
        "type": "Point",
        "coordinates": [
          76.6826126,
          8.9017246
        ]
      },
      "id": "node/8165303252"
    },
    {
      "type": "Feature",
      "properties": {
        "@id": "node/8165303253",
        "tourism": "hotel"
      },
      "geometry": {
        "type": "Point",
        "coordinates": [
          76.6826689,
          8.9021884
        ]
      },
      "id": "node/8165303253"
    },
    {
      "type": "Feature",
      "properties": {
        "@id": "node/8165303255",
        "tourism": "hotel"
      },
      "geometry": {
        "type": "Point",
        "coordinates": [
          76.6830791,
          8.9036094
        ]
      },
      "id": "node/8165303255"
    },
    {
      "type": "Feature",
      "properties": {
        "@id": "node/8165303256",
        "tourism": "hotel"
      },
      "geometry": {
        "type": "Point",
        "coordinates": [
          76.6828566,
          8.9042332
        ]
      },
      "id": "node/8165303256"
    },
    {
      "type": "Feature",
      "properties": {
        "@id": "node/8165332453",
        "tourism": "hotel"
      },
      "geometry": {
        "type": "Point",
        "coordinates": [
          76.6801369,
          8.9153341
        ]
      },
      "id": "node/8165332453"
    },
    {
      "type": "Feature",
      "properties": {
        "@id": "node/8167078223",
        "name": "Sidhus hotel",
        "tourism": "hotel"
      },
      "geometry": {
        "type": "Point",
        "coordinates": [
          76.6693811,
          8.895446
        ]
      },
      "id": "node/8167078223"
    },
    {
      "type": "Feature",
      "properties": {
        "@id": "node/8174131107",
        "tourism": "hotel"
      },
      "geometry": {
        "type": "Point",
        "coordinates": [
          76.6741151,
          8.9007339
        ]
      },
      "id": "node/8174131107"
    },
    {
      "type": "Feature",
      "properties": {
        "@id": "node/8176571533",
        "tourism": "hotel"
      },
      "geometry": {
        "type": "Point",
        "coordinates": [
          76.6827891,
          8.9069843
        ]
      },
      "id": "node/8176571533"
    },
    {
      "type": "Feature",
      "properties": {
        "@id": "node/8176571536",
        "tourism": "hotel"
      },
      "geometry": {
        "type": "Point",
        "coordinates": [
          76.6823417,
          8.8978835
        ]
      },
      "id": "node/8176571536"
    },
    {
      "type": "Feature",
      "properties": {
        "@id": "node/8179650713",
        "tourism": "hotel"
      },
      "geometry": {
        "type": "Point",
        "coordinates": [
          75.9191157,
          11.3596847
        ]
      },
      "id": "node/8179650713"
    },
    {
      "type": "Feature",
      "properties": {
        "@id": "node/8191311319",
        "tourism": "hotel"
      },
      "geometry": {
        "type": "Point",
        "coordinates": [
          75.870918,
          11.3003975
        ]
      },
      "id": "node/8191311319"
    },
    {
      "type": "Feature",
      "properties": {
        "@id": "node/8191311320",
        "tourism": "hotel"
      },
      "geometry": {
        "type": "Point",
        "coordinates": [
          75.8693784,
          11.2967152
        ]
      },
      "id": "node/8191311320"
    },
    {
      "type": "Feature",
      "properties": {
        "@id": "node/8191311332",
        "tourism": "hotel"
      },
      "geometry": {
        "type": "Point",
        "coordinates": [
          75.8433985,
          11.279557
        ]
      },
      "id": "node/8191311332"
    },
    {
      "type": "Feature",
      "properties": {
        "@id": "node/8191311354",
        "tourism": "hotel"
      },
      "geometry": {
        "type": "Point",
        "coordinates": [
          75.824588,
          11.2550225
        ]
      },
      "id": "node/8191311354"
    },
    {
      "type": "Feature",
      "properties": {
        "@id": "node/8218098601",
        "tourism": "hotel"
      },
      "geometry": {
        "type": "Point",
        "coordinates": [
          75.9458787,
          11.3932019
        ]
      },
      "id": "node/8218098601"
    },
    {
      "type": "Feature",
      "properties": {
        "@id": "node/8218101539",
        "tourism": "hotel"
      },
      "geometry": {
        "type": "Point",
        "coordinates": [
          75.893214,
          11.3988152
        ]
      },
      "id": "node/8218101539"
    },
    {
      "type": "Feature",
      "properties": {
        "@id": "node/8218101546",
        "tourism": "hotel"
      },
      "geometry": {
        "type": "Point",
        "coordinates": [
          75.9177646,
          11.4008397
        ]
      },
      "id": "node/8218101546"
    },
    {
      "type": "Feature",
      "properties": {
        "@id": "node/8218101562",
        "tourism": "hotel"
      },
      "geometry": {
        "type": "Point",
        "coordinates": [
          75.9261219,
          11.4018892
        ]
      },
      "id": "node/8218101562"
    },
    {
      "type": "Feature",
      "properties": {
        "@id": "node/8218149967",
        "tourism": "hotel"
      },
      "geometry": {
        "type": "Point",
        "coordinates": [
          75.8785872,
          11.3137907
        ]
      },
      "id": "node/8218149967"
    },
    {
      "type": "Feature",
      "properties": {
        "@id": "node/8222225571",
        "addr:city": "cherthala Thankey",
        "addr:street": "Kottaram Jn Road",
        "name": "Hotel Salkara",
        "rooms": "NO",
        "tourism": "hotel"
      },
      "geometry": {
        "type": "Point",
        "coordinates": [
          76.3159906,
          9.7038779
        ]
      },
      "id": "node/8222225571"
    },
    {
      "type": "Feature",
      "properties": {
        "@id": "node/8223416769",
        "tourism": "hotel"
      },
      "geometry": {
        "type": "Point",
        "coordinates": [
          75.5101766,
          12.0422736
        ]
      },
      "id": "node/8223416769"
    },
    {
      "type": "Feature",
      "properties": {
        "@id": "node/8223720764",
        "addr:city": "Cherthala",
        "addr:postcode": "688531",
        "addr:street": "Salem-Kochi-Kanyakumari Road",
        "name": "New Everest",
        "tourism": "hotel"
      },
      "geometry": {
        "type": "Point",
        "coordinates": [
          76.3179784,
          9.7198662
        ]
      },
      "id": "node/8223720764"
    },
    {
      "type": "Feature",
      "properties": {
        "@id": "node/8225043713",
        "addr:city": "Pattanakkad",
        "addr:postcode": "688531",
        "addr:street": "Salem-Kochi-Kanyakumari Road",
        "internet_access": "no",
        "name": "SB Hotel",
        "rooms": "NO",
        "tourism": "hotel"
      },
      "geometry": {
        "type": "Point",
        "coordinates": [
          76.3184162,
          9.7270783
        ]
      },
      "id": "node/8225043713"
    },
    {
      "type": "Feature",
      "properties": {
        "@id": "node/8229905234",
        "tourism": "hotel"
      },
      "geometry": {
        "type": "Point",
        "coordinates": [
          77.162636,
          9.6080365
        ]
      },
      "id": "node/8229905234"
    },
    {
      "type": "Feature",
      "properties": {
        "@id": "node/8231691228",
        "addr:city": "Pattanakkad",
        "addr:postcode": "688531",
        "addr:street": "Salem-Kochi-Kanyakumari Road",
        "internet_access": "no",
        "name": "Hotel Suresh & Fast Food",
        "rooms": "no",
        "tourism": "hotel"
      },
      "geometry": {
        "type": "Point",
        "coordinates": [
          76.3189933,
          9.732206
        ]
      },
      "id": "node/8231691228"
    },
    {
      "type": "Feature",
      "properties": {
        "@id": "node/8259179899",
        "name": "Hotel Green Fort",
        "tourism": "hotel"
      },
      "geometry": {
        "type": "Point",
        "coordinates": [
          76.6375116,
          9.055235
        ]
      },
      "id": "node/8259179899"
    },
    {
      "type": "Feature",
      "properties": {
        "@id": "node/8259179900",
        "name": "BMC Men's Hostel",
        "tourism": "hotel"
      },
      "geometry": {
        "type": "Point",
        "coordinates": [
          76.6450462,
          9.0456406
        ]
      },
      "id": "node/8259179900"
    },
    {
      "type": "Feature",
      "properties": {
        "@id": "node/8274067328",
        "tourism": "hotel"
      },
      "geometry": {
        "type": "Point",
        "coordinates": [
          76.5016339,
          9.1666612
        ]
      },
      "id": "node/8274067328"
    },
    {
      "type": "Feature",
      "properties": {
        "@id": "node/8274177369",
        "tourism": "hotel"
      },
      "geometry": {
        "type": "Point",
        "coordinates": [
          76.6570286,
          10.0241574
        ]
      },
      "id": "node/8274177369"
    },
    {
      "type": "Feature",
      "properties": {
        "@id": "node/8274238616",
        "tourism": "hotel"
      },
      "geometry": {
        "type": "Point",
        "coordinates": [
          76.6310053,
          9.3549346
        ]
      },
      "id": "node/8274238616"
    },
    {
      "type": "Feature",
      "properties": {
        "@id": "node/8277202659",
        "tourism": "hotel"
      },
      "geometry": {
        "type": "Point",
        "coordinates": [
          76.3890073,
          10.8952064
        ]
      },
      "id": "node/8277202659"
    },
    {
      "type": "Feature",
      "properties": {
        "@id": "node/8278007280",
        "tourism": "hotel"
      },
      "geometry": {
        "type": "Point",
        "coordinates": [
          76.6448716,
          10.0224391
        ]
      },
      "id": "node/8278007280"
    },
    {
      "type": "Feature",
      "properties": {
        "@id": "node/8279007800",
        "name": "biju hotel",
        "tourism": "hotel"
      },
      "geometry": {
        "type": "Point",
        "coordinates": [
          76.7278626,
          9.8004727
        ]
      },
      "id": "node/8279007800"
    },
    {
      "type": "Feature",
      "properties": {
        "@id": "node/8280537705",
        "tourism": "hotel"
      },
      "geometry": {
        "type": "Point",
        "coordinates": [
          75.8588335,
          11.233535
        ]
      },
      "id": "node/8280537705"
    },
    {
      "type": "Feature",
      "properties": {
        "@id": "node/8285486538",
        "name": "Swagath",
        "tourism": "hotel"
      },
      "geometry": {
        "type": "Point",
        "coordinates": [
          77.2156661,
          9.9655891
        ]
      },
      "id": "node/8285486538"
    },
    {
      "type": "Feature",
      "properties": {
        "@id": "node/8286534168",
        "name": "Arya",
        "tourism": "hotel"
      },
      "geometry": {
        "type": "Point",
        "coordinates": [
          76.7091434,
          10.0066655
        ]
      },
      "id": "node/8286534168"
    },
    {
      "type": "Feature",
      "properties": {
        "@id": "node/8288485940",
        "tourism": "hotel"
      },
      "geometry": {
        "type": "Point",
        "coordinates": [
          76.0154936,
          11.0439462
        ]
      },
      "id": "node/8288485940"
    },
    {
      "type": "Feature",
      "properties": {
        "@id": "node/8288553402",
        "tourism": "hotel"
      },
      "geometry": {
        "type": "Point",
        "coordinates": [
          76.0152594,
          11.0433513
        ]
      },
      "id": "node/8288553402"
    },
    {
      "type": "Feature",
      "properties": {
        "@id": "node/8288638934",
        "tourism": "hotel"
      },
      "geometry": {
        "type": "Point",
        "coordinates": [
          75.9763767,
          10.9393553
        ]
      },
      "id": "node/8288638934"
    },
    {
      "type": "Feature",
      "properties": {
        "@id": "node/8289319545",
        "name": "shadhi",
        "tourism": "hotel"
      },
      "geometry": {
        "type": "Point",
        "coordinates": [
          76.4443027,
          10.9909151
        ]
      },
      "id": "node/8289319545"
    },
    {
      "type": "Feature",
      "properties": {
        "@id": "node/8289393294",
        "name": "mannarkkad thattukada",
        "tourism": "hotel"
      },
      "geometry": {
        "type": "Point",
        "coordinates": [
          76.4478113,
          10.9882193
        ]
      },
      "id": "node/8289393294"
    },
    {
      "type": "Feature",
      "properties": {
        "@id": "node/8290352511",
        "name": "HOTEL AMRATH",
        "tourism": "hotel"
      },
      "geometry": {
        "type": "Point",
        "coordinates": [
          76.3158542,
          11.0078018
        ]
      },
      "id": "node/8290352511"
    },
    {
      "type": "Feature",
      "properties": {
        "@id": "node/8290523712",
        "name": "Hotel Madeena",
        "tourism": "hotel"
      },
      "geometry": {
        "type": "Point",
        "coordinates": [
          75.975649,
          10.9464322
        ]
      },
      "id": "node/8290523712"
    },
    {
      "type": "Feature",
      "properties": {
        "@id": "node/8290631145",
        "tourism": "hotel"
      },
      "geometry": {
        "type": "Point",
        "coordinates": [
          76.022845,
          11.0421561
        ]
      },
      "id": "node/8290631145"
    },
    {
      "type": "Feature",
      "properties": {
        "@id": "node/8292206041",
        "addr:city": "Kunnumpuram",
        "addr:housenumber": "kunnumpuram",
        "addr:postcode": "676305",
        "addr:street": "Kunnumpuram - Kakkad Road",
        "tourism": "hotel"
      },
      "geometry": {
        "type": "Point",
        "coordinates": [
          75.9522067,
          11.0857142
        ]
      },
      "id": "node/8292206041"
    },
    {
      "type": "Feature",
      "properties": {
        "@id": "node/8292396489",
        "name": "hotel saleena",
        "tourism": "hotel"
      },
      "geometry": {
        "type": "Point",
        "coordinates": [
          76.4540385,
          10.9905051
        ]
      },
      "id": "node/8292396489"
    },
    {
      "type": "Feature",
      "properties": {
        "@id": "node/8292527347",
        "tourism": "hotel"
      },
      "geometry": {
        "type": "Point",
        "coordinates": [
          76.5186269,
          10.1104126
        ]
      },
      "id": "node/8292527347"
    },
    {
      "type": "Feature",
      "properties": {
        "@id": "node/8292546505",
        "tourism": "hotel"
      },
      "geometry": {
        "type": "Point",
        "coordinates": [
          76.3494906,
          11.0595632
        ]
      },
      "id": "node/8292546505"
    },
    {
      "type": "Feature",
      "properties": {
        "@id": "node/8292878134",
        "name": "hot point",
        "tourism": "hotel"
      },
      "geometry": {
        "type": "Point",
        "coordinates": [
          76.4537488,
          10.9898587
        ]
      },
      "id": "node/8292878134"
    },
    {
      "type": "Feature",
      "properties": {
        "@id": "node/8292979600",
        "tourism": "hotel"
      },
      "geometry": {
        "type": "Point",
        "coordinates": [
          76.0015133,
          11.1302052
        ]
      },
      "id": "node/8292979600"
    },
    {
      "type": "Feature",
      "properties": {
        "@id": "node/8293054685",
        "name": "TOP CHICKEN",
        "tourism": "hotel"
      },
      "geometry": {
        "type": "Point",
        "coordinates": [
          75.928779,
          10.8923396
        ]
      },
      "id": "node/8293054685"
    },
    {
      "type": "Feature",
      "properties": {
        "@id": "node/8293209615",
        "name": "sagar hotel",
        "tourism": "hotel"
      },
      "geometry": {
        "type": "Point",
        "coordinates": [
          76.2162346,
          11.2691746
        ]
      },
      "id": "node/8293209615"
    },
    {
      "type": "Feature",
      "properties": {
        "@id": "node/8293209901",
        "tourism": "hotel"
      },
      "geometry": {
        "type": "Point",
        "coordinates": [
          76.2152261,
          11.2688747
        ]
      },
      "id": "node/8293209901"
    },
    {
      "type": "Feature",
      "properties": {
        "@id": "node/8293220630",
        "name": "TIRUR TOURIST HOME",
        "tourism": "hotel"
      },
      "geometry": {
        "type": "Point",
        "coordinates": [
          75.9215287,
          10.9172694
        ]
      },
      "id": "node/8293220630"
    },
    {
      "type": "Feature",
      "properties": {
        "@id": "node/8293282815",
        "tourism": "hotel"
      },
      "geometry": {
        "type": "Point",
        "coordinates": [
          76.6234126,
          8.8693055
        ]
      },
      "id": "node/8293282815"
    },
    {
      "type": "Feature",
      "properties": {
        "@id": "node/8293375741",
        "name": "HOTEL ZODIAC",
        "tourism": "hotel"
      },
      "geometry": {
        "type": "Point",
        "coordinates": [
          75.9201491,
          10.9140631
        ]
      },
      "id": "node/8293375741"
    },
    {
      "type": "Feature",
      "properties": {
        "@id": "node/8293388693",
        "name": "CITY PARK HOTEL",
        "tourism": "hotel"
      },
      "geometry": {
        "type": "Point",
        "coordinates": [
          75.9214366,
          10.914308
        ]
      },
      "id": "node/8293388693"
    },
    {
      "type": "Feature",
      "properties": {
        "@id": "node/8293787328",
        "name": "LILLIS FAMILY",
        "tourism": "hotel"
      },
      "geometry": {
        "type": "Point",
        "coordinates": [
          75.927339,
          10.9208252
        ]
      },
      "id": "node/8293787328"
    },
    {
      "type": "Feature",
      "properties": {
        "@id": "node/8294042232",
        "tourism": "hotel"
      },
      "geometry": {
        "type": "Point",
        "coordinates": [
          76.6247391,
          8.8734181
        ]
      },
      "id": "node/8294042232"
    },
    {
      "type": "Feature",
      "properties": {
        "@id": "node/8294388756",
        "tourism": "hotel"
      },
      "geometry": {
        "type": "Point",
        "coordinates": [
          76.3457312,
          11.0751049
        ]
      },
      "id": "node/8294388756"
    },
    {
      "type": "Feature",
      "properties": {
        "@id": "node/8295405921",
        "tourism": "hotel"
      },
      "geometry": {
        "type": "Point",
        "coordinates": [
          76.0127357,
          11.0343546
        ]
      },
      "id": "node/8295405921"
    },
    {
      "type": "Feature",
      "properties": {
        "@id": "node/8295560262",
        "name": "Hotele Madeena",
        "tourism": "hotel"
      },
      "geometry": {
        "type": "Point",
        "coordinates": [
          76.3867045,
          10.9967422
        ]
      },
      "id": "node/8295560262"
    },
    {
      "type": "Feature",
      "properties": {
        "@id": "node/8304969186",
        "name": "Chirag Inn",
        "tourism": "hotel"
      },
      "geometry": {
        "type": "Point",
        "coordinates": [
          76.9477711,
          8.4962482
        ]
      },
      "id": "node/8304969186"
    },
    {
      "type": "Feature",
      "properties": {
        "@id": "node/8308024434",
        "name": "Shilpa Retreat",
        "tourism": "hotel"
      },
      "geometry": {
        "type": "Point",
        "coordinates": [
          76.8649404,
          8.892511
        ]
      },
      "id": "node/8308024434"
    },
    {
      "type": "Feature",
      "properties": {
        "@id": "node/8308299612",
        "name": "Diana",
        "tourism": "hotel"
      },
      "geometry": {
        "type": "Point",
        "coordinates": [
          76.4738747,
          10.5912689
        ]
      },
      "id": "node/8308299612"
    },
    {
      "type": "Feature",
      "properties": {
        "@id": "node/8313700707",
        "brand": "Residence Inn",
        "brand:wikidata": "Q7315394",
        "brand:wikipedia": "en:Residence Inn by Marriott",
        "name": "Residence Inn",
        "official_name": "Residence Inn by Marriott",
        "tourism": "hotel"
      },
      "geometry": {
        "type": "Point",
        "coordinates": [
          76.9522974,
          8.4742244
        ]
      },
      "id": "node/8313700707"
    },
    {
      "type": "Feature",
      "properties": {
        "@id": "node/8318092136",
        "name": "Sony Hotel",
        "tourism": "hotel"
      },
      "geometry": {
        "type": "Point",
        "coordinates": [
          76.7834561,
          9.007519
        ]
      },
      "id": "node/8318092136"
    },
    {
      "type": "Feature",
      "properties": {
        "@id": "node/8321808717",
        "name": "Hotel",
        "tourism": "hotel"
      },
      "geometry": {
        "type": "Point",
        "coordinates": [
          76.2608349,
          11.1894539
        ]
      },
      "id": "node/8321808717"
    },
    {
      "type": "Feature",
      "properties": {
        "@id": "node/8321882854",
        "tourism": "hotel"
      },
      "geometry": {
        "type": "Point",
        "coordinates": [
          76.2636753,
          11.1899212
        ]
      },
      "id": "node/8321882854"
    },
    {
      "type": "Feature",
      "properties": {
        "@id": "node/8323448581",
        "name": "Chirakkal Hotel,Kavumpady",
        "tourism": "hotel"
      },
      "geometry": {
        "type": "Point",
        "coordinates": [
          76.5882474,
          9.6016783
        ]
      },
      "id": "node/8323448581"
    },
    {
      "type": "Feature",
      "properties": {
        "@id": "node/8323694083",
        "name": "Hotel",
        "tourism": "hotel"
      },
      "geometry": {
        "type": "Point",
        "coordinates": [
          76.5727067,
          10.0550783
        ]
      },
      "id": "node/8323694083"
    },
    {
      "type": "Feature",
      "properties": {
        "@id": "node/8324014254",
        "name": "Thattukada",
        "tourism": "hotel"
      },
      "geometry": {
        "type": "Point",
        "coordinates": [
          77.0474412,
          9.7107733
        ]
      },
      "id": "node/8324014254"
    },
    {
      "type": "Feature",
      "properties": {
        "@id": "node/8324109344",
        "name": "Fast Food Planet Cafe",
        "tourism": "hotel"
      },
      "geometry": {
        "type": "Point",
        "coordinates": [
          76.0718538,
          11.051325
        ]
      },
      "id": "node/8324109344"
    },
    {
      "type": "Feature",
      "properties": {
        "@id": "node/8324392621",
        "name": "hotel karthika",
        "tourism": "hotel"
      },
      "geometry": {
        "type": "Point",
        "coordinates": [
          76.0595169,
          10.6559283
        ]
      },
      "id": "node/8324392621"
    },
    {
      "type": "Feature",
      "properties": {
        "@id": "node/8324432651",
        "tourism": "hotel"
      },
      "geometry": {
        "type": "Point",
        "coordinates": [
          76.2762111,
          10.7606411
        ]
      },
      "id": "node/8324432651"
    },
    {
      "type": "Feature",
      "properties": {
        "@id": "node/8324432680",
        "tourism": "hotel"
      },
      "geometry": {
        "type": "Point",
        "coordinates": [
          76.2728774,
          10.7599301
        ]
      },
      "id": "node/8324432680"
    },
    {
      "type": "Feature",
      "properties": {
        "@id": "node/8324551054",
        "internet_access": "no",
        "name": "Swamy Hotel",
        "rooms": "0",
        "tourism": "hotel"
      },
      "geometry": {
        "type": "Point",
        "coordinates": [
          76.6206696,
          9.1513563
        ]
      },
      "id": "node/8324551054"
    },
    {
      "type": "Feature",
      "properties": {
        "@id": "node/8324551166",
        "tourism": "hotel"
      },
      "geometry": {
        "type": "Point",
        "coordinates": [
          76.6149677,
          9.1582959
        ]
      },
      "id": "node/8324551166"
    },
    {
      "type": "Feature",
      "properties": {
        "@id": "node/8324608476",
        "tourism": "hotel"
      },
      "geometry": {
        "type": "Point",
        "coordinates": [
          76.2527484,
          11.1914107
        ]
      },
      "id": "node/8324608476"
    },
    {
      "type": "Feature",
      "properties": {
        "@id": "node/8324661194",
        "tourism": "hotel"
      },
      "geometry": {
        "type": "Point",
        "coordinates": [
          76.2438501,
          11.1942463
        ]
      },
      "id": "node/8324661194"
    },
    {
      "type": "Feature",
      "properties": {
        "@id": "node/8326679488",
        "name": "RUCHI HUT",
        "tourism": "hotel"
      },
      "geometry": {
        "type": "Point",
        "coordinates": [
          75.8445252,
          11.0883966
        ]
      },
      "id": "node/8326679488"
    },
    {
      "type": "Feature",
      "properties": {
        "@id": "node/8326971560",
        "name": "Hotel Akash",
        "tourism": "hotel"
      },
      "geometry": {
        "type": "Point",
        "coordinates": [
          76.2836454,
          10.4898259
        ]
      },
      "id": "node/8326971560"
    },
    {
      "type": "Feature",
      "properties": {
        "@id": "node/8327112977",
        "name": "Samrithi Hotel",
        "tourism": "hotel"
      },
      "geometry": {
        "type": "Point",
        "coordinates": [
          76.256606,
          10.5739157
        ]
      },
      "id": "node/8327112977"
    },
    {
      "type": "Feature",
      "properties": {
        "@id": "node/8327114536",
        "tourism": "hotel"
      },
      "geometry": {
        "type": "Point",
        "coordinates": [
          76.0943735,
          11.0399922
        ]
      },
      "id": "node/8327114536"
    },
    {
      "type": "Feature",
      "properties": {
        "@id": "node/8327117214",
        "tourism": "hotel"
      },
      "geometry": {
        "type": "Point",
        "coordinates": [
          76.0957577,
          11.0382891
        ]
      },
      "id": "node/8327117214"
    },
    {
      "type": "Feature",
      "properties": {
        "@id": "node/8327121369",
        "name": "Gorgettans hotel",
        "tourism": "hotel"
      },
      "geometry": {
        "type": "Point",
        "coordinates": [
          76.2880222,
          10.4876589
        ]
      },
      "id": "node/8327121369"
    },
    {
      "type": "Feature",
      "properties": {
        "@id": "node/8327421835",
        "name": "New star hotel",
        "tourism": "hotel"
      },
      "geometry": {
        "type": "Point",
        "coordinates": [
          76.148707,
          10.497457
        ]
      },
      "id": "node/8327421835"
    },
    {
      "type": "Feature",
      "properties": {
        "@id": "node/8327509191",
        "name": "Uthradam",
        "tourism": "hotel"
      },
      "geometry": {
        "type": "Point",
        "coordinates": [
          76.1386068,
          10.6082184
        ]
      },
      "id": "node/8327509191"
    },
    {
      "type": "Feature",
      "properties": {
        "@id": "node/8333561762",
        "tourism": "hotel"
      },
      "geometry": {
        "type": "Point",
        "coordinates": [
          76.0602726,
          10.6570022
        ]
      },
      "id": "node/8333561762"
    },
    {
      "type": "Feature",
      "properties": {
        "@id": "node/8333899170",
        "name": "yellow mushroom",
        "tourism": "hotel"
      },
      "geometry": {
        "type": "Point",
        "coordinates": [
          76.2470815,
          10.6625293
        ]
      },
      "id": "node/8333899170"
    },
    {
      "type": "Feature",
      "properties": {
        "@id": "node/8333942207",
        "name": "Vidhu Hotel",
        "tourism": "hotel"
      },
      "geometry": {
        "type": "Point",
        "coordinates": [
          76.206763,
          10.6299381
        ]
      },
      "id": "node/8333942207"
    },
    {
      "type": "Feature",
      "properties": {
        "@id": "node/8333962795",
        "name": "aditya",
        "tourism": "hotel"
      },
      "geometry": {
        "type": "Point",
        "coordinates": [
          76.4596912,
          9.2794798
        ]
      },
      "id": "node/8333962795"
    },
    {
      "type": "Feature",
      "properties": {
        "@id": "node/8333962796",
        "tourism": "hotel"
      },
      "geometry": {
        "type": "Point",
        "coordinates": [
          76.459035,
          9.280317
        ]
      },
      "id": "node/8333962796"
    },
    {
      "type": "Feature",
      "properties": {
        "@id": "node/8333962797",
        "name": "chicken and chikago",
        "tourism": "hotel"
      },
      "geometry": {
        "type": "Point",
        "coordinates": [
          76.4579636,
          9.2813611
        ]
      },
      "id": "node/8333962797"
    },
    {
      "type": "Feature",
      "properties": {
        "@id": "node/8334243464",
        "name": "Govind Inn",
        "tourism": "hotel"
      },
      "geometry": {
        "type": "Point",
        "coordinates": [
          76.0402535,
          10.5969083
        ]
      },
      "id": "node/8334243464"
    },
    {
      "type": "Feature",
      "properties": {
        "@id": "node/8334374585",
        "name": "victory hotel",
        "tourism": "hotel"
      },
      "geometry": {
        "type": "Point",
        "coordinates": [
          76.076075,
          10.6670722
        ]
      },
      "id": "node/8334374585"
    },
    {
      "type": "Feature",
      "properties": {
        "@id": "node/8339321738",
        "tourism": "hotel"
      },
      "geometry": {
        "type": "Point",
        "coordinates": [
          76.2262409,
          10.503297
        ]
      },
      "id": "node/8339321738"
    },
    {
      "type": "Feature",
      "properties": {
        "@id": "node/8342926192",
        "addr:housenumber": "Oyo 15554",
        "addr:street": "NH 47 Bypass Road, Near Juma Masjid, Kazhakkoottam, Kerala, 695582",
        "description": "Oyo 15554",
        "name": "Hotel Al Saj",
        "phone": "+911246201616",
        "tourism": "hotel",
        "website": "https://www.oyorooms.com"
      },
      "geometry": {
        "type": "Point",
        "coordinates": [
          76.8672274,
          8.5747458
        ]
      },
      "id": "node/8342926192"
    },
    {
      "type": "Feature",
      "properties": {
        "@id": "node/8344618986",
        "name": "Hotel Roma Central",
        "tourism": "hotel"
      },
      "geometry": {
        "type": "Point",
        "coordinates": [
          76.5337781,
          9.1782154
        ]
      },
      "id": "node/8344618986"
    },
    {
      "type": "Feature",
      "properties": {
        "@id": "node/8344702751",
        "name": "sreelekshmi residency",
        "tourism": "hotel"
      },
      "geometry": {
        "type": "Point",
        "coordinates": [
          76.552616,
          9.1396285
        ]
      },
      "id": "node/8344702751"
    },
    {
      "type": "Feature",
      "properties": {
        "@id": "node/8345433440",
        "name": "Sreevalsam Residency",
        "tourism": "hotel"
      },
      "geometry": {
        "type": "Point",
        "coordinates": [
          76.672097,
          9.2432705
        ]
      },
      "id": "node/8345433440"
    },
    {
      "type": "Feature",
      "properties": {
        "@id": "node/8345433442",
        "name": "Madhan Hotel",
        "tourism": "hotel"
      },
      "geometry": {
        "type": "Point",
        "coordinates": [
          76.6502385,
          9.2894825
        ]
      },
      "id": "node/8345433442"
    },
    {
      "type": "Feature",
      "properties": {
        "@id": "node/8346229561",
        "addr:housenumber": "1",
        "addr:street": "Puthiyara, Jail Rd, Kozhikode, Kerala, 673004",
        "description": "Oyo 30543",
        "name": "La Mer Inn",
        "phone": "+91124 620 1166",
        "tourism": "hotel",
        "website": "https://www.oyorooms.com"
      },
      "geometry": {
        "type": "Point",
        "coordinates": [
          75.7925587,
          11.2505738
        ]
      },
      "id": "node/8346229561"
    },
    {
      "type": "Feature",
      "properties": {
        "@id": "node/8347354861",
        "name": "EAT & PARK",
        "tourism": "hotel"
      },
      "geometry": {
        "type": "Point",
        "coordinates": [
          76.5866899,
          9.2550332
        ]
      },
      "id": "node/8347354861"
    },
    {
      "type": "Feature",
      "properties": {
        "@id": "node/8347354866",
        "tourism": "hotel"
      },
      "geometry": {
        "type": "Point",
        "coordinates": [
          76.5866925,
          9.2543681
        ]
      },
      "id": "node/8347354866"
    },
    {
      "type": "Feature",
      "properties": {
        "@id": "node/8347354874",
        "name": "CHAITANYA HOTEL",
        "tourism": "hotel"
      },
      "geometry": {
        "type": "Point",
        "coordinates": [
          76.5956753,
          9.2601785
        ]
      },
      "id": "node/8347354874"
    },
    {
      "type": "Feature",
      "properties": {
        "@id": "node/8348117904",
        "amenity": "restaurant",
        "name": "Restaurant",
        "tourism": "hotel"
      },
      "geometry": {
        "type": "Point",
        "coordinates": [
          76.5854042,
          9.2821367
        ]
      },
      "id": "node/8348117904"
    },
    {
      "type": "Feature",
      "properties": {
        "@id": "node/8356308584",
        "addr:city": "karunagappally",
        "addr:postcode": "690518",
        "addr:street": "Salem-Kochi-Kanyakumari Road",
        "air_conditioning": "no",
        "internet_access": "no",
        "name": "Sibi Hotel",
        "smoking": "no",
        "tourism": "hotel"
      },
      "geometry": {
        "type": "Point",
        "coordinates": [
          76.5353961,
          9.0528126
        ]
      },
      "id": "node/8356308584"
    },
    {
      "type": "Feature",
      "properties": {
        "@id": "node/8359960359",
        "addr:place": "Varkala",
        "addr:postcode": "695308",
        "addr:street": "Pannayilkadavu road",
        "check_date": "2023-01-16",
        "email": "info@vakkompalazzo.in",
        "name": "Vakkom Palazzo",
        "name:en": "Vakkom Palazzo",
        "name:mr": "वक्कोम पलाझो",
        "phone": "+91 90375 16003",
        "tourism": "hotel",
        "website": "https://www.vakkompalazzo.in"
      },
      "geometry": {
        "type": "Point",
        "coordinates": [
          76.7529659,
          8.6989805
        ]
      },
      "id": "node/8359960359"
    },
    {
      "type": "Feature",
      "properties": {
        "@id": "node/8361308276",
        "tourism": "hotel"
      },
      "geometry": {
        "type": "Point",
        "coordinates": [
          76.952738,
          10.0147828
        ]
      },
      "id": "node/8361308276"
    },
    {
      "type": "Feature",
      "properties": {
        "@id": "node/8386096866",
        "tourism": "hotel"
      },
      "geometry": {
        "type": "Point",
        "coordinates": [
          75.9951354,
          11.4819508
        ]
      },
      "id": "node/8386096866"
    },
    {
      "type": "Feature",
      "properties": {
        "@id": "node/8389114411",
        "tourism": "hotel"
      },
      "geometry": {
        "type": "Point",
        "coordinates": [
          75.7750679,
          11.2901624
        ]
      },
      "id": "node/8389114411"
    },
    {
      "type": "Feature",
      "properties": {
        "@id": "node/8389379299",
        "name": "Lords Hotel",
        "tourism": "hotel"
      },
      "geometry": {
        "type": "Point",
        "coordinates": [
          76.5262895,
          9.7916643
        ]
      },
      "id": "node/8389379299"
    },
    {
      "type": "Feature",
      "properties": {
        "@id": "node/8392518925",
        "tourism": "hotel"
      },
      "geometry": {
        "type": "Point",
        "coordinates": [
          76.8785571,
          9.4471986
        ]
      },
      "id": "node/8392518925"
    },
    {
      "type": "Feature",
      "properties": {
        "@id": "node/8392771422",
        "addr:city": "Thodupuzha",
        "addr:postcode": "685585",
        "addr:street": "Thodupuzha - Udumbanoor Road",
        "name": "Krishna Hotel",
        "tourism": "hotel"
      },
      "geometry": {
        "type": "Point",
        "coordinates": [
          76.7293149,
          9.9054122
        ]
      },
      "id": "node/8392771422"
    },
    {
      "type": "Feature",
      "properties": {
        "@id": "node/8394296110",
        "addr:city": "koratty",
        "addr:street": "Kuruvamozhi",
        "name": "Hotel Kuruvamozhi",
        "tourism": "hotel"
      },
      "geometry": {
        "type": "Point",
        "coordinates": [
          76.8354877,
          9.5005389
        ]
      },
      "id": "node/8394296110"
    },
    {
      "type": "Feature",
      "properties": {
        "@id": "node/8396373602",
        "addr:city": "Puthencruz",
        "addr:postcode": "682308",
        "name": "Hotel Ajith",
        "tourism": "hotel"
      },
      "geometry": {
        "type": "Point",
        "coordinates": [
          76.4233768,
          9.969194
        ]
      },
      "id": "node/8396373602"
    },
    {
      "type": "Feature",
      "properties": {
        "@id": "node/8396373603",
        "addr:city": "Puthencruz",
        "addr:postcode": "682308",
        "name": "Karuna Hotel",
        "tourism": "hotel"
      },
      "geometry": {
        "type": "Point",
        "coordinates": [
          76.4232345,
          9.9690378
        ]
      },
      "id": "node/8396373603"
    },
    {
      "type": "Feature",
      "properties": {
        "@id": "node/8396705991",
        "addr:city": "MUVATTUPUZHA",
        "addr:postcode": "686673",
        "addr:street": "ONEWAY JUNCTION",
        "cuisine": "asian;indian",
        "diet:halal": "yes",
        "diet:non-vegetarian": "yes",
        "diet:vegetarian": "yes",
        "name": "HOTEL RAHMATH",
        "opening_hours:covid19": "off",
        "tourism": "hotel"
      },
      "geometry": {
        "type": "Point",
        "coordinates": [
          76.5869119,
          9.9925218
        ]
      },
      "id": "node/8396705991"
    },
    {
      "type": "Feature",
      "properties": {
        "@id": "node/8397017848",
        "name": "RIVERA RESTURANT",
        "tourism": "hotel"
      },
      "geometry": {
        "type": "Point",
        "coordinates": [
          76.5846555,
          9.9888498
        ]
      },
      "id": "node/8397017848"
    },
    {
      "type": "Feature",
      "properties": {
        "@id": "node/8397203088",
        "name": "safari",
        "tourism": "hotel"
      },
      "geometry": {
        "type": "Point",
        "coordinates": [
          76.6052261,
          9.9725298
        ]
      },
      "id": "node/8397203088"
    },
    {
      "type": "Feature",
      "properties": {
        "@id": "node/8397213620",
        "name": "Udhaya",
        "tourism": "hotel"
      },
      "geometry": {
        "type": "Point",
        "coordinates": [
          76.6054932,
          9.9721711
        ]
      },
      "id": "node/8397213620"
    },
    {
      "type": "Feature",
      "properties": {
        "@id": "node/8397217399",
        "addr:street": "Muvattupuzha-Kothamangalam Road",
        "brand": "kumar",
        "name": "anugraha",
        "tourism": "hotel"
      },
      "geometry": {
        "type": "Point",
        "coordinates": [
          76.6205825,
          10.062509
        ]
      },
      "id": "node/8397217399"
    },
    {
      "type": "Feature",
      "properties": {
        "@id": "node/8397220989",
        "tourism": "hotel"
      },
      "geometry": {
        "type": "Point",
        "coordinates": [
          76.6053516,
          9.9724545
        ]
      },
      "id": "node/8397220989"
    },
    {
      "type": "Feature",
      "properties": {
        "@id": "node/8397283432",
        "tourism": "hotel"
      },
      "geometry": {
        "type": "Point",
        "coordinates": [
          76.6046319,
          9.9725236
        ]
      },
      "id": "node/8397283432"
    },
    {
      "type": "Feature",
      "properties": {
        "@id": "node/8398559933",
        "tourism": "hotel"
      },
      "geometry": {
        "type": "Point",
        "coordinates": [
          76.6575997,
          9.4900568
        ]
      },
      "id": "node/8398559933"
    },
    {
      "type": "Feature",
      "properties": {
        "@id": "node/8399094477",
        "name": "Chaayakada",
        "tourism": "hotel"
      },
      "geometry": {
        "type": "Point",
        "coordinates": [
          76.7962382,
          9.5066264
        ]
      },
      "id": "node/8399094477"
    },
    {
      "type": "Feature",
      "properties": {
        "@id": "node/8399094478",
        "name": "Manu Hotel",
        "tourism": "hotel"
      },
      "geometry": {
        "type": "Point",
        "coordinates": [
          76.7963665,
          9.5065785
        ]
      },
      "id": "node/8399094478"
    },
    {
      "type": "Feature",
      "properties": {
        "@id": "node/8399400577",
        "addr:city": "Thookkupalam",
        "addr:postcode": "685552",
        "addr:street": "Thookupalam - Ramakkalmedu Road",
        "name": "keerthi hotel",
        "tourism": "hotel"
      },
      "geometry": {
        "type": "Point",
        "coordinates": [
          77.1928658,
          9.8140291
        ]
      },
      "id": "node/8399400577"
    },
    {
      "type": "Feature",
      "properties": {
        "@id": "node/8401219525",
        "name": "hotel",
        "tourism": "hotel"
      },
      "geometry": {
        "type": "Point",
        "coordinates": [
          76.585231,
          10.0413997
        ]
      },
      "id": "node/8401219525"
    },
    {
      "type": "Feature",
      "properties": {
        "@id": "node/8401546487",
        "name": "BIG BUN BAKERS",
        "tourism": "hotel"
      },
      "geometry": {
        "type": "Point",
        "coordinates": [
          76.5942642,
          9.9858684
        ]
      },
      "id": "node/8401546487"
    },
    {
      "type": "Feature",
      "properties": {
        "@id": "node/8401581603",
        "tourism": "hotel"
      },
      "geometry": {
        "type": "Point",
        "coordinates": [
          76.5899463,
          9.9897688
        ]
      },
      "id": "node/8401581603"
    },
    {
      "type": "Feature",
      "properties": {
        "@id": "node/8401592545",
        "tourism": "hotel"
      },
      "geometry": {
        "type": "Point",
        "coordinates": [
          76.5886837,
          9.9919122
        ]
      },
      "id": "node/8401592545"
    },
    {
      "type": "Feature",
      "properties": {
        "@id": "node/8402359642",
        "tourism": "hotel"
      },
      "geometry": {
        "type": "Point",
        "coordinates": [
          76.603593,
          9.9723329
        ]
      },
      "id": "node/8402359642"
    },
    {
      "type": "Feature",
      "properties": {
        "@id": "node/8404841062",
        "name": "Residency",
        "tourism": "hotel"
      },
      "geometry": {
        "type": "Point",
        "coordinates": [
          76.5269207,
          9.0895196
        ]
      },
      "id": "node/8404841062"
    },
    {
      "type": "Feature",
      "properties": {
        "@id": "node/8406774376",
        "tourism": "hotel"
      },
      "geometry": {
        "type": "Point",
        "coordinates": [
          76.2162323,
          11.6328051
        ]
      },
      "id": "node/8406774376"
    },
    {
      "type": "Feature",
      "properties": {
        "@id": "node/8407672725",
        "name": "top city",
        "tourism": "hotel"
      },
      "geometry": {
        "type": "Point",
        "coordinates": [
          75.8584746,
          11.0487318
        ]
      },
      "id": "node/8407672725"
    },
    {
      "type": "Feature",
      "properties": {
        "@id": "node/8407741868",
        "addr:postcode": "691536",
        "addr:street": "Kadakkal -Kummil- Kallara Road",
        "internet_access": "no",
        "name": "Hotel Shijina",
        "tourism": "hotel"
      },
      "geometry": {
        "type": "Point",
        "coordinates": [
          76.9397238,
          8.7878069
        ]
      },
      "id": "node/8407741868"
    },
    {
      "type": "Feature",
      "properties": {
        "@id": "node/8408536199",
        "addr:city": "Meppadi",
        "addr:postcode": "673577",
        "addr:street": "Calicut - Vythiri - Gudalur Road",
        "name": "Bismi hotel",
        "tourism": "hotel"
      },
      "geometry": {
        "type": "Point",
        "coordinates": [
          76.1552126,
          11.5512786
        ]
      },
      "id": "node/8408536199"
    },
    {
      "type": "Feature",
      "properties": {
        "@id": "node/8408545640",
        "addr:city": "thazhe arrapetta",
        "addr:postcode": "673577",
        "addr:street": "Calicut - Vythiri - Gudalur Road",
        "name": "Arrapetta  Hotel",
        "tourism": "hotel"
      },
      "geometry": {
        "type": "Point",
        "coordinates": [
          76.1547193,
          11.5512309
        ]
      },
      "id": "node/8408545640"
    },
    {
      "type": "Feature",
      "properties": {
        "@id": "node/8408559784",
        "addr:city": "thazhe arrapetta",
        "addr:postcode": "673577",
        "addr:street": "Calicut - Vythiri - Gudalur Road",
        "name": "vanitha mess",
        "tourism": "hotel"
      },
      "geometry": {
        "type": "Point",
        "coordinates": [
          76.1547543,
          11.5512118
        ]
      },
      "id": "node/8408559784"
    },
    {
      "type": "Feature",
      "properties": {
        "@id": "node/8408580223",
        "addr:city": "Meppadi",
        "addr:postcode": "673577",
        "addr:street": "Calicut - Vythiri - Gudalur Road",
        "name": "smart mess",
        "tourism": "hotel"
      },
      "geometry": {
        "type": "Point",
        "coordinates": [
          76.1323199,
          11.5528458
        ]
      },
      "id": "node/8408580223"
    },
    {
      "type": "Feature",
      "properties": {
        "@id": "node/8408626769",
        "addr:city": "Meppadi",
        "addr:postcode": "673577",
        "addr:street": "Calicut - Vythiri - Gudalur Road",
        "name": "Naduvath kitchen",
        "tourism": "hotel"
      },
      "geometry": {
        "type": "Point",
        "coordinates": [
          76.1309335,
          11.5556996
        ]
      },
      "id": "node/8408626769"
    },
    {
      "type": "Feature",
      "properties": {
        "@id": "node/8408698810",
        "name": "Akshya Hotel",
        "tourism": "hotel"
      },
      "geometry": {
        "type": "Point",
        "coordinates": [
          76.427203,
          9.9729594
        ]
      },
      "id": "node/8408698810"
    },
    {
      "type": "Feature",
      "properties": {
        "@id": "node/8410656561",
        "name": "sakthi hotel",
        "tourism": "hotel"
      },
      "geometry": {
        "type": "Point",
        "coordinates": [
          76.7963655,
          9.0804162
        ]
      },
      "id": "node/8410656561"
    },
    {
      "type": "Feature",
      "properties": {
        "@id": "node/8410841352",
        "name": "BREAD BASKET",
        "tourism": "hotel"
      },
      "geometry": {
        "type": "Point",
        "coordinates": [
          76.4503612,
          9.7842142
        ]
      },
      "id": "node/8410841352"
    },
    {
      "type": "Feature",
      "properties": {
        "@id": "node/8411227974",
        "name": "PURE VEGETABLE HOTEL",
        "tourism": "hotel"
      },
      "geometry": {
        "type": "Point",
        "coordinates": [
          76.4234513,
          9.8353589
        ]
      },
      "id": "node/8411227974"
    },
    {
      "type": "Feature",
      "properties": {
        "@id": "node/8412252127",
        "name": "Pacha Kandhari",
        "tourism": "hotel"
      },
      "geometry": {
        "type": "Point",
        "coordinates": [
          76.5835343,
          9.9206142
        ]
      },
      "id": "node/8412252127"
    },
    {
      "type": "Feature",
      "properties": {
        "@id": "node/8412423184",
        "internet_access": "no",
        "name": "A R Hotel Valiyaparambu",
        "tourism": "hotel"
      },
      "geometry": {
        "type": "Point",
        "coordinates": [
          76.283154,
          10.2320773
        ]
      },
      "id": "node/8412423184"
    },
    {
      "type": "Feature",
      "properties": {
        "@id": "node/8412460787",
        "name": "Biriyani Majilis Valiyaparambu",
        "tourism": "hotel"
      },
      "geometry": {
        "type": "Point",
        "coordinates": [
          76.2827062,
          10.2320463
        ]
      },
      "id": "node/8412460787"
    },
    {
      "type": "Feature",
      "properties": {
        "@id": "node/8413787815",
        "addr:postcode": "691536",
        "addr:street": "Kadakkal -Kummil- Kallara Road",
        "name": "KIRAN",
        "tourism": "hotel"
      },
      "geometry": {
        "type": "Point",
        "coordinates": [
          76.9400602,
          8.7886813
        ]
      },
      "id": "node/8413787815"
    },
    {
      "type": "Feature",
      "properties": {
        "@id": "node/8414594105",
        "tourism": "hotel"
      },
      "geometry": {
        "type": "Point",
        "coordinates": [
          76.6104663,
          9.9682172
        ]
      },
      "id": "node/8414594105"
    },
    {
      "type": "Feature",
      "properties": {
        "@id": "node/8414626932",
        "tourism": "hotel"
      },
      "geometry": {
        "type": "Point",
        "coordinates": [
          76.5860793,
          9.9791878
        ]
      },
      "id": "node/8414626932"
    },
    {
      "type": "Feature",
      "properties": {
        "@id": "node/8414626933",
        "tourism": "hotel"
      },
      "geometry": {
        "type": "Point",
        "coordinates": [
          76.5838006,
          9.9795185
        ]
      },
      "id": "node/8414626933"
    },
    {
      "type": "Feature",
      "properties": {
        "@id": "node/8415188250",
        "name": "kanji kada",
        "tourism": "hotel"
      },
      "geometry": {
        "type": "Point",
        "coordinates": [
          76.7489995,
          9.9250152
        ]
      },
      "id": "node/8415188250"
    },
    {
      "type": "Feature",
      "properties": {
        "@id": "node/8415754857",
        "addr:city": "Anchal",
        "addr:postcode": "691306",
        "addr:street": "Mukkada Junction",
        "brand": "Atlantis",
        "internet_access": "yes",
        "name": "Hotel Atlantis, Anchal",
        "tourism": "hotel"
      },
      "geometry": {
        "type": "Point",
        "coordinates": [
          76.9155344,
          8.9261473
        ]
      },
      "id": "node/8415754857"
    },
    {
      "type": "Feature",
      "properties": {
        "@id": "node/8416269626",
        "addr:city": "attingal",
        "addr:postcode": "695102",
        "addr:street": "Kilimanoor - Alamcode Road",
        "brand": "supermarket",
        "name": "J M S supermarket",
        "tourism": "hotel"
      },
      "geometry": {
        "type": "Point",
        "coordinates": [
          76.8127242,
          8.7222561
        ]
      },
      "id": "node/8416269626"
    },
    {
      "type": "Feature",
      "properties": {
        "@id": "node/8416769677",
        "tourism": "hotel"
      },
      "geometry": {
        "type": "Point",
        "coordinates": [
          76.5902787,
          9.9768266
        ]
      },
      "id": "node/8416769677"
    },
    {
      "type": "Feature",
      "properties": {
        "@id": "node/8416795808",
        "tourism": "hotel"
      },
      "geometry": {
        "type": "Point",
        "coordinates": [
          76.6106376,
          9.9680305
        ]
      },
      "id": "node/8416795808"
    },
    {
      "type": "Feature",
      "properties": {
        "@id": "node/8416808624",
        "tourism": "hotel"
      },
      "geometry": {
        "type": "Point",
        "coordinates": [
          76.5962692,
          9.9741342
        ]
      },
      "id": "node/8416808624"
    },
    {
      "type": "Feature",
      "properties": {
        "@id": "node/8417890089",
        "name": "Asok hotel",
        "tourism": "hotel"
      },
      "geometry": {
        "type": "Point",
        "coordinates": [
          76.7964863,
          9.0802466
        ]
      },
      "id": "node/8417890089"
    },
    {
      "type": "Feature",
      "properties": {
        "@id": "node/8419593658",
        "name": "Hotel Millupady",
        "tourism": "hotel"
      },
      "geometry": {
        "type": "Point",
        "coordinates": [
          76.3508814,
          10.2035075
        ]
      },
      "id": "node/8419593658"
    },
    {
      "type": "Feature",
      "properties": {
        "@id": "node/8419770551",
        "name": "JANNANI HOTEL",
        "tourism": "hotel"
      },
      "geometry": {
        "type": "Point",
        "coordinates": [
          76.5820916,
          9.5884736
        ]
      },
      "id": "node/8419770551"
    },
    {
      "type": "Feature",
      "properties": {
        "@id": "node/8419869551",
        "name": "s",
        "tourism": "hotel"
      },
      "geometry": {
        "type": "Point",
        "coordinates": [
          76.6046522,
          9.6222735
        ]
      },
      "id": "node/8419869551"
    },
    {
      "type": "Feature",
      "properties": {
        "@id": "node/8419869554",
        "name": "FLAME AND GRILL",
        "tourism": "hotel"
      },
      "geometry": {
        "type": "Point",
        "coordinates": [
          76.6080628,
          9.6357599
        ]
      },
      "id": "node/8419869554"
    },
    {
      "type": "Feature",
      "properties": {
        "@id": "node/8419869555",
        "name": "ANAND",
        "tourism": "hotel"
      },
      "geometry": {
        "type": "Point",
        "coordinates": [
          76.6064675,
          9.6351945
        ]
      },
      "id": "node/8419869555"
    },
    {
      "type": "Feature",
      "properties": {
        "@id": "node/8419869556",
        "name": "VANI",
        "tourism": "hotel"
      },
      "geometry": {
        "type": "Point",
        "coordinates": [
          76.6057176,
          9.6355859
        ]
      },
      "id": "node/8419869556"
    },
    {
      "type": "Feature",
      "properties": {
        "@id": "node/8419869557",
        "name": "TODDDY SHOP",
        "tourism": "hotel"
      },
      "geometry": {
        "type": "Point",
        "coordinates": [
          76.5964442,
          9.6234217
        ]
      },
      "id": "node/8419869557"
    },
    {
      "type": "Feature",
      "properties": {
        "@id": "node/8420934429",
        "name": "Zam Zam Hotel",
        "tourism": "hotel"
      },
      "geometry": {
        "type": "Point",
        "coordinates": [
          76.8948231,
          8.8621665
        ]
      },
      "id": "node/8420934429"
    },
    {
      "type": "Feature",
      "properties": {
        "@id": "node/8421850737",
        "name": "MODERN HOTEL",
        "tourism": "hotel"
      },
      "geometry": {
        "type": "Point",
        "coordinates": [
          76.5835206,
          9.5871654
        ]
      },
      "id": "node/8421850737"
    },
    {
      "type": "Feature",
      "properties": {
        "@id": "node/8422617156",
        "name": "hotel kairali tea shop",
        "tourism": "hotel"
      },
      "geometry": {
        "type": "Point",
        "coordinates": [
          76.527673,
          10.934754
        ]
      },
      "id": "node/8422617156"
    },
    {
      "type": "Feature",
      "properties": {
        "@id": "node/8422660308",
        "name": "city lights hotel",
        "tourism": "hotel"
      },
      "geometry": {
        "type": "Point",
        "coordinates": [
          76.4287171,
          10.9876026
        ]
      },
      "id": "node/8422660308"
    },
    {
      "type": "Feature",
      "properties": {
        "@id": "node/8422893742",
        "tourism": "hotel"
      },
      "geometry": {
        "type": "Point",
        "coordinates": [
          76.9479873,
          10.0145839
        ]
      },
      "id": "node/8422893742"
    },
    {
      "type": "Feature",
      "properties": {
        "@id": "node/8431672022",
        "name": "Tissa's Inn",
        "tourism": "hotel"
      },
      "geometry": {
        "type": "Point",
        "coordinates": [
          76.2455309,
          9.9634619
        ]
      },
      "id": "node/8431672022"
    },
    {
      "type": "Feature",
      "properties": {
        "@id": "node/8439805804",
        "name": "PK Resturant",
        "tourism": "hotel"
      },
      "geometry": {
        "type": "Point",
        "coordinates": [
          75.3130787,
          11.9841883
        ]
      },
      "id": "node/8439805804"
    },
    {
      "type": "Feature",
      "properties": {
        "@id": "node/8440123648",
        "name": "Mangadans hotel",
        "tourism": "hotel"
      },
      "geometry": {
        "type": "Point",
        "coordinates": [
          76.499467,
          10.9738229
        ]
      },
      "id": "node/8440123648"
    },
    {
      "type": "Feature",
      "properties": {
        "@id": "node/8440133320",
        "name": "Devi hotel",
        "tourism": "hotel"
      },
      "geometry": {
        "type": "Point",
        "coordinates": [
          76.4947683,
          10.9766393
        ]
      },
      "id": "node/8440133320"
    },
    {
      "type": "Feature",
      "properties": {
        "@id": "node/8440265292",
        "name": "AV hotel",
        "tourism": "hotel"
      },
      "geometry": {
        "type": "Point",
        "coordinates": [
          76.6646019,
          9.5093679
        ]
      },
      "id": "node/8440265292"
    },
    {
      "type": "Feature",
      "properties": {
        "@id": "node/8440450907",
        "name": "three star live bakers and food products",
        "tourism": "hotel"
      },
      "geometry": {
        "type": "Point",
        "coordinates": [
          76.4962868,
          10.9872922
        ]
      },
      "id": "node/8440450907"
    },
    {
      "type": "Feature",
      "properties": {
        "@id": "node/8440495092",
        "name": "hotel take away",
        "tourism": "hotel"
      },
      "geometry": {
        "type": "Point",
        "coordinates": [
          76.4969539,
          10.9880958
        ]
      },
      "id": "node/8440495092"
    },
    {
      "type": "Feature",
      "properties": {
        "@id": "node/8440532794",
        "name": "three Star",
        "tourism": "hotel"
      },
      "geometry": {
        "type": "Point",
        "coordinates": [
          76.4965637,
          10.9879771
        ]
      },
      "id": "node/8440532794"
    },
    {
      "type": "Feature",
      "properties": {
        "@id": "node/8440594919",
        "name": "sree hotel",
        "tourism": "hotel"
      },
      "geometry": {
        "type": "Point",
        "coordinates": [
          76.6054057,
          9.6315717
        ]
      },
      "id": "node/8440594919"
    },
    {
      "type": "Feature",
      "properties": {
        "@id": "node/8440832494",
        "name": "ratheesh hotel",
        "tourism": "hotel"
      },
      "geometry": {
        "type": "Point",
        "coordinates": [
          76.5661667,
          9.7625635
        ]
      },
      "id": "node/8440832494"
    },
    {
      "type": "Feature",
      "properties": {
        "@id": "node/8440945720",
        "name": "appoos hotel",
        "tourism": "hotel"
      },
      "geometry": {
        "type": "Point",
        "coordinates": [
          76.5983978,
          9.4470305
        ]
      },
      "id": "node/8440945720"
    },
    {
      "type": "Feature",
      "properties": {
        "@id": "node/8441056402",
        "name": "Thanima hotel",
        "tourism": "hotel"
      },
      "geometry": {
        "type": "Point",
        "coordinates": [
          76.7893804,
          9.2650674
        ]
      },
      "id": "node/8441056402"
    },
    {
      "type": "Feature",
      "properties": {
        "@id": "node/8441212753",
        "name": "thanima hotel",
        "tourism": "hotel"
      },
      "geometry": {
        "type": "Point",
        "coordinates": [
          76.7893901,
          9.2650799
        ]
      },
      "id": "node/8441212753"
    },
    {
      "type": "Feature",
      "properties": {
        "@id": "node/8441236670",
        "name": "ambika hotel",
        "tourism": "hotel"
      },
      "geometry": {
        "type": "Point",
        "coordinates": [
          76.7890523,
          9.2648535
        ]
      },
      "id": "node/8441236670"
    },
    {
      "type": "Feature",
      "properties": {
        "@id": "node/8442071504",
        "name": "ambadi hotel",
        "tourism": "hotel"
      },
      "geometry": {
        "type": "Point",
        "coordinates": [
          76.5253131,
          9.486796
        ]
      },
      "id": "node/8442071504"
    },
    {
      "type": "Feature",
      "properties": {
        "@id": "node/8442078434",
        "name": "mahima hotel",
        "tourism": "hotel"
      },
      "geometry": {
        "type": "Point",
        "coordinates": [
          76.6065729,
          9.6357659
        ]
      },
      "id": "node/8442078434"
    },
    {
      "type": "Feature",
      "properties": {
        "@id": "node/8442128940",
        "name": "aiswarya hotel",
        "tourism": "hotel"
      },
      "geometry": {
        "type": "Point",
        "coordinates": [
          76.6054659,
          9.6312997
        ]
      },
      "id": "node/8442128940"
    },
    {
      "type": "Feature",
      "properties": {
        "@id": "node/8442137022",
        "name": "bindu hotel",
        "tourism": "hotel"
      },
      "geometry": {
        "type": "Point",
        "coordinates": [
          76.5612997,
          9.7540154
        ]
      },
      "id": "node/8442137022"
    },
    {
      "type": "Feature",
      "properties": {
        "@id": "node/8442573157",
        "name": "Habichans Thattukada",
        "tourism": "hotel"
      },
      "geometry": {
        "type": "Point",
        "coordinates": [
          76.7337815,
          9.4642506
        ]
      },
      "id": "node/8442573157"
    },
    {
      "type": "Feature",
      "properties": {
        "@id": "node/8442573167",
        "name": "Friends Hotel",
        "tourism": "hotel"
      },
      "geometry": {
        "type": "Point",
        "coordinates": [
          76.7333556,
          9.4646174
        ]
      },
      "id": "node/8442573167"
    },
    {
      "type": "Feature",
      "properties": {
        "@id": "node/8442573181",
        "name": "Ruchikoottu Restaurent",
        "tourism": "hotel"
      },
      "geometry": {
        "type": "Point",
        "coordinates": [
          76.7114879,
          9.4482167
        ]
      },
      "id": "node/8442573181"
    },
    {
      "type": "Feature",
      "properties": {
        "@id": "node/8442573182",
        "name": "Modern Restaurent Vaipur",
        "tourism": "hotel"
      },
      "geometry": {
        "type": "Point",
        "coordinates": [
          76.7081903,
          9.4485838
        ]
      },
      "id": "node/8442573182"
    },
    {
      "type": "Feature",
      "properties": {
        "@id": "node/8446368463",
        "name": "Kunjunte Kada",
        "tourism": "hotel"
      },
      "geometry": {
        "type": "Point",
        "coordinates": [
          76.7102219,
          8.9917614
        ]
      },
      "id": "node/8446368463"
    },
    {
      "type": "Feature",
      "properties": {
        "@id": "node/8518195417",
        "name": "Keraleeyam Ayurvedic Resort",
        "tourism": "hotel",
        "website": "https://keraleeyam.com/"
      },
      "geometry": {
        "type": "Point",
        "coordinates": [
          76.3548532,
          9.5144101
        ]
      },
      "id": "node/8518195417"
    },
    {
      "type": "Feature",
      "properties": {
        "@id": "node/8553753257",
        "tourism": "hotel"
      },
      "geometry": {
        "type": "Point",
        "coordinates": [
          76.309134,
          10.1273865
        ]
      },
      "id": "node/8553753257"
    },
    {
      "type": "Feature",
      "properties": {
        "@id": "node/8556078264",
        "addr:city": "Ponnamveli",
        "addr:postcode": "688531",
        "addr:street": "Salem-Kochi-Kanyakumari Road",
        "internet_access": "no",
        "name": "Swale Hotel",
        "rooms": "NO",
        "tourism": "hotel"
      },
      "geometry": {
        "type": "Point",
        "coordinates": [
          76.3178865,
          9.7381588
        ]
      },
      "id": "node/8556078264"
    },
    {
      "type": "Feature",
      "properties": {
        "@id": "node/8556881213",
        "tourism": "hotel"
      },
      "geometry": {
        "type": "Point",
        "coordinates": [
          75.9097251,
          11.3083907
        ]
      },
      "id": "node/8556881213"
    },
    {
      "type": "Feature",
      "properties": {
        "@id": "node/8559048049",
        "name": "gokulam",
        "tourism": "hotel"
      },
      "geometry": {
        "type": "Point",
        "coordinates": [
          76.337091,
          10.3019532
        ]
      },
      "id": "node/8559048049"
    },
    {
      "type": "Feature",
      "properties": {
        "@id": "node/8559560087",
        "name": "Travancore Palace",
        "tourism": "hotel"
      },
      "geometry": {
        "type": "Point",
        "coordinates": [
          76.3376773,
          9.6579854
        ]
      },
      "id": "node/8559560087"
    },
    {
      "type": "Feature",
      "properties": {
        "@id": "node/8559588480",
        "tourism": "hotel"
      },
      "geometry": {
        "type": "Point",
        "coordinates": [
          76.5370384,
          9.0107385
        ]
      },
      "id": "node/8559588480"
    },
    {
      "type": "Feature",
      "properties": {
        "@id": "node/8564837399",
        "air_conditioning": "yes",
        "name": "Karippals Inn",
        "tourism": "hotel"
      },
      "geometry": {
        "type": "Point",
        "coordinates": [
          76.5397824,
          9.6259291
        ]
      },
      "id": "node/8564837399"
    },
    {
      "type": "Feature",
      "properties": {
        "@id": "node/8564837403",
        "tourism": "hotel"
      },
      "geometry": {
        "type": "Point",
        "coordinates": [
          76.5380121,
          9.6236126
        ]
      },
      "id": "node/8564837403"
    },
    {
      "type": "Feature",
      "properties": {
        "@id": "node/8564837404",
        "tourism": "hotel"
      },
      "geometry": {
        "type": "Point",
        "coordinates": [
          76.5374488,
          9.623163
        ]
      },
      "id": "node/8564837404"
    },
    {
      "type": "Feature",
      "properties": {
        "@id": "node/8564839235",
        "tourism": "hotel"
      },
      "geometry": {
        "type": "Point",
        "coordinates": [
          76.5249658,
          9.5892064
        ]
      },
      "id": "node/8564839235"
    },
    {
      "type": "Feature",
      "properties": {
        "@id": "node/8565472822",
        "tourism": "hotel"
      },
      "geometry": {
        "type": "Point",
        "coordinates": [
          76.446817,
          9.4288319
        ]
      },
      "id": "node/8565472822"
    },
    {
      "type": "Feature",
      "properties": {
        "@id": "node/8565472975",
        "tourism": "hotel"
      },
      "geometry": {
        "type": "Point",
        "coordinates": [
          76.4464468,
          9.4501677
        ]
      },
      "id": "node/8565472975"
    },
    {
      "type": "Feature",
      "properties": {
        "@id": "node/8565472995",
        "tourism": "hotel"
      },
      "geometry": {
        "type": "Point",
        "coordinates": [
          76.4386094,
          9.447387
        ]
      },
      "id": "node/8565472995"
    },
    {
      "type": "Feature",
      "properties": {
        "@id": "node/8567362177",
        "tourism": "hotel"
      },
      "geometry": {
        "type": "Point",
        "coordinates": [
          76.5971205,
          9.0212562
        ]
      },
      "id": "node/8567362177"
    },
    {
      "type": "Feature",
      "properties": {
        "@id": "node/8567498760",
        "tourism": "hotel"
      },
      "geometry": {
        "type": "Point",
        "coordinates": [
          76.6260712,
          9.0431128
        ]
      },
      "id": "node/8567498760"
    },
    {
      "type": "Feature",
      "properties": {
        "@id": "node/8567498799",
        "tourism": "hotel"
      },
      "geometry": {
        "type": "Point",
        "coordinates": [
          76.6364836,
          9.0556223
        ]
      },
      "id": "node/8567498799"
    },
    {
      "type": "Feature",
      "properties": {
        "@id": "node/8567498894",
        "tourism": "hotel"
      },
      "geometry": {
        "type": "Point",
        "coordinates": [
          76.6397228,
          9.0851018
        ]
      },
      "id": "node/8567498894"
    },
    {
      "type": "Feature",
      "properties": {
        "@id": "node/8567498898",
        "tourism": "hotel"
      },
      "geometry": {
        "type": "Point",
        "coordinates": [
          76.6396539,
          9.0858057
        ]
      },
      "id": "node/8567498898"
    },
    {
      "type": "Feature",
      "properties": {
        "@id": "node/8567498907",
        "tourism": "hotel"
      },
      "geometry": {
        "type": "Point",
        "coordinates": [
          76.6392131,
          9.0877767
        ]
      },
      "id": "node/8567498907"
    },
    {
      "type": "Feature",
      "properties": {
        "@id": "node/8567498914",
        "tourism": "hotel"
      },
      "geometry": {
        "type": "Point",
        "coordinates": [
          76.6389237,
          9.08881
        ]
      },
      "id": "node/8567498914"
    },
    {
      "type": "Feature",
      "properties": {
        "@id": "node/8568424791",
        "tourism": "hotel"
      },
      "geometry": {
        "type": "Point",
        "coordinates": [
          76.6365401,
          9.0556515
        ]
      },
      "id": "node/8568424791"
    },
    {
      "type": "Feature",
      "properties": {
        "@id": "node/8568430676",
        "tourism": "hotel"
      },
      "geometry": {
        "type": "Point",
        "coordinates": [
          76.6253971,
          9.0432415
        ]
      },
      "id": "node/8568430676"
    },
    {
      "type": "Feature",
      "properties": {
        "@id": "node/8568430741",
        "tourism": "hotel"
      },
      "geometry": {
        "type": "Point",
        "coordinates": [
          76.6139439,
          9.0415361
        ]
      },
      "id": "node/8568430741"
    },
    {
      "type": "Feature",
      "properties": {
        "@id": "node/8568430942",
        "tourism": "hotel"
      },
      "geometry": {
        "type": "Point",
        "coordinates": [
          76.6073536,
          9.0261779
        ]
      },
      "id": "node/8568430942"
    },
    {
      "type": "Feature",
      "properties": {
        "@id": "node/8568431008",
        "tourism": "hotel"
      },
      "geometry": {
        "type": "Point",
        "coordinates": [
          76.5970755,
          9.0212459
        ]
      },
      "id": "node/8568431008"
    },
    {
      "type": "Feature",
      "properties": {
        "@id": "node/8568447493",
        "name": "K TOWN",
        "tourism": "hotel"
      },
      "geometry": {
        "type": "Point",
        "coordinates": [
          76.1972404,
          10.230615
        ]
      },
      "id": "node/8568447493"
    },
    {
      "type": "Feature",
      "properties": {
        "@id": "node/8568463561",
        "name": "swagath hitel anjilimood",
        "tourism": "hotel"
      },
      "geometry": {
        "type": "Point",
        "coordinates": [
          76.61456,
          9.04224
        ]
      },
      "id": "node/8568463561"
    },
    {
      "type": "Feature",
      "properties": {
        "@id": "node/8568479634",
        "internet_access": "no",
        "name": "Hotel 916",
        "tourism": "hotel"
      },
      "geometry": {
        "type": "Point",
        "coordinates": [
          76.6237475,
          9.0437915
        ]
      },
      "id": "node/8568479634"
    },
    {
      "type": "Feature",
      "properties": {
        "@id": "node/8568505964",
        "tourism": "hotel"
      },
      "geometry": {
        "type": "Point",
        "coordinates": [
          76.3537144,
          9.8013071
        ]
      },
      "id": "node/8568505964"
    },
    {
      "type": "Feature",
      "properties": {
        "@id": "node/8568530838",
        "tourism": "hotel"
      },
      "geometry": {
        "type": "Point",
        "coordinates": [
          76.3165566,
          9.7938238
        ]
      },
      "id": "node/8568530838"
    },
    {
      "type": "Feature",
      "properties": {
        "@id": "node/8568544659",
        "name": "Friends Hotel",
        "tourism": "hotel"
      },
      "geometry": {
        "type": "Point",
        "coordinates": [
          76.1236418,
          10.37384
        ]
      },
      "id": "node/8568544659"
    },
    {
      "type": "Feature",
      "properties": {
        "@id": "node/8570971810",
        "addr:city": "Chaikottukonam",
        "addr:postcode": "695122",
        "addr:street": "Neyyattinkara-Amaravila-Ottasekharamangalam Road",
        "air_conditioning": "no",
        "internet_access": "no",
        "name": "Swad Hotel",
        "payment:cash": "yes",
        "rooms": "1",
        "smoking": "no",
        "tourism": "hotel"
      },
      "geometry": {
        "type": "Point",
        "coordinates": [
          77.1052482,
          8.4021881
        ]
      },
      "id": "node/8570971810"
    },
    {
      "type": "Feature",
      "properties": {
        "@id": "node/8573287157",
        "name": "nirmal hotel",
        "rooms": "2",
        "tourism": "hotel"
      },
      "geometry": {
        "type": "Point",
        "coordinates": [
          77.1180986,
          8.345094
        ]
      },
      "id": "node/8573287157"
    },
    {
      "type": "Feature",
      "properties": {
        "@id": "node/8573803796",
        "name": "WOMENS CANTEEN",
        "tourism": "hotel"
      },
      "geometry": {
        "type": "Point",
        "coordinates": [
          76.339606,
          9.4643005
        ]
      },
      "id": "node/8573803796"
    },
    {
      "type": "Feature",
      "properties": {
        "@id": "node/8575364866",
        "name": "Matha Hotel",
        "tourism": "hotel"
      },
      "geometry": {
        "type": "Point",
        "coordinates": [
          76.9771272,
          8.4231518
        ]
      },
      "id": "node/8575364866"
    },
    {
      "type": "Feature",
      "properties": {
        "@id": "node/8575508840",
        "name": "Hotel Christina",
        "tourism": "hotel"
      },
      "geometry": {
        "type": "Point",
        "coordinates": [
          76.9950898,
          8.4258386
        ]
      },
      "id": "node/8575508840"
    },
    {
      "type": "Feature",
      "properties": {
        "@id": "node/8577359365",
        "addr:city": "Thiruvananthapuram",
        "addr:postcode": "695525",
        "addr:street": "Kovalam - Poovar - Kaliyakkavilai Road",
        "name": "Hotel Geethu International",
        "tourism": "hotel"
      },
      "geometry": {
        "type": "Point",
        "coordinates": [
          77.0747165,
          8.3186905
        ]
      },
      "id": "node/8577359365"
    },
    {
      "type": "Feature",
      "properties": {
        "@id": "node/8579042143",
        "internet_access": "yes",
        "name": "vivin luxury suites",
        "tourism": "hotel"
      },
      "geometry": {
        "type": "Point",
        "coordinates": [
          76.9357975,
          8.4975705
        ]
      },
      "id": "node/8579042143"
    },
    {
      "type": "Feature",
      "properties": {
        "@id": "node/8585182809",
        "name": "Hotel AJ Park",
        "tourism": "hotel"
      },
      "geometry": {
        "type": "Point",
        "coordinates": [
          76.3337595,
          9.4921302
        ]
      },
      "id": "node/8585182809"
    },
    {
      "type": "Feature",
      "properties": {
        "@id": "node/8586959622",
        "name": "KL 04. സേട്ടിന്റെ ചായക്കട",
        "tourism": "hotel"
      },
      "geometry": {
        "type": "Point",
        "coordinates": [
          76.3325967,
          9.4951074
        ]
      },
      "id": "node/8586959622"
    },
    {
      "type": "Feature",
      "properties": {
        "@id": "node/8586959623",
        "name": "Alleppey Annex",
        "tourism": "hotel"
      },
      "geometry": {
        "type": "Point",
        "coordinates": [
          76.3332214,
          9.4953041
        ]
      },
      "id": "node/8586959623"
    },
    {
      "type": "Feature",
      "properties": {
        "@id": "node/8587120636",
        "name": "padma",
        "tourism": "hotel"
      },
      "geometry": {
        "type": "Point",
        "coordinates": [
          76.3347301,
          9.4773621
        ]
      },
      "id": "node/8587120636"
    },
    {
      "type": "Feature",
      "properties": {
        "@id": "node/8587130715",
        "name": "Spice masala",
        "tourism": "hotel"
      },
      "geometry": {
        "type": "Point",
        "coordinates": [
          76.3330632,
          9.4816992
        ]
      },
      "id": "node/8587130715"
    },
    {
      "type": "Feature",
      "properties": {
        "@id": "node/8588797864",
        "tourism": "hotel"
      },
      "geometry": {
        "type": "Point",
        "coordinates": [
          76.6089111,
          9.1736652
        ]
      },
      "id": "node/8588797864"
    },
    {
      "type": "Feature",
      "properties": {
        "@id": "node/8591833385",
        "name": "Reshmy",
        "tourism": "hotel"
      },
      "geometry": {
        "type": "Point",
        "coordinates": [
          76.5955088,
          9.1720471
        ]
      },
      "id": "node/8591833385"
    },
    {
      "type": "Feature",
      "properties": {
        "@id": "node/8591833411",
        "name": "Vazhiyoram",
        "tourism": "hotel"
      },
      "geometry": {
        "type": "Point",
        "coordinates": [
          76.5705756,
          9.1764904
        ]
      },
      "id": "node/8591833411"
    },
    {
      "type": "Feature",
      "properties": {
        "@id": "node/8659468578",
        "name": "Taste and Mist Hotel, Vellarmkunnu",
        "tourism": "hotel"
      },
      "geometry": {
        "type": "Point",
        "coordinates": [
          76.0675974,
          11.585619
        ]
      },
      "id": "node/8659468578"
    },
    {
      "type": "Feature",
      "properties": {
        "@id": "node/8665238818",
        "name": "Appu",
        "tourism": "hotel"
      },
      "geometry": {
        "type": "Point",
        "coordinates": [
          76.2184546,
          10.7258389
        ]
      },
      "id": "node/8665238818"
    },
    {
      "type": "Feature",
      "properties": {
        "@id": "node/8676796677",
        "tourism": "hotel"
      },
      "geometry": {
        "type": "Point",
        "coordinates": [
          76.4461331,
          9.2600622
        ]
      },
      "id": "node/8676796677"
    },
    {
      "type": "Feature",
      "properties": {
        "@id": "node/8682478597",
        "name": "Sree Nandana Hotel",
        "tourism": "hotel"
      },
      "geometry": {
        "type": "Point",
        "coordinates": [
          76.120064,
          10.5952955
        ]
      },
      "id": "node/8682478597"
    },
    {
      "type": "Feature",
      "properties": {
        "@id": "node/8682992986",
        "name": "Hotel New Surabhi",
        "tourism": "hotel"
      },
      "geometry": {
        "type": "Point",
        "coordinates": [
          76.2147989,
          10.5870579
        ]
      },
      "id": "node/8682992986"
    },
    {
      "type": "Feature",
      "properties": {
        "@id": "node/8689812907",
        "name": "Jose Tea Stall",
        "tourism": "hotel"
      },
      "geometry": {
        "type": "Point",
        "coordinates": [
          76.9379896,
          10.0163736
        ]
      },
      "id": "node/8689812907"
    },
    {
      "type": "Feature",
      "properties": {
        "@id": "node/8693642264",
        "addr:city": "Ponkunnam",
        "addr:postcode": "686506",
        "addr:street": "Temple Road",
        "tourism": "hotel"
      },
      "geometry": {
        "type": "Point",
        "coordinates": [
          76.7567946,
          9.565893
        ]
      },
      "id": "node/8693642264"
    },
    {
      "type": "Feature",
      "properties": {
        "@id": "node/8695929599",
        "addr:city": "puliyanmala",
        "addr:postcode": "685515",
        "internet_access": "yes",
        "internet_access:fee": "customers",
        "name": "Nigara Residency puliyanmala",
        "survey:date": "2021-11-10",
        "tourism": "hotel"
      },
      "geometry": {
        "type": "Point",
        "coordinates": [
          77.152385,
          9.7511287
        ]
      },
      "id": "node/8695929599"
    },
    {
      "type": "Feature",
      "properties": {
        "@id": "node/8702235484",
        "addr:city": "kattappana",
        "addr:street": "Thodupuzha - Puliyanmala Road",
        "name": "Kalayathinal Residency",
        "phone": "+919656273286",
        "tourism": "hotel"
      },
      "geometry": {
        "type": "Point",
        "coordinates": [
          77.1282691,
          9.7525767
        ]
      },
      "id": "node/8702235484"
    },
    {
      "type": "Feature",
      "properties": {
        "@id": "node/8729156548",
        "name": "Juice Art",
        "tourism": "hotel"
      },
      "geometry": {
        "type": "Point",
        "coordinates": [
          76.7767989,
          8.8742951
        ]
      },
      "id": "node/8729156548"
    },
    {
      "type": "Feature",
      "properties": {
        "@id": "node/8729171103",
        "tourism": "hotel"
      },
      "geometry": {
        "type": "Point",
        "coordinates": [
          76.7806005,
          8.8745402
        ]
      },
      "id": "node/8729171103"
    },
    {
      "type": "Feature",
      "properties": {
        "@id": "node/8730697906",
        "name": "Darshana Hotel",
        "tourism": "hotel"
      },
      "geometry": {
        "type": "Point",
        "coordinates": [
          76.1382582,
          10.6084872
        ]
      },
      "id": "node/8730697906"
    },
    {
      "type": "Feature",
      "properties": {
        "@id": "node/8733123275",
        "name": "Ananda Bhavan Hotel Vegetarian",
        "tourism": "hotel"
      },
      "geometry": {
        "type": "Point",
        "coordinates": [
          76.0933469,
          10.7362663
        ]
      },
      "id": "node/8733123275"
    },
    {
      "type": "Feature",
      "properties": {
        "@id": "node/8733716833",
        "name": "King Food Corner",
        "tourism": "hotel"
      },
      "geometry": {
        "type": "Point",
        "coordinates": [
          76.4979412,
          9.171054
        ]
      },
      "id": "node/8733716833"
    },
    {
      "type": "Feature",
      "properties": {
        "@id": "node/8734391722",
        "name": "Hotel Madeena",
        "tourism": "hotel"
      },
      "geometry": {
        "type": "Point",
        "coordinates": [
          76.1294831,
          10.4292069
        ]
      },
      "id": "node/8734391722"
    },
    {
      "type": "Feature",
      "properties": {
        "@id": "node/8738163926",
        "name": "Marvel",
        "tourism": "hotel"
      },
      "geometry": {
        "type": "Point",
        "coordinates": [
          76.5014423,
          9.1748505
        ]
      },
      "id": "node/8738163926"
    },
    {
      "type": "Feature",
      "properties": {
        "@id": "node/8738746284",
        "name": "Hotel Raseena",
        "tourism": "hotel"
      },
      "geometry": {
        "type": "Point",
        "coordinates": [
          76.0128974,
          10.6441086
        ]
      },
      "id": "node/8738746284"
    },
    {
      "type": "Feature",
      "properties": {
        "@id": "node/8739093943",
        "tourism": "hotel"
      },
      "geometry": {
        "type": "Point",
        "coordinates": [
          76.543652,
          9.0304423
        ]
      },
      "id": "node/8739093943"
    },
    {
      "type": "Feature",
      "properties": {
        "@id": "node/8740427727",
        "name": "Nadan Hotel, Chethady",
        "tourism": "hotel"
      },
      "geometry": {
        "type": "Point",
        "coordinates": [
          76.83493,
          9.0177383
        ]
      },
      "id": "node/8740427727"
    },
    {
      "type": "Feature",
      "properties": {
        "@id": "node/8741731443",
        "name": "Dhwaraka Hotel",
        "tourism": "hotel"
      },
      "geometry": {
        "type": "Point",
        "coordinates": [
          76.5055829,
          9.6802455
        ]
      },
      "id": "node/8741731443"
    },
    {
      "type": "Feature",
      "properties": {
        "@id": "node/8741731448",
        "tourism": "hotel"
      },
      "geometry": {
        "type": "Point",
        "coordinates": [
          76.5062952,
          9.6801858
        ]
      },
      "id": "node/8741731448"
    },
    {
      "type": "Feature",
      "properties": {
        "@id": "node/8742787379",
        "name": "MR Tourist Home",
        "tourism": "hotel"
      },
      "geometry": {
        "type": "Point",
        "coordinates": [
          76.2188325,
          10.3093045
        ]
      },
      "id": "node/8742787379"
    },
    {
      "type": "Feature",
      "properties": {
        "@id": "node/8752019527",
        "name": "The Grand Residency",
        "tourism": "hotel"
      },
      "geometry": {
        "type": "Point",
        "coordinates": [
          77.0459001,
          8.3772481
        ]
      },
      "id": "node/8752019527"
    },
    {
      "type": "Feature",
      "properties": {
        "@id": "node/8752660554",
        "name": "Selam hotel",
        "tourism": "hotel"
      },
      "geometry": {
        "type": "Point",
        "coordinates": [
          76.1612583,
          10.8363165
        ]
      },
      "id": "node/8752660554"
    },
    {
      "type": "Feature",
      "properties": {
        "@id": "node/8755321800",
        "addr:city": "kollam",
        "addr:postcode": "691013",
        "addr:street": "Curzon Road",
        "name": "Ayyappas Hotel",
        "tourism": "hotel"
      },
      "geometry": {
        "type": "Point",
        "coordinates": [
          76.5792969,
          8.8872019
        ]
      },
      "id": "node/8755321800"
    },
    {
      "type": "Feature",
      "properties": {
        "@id": "node/8755842222",
        "addr:postcode": "676123",
        "name": "24 hour hotel",
        "time": "24",
        "tourism": "hotel"
      },
      "geometry": {
        "type": "Point",
        "coordinates": [
          76.1179593,
          11.1249302
        ]
      },
      "id": "node/8755842222"
    },
    {
      "type": "Feature",
      "properties": {
        "@id": "node/8756523217",
        "name": "Happy days valayamkulam",
        "tourism": "hotel"
      },
      "geometry": {
        "type": "Point",
        "coordinates": [
          76.049949,
          10.7346749
        ]
      },
      "id": "node/8756523217"
    },
    {
      "type": "Feature",
      "properties": {
        "@id": "node/8758187296",
        "addr:city": "kollam",
        "addr:postcode": "691013",
        "addr:street": "jonaka puram",
        "name": "Cornish Dum biriyani hotel",
        "tourism": "hotel"
      },
      "geometry": {
        "type": "Point",
        "coordinates": [
          76.5825734,
          8.8836626
        ]
      },
      "id": "node/8758187296"
    },
    {
      "type": "Feature",
      "properties": {
        "@id": "node/8760660921",
        "tourism": "hotel"
      },
      "geometry": {
        "type": "Point",
        "coordinates": [
          76.8111526,
          8.7332122
        ]
      },
      "id": "node/8760660921"
    },
    {
      "type": "Feature",
      "properties": {
        "@id": "node/8761946318",
        "name": "kerala",
        "tourism": "hotel"
      },
      "geometry": {
        "type": "Point",
        "coordinates": [
          77.0125152,
          8.8166938
        ]
      },
      "id": "node/8761946318"
    },
    {
      "type": "Feature",
      "properties": {
        "@id": "node/8762030318",
        "tourism": "hotel"
      },
      "geometry": {
        "type": "Point",
        "coordinates": [
          75.1666817,
          12.2227621
        ]
      },
      "id": "node/8762030318"
    },
    {
      "type": "Feature",
      "properties": {
        "@id": "node/8772786337",
        "name": "Ambadi hotel",
        "tourism": "hotel"
      },
      "geometry": {
        "type": "Point",
        "coordinates": [
          75.3600846,
          12.176192
        ]
      },
      "id": "node/8772786337"
    },
    {
      "type": "Feature",
      "properties": {
        "@id": "node/8772817038",
        "name": "Hotel Elegance",
        "tourism": "hotel"
      },
      "geometry": {
        "type": "Point",
        "coordinates": [
          75.3630042,
          12.2746215
        ]
      },
      "id": "node/8772817038"
    },
    {
      "type": "Feature",
      "properties": {
        "@id": "node/8773273759",
        "name": "Restaurent",
        "tourism": "hotel"
      },
      "geometry": {
        "type": "Point",
        "coordinates": [
          75.2020088,
          12.133375
        ]
      },
      "id": "node/8773273759"
    },
    {
      "type": "Feature",
      "properties": {
        "@id": "node/8773337693",
        "tourism": "hotel"
      },
      "geometry": {
        "type": "Point",
        "coordinates": [
          76.1922552,
          11.7996799
        ]
      },
      "id": "node/8773337693"
    },
    {
      "type": "Feature",
      "properties": {
        "@id": "node/8777334367",
        "name": "Bharath Hotel",
        "tourism": "hotel"
      },
      "geometry": {
        "type": "Point",
        "coordinates": [
          75.2092552,
          12.1192422
        ]
      },
      "id": "node/8777334367"
    },
    {
      "type": "Feature",
      "properties": {
        "@id": "node/8779299562",
        "name": "achayans hotel",
        "tourism": "hotel"
      },
      "geometry": {
        "type": "Point",
        "coordinates": [
          75.2045318,
          12.1049504
        ]
      },
      "id": "node/8779299562"
    },
    {
      "type": "Feature",
      "properties": {
        "@id": "node/8780353404",
        "addr:street": "kozhikode-kuttiyadi road",
        "name": "Aashans Takeaway",
        "tourism": "hotel"
      },
      "geometry": {
        "type": "Point",
        "coordinates": [
          75.7744479,
          11.495633
        ]
      },
      "id": "node/8780353404"
    },
    {
      "type": "Feature",
      "properties": {
        "@id": "node/8780736845",
        "name": "Highway hotl",
        "tourism": "hotel"
      },
      "geometry": {
        "type": "Point",
        "coordinates": [
          75.2189903,
          12.1121529
        ]
      },
      "id": "node/8780736845"
    },
    {
      "type": "Feature",
      "properties": {
        "@id": "node/8780756927",
        "name": "Kairali hotel",
        "tourism": "hotel"
      },
      "geometry": {
        "type": "Point",
        "coordinates": [
          75.2185883,
          12.1105704
        ]
      },
      "id": "node/8780756927"
    },
    {
      "type": "Feature",
      "properties": {
        "@id": "node/8780784233",
        "tourism": "hotel"
      },
      "geometry": {
        "type": "Point",
        "coordinates": [
          75.2156263,
          12.1087941
        ]
      },
      "id": "node/8780784233"
    },
    {
      "type": "Feature",
      "properties": {
        "@id": "node/8780879438",
        "tourism": "hotel"
      },
      "geometry": {
        "type": "Point",
        "coordinates": [
          75.3260795,
          12.2480414
        ]
      },
      "id": "node/8780879438"
    },
    {
      "type": "Feature",
      "properties": {
        "@id": "node/8784888004",
        "name": "vanitha hotel",
        "tourism": "hotel"
      },
      "geometry": {
        "type": "Point",
        "coordinates": [
          75.2048387,
          12.1121217
        ]
      },
      "id": "node/8784888004"
    },
    {
      "type": "Feature",
      "properties": {
        "@id": "node/8784925956",
        "name": "ROOBA PLAZA",
        "tourism": "hotel"
      },
      "geometry": {
        "type": "Point",
        "coordinates": [
          75.8030099,
          11.287173
        ]
      },
      "id": "node/8784925956"
    },
    {
      "type": "Feature",
      "properties": {
        "@id": "node/8784929309",
        "tourism": "hotel"
      },
      "geometry": {
        "type": "Point",
        "coordinates": [
          75.8032037,
          11.2864099
        ]
      },
      "id": "node/8784929309"
    },
    {
      "type": "Feature",
      "properties": {
        "@id": "node/8786389747",
        "name": "Hotel passport",
        "tourism": "hotel"
      },
      "geometry": {
        "type": "Point",
        "coordinates": [
          75.1996113,
          12.1029161
        ]
      },
      "id": "node/8786389747"
    },
    {
      "type": "Feature",
      "properties": {
        "@id": "node/8786829503",
        "name": "Mubarak",
        "tourism": "hotel"
      },
      "geometry": {
        "type": "Point",
        "coordinates": [
          75.1877657,
          12.1009737
        ]
      },
      "id": "node/8786829503"
    },
    {
      "type": "Feature",
      "properties": {
        "@id": "node/8796527837",
        "name": "Prince Tower",
        "tourism": "hotel"
      },
      "geometry": {
        "type": "Point",
        "coordinates": [
          75.2312175,
          12.1379912
        ]
      },
      "id": "node/8796527837"
    },
    {
      "type": "Feature",
      "properties": {
        "@id": "node/8797680093",
        "name": "Uttupura",
        "tourism": "hotel"
      },
      "geometry": {
        "type": "Point",
        "coordinates": [
          75.235396,
          12.0990735
        ]
      },
      "id": "node/8797680093"
    },
    {
      "type": "Feature",
      "properties": {
        "@id": "node/8804600759",
        "name": "Surabi hotel",
        "tourism": "hotel"
      },
      "geometry": {
        "type": "Point",
        "coordinates": [
          75.2068898,
          12.1054703
        ]
      },
      "id": "node/8804600759"
    },
    {
      "type": "Feature",
      "properties": {
        "@id": "node/8809035259",
        "name": "Hotel Mahalasa",
        "tourism": "hotel"
      },
      "geometry": {
        "type": "Point",
        "coordinates": [
          75.0572509,
          12.4796159
        ]
      },
      "id": "node/8809035259"
    },
    {
      "type": "Feature",
      "properties": {
        "@id": "node/8809143893",
        "name": "hotel vrindavan",
        "tourism": "hotel"
      },
      "geometry": {
        "type": "Point",
        "coordinates": [
          75.0577969,
          12.4648278
        ]
      },
      "id": "node/8809143893"
    },
    {
      "type": "Feature",
      "properties": {
        "@id": "node/8829226726",
        "tourism": "hotel"
      },
      "geometry": {
        "type": "Point",
        "coordinates": [
          76.3277528,
          9.5426563
        ]
      },
      "id": "node/8829226726"
    },
    {
      "type": "Feature",
      "properties": {
        "@id": "node/8829294989",
        "name": "Hotel Sudhi",
        "tourism": "hotel"
      },
      "geometry": {
        "type": "Point",
        "coordinates": [
          76.9945952,
          8.9950669
        ]
      },
      "id": "node/8829294989"
    },
    {
      "type": "Feature",
      "properties": {
        "@id": "node/8831333710",
        "name": "Savera Park",
        "tourism": "hotel"
      },
      "geometry": {
        "type": "Point",
        "coordinates": [
          76.2127617,
          10.419323
        ]
      },
      "id": "node/8831333710"
    },
    {
      "type": "Feature",
      "properties": {
        "@id": "node/8831513853",
        "tourism": "hotel"
      },
      "geometry": {
        "type": "Point",
        "coordinates": [
          76.1678948,
          10.8551404
        ]
      },
      "id": "node/8831513853"
    },
    {
      "type": "Feature",
      "properties": {
        "@id": "node/8831947442",
        "name": "Famous hotel and cafteria",
        "tourism": "hotel"
      },
      "geometry": {
        "type": "Point",
        "coordinates": [
          75.9917264,
          10.9992485
        ]
      },
      "id": "node/8831947442"
    },
    {
      "type": "Feature",
      "properties": {
        "@id": "node/8833076966",
        "name": "Club Arabia",
        "tourism": "hotel"
      },
      "geometry": {
        "type": "Point",
        "coordinates": [
          76.4739076,
          9.9843174
        ]
      },
      "id": "node/8833076966"
    },
    {
      "type": "Feature",
      "properties": {
        "@id": "node/8835962116",
        "addr:city": "Perumbavoor",
        "addr:postcode": "683542",
        "name": "Royal Hotel",
        "tourism": "hotel"
      },
      "geometry": {
        "type": "Point",
        "coordinates": [
          76.4817322,
          10.1108573
        ]
      },
      "id": "node/8835962116"
    },
    {
      "type": "Feature",
      "properties": {
        "@id": "node/8836224370",
        "tourism": "hotel"
      },
      "geometry": {
        "type": "Point",
        "coordinates": [
          76.3780522,
          10.1253377
        ]
      },
      "id": "node/8836224370"
    },
    {
      "type": "Feature",
      "properties": {
        "@id": "node/8836238528",
        "tourism": "hotel"
      },
      "geometry": {
        "type": "Point",
        "coordinates": [
          76.3775309,
          10.1228664
        ]
      },
      "id": "node/8836238528"
    },
    {
      "type": "Feature",
      "properties": {
        "@id": "node/8838449212",
        "name": "Prashandh Hotel",
        "tourism": "hotel"
      },
      "geometry": {
        "type": "Point",
        "coordinates": [
          76.7736128,
          9.045375
        ]
      },
      "id": "node/8838449212"
    },
    {
      "type": "Feature",
      "properties": {
        "@id": "node/8839349784",
        "name": "Fathima Tourist Home",
        "tourism": "hotel"
      },
      "geometry": {
        "type": "Point",
        "coordinates": [
          76.8587444,
          9.0921897
        ]
      },
      "id": "node/8839349784"
    },
    {
      "type": "Feature",
      "properties": {
        "@id": "node/8841776069",
        "name": "Amigos Hotel",
        "tourism": "hotel"
      },
      "geometry": {
        "type": "Point",
        "coordinates": [
          76.4590941,
          9.2258833
        ]
      },
      "id": "node/8841776069"
    },
    {
      "type": "Feature",
      "properties": {
        "@id": "node/8842151653",
        "addr:city": "POINACHI",
        "name": "Hotel Century",
        "tourism": "hotel"
      },
      "geometry": {
        "type": "Point",
        "coordinates": [
          75.0580321,
          12.4658435
        ]
      },
      "id": "node/8842151653"
    },
    {
      "type": "Feature",
      "properties": {
        "@id": "node/8842652322",
        "tourism": "hotel"
      },
      "geometry": {
        "type": "Point",
        "coordinates": [
          76.7259681,
          9.310982
        ]
      },
      "id": "node/8842652322"
    },
    {
      "type": "Feature",
      "properties": {
        "@id": "node/8842729111",
        "name": "Karthika Hotel",
        "tourism": "hotel"
      },
      "geometry": {
        "type": "Point",
        "coordinates": [
          76.8509139,
          9.1965443
        ]
      },
      "id": "node/8842729111"
    },
    {
      "type": "Feature",
      "properties": {
        "@id": "node/8842929524",
        "addr:city": "Manathana",
        "name": "Ambadi Hotel",
        "tourism": "hotel"
      },
      "geometry": {
        "type": "Point",
        "coordinates": [
          75.7575662,
          11.9117539
        ]
      },
      "id": "node/8842929524"
    },
    {
      "type": "Feature",
      "properties": {
        "@id": "node/8844987640",
        "addr:city": "Pudunagaram",
        "addr:street": "Palakkad - Koduvayur - Meenakshipuram Road",
        "name": "Biriyani House",
        "tourism": "hotel"
      },
      "geometry": {
        "type": "Point",
        "coordinates": [
          76.6748555,
          10.6813057
        ]
      },
      "id": "node/8844987640"
    },
    {
      "type": "Feature",
      "properties": {
        "@id": "node/8845489322",
        "addr:city": "Koduvayur",
        "addr:postcode": "678501",
        "addr:street": "Koduvayur-Nenmara Road",
        "name": "Hotel Grace & Bakery",
        "tourism": "hotel"
      },
      "geometry": {
        "type": "Point",
        "coordinates": [
          76.6559169,
          10.6856181
        ]
      },
      "id": "node/8845489322"
    },
    {
      "type": "Feature",
      "properties": {
        "@id": "node/8846241796",
        "name": "Lekshmi Hotel",
        "tourism": "hotel"
      },
      "geometry": {
        "type": "Point",
        "coordinates": [
          76.7372643,
          9.1319643
        ]
      },
      "id": "node/8846241796"
    },
    {
      "type": "Feature",
      "properties": {
        "@id": "node/8846314201",
        "name": "Hotel Ceaser Palace",
        "tourism": "hotel"
      },
      "geometry": {
        "type": "Point",
        "coordinates": [
          76.3806745,
          10.3757152
        ]
      },
      "id": "node/8846314201"
    },
    {
      "type": "Feature",
      "properties": {
        "@id": "node/8847403374",
        "name": "Vvs hotel",
        "tourism": "hotel"
      },
      "geometry": {
        "type": "Point",
        "coordinates": [
          76.8830628,
          8.6269841
        ]
      },
      "id": "node/8847403374"
    },
    {
      "type": "Feature",
      "properties": {
        "@id": "node/8847828388",
        "tourism": "hotel"
      },
      "geometry": {
        "type": "Point",
        "coordinates": [
          75.2599907,
          12.0672508
        ]
      },
      "id": "node/8847828388"
    },
    {
      "type": "Feature",
      "properties": {
        "@id": "node/8848109626",
        "tourism": "hotel"
      },
      "geometry": {
        "type": "Point",
        "coordinates": [
          75.3536655,
          11.9427779
        ]
      },
      "id": "node/8848109626"
    },
    {
      "type": "Feature",
      "properties": {
        "@id": "node/8848126552",
        "name": "Komalam Hotel Vegetarian",
        "tourism": "hotel"
      },
      "geometry": {
        "type": "Point",
        "coordinates": [
          75.366263,
          11.8720927
        ]
      },
      "id": "node/8848126552"
    },
    {
      "type": "Feature",
      "properties": {
        "@id": "node/8848323104",
        "name": "Al Arab Hotel",
        "tourism": "hotel"
      },
      "geometry": {
        "type": "Point",
        "coordinates": [
          76.6430247,
          10.7629264
        ]
      },
      "id": "node/8848323104"
    },
    {
      "type": "Feature",
      "properties": {
        "@id": "node/8848381022",
        "name": "Janakya",
        "tourism": "hotel"
      },
      "geometry": {
        "type": "Point",
        "coordinates": [
          76.6730131,
          9.2413107
        ]
      },
      "id": "node/8848381022"
    },
    {
      "type": "Feature",
      "properties": {
        "@id": "node/8848591496",
        "name": "Lakshmi food stall",
        "tourism": "hotel"
      },
      "geometry": {
        "type": "Point",
        "coordinates": [
          76.6093526,
          10.7833229
        ]
      },
      "id": "node/8848591496"
    },
    {
      "type": "Feature",
      "properties": {
        "@id": "node/8849027065",
        "name": "Hotel Rolex",
        "tourism": "hotel"
      },
      "geometry": {
        "type": "Point",
        "coordinates": [
          75.9219499,
          11.1713967
        ]
      },
      "id": "node/8849027065"
    },
    {
      "type": "Feature",
      "properties": {
        "@id": "node/8850353990",
        "addr:city": "malappuram",
        "addr:postcode": "676305",
        "addr:street": "Kunnumpuram - Kakkad Road",
        "name": "Hotel Manus",
        "tourism": "hotel"
      },
      "geometry": {
        "type": "Point",
        "coordinates": [
          75.952782,
          11.0849092
        ]
      },
      "id": "node/8850353990"
    },
    {
      "type": "Feature",
      "properties": {
        "@id": "node/8850670375",
        "name": "Sobha Hotel",
        "tourism": "hotel"
      },
      "geometry": {
        "type": "Point",
        "coordinates": [
          76.3770267,
          10.3751826
        ]
      },
      "id": "node/8850670375"
    },
    {
      "type": "Feature",
      "properties": {
        "@id": "node/8853095933",
        "name": "Rose Mint fast food",
        "tourism": "hotel"
      },
      "geometry": {
        "type": "Point",
        "coordinates": [
          76.6224965,
          10.7820351
        ]
      },
      "id": "node/8853095933"
    },
    {
      "type": "Feature",
      "properties": {
        "@id": "node/8853659074",
        "tourism": "hotel"
      },
      "geometry": {
        "type": "Point",
        "coordinates": [
          76.4606465,
          10.778154
        ]
      },
      "id": "node/8853659074"
    },
    {
      "type": "Feature",
      "properties": {
        "@id": "node/8853666805",
        "name": "pranav hotel",
        "tourism": "hotel"
      },
      "geometry": {
        "type": "Point",
        "coordinates": [
          76.3935855,
          10.8569428
        ]
      },
      "id": "node/8853666805"
    },
    {
      "type": "Feature",
      "properties": {
        "@id": "node/8855653598",
        "name": "SREENARAYANA",
        "tourism": "hotel"
      },
      "geometry": {
        "type": "Point",
        "coordinates": [
          76.302569,
          10.3733233
        ]
      },
      "id": "node/8855653598"
    },
    {
      "type": "Feature",
      "properties": {
        "@id": "node/8855754188",
        "name": "Hotel M H",
        "tourism": "hotel"
      },
      "geometry": {
        "type": "Point",
        "coordinates": [
          76.6174593,
          10.7831062
        ]
      },
      "id": "node/8855754188"
    },
    {
      "type": "Feature",
      "properties": {
        "@id": "node/8855770343",
        "name": "Vanitha Canteen",
        "tourism": "hotel"
      },
      "geometry": {
        "type": "Point",
        "coordinates": [
          76.6205197,
          10.7829323
        ]
      },
      "id": "node/8855770343"
    },
    {
      "type": "Feature",
      "properties": {
        "@id": "node/8857293202",
        "name": "New Arabian",
        "tourism": "hotel"
      },
      "geometry": {
        "type": "Point",
        "coordinates": [
          76.3775869,
          10.3751478
        ]
      },
      "id": "node/8857293202"
    },
    {
      "type": "Feature",
      "properties": {
        "@id": "node/8860157771",
        "name": "Taste And Taste",
        "tourism": "hotel"
      },
      "geometry": {
        "type": "Point",
        "coordinates": [
          76.683329,
          10.6125234
        ]
      },
      "id": "node/8860157771"
    },
    {
      "type": "Feature",
      "properties": {
        "@id": "node/8860600882",
        "tourism": "hotel"
      },
      "geometry": {
        "type": "Point",
        "coordinates": [
          76.195952,
          10.550658
        ]
      },
      "id": "node/8860600882"
    },
    {
      "type": "Feature",
      "properties": {
        "@id": "node/8861869620",
        "name": "haritha hotel",
        "tourism": "hotel"
      },
      "geometry": {
        "type": "Point",
        "coordinates": [
          76.4590524,
          10.9926704
        ]
      },
      "id": "node/8861869620"
    },
    {
      "type": "Feature",
      "properties": {
        "@id": "node/8862919689",
        "tourism": "hotel"
      },
      "geometry": {
        "type": "Point",
        "coordinates": [
          76.9699216,
          8.4312949
        ]
      },
      "id": "node/8862919689"
    },
    {
      "type": "Feature",
      "properties": {
        "@id": "node/8863435314",
        "tourism": "hotel"
      },
      "geometry": {
        "type": "Point",
        "coordinates": [
          76.8451279,
          8.7818628
        ]
      },
      "id": "node/8863435314"
    },
    {
      "type": "Feature",
      "properties": {
        "@id": "node/8863567760",
        "tourism": "hotel"
      },
      "geometry": {
        "type": "Point",
        "coordinates": [
          76.6935795,
          10.6128965
        ]
      },
      "id": "node/8863567760"
    },
    {
      "type": "Feature",
      "properties": {
        "@id": "node/8863650843",
        "addr:city": "Mukkannam",
        "addr:postcode": "678582",
        "addr:street": "Nanjappa Nagar Road",
        "name": "Ritzy Malabar Hotel",
        "tourism": "hotel"
      },
      "geometry": {
        "type": "Point",
        "coordinates": [
          76.461727,
          10.9870481
        ]
      },
      "id": "node/8863650843"
    },
    {
      "type": "Feature",
      "properties": {
        "@id": "node/8863670868",
        "tourism": "hotel"
      },
      "geometry": {
        "type": "Point",
        "coordinates": [
          76.1994731,
          10.6045998
        ]
      },
      "id": "node/8863670868"
    },
    {
      "type": "Feature",
      "properties": {
        "@id": "node/8864792390",
        "tourism": "hotel"
      },
      "geometry": {
        "type": "Point",
        "coordinates": [
          76.8442483,
          8.7830116
        ]
      },
      "id": "node/8864792390"
    },
    {
      "type": "Feature",
      "properties": {
        "@id": "node/8864934106",
        "tourism": "hotel"
      },
      "geometry": {
        "type": "Point",
        "coordinates": [
          76.845648,
          8.7811134
        ]
      },
      "id": "node/8864934106"
    },
    {
      "type": "Feature",
      "properties": {
        "@id": "node/8864938262",
        "addr:city": "Cherpulasseri",
        "addr:postcode": "679503",
        "addr:street": "26",
        "name": "Ruchiyoram",
        "tourism": "hotel"
      },
      "geometry": {
        "type": "Point",
        "coordinates": [
          76.3312112,
          10.8848229
        ]
      },
      "id": "node/8864938262"
    },
    {
      "type": "Feature",
      "properties": {
        "@id": "node/8865222392",
        "name": "Hotel Haneefa",
        "tourism": "hotel"
      },
      "geometry": {
        "type": "Point",
        "coordinates": [
          76.7015805,
          10.6128889
        ]
      },
      "id": "node/8865222392"
    },
    {
      "type": "Feature",
      "properties": {
        "@id": "node/8865728801",
        "name": "Nithya hotel",
        "tourism": "hotel"
      },
      "geometry": {
        "type": "Point",
        "coordinates": [
          76.7222464,
          10.6900843
        ]
      },
      "id": "node/8865728801"
    },
    {
      "type": "Feature",
      "properties": {
        "@id": "node/8866039359",
        "name": "Cee Dee Regency",
        "tourism": "hotel"
      },
      "geometry": {
        "type": "Point",
        "coordinates": [
          76.7378894,
          10.7005994
        ]
      },
      "id": "node/8866039359"
    },
    {
      "type": "Feature",
      "properties": {
        "@id": "node/8866401246",
        "name": "Divine",
        "tourism": "hotel"
      },
      "geometry": {
        "type": "Point",
        "coordinates": [
          76.563615,
          8.8855895
        ]
      },
      "id": "node/8866401246"
    },
    {
      "type": "Feature",
      "properties": {
        "@id": "node/8867627072",
        "name": "Femina Hotel",
        "tourism": "hotel"
      },
      "geometry": {
        "type": "Point",
        "coordinates": [
          76.5383693,
          10.2912257
        ]
      },
      "id": "node/8867627072"
    },
    {
      "type": "Feature",
      "properties": {
        "@id": "node/8867639827",
        "name": "Hotel seaking",
        "tourism": "hotel"
      },
      "geometry": {
        "type": "Point",
        "coordinates": [
          76.2607652,
          9.9376037
        ]
      },
      "id": "node/8867639827"
    },
    {
      "type": "Feature",
      "properties": {
        "@id": "node/8867870367",
        "internet_access": "no",
        "name": "Thottathi Restaurent",
        "rooms": "0",
        "tourism": "hotel"
      },
      "geometry": {
        "type": "Point",
        "coordinates": [
          75.4921242,
          11.7607109
        ]
      },
      "id": "node/8867870367"
    },
    {
      "type": "Feature",
      "properties": {
        "@id": "node/8867962241",
        "description": "Homemade Cooked Chappathi Available With Or Without  Curry.\nPrivate Owed.\nHome Delivery Available To Nearby Areas.\nworking Time ; 7:00 Am To 7:00 Pm",
        "name": "Aunty's Chappathi",
        "tourism": "hotel"
      },
      "geometry": {
        "type": "Point",
        "coordinates": [
          76.7252694,
          8.8799647
        ]
      },
      "id": "node/8867962241"
    },
    {
      "type": "Feature",
      "properties": {
        "@id": "node/8868197014",
        "name": "Parengal Coolbar",
        "tourism": "hotel"
      },
      "geometry": {
        "type": "Point",
        "coordinates": [
          76.0664444,
          11.0141281
        ]
      },
      "id": "node/8868197014"
    },
    {
      "type": "Feature",
      "properties": {
        "@id": "node/8868240806",
        "tourism": "hotel"
      },
      "geometry": {
        "type": "Point",
        "coordinates": [
          76.4752399,
          10.7798147
        ]
      },
      "id": "node/8868240806"
    },
    {
      "type": "Feature",
      "properties": {
        "@id": "node/8868269294",
        "tourism": "hotel"
      },
      "geometry": {
        "type": "Point",
        "coordinates": [
          76.0633267,
          10.5099337
        ]
      },
      "id": "node/8868269294"
    },
    {
      "type": "Feature",
      "properties": {
        "@id": "node/8868279456",
        "name": "Nanma Hotel",
        "tourism": "hotel"
      },
      "geometry": {
        "type": "Point",
        "coordinates": [
          76.0585489,
          10.5081286
        ]
      },
      "id": "node/8868279456"
    },
    {
      "type": "Feature",
      "properties": {
        "@id": "node/8868329240",
        "internet_access": "no",
        "name": "Hotel Mahadev",
        "tourism": "hotel"
      },
      "geometry": {
        "type": "Point",
        "coordinates": [
          76.6847221,
          9.6997969
        ]
      },
      "id": "node/8868329240"
    },
    {
      "type": "Feature",
      "properties": {
        "@id": "node/8868335009",
        "name": "Hotel Safari",
        "tourism": "hotel"
      },
      "geometry": {
        "type": "Point",
        "coordinates": [
          76.3104879,
          10.8371416
        ]
      },
      "id": "node/8868335009"
    },
    {
      "type": "Feature",
      "properties": {
        "@id": "node/8868664229",
        "addr:city": "Keerukuzhi Mukku",
        "addr:postcode": "689502",
        "addr:street": "Uravante Kadavu",
        "internet_access": "no",
        "name": "Janakeeya Hotel",
        "rooms": "1",
        "tourism": "hotel"
      },
      "geometry": {
        "type": "Point",
        "coordinates": [
          76.721296,
          9.2185212
        ]
      },
      "id": "node/8868664229"
    },
    {
      "type": "Feature",
      "properties": {
        "@id": "node/8869194069",
        "tourism": "hotel"
      },
      "geometry": {
        "type": "Point",
        "coordinates": [
          76.6539552,
          10.6847306
        ]
      },
      "id": "node/8869194069"
    },
    {
      "type": "Feature",
      "properties": {
        "@id": "node/8869216328",
        "name": "Bismillah hotel",
        "tourism": "hotel"
      },
      "geometry": {
        "type": "Point",
        "coordinates": [
          76.7088586,
          10.6830442
        ]
      },
      "id": "node/8869216328"
    },
    {
      "type": "Feature",
      "properties": {
        "@id": "node/8869228303",
        "name": "Pallimokku",
        "tourism": "hotel"
      },
      "geometry": {
        "type": "Point",
        "coordinates": [
          76.7005597,
          10.6824726
        ]
      },
      "id": "node/8869228303"
    },
    {
      "type": "Feature",
      "properties": {
        "@id": "node/8869271565",
        "name": "MUFFEDA HOTEL",
        "tourism": "hotel"
      },
      "geometry": {
        "type": "Point",
        "coordinates": [
          76.5193636,
          10.7925427
        ]
      },
      "id": "node/8869271565"
    },
    {
      "type": "Feature",
      "properties": {
        "@id": "node/8869307122",
        "name": "Aerat",
        "tourism": "hotel"
      },
      "geometry": {
        "type": "Point",
        "coordinates": [
          76.6580465,
          10.6863521
        ]
      },
      "id": "node/8869307122"
    },
    {
      "type": "Feature",
      "properties": {
        "@id": "node/8869335418",
        "tourism": "hotel"
      },
      "geometry": {
        "type": "Point",
        "coordinates": [
          76.6490794,
          10.6773574
        ]
      },
      "id": "node/8869335418"
    },
    {
      "type": "Feature",
      "properties": {
        "@id": "node/8869348208",
        "name": "Hotel Amrithas",
        "tourism": "hotel"
      },
      "geometry": {
        "type": "Point",
        "coordinates": [
          76.5987489,
          10.7179191
        ]
      },
      "id": "node/8869348208"
    },
    {
      "type": "Feature",
      "properties": {
        "@id": "node/8869369244",
        "tourism": "hotel"
      },
      "geometry": {
        "type": "Point",
        "coordinates": [
          76.6554463,
          10.7030769
        ]
      },
      "id": "node/8869369244"
    },
    {
      "type": "Feature",
      "properties": {
        "@id": "node/8869395951",
        "addr:city": "KUMILY",
        "addr:postcode": "685509",
        "addr:street": "Munnar - Kumily Road",
        "brand": "Residence Inn",
        "brand:wikidata": "Q7315394",
        "brand:wikipedia": "en:Residence Inn by Marriott",
        "name": "Able Residency",
        "tourism": "hotel"
      },
      "geometry": {
        "type": "Point",
        "coordinates": [
          77.168122,
          9.6088346
        ]
      },
      "id": "node/8869395951"
    },
    {
      "type": "Feature",
      "properties": {
        "@id": "node/8869421936",
        "addr:city": "KUMILY",
        "addr:postcode": "685509",
        "addr:street": "Munnar - Kumily Road",
        "name": "Hotel Sithara International",
        "tourism": "hotel"
      },
      "geometry": {
        "type": "Point",
        "coordinates": [
          77.1684093,
          9.6089568
        ]
      },
      "id": "node/8869421936"
    },
    {
      "type": "Feature",
      "properties": {
        "@id": "node/8869428291",
        "addr:city": "KUMILY",
        "addr:postcode": "685509",
        "addr:street": "Munnar - Kumily Road",
        "brand": "Residence Inn",
        "brand:wikidata": "Q7315394",
        "brand:wikipedia": "en:Residence Inn by Marriott",
        "name": "Thaduthukayil Residency",
        "tourism": "hotel"
      },
      "geometry": {
        "type": "Point",
        "coordinates": [
          77.168967,
          9.6091429
        ]
      },
      "id": "node/8869428291"
    },
    {
      "type": "Feature",
      "properties": {
        "@id": "node/8869440780",
        "addr:city": "perunad",
        "addr:postcode": "689711",
        "addr:street": "Poovatummoodu Bridge",
        "name": "Beevis kitchen",
        "tourism": "hotel"
      },
      "geometry": {
        "type": "Point",
        "coordinates": [
          76.8490396,
          9.3674881
        ]
      },
      "id": "node/8869440780"
    },
    {
      "type": "Feature",
      "properties": {
        "@id": "node/8869440790",
        "addr:city": "perunad",
        "addr:postcode": "689711",
        "addr:street": "Perunad_Perumthenaruvi road",
        "name": "kudakavil",
        "tourism": "hotel"
      },
      "geometry": {
        "type": "Point",
        "coordinates": [
          76.8496181,
          9.3681331
        ]
      },
      "id": "node/8869440790"
    },
    {
      "type": "Feature",
      "properties": {
        "@id": "node/8869448892",
        "addr:city": "KUMILY",
        "addr:postcode": "685509",
        "addr:street": "Kollam - Theni Highway",
        "name": "Hotel DhePutt",
        "tourism": "hotel"
      },
      "geometry": {
        "type": "Point",
        "coordinates": [
          77.1692322,
          9.6085916
        ]
      },
      "id": "node/8869448892"
    },
    {
      "type": "Feature",
      "properties": {
        "@id": "node/8869480857",
        "tourism": "hotel"
      },
      "geometry": {
        "type": "Point",
        "coordinates": [
          76.260551,
          9.9384043
        ]
      },
      "id": "node/8869480857"
    },
    {
      "type": "Feature",
      "properties": {
        "@id": "node/8869504938",
        "name": "Kebab shak",
        "tourism": "hotel"
      },
      "geometry": {
        "type": "Point",
        "coordinates": [
          76.2584943,
          9.9451451
        ]
      },
      "id": "node/8869504938"
    },
    {
      "type": "Feature",
      "properties": {
        "@id": "node/8869634790",
        "name": "Achayante Kada",
        "tourism": "hotel"
      },
      "geometry": {
        "type": "Point",
        "coordinates": [
          76.7519393,
          9.0980884
        ]
      },
      "id": "node/8869634790"
    },
    {
      "type": "Feature",
      "properties": {
        "@id": "node/8870108956",
        "local": "hotel",
        "tourism": "hotel"
      },
      "geometry": {
        "type": "Point",
        "coordinates": [
          76.5441259,
          9.498726
        ]
      },
      "id": "node/8870108956"
    },
    {
      "type": "Feature",
      "properties": {
        "@id": "node/8872335423",
        "addr:city": "Kumily",
        "addr:postcode": "685509",
        "addr:street": "Kollam-Theni Highway",
        "brand": "Residence Inn",
        "brand:wikidata": "Q7315394",
        "brand:wikipedia": "en:Residence Inn by Marriott",
        "name": "Lora Residence AC non AC",
        "tourism": "hotel"
      },
      "geometry": {
        "type": "Point",
        "coordinates": [
          77.1663588,
          9.6062493
        ]
      },
      "id": "node/8872335423"
    },
    {
      "type": "Feature",
      "properties": {
        "@id": "node/8875359827",
        "name": "smoothie",
        "tourism": "hotel"
      },
      "geometry": {
        "type": "Point",
        "coordinates": [
          76.2233749,
          11.0901116
        ]
      },
      "id": "node/8875359827"
    },
    {
      "type": "Feature",
      "properties": {
        "@id": "node/8875509895",
        "tourism": "hotel"
      },
      "geometry": {
        "type": "Point",
        "coordinates": [
          76.5910756,
          10.030384
        ]
      },
      "id": "node/8875509895"
    },
    {
      "type": "Feature",
      "properties": {
        "@id": "node/8875761898",
        "name": "Ente monte hotel",
        "tourism": "hotel"
      },
      "geometry": {
        "type": "Point",
        "coordinates": [
          76.2585433,
          9.9394784
        ]
      },
      "id": "node/8875761898"
    },
    {
      "type": "Feature",
      "properties": {
        "@id": "node/8878859874",
        "name": "Mankara",
        "tourism": "hotel"
      },
      "geometry": {
        "type": "Point",
        "coordinates": [
          76.234784,
          10.1499802
        ]
      },
      "id": "node/8878859874"
    },
    {
      "type": "Feature",
      "properties": {
        "@id": "node/8880244215",
        "tourism": "hotel"
      },
      "geometry": {
        "type": "Point",
        "coordinates": [
          76.7179774,
          9.9298249
        ]
      },
      "id": "node/8880244215"
    },
    {
      "type": "Feature",
      "properties": {
        "@id": "node/8881035596",
        "name": "Chandhras hotel",
        "tourism": "hotel"
      },
      "geometry": {
        "type": "Point",
        "coordinates": [
          76.008449,
          10.7254349
        ]
      },
      "id": "node/8881035596"
    },
    {
      "type": "Feature",
      "properties": {
        "@id": "node/8881734621",
        "addr:postcode": "678596",
        "name": "mamma love fast foods",
        "tourism": "hotel"
      },
      "geometry": {
        "type": "Point",
        "coordinates": [
          76.5337206,
          10.899552
        ]
      },
      "id": "node/8881734621"
    },
    {
      "type": "Feature",
      "properties": {
        "@id": "node/8882042004",
        "name": "Fathima Hotel",
        "tourism": "hotel"
      },
      "geometry": {
        "type": "Point",
        "coordinates": [
          75.9157701,
          10.9025929
        ]
      },
      "id": "node/8882042004"
    },
    {
      "type": "Feature",
      "properties": {
        "@id": "node/8882605841",
        "name": "Hotel Mothers Kitchen",
        "tourism": "hotel"
      },
      "geometry": {
        "type": "Point",
        "coordinates": [
          76.3594146,
          10.3233875
        ]
      },
      "id": "node/8882605841"
    },
    {
      "type": "Feature",
      "properties": {
        "@id": "node/8883024214",
        "tourism": "hotel"
      },
      "geometry": {
        "type": "Point",
        "coordinates": [
          76.6832683,
          9.7162451
        ]
      },
      "id": "node/8883024214"
    },
    {
      "type": "Feature",
      "properties": {
        "@id": "node/8883029616",
        "name": "Hotel New Palazhy",
        "tourism": "hotel"
      },
      "geometry": {
        "type": "Point",
        "coordinates": [
          76.6705238,
          9.7369598
        ]
      },
      "id": "node/8883029616"
    },
    {
      "type": "Feature",
      "properties": {
        "@id": "node/8886698880",
        "tourism": "hotel"
      },
      "geometry": {
        "type": "Point",
        "coordinates": [
          76.5633858,
          9.4471609
        ]
      },
      "id": "node/8886698880"
    },
    {
      "type": "Feature",
      "properties": {
        "@id": "node/8888096745",
        "name": "Matha Hotel",
        "tourism": "hotel"
      },
      "geometry": {
        "type": "Point",
        "coordinates": [
          76.5737749,
          9.9462726
        ]
      },
      "id": "node/8888096745"
    },
    {
      "type": "Feature",
      "properties": {
        "@id": "node/8888108309",
        "name": "BayLeaf Kitchen",
        "tourism": "hotel"
      },
      "geometry": {
        "type": "Point",
        "coordinates": [
          76.5750302,
          9.9542933
        ]
      },
      "id": "node/8888108309"
    },
    {
      "type": "Feature",
      "properties": {
        "@id": "node/8888352356",
        "addr:city": "peermade",
        "addr:postcode": "685531",
        "brand": "Residence Inn",
        "brand:wikidata": "Q7315394",
        "brand:wikipedia": "en:Residence Inn by Marriott",
        "name": "Rose Garden",
        "tourism": "hotel"
      },
      "geometry": {
        "type": "Point",
        "coordinates": [
          76.9904176,
          9.5768356
        ]
      },
      "id": "node/8888352356"
    },
    {
      "type": "Feature",
      "properties": {
        "@id": "node/8889564093",
        "name": "Hotel st George",
        "tourism": "hotel"
      },
      "geometry": {
        "type": "Point",
        "coordinates": [
          77.1553322,
          9.614458
        ]
      },
      "id": "node/8889564093"
    },
    {
      "type": "Feature",
      "properties": {
        "@id": "node/8889592222",
        "name": "Hotel Highrange",
        "tourism": "hotel"
      },
      "geometry": {
        "type": "Point",
        "coordinates": [
          77.1553341,
          9.6144567
        ]
      },
      "id": "node/8889592222"
    },
    {
      "type": "Feature",
      "properties": {
        "@id": "node/8889635080",
        "name": "Hotel Althaf",
        "tourism": "hotel"
      },
      "geometry": {
        "type": "Point",
        "coordinates": [
          77.1582949,
          9.6099908
        ]
      },
      "id": "node/8889635080"
    },
    {
      "type": "Feature",
      "properties": {
        "@id": "node/8889636816",
        "name": "Malabar Hotel",
        "tourism": "hotel"
      },
      "geometry": {
        "type": "Point",
        "coordinates": [
          77.1610428,
          9.6086087
        ]
      },
      "id": "node/8889636816"
    },
    {
      "type": "Feature",
      "properties": {
        "@id": "node/8889652081",
        "name": "Hotel Asoka Samrat",
        "tourism": "hotel"
      },
      "geometry": {
        "type": "Point",
        "coordinates": [
          76.3066489,
          11.3586163
        ]
      },
      "id": "node/8889652081"
    },
    {
      "type": "Feature",
      "properties": {
        "@id": "node/8890087972",
        "tourism": "hotel"
      },
      "geometry": {
        "type": "Point",
        "coordinates": [
          76.4290533,
          10.0170344
        ]
      },
      "id": "node/8890087972"
    },
    {
      "type": "Feature",
      "properties": {
        "@id": "node/8890657877",
        "internet_access": "no",
        "name": "Padmanabha Hotel",
        "tourism": "hotel"
      },
      "geometry": {
        "type": "Point",
        "coordinates": [
          76.3348064,
          9.6373934
        ]
      },
      "id": "node/8890657877"
    },
    {
      "type": "Feature",
      "properties": {
        "@id": "node/8890782260",
        "addr:city": "Vandiperiyar",
        "addr:postcode": "685533",
        "internet_access": "no",
        "name": "Hotel Arya",
        "tourism": "hotel"
      },
      "geometry": {
        "type": "Point",
        "coordinates": [
          77.089591,
          9.5721395
        ]
      },
      "id": "node/8890782260"
    },
    {
      "type": "Feature",
      "properties": {
        "@id": "node/8891597684",
        "addr:city": "Thodupuzha",
        "addr:postcode": "685605",
        "addr:street": "Puthuchira",
        "internet_access": "no",
        "name": "Hotel Kunjaveedans",
        "tourism": "hotel"
      },
      "geometry": {
        "type": "Point",
        "coordinates": [
          76.7197316,
          9.9167518
        ]
      },
      "id": "node/8891597684"
    },
    {
      "type": "Feature",
      "properties": {
        "@id": "node/8892190162",
        "name": "Mariya hotel",
        "tourism": "hotel"
      },
      "geometry": {
        "type": "Point",
        "coordinates": [
          76.7370652,
          9.8774212
        ]
      },
      "id": "node/8892190162"
    },
    {
      "type": "Feature",
      "properties": {
        "@id": "node/8892190165",
        "tourism": "hotel"
      },
      "geometry": {
        "type": "Point",
        "coordinates": [
          76.7358059,
          9.8784319
        ]
      },
      "id": "node/8892190165"
    },
    {
      "type": "Feature",
      "properties": {
        "@id": "node/8892190167",
        "tourism": "hotel"
      },
      "geometry": {
        "type": "Point",
        "coordinates": [
          76.7357617,
          9.87849
        ]
      },
      "id": "node/8892190167"
    },
    {
      "type": "Feature",
      "properties": {
        "@id": "node/8892288618",
        "name": "Green Valley Tourist Home Kattapana",
        "survey:date": "2021-11-09",
        "tourism": "hotel"
      },
      "geometry": {
        "type": "Point",
        "coordinates": [
          77.1035755,
          9.768094
        ]
      },
      "id": "node/8892288618"
    },
    {
      "type": "Feature",
      "properties": {
        "@id": "node/8892288918",
        "name": "Sky Rock Inn",
        "survey:date": "2021-07-04",
        "tourism": "hotel"
      },
      "geometry": {
        "type": "Point",
        "coordinates": [
          77.1037471,
          9.7680626
        ]
      },
      "id": "node/8892288918"
    },
    {
      "type": "Feature",
      "properties": {
        "@id": "node/8892564552",
        "name": "Hotel Beena",
        "tourism": "hotel"
      },
      "geometry": {
        "type": "Point",
        "coordinates": [
          75.8469321,
          11.1546881
        ]
      },
      "id": "node/8892564552"
    },
    {
      "type": "Feature",
      "properties": {
        "@id": "node/8892986769",
        "name": "Hotel Bharath",
        "tourism": "hotel"
      },
      "geometry": {
        "type": "Point",
        "coordinates": [
          76.5559025,
          9.9535654
        ]
      },
      "id": "node/8892986769"
    },
    {
      "type": "Feature",
      "properties": {
        "@id": "node/8892987271",
        "name": "Chinnoose Restaurant",
        "tourism": "hotel"
      },
      "geometry": {
        "type": "Point",
        "coordinates": [
          76.5563134,
          9.9537494
        ]
      },
      "id": "node/8892987271"
    },
    {
      "type": "Feature",
      "properties": {
        "@id": "node/8894963417",
        "name": "Neelambari",
        "survey:date": "2021-07-05",
        "tourism": "hotel"
      },
      "geometry": {
        "type": "Point",
        "coordinates": [
          76.7619569,
          10.0544982
        ]
      },
      "id": "node/8894963417"
    },
    {
      "type": "Feature",
      "properties": {
        "@id": "node/8895116595",
        "addr:city": "Thiruvananthapuram",
        "addr:postcode": "695007",
        "addr:street": "Palayam Airport Road",
        "name": "Tea, Snacks and Local Foods",
        "name:ml": "ടീ, സ്നാക്ക്സ് ആൻഡ് ലോക്കൽ ഫുഡ്‌സ്",
        "tourism": "hotel"
      },
      "geometry": {
        "type": "Point",
        "coordinates": [
          76.9117764,
          8.4802702
        ]
      },
      "id": "node/8895116595"
    },
    {
      "type": "Feature",
      "properties": {
        "@id": "node/8895154814",
        "name": "Santa Maria - An Airport Boutique by the Sea",
        "tourism": "hotel"
      },
      "geometry": {
        "type": "Point",
        "coordinates": [
          76.9098467,
          8.4814973
        ]
      },
      "id": "node/8895154814"
    },
    {
      "type": "Feature",
      "properties": {
        "@id": "node/8895341913",
        "name": "Achoos nadan bhashnashala",
        "tourism": "hotel"
      },
      "geometry": {
        "type": "Point",
        "coordinates": [
          76.490728,
          9.8535099
        ]
      },
      "id": "node/8895341913"
    },
    {
      "type": "Feature",
      "properties": {
        "@id": "node/8895409684",
        "addr:city": "Peermade",
        "addr:postcode": "685531",
        "name": "Hotel Aravind",
        "tourism": "hotel"
      },
      "geometry": {
        "type": "Point",
        "coordinates": [
          76.9922767,
          9.5745481
        ]
      },
      "id": "node/8895409684"
    },
    {
      "type": "Feature",
      "properties": {
        "@id": "node/8897143216",
        "name": "Ganapathi",
        "tourism": "hotel"
      },
      "geometry": {
        "type": "Point",
        "coordinates": [
          75.6008325,
          11.6535216
        ]
      },
      "id": "node/8897143216"
    },
    {
      "type": "Feature",
      "properties": {
        "@id": "node/8897464850",
        "name": "New International",
        "tourism": "hotel"
      },
      "geometry": {
        "type": "Point",
        "coordinates": [
          76.7730914,
          8.9980944
        ]
      },
      "id": "node/8897464850"
    },
    {
      "type": "Feature",
      "properties": {
        "@id": "node/8898291174",
        "name": "Hotel puthur",
        "tourism": "hotel"
      },
      "geometry": {
        "type": "Point",
        "coordinates": [
          76.0121113,
          11.0033746
        ]
      },
      "id": "node/8898291174"
    },
    {
      "type": "Feature",
      "properties": {
        "@id": "node/8898344228",
        "name": "Kudumbashree hotel",
        "tourism": "hotel"
      },
      "geometry": {
        "type": "Point",
        "coordinates": [
          76.1811043,
          10.7120405
        ]
      },
      "id": "node/8898344228"
    },
    {
      "type": "Feature",
      "properties": {
        "@id": "node/8898562875",
        "addr:city": "DESAMANGALAM",
        "addr:postcode": "679532",
        "addr:street": "Desamangalam Road",
        "name": "Malabar Hotel",
        "tourism": "hotel"
      },
      "geometry": {
        "type": "Point",
        "coordinates": [
          76.2322275,
          10.7548605
        ]
      },
      "id": "node/8898562875"
    },
    {
      "type": "Feature",
      "properties": {
        "@id": "node/8898605075",
        "name": "Hotel Taj",
        "tourism": "hotel"
      },
      "geometry": {
        "type": "Point",
        "coordinates": [
          76.1522402,
          10.3785796
        ]
      },
      "id": "node/8898605075"
    },
    {
      "type": "Feature",
      "properties": {
        "@id": "node/8901041882",
        "tourism": "hotel"
      },
      "geometry": {
        "type": "Point",
        "coordinates": [
          76.6835173,
          9.7137499
        ]
      },
      "id": "node/8901041882"
    },
    {
      "type": "Feature",
      "properties": {
        "@id": "node/8901184571",
        "addr:postcode": "683577",
        "name": "Edassery's Mookkannoor Tourist Home, Mookkannoor",
        "tourism": "hotel"
      },
      "geometry": {
        "type": "Point",
        "coordinates": [
          76.411152,
          10.2174955
        ]
      },
      "id": "node/8901184571"
    },
    {
      "type": "Feature",
      "properties": {
        "@id": "node/8901548896",
        "tourism": "hotel"
      },
      "geometry": {
        "type": "Point",
        "coordinates": [
          76.9271237,
          9.3283237
        ]
      },
      "id": "node/8901548896"
    },
    {
      "type": "Feature",
      "properties": {
        "@id": "node/8903663650",
        "addr:city": "Pathanapuram",
        "addr:postcode": "689695",
        "addr:street": "Pattazhy - Pathanapuram",
        "name": "Mohan's Store ,Kundayam",
        "tourism": "hotel"
      },
      "geometry": {
        "type": "Point",
        "coordinates": [
          76.8396673,
          9.0797054
        ]
      },
      "id": "node/8903663650"
    },
    {
      "type": "Feature",
      "properties": {
        "@id": "node/8904412766",
        "tourism": "hotel"
      },
      "geometry": {
        "type": "Point",
        "coordinates": [
          76.3756455,
          10.8100638
        ]
      },
      "id": "node/8904412766"
    },
    {
      "type": "Feature",
      "properties": {
        "@id": "node/8904787720",
        "name": "Yadhukrishna hotel",
        "tourism": "hotel"
      },
      "geometry": {
        "type": "Point",
        "coordinates": [
          76.0810979,
          10.7320229
        ]
      },
      "id": "node/8904787720"
    },
    {
      "type": "Feature",
      "properties": {
        "@id": "node/8908929452",
        "tourism": "hotel"
      },
      "geometry": {
        "type": "Point",
        "coordinates": [
          76.7542784,
          9.7835554
        ]
      },
      "id": "node/8908929452"
    },
    {
      "type": "Feature",
      "properties": {
        "@id": "node/8911717731",
        "name": "Hotels Ayyapas",
        "tourism": "hotel"
      },
      "geometry": {
        "type": "Point",
        "coordinates": [
          76.4236239,
          10.2420381
        ]
      },
      "id": "node/8911717731"
    },
    {
      "type": "Feature",
      "properties": {
        "@id": "node/8921240632",
        "addr:city": "Nilambur",
        "addr:postcode": "679329",
        "addr:street": "Mini Bye Pass Road",
        "name": "Bapsys Biriyani Center",
        "tourism": "hotel"
      },
      "geometry": {
        "type": "Point",
        "coordinates": [
          76.2249432,
          11.2750666
        ]
      },
      "id": "node/8921240632"
    },
    {
      "type": "Feature",
      "properties": {
        "@id": "node/8922093693",
        "tourism": "hotel"
      },
      "geometry": {
        "type": "Point",
        "coordinates": [
          75.1622433,
          12.218257
        ]
      },
      "id": "node/8922093693"
    },
    {
      "type": "Feature",
      "properties": {
        "@id": "node/8922753561",
        "addr:city": "Nilambur",
        "addr:postcode": "679329",
        "addr:street": "V.K. Road",
        "phone": "+918156800881",
        "tourism": "hotel",
        "website": "https://www.parkresidencynilambur.com/"
      },
      "geometry": {
        "type": "Point",
        "coordinates": [
          76.2271754,
          11.2760231
        ]
      },
      "id": "node/8922753561"
    },
    {
      "type": "Feature",
      "properties": {
        "@id": "node/8922787471",
        "tourism": "hotel"
      },
      "geometry": {
        "type": "Point",
        "coordinates": [
          76.2357832,
          11.2682089
        ]
      },
      "id": "node/8922787471"
    },
    {
      "type": "Feature",
      "properties": {
        "@id": "node/8937711627",
        "tourism": "hotel"
      },
      "geometry": {
        "type": "Point",
        "coordinates": [
          76.3830671,
          9.9330147
        ]
      },
      "id": "node/8937711627"
    },
    {
      "type": "Feature",
      "properties": {
        "@id": "node/8939425895",
        "tourism": "hotel"
      },
      "geometry": {
        "type": "Point",
        "coordinates": [
          76.0828716,
          10.7321538
        ]
      },
      "id": "node/8939425895"
    },
    {
      "type": "Feature",
      "properties": {
        "@id": "node/8939589052",
        "name": "valsala",
        "tourism": "hotel"
      },
      "geometry": {
        "type": "Point",
        "coordinates": [
          75.0887189,
          12.3250689
        ]
      },
      "id": "node/8939589052"
    },
    {
      "type": "Feature",
      "properties": {
        "@id": "node/8946743379",
        "name": "basil hotel",
        "tourism": "hotel"
      },
      "geometry": {
        "type": "Point",
        "coordinates": [
          76.4071833,
          10.2289423
        ]
      },
      "id": "node/8946743379"
    },
    {
      "type": "Feature",
      "properties": {
        "@id": "node/8946786998",
        "tourism": "hotel"
      },
      "geometry": {
        "type": "Point",
        "coordinates": [
          76.4138967,
          10.2259275
        ]
      },
      "id": "node/8946786998"
    },
    {
      "type": "Feature",
      "properties": {
        "@id": "node/8948230748",
        "name": "WOODBINE",
        "tourism": "hotel"
      },
      "geometry": {
        "type": "Point",
        "coordinates": [
          76.0931428,
          11.0405824
        ]
      },
      "id": "node/8948230748"
    },
    {
      "type": "Feature",
      "properties": {
        "@id": "node/8949277818",
        "name": "Chettiyarammel Hotel",
        "tourism": "hotel"
      },
      "geometry": {
        "type": "Point",
        "coordinates": [
          76.2345932,
          11.1817597
        ]
      },
      "id": "node/8949277818"
    },
    {
      "type": "Feature",
      "properties": {
        "@id": "node/8949980978",
        "name": "Manjali Biriyani House",
        "tourism": "hotel"
      },
      "geometry": {
        "type": "Point",
        "coordinates": [
          76.3370311,
          10.076404
        ]
      },
      "id": "node/8949980978"
    },
    {
      "type": "Feature",
      "properties": {
        "@id": "node/8949982257",
        "name": "Surabhi Hotel",
        "tourism": "hotel"
      },
      "geometry": {
        "type": "Point",
        "coordinates": [
          76.3318813,
          10.0712385
        ]
      },
      "id": "node/8949982257"
    },
    {
      "type": "Feature",
      "properties": {
        "@id": "node/8950152979",
        "name": "Hotel Sunny",
        "tourism": "hotel"
      },
      "geometry": {
        "type": "Point",
        "coordinates": [
          76.3484895,
          10.1108386
        ]
      },
      "id": "node/8950152979"
    },
    {
      "type": "Feature",
      "properties": {
        "@id": "node/8996992105",
        "name": "MADRAS VEGETARIAN HOTEL",
        "tourism": "hotel"
      },
      "geometry": {
        "type": "Point",
        "coordinates": [
          76.3386903,
          9.4659906
        ]
      },
      "id": "node/8996992105"
    },
    {
      "type": "Feature",
      "properties": {
        "@id": "node/8996992106",
        "name": "AKSHAYA VANITHA HOTEL",
        "tourism": "hotel"
      },
      "geometry": {
        "type": "Point",
        "coordinates": [
          76.3396183,
          9.465271
        ]
      },
      "id": "node/8996992106"
    },
    {
      "type": "Feature",
      "properties": {
        "@id": "node/9000508417",
        "name": "Al taj lodge anakkayam",
        "survey:date": "2021-08-12",
        "tourism": "hotel"
      },
      "geometry": {
        "type": "Point",
        "coordinates": [
          76.1206987,
          11.0875024
        ]
      },
      "id": "node/9000508417"
    },
    {
      "type": "Feature",
      "properties": {
        "@id": "node/9014723778",
        "name": "arabian hotel",
        "tourism": "hotel"
      },
      "geometry": {
        "type": "Point",
        "coordinates": [
          76.4785413,
          10.7822598
        ]
      },
      "id": "node/9014723778"
    },
    {
      "type": "Feature",
      "properties": {
        "@id": "node/9028827906",
        "name": "hotel casino",
        "tourism": "hotel"
      },
      "geometry": {
        "type": "Point",
        "coordinates": [
          75.9613977,
          11.7653783
        ]
      },
      "id": "node/9028827906"
    },
    {
      "type": "Feature",
      "properties": {
        "@id": "node/9037463626",
        "tourism": "hotel"
      },
      "geometry": {
        "type": "Point",
        "coordinates": [
          76.3766976,
          10.772485
        ]
      },
      "id": "node/9037463626"
    },
    {
      "type": "Feature",
      "properties": {
        "@id": "node/9045521020",
        "name": "Hotel Mariya International BAR",
        "survey:date": "2021-08-29",
        "tourism": "hotel"
      },
      "geometry": {
        "type": "Point",
        "coordinates": [
          76.6228361,
          10.0632454
        ]
      },
      "id": "node/9045521020"
    },
    {
      "type": "Feature",
      "properties": {
        "@id": "node/9047540624",
        "name": "amrutham lunch hotel",
        "tourism": "hotel"
      },
      "geometry": {
        "type": "Point",
        "coordinates": [
          76.3086609,
          10.8772555
        ]
      },
      "id": "node/9047540624"
    },
    {
      "type": "Feature",
      "properties": {
        "@id": "node/9056046516",
        "name": "Aaryaas Hotel",
        "tourism": "hotel"
      },
      "geometry": {
        "type": "Point",
        "coordinates": [
          76.5120926,
          9.1367713
        ]
      },
      "id": "node/9056046516"
    },
    {
      "type": "Feature",
      "properties": {
        "@id": "node/9056883026",
        "brand": "Residence Inn",
        "brand:wikidata": "Q7315394",
        "brand:wikipedia": "en:Residence Inn by Marriott",
        "name": "park view residency",
        "tourism": "hotel"
      },
      "geometry": {
        "type": "Point",
        "coordinates": [
          75.8938763,
          11.1514647
        ]
      },
      "id": "node/9056883026"
    },
    {
      "type": "Feature",
      "properties": {
        "@id": "node/9056961843",
        "brand": "Holiday Inn",
        "brand:wikidata": "Q2717882",
        "brand:wikipedia": "en:Holiday Inn",
        "name": "Soltitude Holiday Inn",
        "tourism": "hotel"
      },
      "geometry": {
        "type": "Point",
        "coordinates": [
          75.8420137,
          11.138526
        ]
      },
      "id": "node/9056961843"
    },
    {
      "type": "Feature",
      "properties": {
        "@id": "node/9060846179",
        "brand": "Residence Inn",
        "brand:wikidata": "Q7315394",
        "brand:wikipedia": "en:Residence Inn by Marriott",
        "name": "Abdul basheer mekkattayil",
        "tourism": "hotel"
      },
      "geometry": {
        "type": "Point",
        "coordinates": [
          75.8768821,
          11.1638088
        ]
      },
      "id": "node/9060846179"
    },
    {
      "type": "Feature",
      "properties": {
        "@id": "node/9067355831",
        "name": "Buhari",
        "tourism": "hotel"
      },
      "geometry": {
        "type": "Point",
        "coordinates": [
          76.5342871,
          8.9540361
        ]
      },
      "id": "node/9067355831"
    },
    {
      "type": "Feature",
      "properties": {
        "@id": "node/9070373882",
        "addr:city": "മൂവാറ്റുപുഴ",
        "addr:housenumber": "XII/658 to 665",
        "addr:postcode": "686661",
        "addr:street": "ടിബി ജംഗ്ഷൻ",
        "air_conditioning": "yes",
        "brand": "പാരെയ്",
        "internet_access": "wlan",
        "internet_access:fee": "customers",
        "name": "പാരെയ്സ് ദി റെസിഡൻസി",
        "name:en": "Paray's The Residency",
        "phone": "+914852833222",
        "stars": "4",
        "tourism": "hotel",
        "website": "https://www.parayresidency.com/"
      },
      "geometry": {
        "type": "Point",
        "coordinates": [
          76.5782871,
          9.9837971
        ]
      },
      "id": "node/9070373882"
    },
    {
      "type": "Feature",
      "properties": {
        "@id": "node/9075320250",
        "addr:city": "Thiruvananthapuram",
        "addr:postcode": "695542",
        "addr:street": "Vinobanikethan - Parandode Road",
        "name": "Sruthy Hotel",
        "tourism": "hotel"
      },
      "geometry": {
        "type": "Point",
        "coordinates": [
          77.0883986,
          8.5853712
        ]
      },
      "id": "node/9075320250"
    },
    {
      "type": "Feature",
      "properties": {
        "@id": "node/9075406166",
        "tourism": "hotel"
      },
      "geometry": {
        "type": "Point",
        "coordinates": [
          75.7309957,
          11.4577539
        ]
      },
      "id": "node/9075406166"
    },
    {
      "type": "Feature",
      "properties": {
        "@id": "node/9075554365",
        "tourism": "hotel"
      },
      "geometry": {
        "type": "Point",
        "coordinates": [
          76.7440093,
          8.9926266
        ]
      },
      "id": "node/9075554365"
    },
    {
      "type": "Feature",
      "properties": {
        "@id": "node/9075562176",
        "tourism": "hotel"
      },
      "geometry": {
        "type": "Point",
        "coordinates": [
          76.7441929,
          8.9929586
        ]
      },
      "id": "node/9075562176"
    },
    {
      "type": "Feature",
      "properties": {
        "@id": "node/9076131595",
        "tourism": "hotel"
      },
      "geometry": {
        "type": "Point",
        "coordinates": [
          76.7539879,
          8.99659
        ]
      },
      "id": "node/9076131595"
    },
    {
      "type": "Feature",
      "properties": {
        "@id": "node/9077767832",
        "tourism": "hotel"
      },
      "geometry": {
        "type": "Point",
        "coordinates": [
          76.5029909,
          10.0357356
        ]
      },
      "id": "node/9077767832"
    },
    {
      "type": "Feature",
      "properties": {
        "@id": "node/9082929706",
        "name": "Cool House",
        "tourism": "hotel"
      },
      "geometry": {
        "type": "Point",
        "coordinates": [
          75.9386979,
          11.0619703
        ]
      },
      "id": "node/9082929706"
    },
    {
      "type": "Feature",
      "properties": {
        "@id": "node/9084082982",
        "name": "Sneha Hotel Chavara",
        "tourism": "hotel"
      },
      "geometry": {
        "type": "Point",
        "coordinates": [
          76.5340177,
          8.989429
        ]
      },
      "id": "node/9084082982"
    },
    {
      "type": "Feature",
      "properties": {
        "@id": "node/9084106743",
        "tourism": "hotel"
      },
      "geometry": {
        "type": "Point",
        "coordinates": [
          76.6342393,
          9.0882825
        ]
      },
      "id": "node/9084106743"
    },
    {
      "type": "Feature",
      "properties": {
        "@id": "node/9084224985",
        "name": "TAMARIND KTDC",
        "tourism": "hotel"
      },
      "geometry": {
        "type": "Point",
        "coordinates": [
          76.5319087,
          9.4339585
        ]
      },
      "id": "node/9084224985"
    },
    {
      "type": "Feature",
      "properties": {
        "@id": "node/9084224994",
        "name": "APPUCHETTANTE KADA, KUTTANAD",
        "tourism": "hotel"
      },
      "geometry": {
        "type": "Point",
        "coordinates": [
          76.5296823,
          9.4329352
        ]
      },
      "id": "node/9084224994"
    },
    {
      "type": "Feature",
      "properties": {
        "@id": "node/9084441231",
        "tourism": "hotel"
      },
      "geometry": {
        "type": "Point",
        "coordinates": [
          76.3438648,
          9.4937718
        ]
      },
      "id": "node/9084441231"
    },
    {
      "type": "Feature",
      "properties": {
        "@id": "node/9085920659",
        "tourism": "hotel"
      },
      "geometry": {
        "type": "Point",
        "coordinates": [
          76.2142478,
          10.0591615
        ]
      },
      "id": "node/9085920659"
    },
    {
      "type": "Feature",
      "properties": {
        "@id": "node/9087768001",
        "name": "Hotel Sivam",
        "tourism": "hotel"
      },
      "geometry": {
        "type": "Point",
        "coordinates": [
          75.9189966,
          11.2968483
        ]
      },
      "id": "node/9087768001"
    },
    {
      "type": "Feature",
      "properties": {
        "@id": "node/9087807596",
        "name": "Thripthi Hotel",
        "tourism": "hotel"
      },
      "geometry": {
        "type": "Point",
        "coordinates": [
          76.5589952,
          8.9179456
        ]
      },
      "id": "node/9087807596"
    },
    {
      "type": "Feature",
      "properties": {
        "@id": "node/9087911703",
        "tourism": "hotel"
      },
      "geometry": {
        "type": "Point",
        "coordinates": [
          76.5020379,
          10.0342911
        ]
      },
      "id": "node/9087911703"
    },
    {
      "type": "Feature",
      "properties": {
        "@id": "node/9088161293",
        "tourism": "hotel"
      },
      "geometry": {
        "type": "Point",
        "coordinates": [
          76.1508088,
          10.3800869
        ]
      },
      "id": "node/9088161293"
    },
    {
      "type": "Feature",
      "properties": {
        "@id": "node/9090436633",
        "name": "Unnis Hotel",
        "tourism": "hotel"
      },
      "geometry": {
        "type": "Point",
        "coordinates": [
          76.3217383,
          9.4881687
        ]
      },
      "id": "node/9090436633"
    },
    {
      "type": "Feature",
      "properties": {
        "@id": "node/9091081517",
        "survey:date": "2021-09-14",
        "tourism": "hotel"
      },
      "geometry": {
        "type": "Point",
        "coordinates": [
          76.7736151,
          9.0453785
        ]
      },
      "id": "node/9091081517"
    },
    {
      "type": "Feature",
      "properties": {
        "@id": "node/9091285568",
        "internet_access": "no",
        "name": "Anooj hotel",
        "tourism": "hotel"
      },
      "geometry": {
        "type": "Point",
        "coordinates": [
          75.7489586,
          11.3223856
        ]
      },
      "id": "node/9091285568"
    },
    {
      "type": "Feature",
      "properties": {
        "@id": "node/9098623091",
        "tourism": "hotel"
      },
      "geometry": {
        "type": "Point",
        "coordinates": [
          76.5453992,
          9.1376666
        ]
      },
      "id": "node/9098623091"
    },
    {
      "type": "Feature",
      "properties": {
        "@id": "node/9101363208",
        "tourism": "hotel"
      },
      "geometry": {
        "type": "Point",
        "coordinates": [
          76.5539743,
          9.1365628
        ]
      },
      "id": "node/9101363208"
    },
    {
      "type": "Feature",
      "properties": {
        "@id": "node/9101795702",
        "name": "pranav",
        "tourism": "hotel"
      },
      "geometry": {
        "type": "Point",
        "coordinates": [
          75.3679654,
          11.8948111
        ]
      },
      "id": "node/9101795702"
    },
    {
      "type": "Feature",
      "properties": {
        "@id": "node/9101950189",
        "name": "j r hotel",
        "tourism": "hotel"
      },
      "geometry": {
        "type": "Point",
        "coordinates": [
          75.3725811,
          11.8847983
        ]
      },
      "id": "node/9101950189"
    },
    {
      "type": "Feature",
      "properties": {
        "@id": "node/9102916405",
        "tourism": "hotel"
      },
      "geometry": {
        "type": "Point",
        "coordinates": [
          76.5022095,
          10.0345269
        ]
      },
      "id": "node/9102916405"
    },
    {
      "type": "Feature",
      "properties": {
        "@id": "node/9106983574",
        "check_date": "2024-03-09",
        "name": "Hotel Akshaya Family Restaurant",
        "phone": "+91 97456 12233",
        "tourism": "hotel"
      },
      "geometry": {
        "type": "Point",
        "coordinates": [
          76.2686752,
          10.4325329
        ]
      },
      "id": "node/9106983574"
    },
    {
      "type": "Feature",
      "properties": {
        "@id": "node/9108168506",
        "tourism": "hotel"
      },
      "geometry": {
        "type": "Point",
        "coordinates": [
          76.5903825,
          10.1167014
        ]
      },
      "id": "node/9108168506"
    },
    {
      "type": "Feature",
      "properties": {
        "@id": "node/9120488768",
        "name": "Lucky star",
        "tourism": "hotel"
      },
      "geometry": {
        "type": "Point",
        "coordinates": [
          76.1473828,
          10.3146555
        ]
      },
      "id": "node/9120488768"
    },
    {
      "type": "Feature",
      "properties": {
        "@id": "node/9131860283",
        "name": "tharavad hotel",
        "tourism": "hotel"
      },
      "geometry": {
        "type": "Point",
        "coordinates": [
          76.2479325,
          10.3444522
        ]
      },
      "id": "node/9131860283"
    },
    {
      "type": "Feature",
      "properties": {
        "@id": "node/9135002852",
        "name": "sasiyettans thattukada",
        "tourism": "hotel"
      },
      "geometry": {
        "type": "Point",
        "coordinates": [
          76.3200113,
          10.269479
        ]
      },
      "id": "node/9135002852"
    },
    {
      "type": "Feature",
      "properties": {
        "@id": "node/9135004146",
        "tourism": "hotel"
      },
      "geometry": {
        "type": "Point",
        "coordinates": [
          76.3208438,
          10.2699699
        ]
      },
      "id": "node/9135004146"
    },
    {
      "type": "Feature",
      "properties": {
        "@id": "node/9137856930",
        "name": "Buhari Hoter",
        "tourism": "hotel"
      },
      "geometry": {
        "type": "Point",
        "coordinates": [
          76.5293618,
          9.085604
        ]
      },
      "id": "node/9137856930"
    },
    {
      "type": "Feature",
      "properties": {
        "@id": "node/9218609115",
        "name": "Hotel Merlin Residency",
        "tourism": "hotel"
      },
      "geometry": {
        "type": "Point",
        "coordinates": [
          76.582886,
          9.5889867
        ]
      },
      "id": "node/9218609115"
    },
    {
      "type": "Feature",
      "properties": {
        "@id": "node/9289357017",
        "name": "atlas tower pvt hotel",
        "survey:date": "2021-11-26",
        "tourism": "hotel"
      },
      "geometry": {
        "type": "Point",
        "coordinates": [
          76.3818009,
          10.1819223
        ]
      },
      "id": "node/9289357017"
    },
    {
      "type": "Feature",
      "properties": {
        "@id": "node/9295704260",
        "name": "Mani Hotel",
        "tourism": "hotel"
      },
      "geometry": {
        "type": "Point",
        "coordinates": [
          76.4092915,
          10.7672508
        ]
      },
      "id": "node/9295704260"
    },
    {
      "type": "Feature",
      "properties": {
        "@id": "node/9303366058",
        "addr:city": "Ottappalam",
        "addr:postcode": "679102",
        "addr:street": "Varode",
        "name": "Prairies Bakes and Restaurant",
        "tourism": "hotel"
      },
      "geometry": {
        "type": "Point",
        "coordinates": [
          76.3789696,
          10.806392
        ]
      },
      "id": "node/9303366058"
    },
    {
      "type": "Feature",
      "properties": {
        "@id": "node/9310186779",
        "name": "Hotel Aida",
        "tourism": "hotel"
      },
      "geometry": {
        "type": "Point",
        "coordinates": [
          76.5217206,
          9.5829356
        ]
      },
      "id": "node/9310186779"
    },
    {
      "type": "Feature",
      "properties": {
        "@id": "node/9323734455",
        "name": "Holly Cross hospital canteen",
        "tourism": "hotel"
      },
      "geometry": {
        "type": "Point",
        "coordinates": [
          76.7246506,
          9.1620997
        ]
      },
      "id": "node/9323734455"
    },
    {
      "type": "Feature",
      "properties": {
        "@id": "node/9379490503",
        "name": "Kudumbasree hotel",
        "tourism": "hotel"
      },
      "geometry": {
        "type": "Point",
        "coordinates": [
          77.0785613,
          8.502205
        ]
      },
      "id": "node/9379490503"
    },
    {
      "type": "Feature",
      "properties": {
        "@id": "node/9383026637",
        "name": "Venu Lodge",
        "tourism": "hotel"
      },
      "geometry": {
        "type": "Point",
        "coordinates": [
          76.3493167,
          9.9468421
        ]
      },
      "id": "node/9383026637"
    },
    {
      "type": "Feature",
      "properties": {
        "@id": "node/9397086073",
        "name": "Aryas veg hotel",
        "tourism": "hotel"
      },
      "geometry": {
        "type": "Point",
        "coordinates": [
          76.1828785,
          10.5441017
        ]
      },
      "id": "node/9397086073"
    },
    {
      "type": "Feature",
      "properties": {
        "@id": "node/9399798193",
        "name": "Sri Krishna Vilas vegetarian",
        "tourism": "hotel"
      },
      "geometry": {
        "type": "Point",
        "coordinates": [
          76.861536,
          9.4557407
        ]
      },
      "id": "node/9399798193"
    },
    {
      "type": "Feature",
      "properties": {
        "@id": "node/9406847278",
        "name": "Vysak Hotel",
        "tourism": "hotel"
      },
      "geometry": {
        "type": "Point",
        "coordinates": [
          76.41867,
          10.7700318
        ]
      },
      "id": "node/9406847278"
    },
    {
      "type": "Feature",
      "properties": {
        "@id": "node/9406853550",
        "name": "Best Food",
        "tourism": "hotel"
      },
      "geometry": {
        "type": "Point",
        "coordinates": [
          76.4208047,
          10.770284
        ]
      },
      "id": "node/9406853550"
    },
    {
      "type": "Feature",
      "properties": {
        "@id": "node/9459573484",
        "addr:city": "Vyttila",
        "addr:postcode": "682019",
        "addr:street": "Vytilla Flyover",
        "air_conditioning": "yes",
        "name": "Arctic Hotel",
        "phone": "+91-4842306060",
        "tourism": "hotel",
        "website": "https://www.arctichotels.in/"
      },
      "geometry": {
        "type": "Point",
        "coordinates": [
          76.318591,
          9.9702933
        ]
      },
      "id": "node/9459573484"
    },
    {
      "type": "Feature",
      "properties": {
        "@id": "node/9460472684",
        "addr:city": "National Highway 49 , Kothamangalam, Ernakulam",
        "addr:housenumber": "Puthuppady",
        "addr:postcode": "686673",
        "addr:street": "Muvattupuzha-Kothamangalam Road",
        "name": "Hotel Maluus",
        "tourism": "hotel"
      },
      "geometry": {
        "type": "Point",
        "coordinates": [
          76.6038477,
          10.0049926
        ]
      },
      "id": "node/9460472684"
    },
    {
      "type": "Feature",
      "properties": {
        "@id": "node/9476735016",
        "name": "KTP Restarant",
        "tourism": "hotel"
      },
      "geometry": {
        "type": "Point",
        "coordinates": [
          76.4414702,
          10.8748381
        ]
      },
      "id": "node/9476735016"
    },
    {
      "type": "Feature",
      "properties": {
        "@id": "node/9476813121",
        "name": "Paramount",
        "tourism": "hotel"
      },
      "geometry": {
        "type": "Point",
        "coordinates": [
          76.441144,
          10.8748515
        ]
      },
      "id": "node/9476813121"
    },
    {
      "type": "Feature",
      "properties": {
        "@id": "node/9481379478",
        "tourism": "hotel"
      },
      "geometry": {
        "type": "Point",
        "coordinates": [
          76.2634422,
          10.2401731
        ]
      },
      "id": "node/9481379478"
    },
    {
      "type": "Feature",
      "properties": {
        "@id": "node/9481383639",
        "name": "Bismi Hotel",
        "tourism": "hotel"
      },
      "geometry": {
        "type": "Point",
        "coordinates": [
          76.3508699,
          10.9792434
        ]
      },
      "id": "node/9481383639"
    },
    {
      "type": "Feature",
      "properties": {
        "@id": "node/9481791121",
        "name": "Arya hotel",
        "tourism": "hotel"
      },
      "geometry": {
        "type": "Point",
        "coordinates": [
          76.4110338,
          10.7674925
        ]
      },
      "id": "node/9481791121"
    },
    {
      "type": "Feature",
      "properties": {
        "@id": "node/9481949971",
        "name": "Prakash hotel",
        "tourism": "hotel"
      },
      "geometry": {
        "type": "Point",
        "coordinates": [
          76.4083888,
          10.766902
        ]
      },
      "id": "node/9481949971"
    },
    {
      "type": "Feature",
      "properties": {
        "@id": "node/9481966453",
        "name": "Kumar hotel",
        "tourism": "hotel"
      },
      "geometry": {
        "type": "Point",
        "coordinates": [
          76.4086324,
          10.7669443
        ]
      },
      "id": "node/9481966453"
    },
    {
      "type": "Feature",
      "properties": {
        "@id": "node/9482795403",
        "addr:city": "Kalladikode",
        "addr:postcode": "678596",
        "name": "Hotel Karichatti",
        "tourism": "hotel"
      },
      "geometry": {
        "type": "Point",
        "coordinates": [
          76.5351069,
          10.8988367
        ]
      },
      "id": "node/9482795403"
    },
    {
      "type": "Feature",
      "properties": {
        "@id": "node/9483728579",
        "tourism": "hotel"
      },
      "geometry": {
        "type": "Point",
        "coordinates": [
          76.535373,
          10.8977616
        ]
      },
      "id": "node/9483728579"
    },
    {
      "type": "Feature",
      "properties": {
        "@id": "node/9493192776",
        "addr:street": "Mangalankunnu-Kattukulam Road",
        "tourism": "hotel"
      },
      "geometry": {
        "type": "Point",
        "coordinates": [
          76.4025349,
          10.8832274
        ]
      },
      "id": "node/9493192776"
    },
    {
      "type": "Feature",
      "properties": {
        "@id": "node/9515595940",
        "addr:city": "Thrissur",
        "addr:postcode": "680569",
        "addr:street": "Nambikadavu Road, near Snehatheeram Beach",
        "email": "retreat@sitaramayurveda.com",
        "internet_access": "wlan",
        "name": "Sitaram Beach Retreat - Ayurvedic Resort",
        "phone": "+918138888912",
        "tourism": "hotel",
        "website": "https://www.sitaramretreat.com"
      },
      "geometry": {
        "type": "Point",
        "coordinates": [
          76.0813772,
          10.4261333
        ]
      },
      "id": "node/9515595940"
    },
    {
      "type": "Feature",
      "properties": {
        "@id": "node/9526281666",
        "name": "Malabar Tourist Home",
        "tourism": "hotel"
      },
      "geometry": {
        "type": "Point",
        "coordinates": [
          75.3765189,
          11.986545
        ]
      },
      "id": "node/9526281666"
    },
    {
      "type": "Feature",
      "properties": {
        "@id": "node/9527182392",
        "addr:city": "Pandalam",
        "addr:postcode": "689501",
        "addr:street": "pandalam market road",
        "internet_access": "no",
        "name": "Velmuruka Restaurant",
        "tourism": "hotel"
      },
      "geometry": {
        "type": "Point",
        "coordinates": [
          76.6753238,
          9.2248519
        ]
      },
      "id": "node/9527182392"
    },
    {
      "type": "Feature",
      "properties": {
        "@id": "node/9527860663",
        "addr:city": "Paranthal",
        "addr:street": "MC Road",
        "name": "Lakshmi Hotel",
        "tourism": "hotel"
      },
      "geometry": {
        "type": "Point",
        "coordinates": [
          76.7095058,
          9.1871693
        ]
      },
      "id": "node/9527860663"
    },
    {
      "type": "Feature",
      "properties": {
        "@id": "node/9527860664",
        "addr:city": "Paranthal",
        "addr:street": "MC Road",
        "name": "Hari Tea Stall",
        "tourism": "hotel"
      },
      "geometry": {
        "type": "Point",
        "coordinates": [
          76.709381,
          9.1870643
        ]
      },
      "id": "node/9527860664"
    },
    {
      "type": "Feature",
      "properties": {
        "@id": "node/9528817810",
        "addr:city": "Pandalam",
        "addr:postcode": "689501",
        "addr:street": "MC Road",
        "name": "Shawarma Hotel",
        "tourism": "hotel"
      },
      "geometry": {
        "type": "Point",
        "coordinates": [
          76.6814553,
          9.2167754
        ]
      },
      "id": "node/9528817810"
    },
    {
      "type": "Feature",
      "properties": {
        "@id": "node/9528857164",
        "addr:city": "Pandalam",
        "addr:postcode": "689501",
        "addr:street": "MC Road",
        "name": "Hotel & Restaurant",
        "tourism": "hotel"
      },
      "geometry": {
        "type": "Point",
        "coordinates": [
          76.6838807,
          9.2134031
        ]
      },
      "id": "node/9528857164"
    },
    {
      "type": "Feature",
      "properties": {
        "@id": "node/9528885311",
        "addr:city": "Pandalam",
        "addr:postcode": "689501",
        "addr:street": "MC Road",
        "name": "Sudarshana Hotel",
        "tourism": "hotel"
      },
      "geometry": {
        "type": "Point",
        "coordinates": [
          76.6806266,
          9.2173889
        ]
      },
      "id": "node/9528885311"
    },
    {
      "type": "Feature",
      "properties": {
        "@id": "node/9529174329",
        "name": "Perfect Hotel",
        "tourism": "hotel"
      },
      "geometry": {
        "type": "Point",
        "coordinates": [
          75.9316401,
          10.7516254
        ]
      },
      "id": "node/9529174329"
    },
    {
      "type": "Feature",
      "properties": {
        "@id": "node/9529456949",
        "tourism": "hotel"
      },
      "geometry": {
        "type": "Point",
        "coordinates": [
          75.9306329,
          10.7540406
        ]
      },
      "id": "node/9529456949"
    },
    {
      "type": "Feature",
      "properties": {
        "@id": "node/9529456977",
        "name": "Hotel Chillies",
        "tourism": "hotel"
      },
      "geometry": {
        "type": "Point",
        "coordinates": [
          75.928515,
          10.7598341
        ]
      },
      "id": "node/9529456977"
    },
    {
      "type": "Feature",
      "properties": {
        "@id": "node/9529563047",
        "name": "Hotel Salkara",
        "tourism": "hotel"
      },
      "geometry": {
        "type": "Point",
        "coordinates": [
          75.9284262,
          10.7620287
        ]
      },
      "id": "node/9529563047"
    },
    {
      "type": "Feature",
      "properties": {
        "@id": "node/9530275901",
        "tourism": "hotel"
      },
      "geometry": {
        "type": "Point",
        "coordinates": [
          76.6754604,
          9.224452
        ]
      },
      "id": "node/9530275901"
    },
    {
      "type": "Feature",
      "properties": {
        "@id": "node/9530279416",
        "tourism": "hotel"
      },
      "geometry": {
        "type": "Point",
        "coordinates": [
          76.6695888,
          9.2250428
        ]
      },
      "id": "node/9530279416"
    },
    {
      "type": "Feature",
      "properties": {
        "@id": "node/9530292856",
        "tourism": "hotel"
      },
      "geometry": {
        "type": "Point",
        "coordinates": [
          76.6735166,
          9.2253367
        ]
      },
      "id": "node/9530292856"
    },
    {
      "type": "Feature",
      "properties": {
        "@id": "node/9530533769",
        "tourism": "hotel"
      },
      "geometry": {
        "type": "Point",
        "coordinates": [
          76.6642081,
          9.2293865
        ]
      },
      "id": "node/9530533769"
    },
    {
      "type": "Feature",
      "properties": {
        "@id": "node/9530533798",
        "tourism": "hotel"
      },
      "geometry": {
        "type": "Point",
        "coordinates": [
          76.6565846,
          9.2297745
        ]
      },
      "id": "node/9530533798"
    },
    {
      "type": "Feature",
      "properties": {
        "@id": "node/9530572750",
        "tourism": "hotel"
      },
      "geometry": {
        "type": "Point",
        "coordinates": [
          76.6279977,
          9.2185509
        ]
      },
      "id": "node/9530572750"
    },
    {
      "type": "Feature",
      "properties": {
        "@id": "node/9530592404",
        "tourism": "hotel"
      },
      "geometry": {
        "type": "Point",
        "coordinates": [
          76.6273271,
          9.227344
        ]
      },
      "id": "node/9530592404"
    },
    {
      "type": "Feature",
      "properties": {
        "@id": "node/9582613649",
        "name": "Janakeya hotel",
        "tourism": "hotel"
      },
      "geometry": {
        "type": "Point",
        "coordinates": [
          76.7070883,
          10.7767209
        ]
      },
      "id": "node/9582613649"
    },
    {
      "type": "Feature",
      "properties": {
        "@id": "node/9589899593",
        "name": "Bekal Fort Inn",
        "tourism": "hotel"
      },
      "geometry": {
        "type": "Point",
        "coordinates": [
          75.0409665,
          12.391918
        ]
      },
      "id": "node/9589899593"
    },
    {
      "type": "Feature",
      "properties": {
        "@id": "node/9634217342",
        "name": "Grand Muziris",
        "tourism": "hotel"
      },
      "geometry": {
        "type": "Point",
        "coordinates": [
          76.2305312,
          10.1490812
        ]
      },
      "id": "node/9634217342"
    },
    {
      "type": "Feature",
      "properties": {
        "@id": "node/9684536797",
        "name": "Tripenta Hotel Private Lmt,malampuzha",
        "tourism": "hotel"
      },
      "geometry": {
        "type": "Point",
        "coordinates": [
          76.6865051,
          10.823787
        ]
      },
      "id": "node/9684536797"
    },
    {
      "type": "Feature",
      "properties": {
        "@id": "node/9684713678",
        "name": "Hotel Govardshana,Malampuzha",
        "tourism": "hotel"
      },
      "geometry": {
        "type": "Point",
        "coordinates": [
          76.6845542,
          10.8258089
        ]
      },
      "id": "node/9684713678"
    },
    {
      "type": "Feature",
      "properties": {
        "@id": "node/9713849660",
        "addr:city": "Paravoor",
        "addr:country": "IN",
        "addr:housenumber": "CP11/709",
        "addr:postcode": "691334",
        "addr:state": "Kerala",
        "addr:street": "Nedungolam P.O",
        "name": "Fragrant Nature Paravur",
        "tourism": "hotel",
        "website": "https://www.fragrantnature.com/HotelsKollam"
      },
      "geometry": {
        "type": "Point",
        "coordinates": [
          76.6795408,
          8.8384554
        ]
      },
      "id": "node/9713849660"
    },
    {
      "type": "Feature",
      "properties": {
        "@id": "node/9776782285",
        "addr:city": "Chettimukku",
        "addr:postcode": "689641",
        "addr:street": "Thiruvalla - Pathanamthitta road",
        "name": "Hotel Prince",
        "tourism": "hotel"
      },
      "geometry": {
        "type": "Point",
        "coordinates": [
          76.6908663,
          9.3417346
        ]
      },
      "id": "node/9776782285"
    },
    {
      "type": "Feature",
      "properties": {
        "@id": "node/9778613211",
        "name": "NEW KERALA",
        "tourism": "hotel"
      },
      "geometry": {
        "type": "Point",
        "coordinates": [
          75.0857376,
          12.3229772
        ]
      },
      "id": "node/9778613211"
    },
    {
      "type": "Feature",
      "properties": {
        "@id": "node/9778896821",
        "name": "Bismi Hotel",
        "tourism": "hotel"
      },
      "geometry": {
        "type": "Point",
        "coordinates": [
          76.2572827,
          11.222323
        ]
      },
      "id": "node/9778896821"
    },
    {
      "type": "Feature",
      "properties": {
        "@id": "node/9779036112",
        "name": "Hotel Komala Bhavan",
        "tourism": "hotel"
      },
      "geometry": {
        "type": "Point",
        "coordinates": [
          76.2584697,
          11.1905236
        ]
      },
      "id": "node/9779036112"
    },
    {
      "type": "Feature",
      "properties": {
        "@id": "node/9779129489",
        "name": "Fast Food Hotel",
        "tourism": "hotel"
      },
      "geometry": {
        "type": "Point",
        "coordinates": [
          76.2444979,
          11.1942367
        ]
      },
      "id": "node/9779129489"
    },
    {
      "type": "Feature",
      "properties": {
        "@id": "node/9779285782",
        "name": "Hotel EPU",
        "tourism": "hotel"
      },
      "geometry": {
        "type": "Point",
        "coordinates": [
          76.2388969,
          11.1946564
        ]
      },
      "id": "node/9779285782"
    },
    {
      "type": "Feature",
      "properties": {
        "@id": "node/9779302334",
        "name": "Iqbals Hotel",
        "tourism": "hotel"
      },
      "geometry": {
        "type": "Point",
        "coordinates": [
          76.2362609,
          11.1955888
        ]
      },
      "id": "node/9779302334"
    },
    {
      "type": "Feature",
      "properties": {
        "@id": "node/9781658017",
        "name": "bites",
        "tourism": "hotel"
      },
      "geometry": {
        "type": "Point",
        "coordinates": [
          75.0886865,
          12.3250578
        ]
      },
      "id": "node/9781658017"
    },
    {
      "type": "Feature",
      "properties": {
        "@id": "node/9782011589",
        "name": "sreehari",
        "tourism": "hotel"
      },
      "geometry": {
        "type": "Point",
        "coordinates": [
          75.0878624,
          12.3245813
        ]
      },
      "id": "node/9782011589"
    },
    {
      "type": "Feature",
      "properties": {
        "@id": "node/9782085953",
        "name": "Muhabath",
        "tourism": "hotel"
      },
      "geometry": {
        "type": "Point",
        "coordinates": [
          75.0788809,
          12.509874
        ]
      },
      "id": "node/9782085953"
    },
    {
      "type": "Feature",
      "properties": {
        "@id": "node/9782123809",
        "name": "udupi krishnabhavan",
        "tourism": "hotel"
      },
      "geometry": {
        "type": "Point",
        "coordinates": [
          75.0863526,
          12.3243866
        ]
      },
      "id": "node/9782123809"
    },
    {
      "type": "Feature",
      "properties": {
        "@id": "node/9782173009",
        "name": "elite",
        "tourism": "hotel"
      },
      "geometry": {
        "type": "Point",
        "coordinates": [
          75.0850326,
          12.3252987
        ]
      },
      "id": "node/9782173009"
    },
    {
      "type": "Feature",
      "properties": {
        "@id": "node/9782247965",
        "name": "Chillies Hotel",
        "tourism": "hotel"
      },
      "geometry": {
        "type": "Point",
        "coordinates": [
          75.0924402,
          12.5062349
        ]
      },
      "id": "node/9782247965"
    },
    {
      "type": "Feature",
      "properties": {
        "@id": "node/9782267035",
        "name": "Hotel Grant",
        "tourism": "hotel"
      },
      "geometry": {
        "type": "Point",
        "coordinates": [
          75.0950529,
          12.5067548
        ]
      },
      "id": "node/9782267035"
    },
    {
      "type": "Feature",
      "properties": {
        "@id": "node/9782270295",
        "name": "Kohinoor",
        "tourism": "hotel"
      },
      "geometry": {
        "type": "Point",
        "coordinates": [
          75.0904201,
          12.5063844
        ]
      },
      "id": "node/9782270295"
    },
    {
      "type": "Feature",
      "properties": {
        "@id": "node/9782395135",
        "name": "Thattukada",
        "tourism": "hotel"
      },
      "geometry": {
        "type": "Point",
        "coordinates": [
          75.0728404,
          12.5096199
        ]
      },
      "id": "node/9782395135"
    },
    {
      "type": "Feature",
      "properties": {
        "@id": "node/9782395138",
        "name": "Malabar",
        "tourism": "hotel"
      },
      "geometry": {
        "type": "Point",
        "coordinates": [
          75.0741611,
          12.5093172
        ]
      },
      "id": "node/9782395138"
    },
    {
      "type": "Feature",
      "properties": {
        "@id": "node/9782531391",
        "name": "Party Hall",
        "tourism": "hotel"
      },
      "geometry": {
        "type": "Point",
        "coordinates": [
          75.0558802,
          12.508899
        ]
      },
      "id": "node/9782531391"
    },
    {
      "type": "Feature",
      "properties": {
        "@id": "node/9783133501",
        "name": "S T Thattukada",
        "tourism": "hotel"
      },
      "geometry": {
        "type": "Point",
        "coordinates": [
          75.0570551,
          12.5088689
        ]
      },
      "id": "node/9783133501"
    },
    {
      "type": "Feature",
      "properties": {
        "@id": "node/9783218381",
        "name": "Sri Mayangara",
        "tourism": "hotel"
      },
      "geometry": {
        "type": "Point",
        "coordinates": [
          75.0555033,
          12.5083678
        ]
      },
      "id": "node/9783218381"
    },
    {
      "type": "Feature",
      "properties": {
        "@id": "node/9783436960",
        "name": "Hotel Vanitha",
        "tourism": "hotel"
      },
      "geometry": {
        "type": "Point",
        "coordinates": [
          75.0632709,
          12.5091765
        ]
      },
      "id": "node/9783436960"
    },
    {
      "type": "Feature",
      "properties": {
        "@id": "node/9784850250",
        "addr:street": "Cheruthoni",
        "name": "Maharani",
        "tourism": "hotel"
      },
      "geometry": {
        "type": "Point",
        "coordinates": [
          76.959834,
          9.8457749
        ]
      },
      "id": "node/9784850250"
    },
    {
      "type": "Feature",
      "properties": {
        "@id": "node/9785604445",
        "name": "AMMA",
        "tourism": "hotel"
      },
      "geometry": {
        "type": "Point",
        "coordinates": [
          75.063671,
          12.3616095
        ]
      },
      "id": "node/9785604445"
    },
    {
      "type": "Feature",
      "properties": {
        "@id": "node/9785617594",
        "name": "DREAMS",
        "tourism": "hotel"
      },
      "geometry": {
        "type": "Point",
        "coordinates": [
          75.0635894,
          12.3621146
        ]
      },
      "id": "node/9785617594"
    },
    {
      "type": "Feature",
      "properties": {
        "@id": "node/9785764892",
        "name": "bombay",
        "shop": "yes",
        "tourism": "hotel"
      },
      "geometry": {
        "type": "Point",
        "coordinates": [
          75.0512064,
          12.3787449
        ]
      },
      "id": "node/9785764892"
    },
    {
      "type": "Feature",
      "properties": {
        "@id": "node/9785820610",
        "addr:city": "BALADKA",
        "addr:housenumber": "Nekraje post",
        "addr:postcode": "671543",
        "addr:street": "Nellikatte-Mulleria Road",
        "internet_access": "no",
        "name": "HOTEL ALIBAG",
        "phone": "+91-7558856136",
        "tourism": "hotel"
      },
      "geometry": {
        "type": "Point",
        "coordinates": [
          75.0869579,
          12.5417574
        ]
      },
      "id": "node/9785820610"
    },
    {
      "type": "Feature",
      "properties": {
        "@id": "node/9785858258",
        "name": "Zam Zam Thattukada",
        "tourism": "hotel"
      },
      "geometry": {
        "type": "Point",
        "coordinates": [
          75.0262165,
          12.5133154
        ]
      },
      "id": "node/9785858258"
    },
    {
      "type": "Feature",
      "properties": {
        "@id": "node/9785864084",
        "name": "thwayyiba",
        "tourism": "hotel"
      },
      "geometry": {
        "type": "Point",
        "coordinates": [
          75.0488092,
          12.3961929
        ]
      },
      "id": "node/9785864084"
    },
    {
      "type": "Feature",
      "properties": {
        "@id": "node/9785871138",
        "name": "anitha",
        "tourism": "hotel"
      },
      "geometry": {
        "type": "Point",
        "coordinates": [
          75.0501844,
          12.3807806
        ]
      },
      "id": "node/9785871138"
    },
    {
      "type": "Feature",
      "properties": {
        "@id": "node/9785871141",
        "name": "casbah",
        "tourism": "hotel"
      },
      "geometry": {
        "type": "Point",
        "coordinates": [
          75.0506558,
          12.3806141
        ]
      },
      "id": "node/9785871141"
    },
    {
      "type": "Feature",
      "properties": {
        "@id": "node/9785883570",
        "name": "Shenza Pallikari",
        "tourism": "hotel"
      },
      "geometry": {
        "type": "Point",
        "coordinates": [
          75.0226973,
          12.5150967
        ]
      },
      "id": "node/9785883570"
    },
    {
      "type": "Feature",
      "properties": {
        "@id": "node/9785884763",
        "name": "relax cafe",
        "tourism": "hotel"
      },
      "geometry": {
        "type": "Point",
        "coordinates": [
          75.0496945,
          12.3822445
        ]
      },
      "id": "node/9785884763"
    },
    {
      "type": "Feature",
      "properties": {
        "@id": "node/9786575503",
        "name": "Hotel National",
        "tourism": "hotel"
      },
      "geometry": {
        "type": "Point",
        "coordinates": [
          75.0457443,
          12.5100684
        ]
      },
      "id": "node/9786575503"
    },
    {
      "type": "Feature",
      "properties": {
        "@id": "node/9786647419",
        "name": "Hotel Star",
        "tourism": "hotel"
      },
      "geometry": {
        "type": "Point",
        "coordinates": [
          75.0451395,
          12.5100858
        ]
      },
      "id": "node/9786647419"
    },
    {
      "type": "Feature",
      "properties": {
        "@id": "node/9787142686",
        "addr:city": "Kasaragod",
        "addr:postcode": "671121",
        "addr:street": "MG Road",
        "name": "HOTEL STATES",
        "phone": "+91-4994220049",
        "tourism": "hotel"
      },
      "geometry": {
        "type": "Point",
        "coordinates": [
          74.990197,
          12.501937
        ]
      },
      "id": "node/9787142686"
    },
    {
      "type": "Feature",
      "properties": {
        "@id": "node/9788354002",
        "internet_access": "no",
        "name": "hotel",
        "tourism": "hotel",
        "wheelchair": "no"
      },
      "geometry": {
        "type": "Point",
        "coordinates": [
          75.089408,
          12.3217033
        ]
      },
      "id": "node/9788354002"
    },
    {
      "type": "Feature",
      "properties": {
        "@id": "node/9788371755",
        "name": "hotel",
        "tourism": "hotel"
      },
      "geometry": {
        "type": "Point",
        "coordinates": [
          75.0893885,
          12.3227582
        ]
      },
      "id": "node/9788371755"
    },
    {
      "type": "Feature",
      "properties": {
        "@id": "node/9788651408",
        "name": "food court",
        "tourism": "hotel"
      },
      "geometry": {
        "type": "Point",
        "coordinates": [
          75.0708487,
          12.5442825
        ]
      },
      "id": "node/9788651408"
    },
    {
      "type": "Feature",
      "properties": {
        "@id": "node/9789935395",
        "addr:city": "Kasaragod",
        "addr:postcode": "671121",
        "addr:street": "Kasargod-Kannur-Calicut Highway",
        "name": "HOTEL TAJ RECEPTION",
        "tourism": "hotel"
      },
      "geometry": {
        "type": "Point",
        "coordinates": [
          74.9953232,
          12.5073752
        ]
      },
      "id": "node/9789935395"
    },
    {
      "type": "Feature",
      "properties": {
        "@id": "node/9790480379",
        "name": "mexican",
        "tourism": "hotel"
      },
      "geometry": {
        "type": "Point",
        "coordinates": [
          75.0731906,
          12.4293278
        ]
      },
      "id": "node/9790480379"
    },
    {
      "type": "Feature",
      "properties": {
        "@id": "node/9790494568",
        "name": "Moon Park Hotel",
        "tourism": "hotel"
      },
      "geometry": {
        "type": "Point",
        "coordinates": [
          75.0179771,
          12.5172761
        ]
      },
      "id": "node/9790494568"
    },
    {
      "type": "Feature",
      "properties": {
        "@id": "node/9790534712",
        "name": "Hotel Liyari",
        "tourism": "hotel"
      },
      "geometry": {
        "type": "Point",
        "coordinates": [
          75.005235,
          12.5126338
        ]
      },
      "id": "node/9790534712"
    },
    {
      "type": "Feature",
      "properties": {
        "@id": "node/9790729877",
        "name": "Hotel KL 14",
        "tourism": "hotel"
      },
      "geometry": {
        "type": "Point",
        "coordinates": [
          74.9881153,
          12.4996919
        ]
      },
      "id": "node/9790729877"
    },
    {
      "type": "Feature",
      "properties": {
        "@id": "node/9790764606",
        "name": "Hotel Swagath",
        "tourism": "hotel"
      },
      "geometry": {
        "type": "Point",
        "coordinates": [
          74.9872692,
          12.5020243
        ]
      },
      "id": "node/9790764606"
    },
    {
      "type": "Feature",
      "properties": {
        "@id": "node/9790862912",
        "name": "Hotel Swami Koragajja",
        "tourism": "hotel"
      },
      "geometry": {
        "type": "Point",
        "coordinates": [
          74.9874743,
          12.5036118
        ]
      },
      "id": "node/9790862912"
    },
    {
      "type": "Feature",
      "properties": {
        "@id": "node/9790930990",
        "name": "Al Safa",
        "tourism": "hotel"
      },
      "geometry": {
        "type": "Point",
        "coordinates": [
          74.9937546,
          12.5075666
        ]
      },
      "id": "node/9790930990"
    },
    {
      "type": "Feature",
      "properties": {
        "@id": "node/9790941272",
        "addr:city": "Kozhikode",
        "addr:postcode": "673032",
        "addr:street": "Red Cross Road",
        "name": "APEX IN TOURIST HOME",
        "tourism": "hotel"
      },
      "geometry": {
        "type": "Point",
        "coordinates": [
          75.7740797,
          11.2564343
        ]
      },
      "id": "node/9790941272"
    },
    {
      "type": "Feature",
      "properties": {
        "@id": "node/9790999395",
        "name": "Brothers Thattukada",
        "tourism": "hotel"
      },
      "geometry": {
        "type": "Point",
        "coordinates": [
          75.0884624,
          12.508385
        ]
      },
      "id": "node/9790999395"
    },
    {
      "type": "Feature",
      "properties": {
        "@id": "node/9794253974",
        "name": "Central Hotel",
        "tourism": "hotel"
      },
      "geometry": {
        "type": "Point",
        "coordinates": [
          76.4992917,
          9.7557143
        ]
      },
      "id": "node/9794253974"
    },
    {
      "type": "Feature",
      "properties": {
        "@id": "node/9832247017",
        "addr:postcode": "673121",
        "addr:street": "Wayanad Road",
        "email": "info@zubisinn.com",
        "internet_access": "wlan",
        "name": "Zubis Inn",
        "phone": "+91-7796888444",
        "tourism": "hotel",
        "website": "https://zubisinn.com/"
      },
      "geometry": {
        "type": "Point",
        "coordinates": [
          76.0846362,
          11.6045142
        ]
      },
      "id": "node/9832247017"
    },
    {
      "type": "Feature",
      "properties": {
        "@id": "node/9835826388",
        "name": "MP Store",
        "tourism": "hotel"
      },
      "geometry": {
        "type": "Point",
        "coordinates": [
          76.3361825,
          11.062654
        ]
      },
      "id": "node/9835826388"
    },
    {
      "type": "Feature",
      "properties": {
        "@id": "node/9838459083",
        "tourism": "hotel"
      },
      "geometry": {
        "type": "Point",
        "coordinates": [
          76.3386637,
          11.0593005
        ]
      },
      "id": "node/9838459083"
    },
    {
      "type": "Feature",
      "properties": {
        "@id": "node/9843795367",
        "name": "JOBY'S KITCHEN",
        "tourism": "hotel"
      },
      "geometry": {
        "type": "Point",
        "coordinates": [
          76.8693481,
          9.9737082
        ]
      },
      "id": "node/9843795367"
    },
    {
      "type": "Feature",
      "properties": {
        "@id": "node/9847979072",
        "name": "HOTEL GREENPALACE",
        "tourism": "hotel"
      },
      "geometry": {
        "type": "Point",
        "coordinates": [
          76.8709277,
          9.974172
        ]
      },
      "id": "node/9847979072"
    },
    {
      "type": "Feature",
      "properties": {
        "@id": "node/9873860998",
        "addr:city": "Wayanad",
        "addr:housenumber": "Near Kalindi River",
        "addr:postcode": "670646",
        "addr:street": "Klov -Thirunelli Road",
        "brand": "Klov Resort & Spa",
        "email": "info@klovresort.com",
        "internet_access": "yes",
        "internet_access:fee": "customers",
        "name": "Klov Resort & Spa",
        "name:ml": "Spice Valley Resorts Pvt Ltd",
        "payment:app": "yes",
        "payment:cash": "yes",
        "payment:contactless": "yes",
        "payment:credit_cards": "yes",
        "payment:debit_cards": "yes",
        "payment:mastercard": "yes",
        "payment:visa_debit": "yes",
        "phone": "+919778682544",
        "reservation": "required",
        "rooms": "26",
        "tourism": "hotel",
        "website": "https://www.klovresort.com/"
      },
      "geometry": {
        "type": "Point",
        "coordinates": [
          75.9892401,
          11.9074754
        ]
      },
      "id": "node/9873860998"
    },
    {
      "type": "Feature",
      "properties": {
        "@id": "node/9992658639",
        "name": "Hotel Orange",
        "tourism": "hotel"
      },
      "geometry": {
        "type": "Point",
        "coordinates": [
          76.3064685,
          10.0022208
        ]
      },
      "id": "node/9992658639"
    },
    {
      "type": "Feature",
      "properties": {
        "@id": "node/10058117545",
        "beds": "16",
        "check_date": "2025-02-02",
        "internet_access": "yes",
        "internet_access:fee": "no",
        "name": "Sunset Bay",
        "rooms": "8",
        "tourism": "hotel"
      },
      "geometry": {
        "type": "Point",
        "coordinates": [
          76.2418304,
          9.9668431
        ]
      },
      "id": "node/10058117545"
    },
    {
      "type": "Feature",
      "properties": {
        "@id": "node/10180145217",
        "name": "Aahara Hotel",
        "tourism": "hotel"
      },
      "geometry": {
        "type": "Point",
        "coordinates": [
          76.7628131,
          9.5645811
        ]
      },
      "id": "node/10180145217"
    },
    {
      "type": "Feature",
      "properties": {
        "@id": "node/10181138217",
        "addr:postcode": "678002",
        "addr:street": "Palakkad-Malappuram-Calicut Road",
        "check_date": "2023-12-30",
        "email": "medleyregency@gmail.com",
        "internet_access": "wlan",
        "name": "Medley Regency",
        "opening_hours": "24/7",
        "phone": "+918304966999;+914912966999",
        "tourism": "hotel",
        "website": "http://www.medleyregency.com"
      },
      "geometry": {
        "type": "Point",
        "coordinates": [
          76.638526,
          10.7970296
        ]
      },
      "id": "node/10181138217"
    },
    {
      "type": "Feature",
      "properties": {
        "@id": "node/10207524220",
        "addr:postcode": "683514",
        "addr:street": "Vypin - Pallippuram Road",
        "name": "Camper by the bay",
        "tourism": "hotel",
        "website": "https://camperbythebay.com/"
      },
      "geometry": {
        "type": "Point",
        "coordinates": [
          76.1766005,
          10.1475881
        ]
      },
      "id": "node/10207524220"
    },
    {
      "type": "Feature",
      "properties": {
        "@id": "node/10208874397",
        "name": "Malabar hotel",
        "tourism": "hotel"
      },
      "geometry": {
        "type": "Point",
        "coordinates": [
          76.000615,
          11.2998452
        ]
      },
      "id": "node/10208874397"
    },
    {
      "type": "Feature",
      "properties": {
        "@id": "node/10209223685",
        "name": "Amigoz Hotel",
        "tourism": "hotel"
      },
      "geometry": {
        "type": "Point",
        "coordinates": [
          76.0502205,
          10.7350882
        ]
      },
      "id": "node/10209223685"
    },
    {
      "type": "Feature",
      "properties": {
        "@id": "node/10209268737",
        "name": "Muthalebkante Mandhi",
        "tourism": "hotel"
      },
      "geometry": {
        "type": "Point",
        "coordinates": [
          76.0520729,
          10.7326585
        ]
      },
      "id": "node/10209268737"
    },
    {
      "type": "Feature",
      "properties": {
        "@id": "node/10210189419",
        "addr:street": "Vypin - Pallippuram Road",
        "name": "Cherai Beach Residency",
        "tourism": "hotel"
      },
      "geometry": {
        "type": "Point",
        "coordinates": [
          76.1814416,
          10.1325007
        ]
      },
      "id": "node/10210189419"
    },
    {
      "type": "Feature",
      "properties": {
        "@id": "node/10211197423",
        "name": "Hotel Sreeram",
        "tourism": "hotel"
      },
      "geometry": {
        "type": "Point",
        "coordinates": [
          75.9945915,
          11.321658
        ]
      },
      "id": "node/10211197423"
    },
    {
      "type": "Feature",
      "properties": {
        "@id": "node/10211333493",
        "name": "Al Thanoor",
        "tourism": "hotel"
      },
      "geometry": {
        "type": "Point",
        "coordinates": [
          75.9720489,
          10.8148935
        ]
      },
      "id": "node/10211333493"
    },
    {
      "type": "Feature",
      "properties": {
        "@id": "node/10251811110",
        "internet_access": "wlan",
        "name": "Keralan Homestay",
        "tourism": "hotel"
      },
      "geometry": {
        "type": "Point",
        "coordinates": [
          76.3532447,
          9.5085394
        ]
      },
      "id": "node/10251811110"
    },
    {
      "type": "Feature",
      "properties": {
        "@id": "node/10284403709",
        "name": "Bamboo Lagoon Resort",
        "tourism": "hotel"
      },
      "geometry": {
        "type": "Point",
        "coordinates": [
          76.3560623,
          9.5166264
        ]
      },
      "id": "node/10284403709"
    },
    {
      "type": "Feature",
      "properties": {
        "@id": "node/10572809903",
        "name": "Aspire",
        "tourism": "hotel"
      },
      "geometry": {
        "type": "Point",
        "coordinates": [
          76.3296626,
          9.9396447
        ]
      },
      "id": "node/10572809903"
    },
    {
      "type": "Feature",
      "properties": {
        "@id": "node/10579052517",
        "air_conditioning": "no",
        "name": "Fort Inn Stay",
        "name:en": "Fort Inn Stay",
        "opening_hours": "11:00-23:00",
        "phone": "+91 98952 65429",
        "source": "survey",
        "tourism": "hotel",
        "wheelchair": "limited"
      },
      "geometry": {
        "type": "Point",
        "coordinates": [
          76.2416473,
          9.9672525
        ]
      },
      "id": "node/10579052517"
    },
    {
      "type": "Feature",
      "properties": {
        "@id": "node/10592047205",
        "name": "Marari Edens",
        "tourism": "hotel"
      },
      "geometry": {
        "type": "Point",
        "coordinates": [
          76.2956886,
          9.6315011
        ]
      },
      "id": "node/10592047205"
    },
    {
      "type": "Feature",
      "properties": {
        "@id": "node/10607851806",
        "addr:postcode": "685565",
        "addr:street": "Vellathooval-Pallivasal Road",
        "internet_access": "wlan",
        "name:en": "3R Residency",
        "tourism": "hotel"
      },
      "geometry": {
        "type": "Point",
        "coordinates": [
          77.0338449,
          10.0199822
        ]
      },
      "id": "node/10607851806"
    },
    {
      "type": "Feature",
      "properties": {
        "@id": "node/10629517392",
        "name": "EANTE AMMA",
        "tourism": "hotel"
      },
      "geometry": {
        "type": "Point",
        "coordinates": [
          76.5489824,
          9.6489338
        ]
      },
      "id": "node/10629517392"
    },
    {
      "type": "Feature",
      "properties": {
        "@id": "node/10651034707",
        "name:en": "Karapuzha Residency",
        "phone": "+919562370356",
        "tourism": "hotel"
      },
      "geometry": {
        "type": "Point",
        "coordinates": [
          76.145521,
          11.6428409
        ]
      },
      "id": "node/10651034707"
    },
    {
      "type": "Feature",
      "properties": {
        "@id": "node/10651866088",
        "name": "Seiko Hotel",
        "tourism": "hotel"
      },
      "geometry": {
        "type": "Point",
        "coordinates": [
          76.3221453,
          10.3025569
        ]
      },
      "id": "node/10651866088"
    },
    {
      "type": "Feature",
      "properties": {
        "@id": "node/10718136005",
        "name": "Arebian palace (Good address)",
        "tourism": "hotel"
      },
      "geometry": {
        "type": "Point",
        "coordinates": [
          76.9806203,
          8.3841368
        ]
      },
      "id": "node/10718136005"
    },
    {
      "type": "Feature",
      "properties": {
        "@id": "node/10718136105",
        "name": "Golden Valley",
        "tourism": "hotel"
      },
      "geometry": {
        "type": "Point",
        "coordinates": [
          76.9799968,
          8.3862524
        ]
      },
      "id": "node/10718136105"
    },
    {
      "type": "Feature",
      "properties": {
        "@id": "node/10719225168",
        "tourism": "hotel"
      },
      "geometry": {
        "type": "Point",
        "coordinates": [
          76.3219265,
          10.3026766
        ]
      },
      "id": "node/10719225168"
    },
    {
      "type": "Feature",
      "properties": {
        "@id": "node/10734409106",
        "name": "Soul Varkala",
        "tourism": "hotel"
      },
      "geometry": {
        "type": "Point",
        "coordinates": [
          76.6989224,
          8.7443834
        ]
      },
      "id": "node/10734409106"
    },
    {
      "type": "Feature",
      "properties": {
        "@id": "node/10736456105",
        "name": "Zebra Hostel",
        "tourism": "hotel"
      },
      "geometry": {
        "type": "Point",
        "coordinates": [
          76.7052438,
          8.738215
        ]
      },
      "id": "node/10736456105"
    },
    {
      "type": "Feature",
      "properties": {
        "@id": "node/10743397854",
        "brand": "Hotel Aryaas",
        "name": "Hotel Aryaas",
        "tourism": "hotel"
      },
      "geometry": {
        "type": "Point",
        "coordinates": [
          76.2601307,
          10.443957
        ]
      },
      "id": "node/10743397854"
    },
    {
      "type": "Feature",
      "properties": {
        "@id": "node/10744884314",
        "name:fr": "3R Resendency",
        "tourism": "hotel"
      },
      "geometry": {
        "type": "Point",
        "coordinates": [
          77.033866,
          10.01991
        ]
      },
      "id": "node/10744884314"
    },
    {
      "type": "Feature",
      "properties": {
        "@id": "node/10779408905",
        "check_date": "2025-10-26",
        "name": "Four N Square Residency",
        "tourism": "hotel"
      },
      "geometry": {
        "type": "Point",
        "coordinates": [
          76.6606125,
          10.7677477
        ]
      },
      "id": "node/10779408905"
    },
    {
      "type": "Feature",
      "properties": {
        "@id": "node/10889000626",
        "tourism": "hotel"
      },
      "geometry": {
        "type": "Point",
        "coordinates": [
          75.9687735,
          11.4731302
        ]
      },
      "id": "node/10889000626"
    },
    {
      "type": "Feature",
      "properties": {
        "@id": "node/10937814545",
        "description": "hotel added",
        "name": "aariyas hotel",
        "tourism": "hotel"
      },
      "geometry": {
        "type": "Point",
        "coordinates": [
          76.6779821,
          9.226766
        ]
      },
      "id": "node/10937814545"
    },
    {
      "type": "Feature",
      "properties": {
        "@id": "node/10939479119",
        "tourism": "hotel"
      },
      "geometry": {
        "type": "Point",
        "coordinates": [
          76.3372159,
          9.9710591
        ]
      },
      "id": "node/10939479119"
    },
    {
      "type": "Feature",
      "properties": {
        "@id": "node/10939479120",
        "tourism": "hotel"
      },
      "geometry": {
        "type": "Point",
        "coordinates": [
          76.3369884,
          9.9712493
        ]
      },
      "id": "node/10939479120"
    },
    {
      "type": "Feature",
      "properties": {
        "@id": "node/10957904600",
        "name": "Jamaliyya restaurent",
        "tourism": "hotel"
      },
      "geometry": {
        "type": "Point",
        "coordinates": [
          75.4110159,
          12.127614
        ]
      },
      "id": "node/10957904600"
    },
    {
      "type": "Feature",
      "properties": {
        "@id": "node/11001125505",
        "addr:postcode": "695141",
        "addr:street": "Thiruvambadi Beach Road",
        "internet_access": "wlan",
        "name": "Pachamama Beach Resort",
        "phone": "+91 94000 05021",
        "tourism": "hotel",
        "website": "http://pachamamavarkala.com"
      },
      "geometry": {
        "type": "Point",
        "coordinates": [
          76.7043791,
          8.7398691
        ]
      },
      "id": "node/11001125505"
    },
    {
      "type": "Feature",
      "properties": {
        "@id": "node/11044461405",
        "name": "City Tower",
        "tourism": "hotel"
      },
      "geometry": {
        "type": "Point",
        "coordinates": [
          76.9476837,
          8.4884544
        ]
      },
      "id": "node/11044461405"
    },
    {
      "type": "Feature",
      "properties": {
        "@id": "node/11044461605",
        "name": "Tourist Home",
        "tourism": "hotel"
      },
      "geometry": {
        "type": "Point",
        "coordinates": [
          76.9487337,
          8.4881162
        ]
      },
      "id": "node/11044461605"
    },
    {
      "type": "Feature",
      "properties": {
        "@id": "node/11046104606",
        "name": "Indraprastham Tourist Home",
        "tourism": "hotel"
      },
      "geometry": {
        "type": "Point",
        "coordinates": [
          76.8734638,
          8.565404
        ]
      },
      "id": "node/11046104606"
    },
    {
      "type": "Feature",
      "properties": {
        "@id": "node/11047720305",
        "name": "Pankaj",
        "tourism": "hotel"
      },
      "geometry": {
        "type": "Point",
        "coordinates": [
          76.9480622,
          8.496147
        ]
      },
      "id": "node/11047720305"
    },
    {
      "type": "Feature",
      "properties": {
        "@id": "node/11047720405",
        "name": "Chirag Inn",
        "tourism": "hotel"
      },
      "geometry": {
        "type": "Point",
        "coordinates": [
          76.9480062,
          8.4962898
        ]
      },
      "id": "node/11047720405"
    },
    {
      "type": "Feature",
      "properties": {
        "@id": "node/11052576605",
        "name": "City light",
        "tourism": "hotel"
      },
      "geometry": {
        "type": "Point",
        "coordinates": [
          76.899092,
          8.6207483
        ]
      },
      "id": "node/11052576605"
    },
    {
      "type": "Feature",
      "properties": {
        "@id": "node/11064294907",
        "name": "Aristo",
        "tourism": "hotel"
      },
      "geometry": {
        "type": "Point",
        "coordinates": [
          76.9540102,
          8.4889263
        ]
      },
      "id": "node/11064294907"
    },
    {
      "type": "Feature",
      "properties": {
        "@id": "node/11064654715",
        "name": "KTDC",
        "tourism": "hotel"
      },
      "geometry": {
        "type": "Point",
        "coordinates": [
          77.1476308,
          8.5350507
        ]
      },
      "id": "node/11064654715"
    },
    {
      "type": "Feature",
      "properties": {
        "@id": "node/11066977706",
        "name": "King Fisher Boat Club & Homestay",
        "tourism": "hotel"
      },
      "geometry": {
        "type": "Point",
        "coordinates": [
          77.0863122,
          8.3103728
        ]
      },
      "id": "node/11066977706"
    },
    {
      "type": "Feature",
      "properties": {
        "@id": "node/11067258006",
        "name": "La promenade",
        "tourism": "hotel"
      },
      "geometry": {
        "type": "Point",
        "coordinates": [
          76.9821553,
          8.3990258
        ]
      },
      "id": "node/11067258006"
    },
    {
      "type": "Feature",
      "properties": {
        "@id": "node/11067363407",
        "tourism": "hotel"
      },
      "geometry": {
        "type": "Point",
        "coordinates": [
          76.8991331,
          8.5156862
        ]
      },
      "id": "node/11067363407"
    },
    {
      "type": "Feature",
      "properties": {
        "@id": "node/11067370106",
        "name": "O by tamara",
        "tourism": "hotel"
      },
      "geometry": {
        "type": "Point",
        "coordinates": [
          76.9017889,
          8.5126282
        ]
      },
      "id": "node/11067370106"
    },
    {
      "type": "Feature",
      "properties": {
        "@id": "node/11071705905",
        "internet_access": "wlan",
        "name:fr": "Keralan homestay",
        "tourism": "hotel"
      },
      "geometry": {
        "type": "Point",
        "coordinates": [
          76.3540653,
          9.5179033
        ]
      },
      "id": "node/11071705905"
    },
    {
      "type": "Feature",
      "properties": {
        "@id": "node/11073355062",
        "name": "The Gold Hotel",
        "tourism": "hotel"
      },
      "geometry": {
        "type": "Point",
        "coordinates": [
          76.5980179,
          10.7156359
        ]
      },
      "id": "node/11073355062"
    },
    {
      "type": "Feature",
      "properties": {
        "@id": "node/11096952463",
        "name": "Aliyans",
        "tourism": "hotel"
      },
      "geometry": {
        "type": "Point",
        "coordinates": [
          75.7346848,
          12.0254188
        ]
      },
      "id": "node/11096952463"
    },
    {
      "type": "Feature",
      "properties": {
        "@id": "node/11097147600",
        "addr:city": "kanjoor,parappuram",
        "addr:district": "Eranakulam",
        "addr:street": "parappuram p.o",
        "name": "Panoramic Luxury Hotel",
        "tourism": "hotel"
      },
      "geometry": {
        "type": "Point",
        "coordinates": [
          76.442884,
          10.1344321
        ]
      },
      "id": "node/11097147600"
    },
    {
      "type": "Feature",
      "properties": {
        "@id": "node/11097163464",
        "addr:district": "Kottayam",
        "tourism": "hotel"
      },
      "geometry": {
        "type": "Point",
        "coordinates": [
          76.7772106,
          9.6343844
        ]
      },
      "id": "node/11097163464"
    },
    {
      "type": "Feature",
      "properties": {
        "@id": "node/11097235910",
        "name": "St Thomas Hotel Nalukody",
        "tourism": "hotel"
      },
      "geometry": {
        "type": "Point",
        "coordinates": [
          76.5616706,
          9.425853
        ]
      },
      "id": "node/11097235910"
    },
    {
      "type": "Feature",
      "properties": {
        "@id": "node/11110319635",
        "addr:city": "Kakkanad",
        "addr:district": "Ernakulam",
        "addr:postcode": "682030",
        "addr:street": "Edachira Road",
        "internet_access": "wlan",
        "name": "Lavender Business Hotel",
        "phone": "+ 91 484 4031113",
        "tourism": "hotel",
        "website": "https://lavenderkochi.com"
      },
      "geometry": {
        "type": "Point",
        "coordinates": [
          76.3659252,
          10.0157001
        ]
      },
      "id": "node/11110319635"
    },
    {
      "type": "Feature",
      "properties": {
        "@id": "node/11126381941",
        "air_conditioning": "yes",
        "internet_access": "wlan",
        "name": "Niko Hotel",
        "tourism": "hotel",
        "wheelchair": "yes"
      },
      "geometry": {
        "type": "Point",
        "coordinates": [
          76.3017703,
          9.9579718
        ]
      },
      "id": "node/11126381941"
    },
    {
      "type": "Feature",
      "properties": {
        "@id": "node/11129204420",
        "air_conditioning": "yes",
        "name": "Park Royal",
        "tourism": "hotel"
      },
      "geometry": {
        "type": "Point",
        "coordinates": [
          76.2869071,
          9.964552
        ]
      },
      "id": "node/11129204420"
    },
    {
      "type": "Feature",
      "properties": {
        "@id": "node/11132624119",
        "air_conditioning": "yes",
        "bar": "yes",
        "name": "Polakulath Regency",
        "sauna": "no",
        "swimming_pool": "no",
        "tourism": "hotel",
        "wheelchair": "limited"
      },
      "geometry": {
        "type": "Point",
        "coordinates": [
          76.2861,
          9.9697778
        ]
      },
      "id": "node/11132624119"
    },
    {
      "type": "Feature",
      "properties": {
        "@id": "node/11132624121",
        "name": "The Woods Manor",
        "tourism": "hotel"
      },
      "geometry": {
        "type": "Point",
        "coordinates": [
          76.285282,
          9.9701441
        ]
      },
      "id": "node/11132624121"
    },
    {
      "type": "Feature",
      "properties": {
        "@id": "node/11132624127",
        "name": "Good Shepherd Tourist Hone",
        "tourism": "hotel"
      },
      "geometry": {
        "type": "Point",
        "coordinates": [
          76.2856207,
          9.9694974
        ]
      },
      "id": "node/11132624127"
    },
    {
      "type": "Feature",
      "properties": {
        "@id": "node/11132624169",
        "name": "Hotel Udupi Anantha Bhavan",
        "tourism": "hotel"
      },
      "geometry": {
        "type": "Point",
        "coordinates": [
          76.2854789,
          9.9691197
        ]
      },
      "id": "node/11132624169"
    },
    {
      "type": "Feature",
      "properties": {
        "@id": "node/11132624172",
        "air_conditioning": "yes",
        "name": "New Woodlands",
        "tourism": "hotel"
      },
      "geometry": {
        "type": "Point",
        "coordinates": [
          76.2854426,
          9.9699061
        ]
      },
      "id": "node/11132624172"
    },
    {
      "type": "Feature",
      "properties": {
        "@id": "node/11155558565",
        "name": "Thr Blossoms Cochin",
        "tourism": "hotel",
        "wikidata": "Q112002737"
      },
      "geometry": {
        "type": "Point",
        "coordinates": [
          76.360185,
          10.0163669
        ]
      },
      "id": "node/11155558565"
    },
    {
      "type": "Feature",
      "properties": {
        "@id": "node/11182590430",
        "addr:city": "Nedumkandam",
        "addr:district": "Idukki",
        "addr:postcode": "685553",
        "internet_access": "wlan",
        "name": "Windfort Hotels & Resorts",
        "tourism": "hotel"
      },
      "geometry": {
        "type": "Point",
        "coordinates": [
          77.1543134,
          9.8401973
        ]
      },
      "id": "node/11182590430"
    },
    {
      "type": "Feature",
      "properties": {
        "@id": "node/11186247342",
        "contact:facebook": "https://www.facebook.com/CityResidency/",
        "name": "city residency",
        "phone": "0460 220 0199",
        "tourism": "hotel",
        "website": "https://city-residency-tourist-home.business.site/"
      },
      "geometry": {
        "type": "Point",
        "coordinates": [
          75.3583204,
          12.0384857
        ]
      },
      "id": "node/11186247342"
    },
    {
      "type": "Feature",
      "properties": {
        "@id": "node/11188178431",
        "addr:city": "Taliparamba",
        "addr:district": "Kannur",
        "addr:postcode": "670141",
        "name": "Samrat business hotel",
        "phone": "9747040648",
        "tourism": "hotel",
        "website": "http://www.hotelsamrat.co.in/"
      },
      "geometry": {
        "type": "Point",
        "coordinates": [
          75.3616448,
          12.0368079
        ]
      },
      "id": "node/11188178431"
    },
    {
      "type": "Feature",
      "properties": {
        "@id": "node/11188210437",
        "name": "Dream tourist home",
        "tourism": "hotel"
      },
      "geometry": {
        "type": "Point",
        "coordinates": [
          75.3647827,
          12.0383435
        ]
      },
      "id": "node/11188210437"
    },
    {
      "type": "Feature",
      "properties": {
        "@id": "node/11199502739",
        "name": "Kudumbasree Vanitha Hotel",
        "tourism": "hotel"
      },
      "geometry": {
        "type": "Point",
        "coordinates": [
          75.2677606,
          12.0880006
        ]
      },
      "id": "node/11199502739"
    },
    {
      "type": "Feature",
      "properties": {
        "@id": "node/11199520537",
        "name": "Kudumbashree Aiswarya Vanitha Canteen",
        "tourism": "hotel"
      },
      "geometry": {
        "type": "Point",
        "coordinates": [
          75.2724812,
          12.0898223
        ]
      },
      "id": "node/11199520537"
    },
    {
      "type": "Feature",
      "properties": {
        "@id": "node/11205073304",
        "name": "Dwaraka",
        "tourism": "hotel"
      },
      "geometry": {
        "type": "Point",
        "coordinates": [
          75.3769421,
          12.0450568
        ]
      },
      "id": "node/11205073304"
    },
    {
      "type": "Feature",
      "properties": {
        "@id": "node/11219101978",
        "tourism": "hotel"
      },
      "geometry": {
        "type": "Point",
        "coordinates": [
          75.95008,
          11.3677426
        ]
      },
      "id": "node/11219101978"
    },
    {
      "type": "Feature",
      "properties": {
        "@id": "node/11219101991",
        "name": "Hotel deluxe",
        "tourism": "hotel"
      },
      "geometry": {
        "type": "Point",
        "coordinates": [
          75.9640226,
          11.3648351
        ]
      },
      "id": "node/11219101991"
    },
    {
      "type": "Feature",
      "properties": {
        "@id": "node/11219277167",
        "name": "Green piece thattukada",
        "tourism": "hotel"
      },
      "geometry": {
        "type": "Point",
        "coordinates": [
          75.9626993,
          11.3661444
        ]
      },
      "id": "node/11219277167"
    },
    {
      "type": "Feature",
      "properties": {
        "@id": "node/11222233991",
        "air_conditioning": "no",
        "internet_access": "no",
        "name": "Palakappily Lodge",
        "tourism": "hotel",
        "wheelchair": "no"
      },
      "geometry": {
        "type": "Point",
        "coordinates": [
          76.2940157,
          9.9448942
        ]
      },
      "id": "node/11222233991"
    },
    {
      "type": "Feature",
      "properties": {
        "@id": "node/11240868186",
        "name": "Bharath residency",
        "tourism": "hotel"
      },
      "geometry": {
        "type": "Point",
        "coordinates": [
          75.3579409,
          12.0430857
        ]
      },
      "id": "node/11240868186"
    },
    {
      "type": "Feature",
      "properties": {
        "@id": "node/11241021657",
        "air_conditioning": "yes",
        "name": "Arameka",
        "tourism": "hotel"
      },
      "geometry": {
        "type": "Point",
        "coordinates": [
          76.2940124,
          9.9594699
        ]
      },
      "id": "node/11241021657"
    },
    {
      "type": "Feature",
      "properties": {
        "@id": "node/11244131606",
        "addr:city": "Kochi",
        "addr:district": "Ernakulam",
        "addr:state": "KL",
        "addr:street": "Kaloor-Kadavanthara Road",
        "addr:suburb": "Kadavanthara",
        "air_conditioning": "yes",
        "bar": "yes",
        "building": "hotel",
        "name": "Volga Tourist Home",
        "tourism": "hotel"
      },
      "geometry": {
        "type": "Point",
        "coordinates": [
          76.2991624,
          9.9698894
        ]
      },
      "id": "node/11244131606"
    },
    {
      "type": "Feature",
      "properties": {
        "@id": "node/11250244476",
        "addr:city": "Pandalam",
        "addr:postcode": "689501",
        "addr:street": "pandalam market road",
        "internet_access": "no",
        "name": "Sree Ayyappa Fast food",
        "rooms": "0",
        "shop": "yes",
        "tourism": "hotel"
      },
      "geometry": {
        "type": "Point",
        "coordinates": [
          76.6751675,
          9.2246335
        ]
      },
      "id": "node/11250244476"
    },
    {
      "type": "Feature",
      "properties": {
        "@id": "node/11290198431",
        "addr:city": "Kochi",
        "addr:district": "Ernakulam",
        "addr:neighbourhood": "Kuzhuppilly",
        "addr:street": "Beach Road",
        "addr:suburb": "Vypin",
        "name": "Baywatch Beach Homes",
        "tourism": "hotel"
      },
      "geometry": {
        "type": "Point",
        "coordinates": [
          76.1781153,
          10.142873
        ]
      },
      "id": "node/11290198431"
    },
    {
      "type": "Feature",
      "properties": {
        "@id": "node/11297503835",
        "name": "Melvet Residency",
        "tourism": "hotel"
      },
      "geometry": {
        "type": "Point",
        "coordinates": [
          76.3018137,
          9.9520564
        ]
      },
      "id": "node/11297503835"
    },
    {
      "type": "Feature",
      "properties": {
        "@id": "node/11299967236",
        "name": "Jinnens Tourist Home",
        "opening_hours": "24/7",
        "phone": "9895992204",
        "survey:date": "2023-10-31",
        "tourism": "hotel"
      },
      "geometry": {
        "type": "Point",
        "coordinates": [
          75.9472219,
          10.7291384
        ]
      },
      "id": "node/11299967236"
    },
    {
      "type": "Feature",
      "properties": {
        "@id": "node/11311448012",
        "air_conditioning": "yes",
        "bar": "yes",
        "name": "The Mercy",
        "swimming_pool": "outdoor",
        "tourism": "hotel",
        "wheelchair": "yes"
      },
      "geometry": {
        "type": "Point",
        "coordinates": [
          76.2886597,
          9.9584744
        ]
      },
      "id": "node/11311448012"
    },
    {
      "type": "Feature",
      "properties": {
        "@id": "node/11324934269",
        "contact:phone": "+91 487 233 1543",
        "name": "Raj Mahal Lodge",
        "tourism": "hotel"
      },
      "geometry": {
        "type": "Point",
        "coordinates": [
          76.2167091,
          10.5286737
        ]
      },
      "id": "node/11324934269"
    },
    {
      "type": "Feature",
      "properties": {
        "@id": "node/11330665197",
        "air_conditioning": "yes",
        "bar": "yes",
        "check_date": "2024-10-16",
        "level": "0",
        "name": "Hotel Yuvraj",
        "tourism": "hotel",
        "wheelchair": "no"
      },
      "geometry": {
        "type": "Point",
        "coordinates": [
          76.2922215,
          9.949759
        ]
      },
      "id": "node/11330665197"
    },
    {
      "type": "Feature",
      "properties": {
        "@id": "node/11335513174",
        "name": "yamuna hotel",
        "tourism": "hotel"
      },
      "geometry": {
        "type": "Point",
        "coordinates": [
          76.0344257,
          10.6404123
        ]
      },
      "id": "node/11335513174"
    },
    {
      "type": "Feature",
      "properties": {
        "@id": "node/11350623394",
        "name": "NAMBYARS VEG HOTEL",
        "tourism": "hotel"
      },
      "geometry": {
        "type": "Point",
        "coordinates": [
          76.051026,
          10.8301756
        ]
      },
      "id": "node/11350623394"
    },
    {
      "type": "Feature",
      "properties": {
        "@id": "node/11351117948",
        "tourism": "hotel"
      },
      "geometry": {
        "type": "Point",
        "coordinates": [
          75.9949187,
          10.7987721
        ]
      },
      "id": "node/11351117948"
    },
    {
      "type": "Feature",
      "properties": {
        "@id": "node/11351385728",
        "name": "hotel chandragiri",
        "tourism": "hotel"
      },
      "geometry": {
        "type": "Point",
        "coordinates": [
          75.0070446,
          12.4672998
        ]
      },
      "id": "node/11351385728"
    },
    {
      "type": "Feature",
      "properties": {
        "@id": "node/11353462361",
        "name": "Hotel Crown Suites",
        "tourism": "hotel"
      },
      "geometry": {
        "type": "Point",
        "coordinates": [
          76.2940442,
          9.9659899
        ]
      },
      "id": "node/11353462361"
    },
    {
      "type": "Feature",
      "properties": {
        "@id": "node/11360040565",
        "tourism": "hotel"
      },
      "geometry": {
        "type": "Point",
        "coordinates": [
          76.202987,
          11.2502207
        ]
      },
      "id": "node/11360040565"
    },
    {
      "type": "Feature",
      "properties": {
        "@id": "node/11383860688",
        "air_conditioning": "no",
        "name": "John's Lodge",
        "tourism": "hotel"
      },
      "geometry": {
        "type": "Point",
        "coordinates": [
          76.304586,
          9.9685398
        ]
      },
      "id": "node/11383860688"
    },
    {
      "type": "Feature",
      "properties": {
        "@id": "node/11408065937",
        "air_conditioning": "yes",
        "name": "The Neighbourhood",
        "tourism": "hotel"
      },
      "geometry": {
        "type": "Point",
        "coordinates": [
          76.2833992,
          9.9671914
        ]
      },
      "id": "node/11408065937"
    },
    {
      "type": "Feature",
      "properties": {
        "@id": "node/11408100900",
        "air_conditioning": "yes",
        "name": "York Hotel",
        "tourism": "hotel",
        "wheelchair": "no"
      },
      "geometry": {
        "type": "Point",
        "coordinates": [
          76.2877979,
          9.9632969
        ]
      },
      "id": "node/11408100900"
    },
    {
      "type": "Feature",
      "properties": {
        "@id": "node/11408633468",
        "addr:city": "Thiruvananthapuram",
        "addr:district": "Thiruvananthapuram",
        "addr:housenumber": "Pournami janakiya hotel",
        "addr:street": "Kalamachal",
        "name": "Pournami janakiya hotel",
        "tourism": "hotel"
      },
      "geometry": {
        "type": "Point",
        "coordinates": [
          76.8955301,
          8.6678414
        ]
      },
      "id": "node/11408633468"
    },
    {
      "type": "Feature",
      "properties": {
        "@id": "node/11408668404",
        "addr:city": "Thiruvananthapuram",
        "addr:district": "Thiruvananthapuram",
        "addr:housenumber": "SS hotel",
        "addr:street": "Kalamachal",
        "name": "SS hotel",
        "tourism": "hotel"
      },
      "geometry": {
        "type": "Point",
        "coordinates": [
          76.8951387,
          8.6682683
        ]
      },
      "id": "node/11408668404"
    },
    {
      "type": "Feature",
      "properties": {
        "@id": "node/11408668408",
        "addr:city": "Thiruvananthapuram",
        "addr:district": "Thiruvananthapuram",
        "addr:housenumber": "Pavizham Hotel",
        "addr:street": "Mulayam",
        "name": "Pavizham Hotel",
        "tourism": "hotel"
      },
      "geometry": {
        "type": "Point",
        "coordinates": [
          76.8963835,
          8.6706052
        ]
      },
      "id": "node/11408668408"
    },
    {
      "type": "Feature",
      "properties": {
        "@id": "node/11409956769",
        "name": "Dreamcatcher homestay",
        "tourism": "hotel"
      },
      "geometry": {
        "type": "Point",
        "coordinates": [
          76.2433734,
          9.9584814
        ]
      },
      "id": "node/11409956769"
    },
    {
      "type": "Feature",
      "properties": {
        "@id": "node/11410346760",
        "addr:city": "Kollam",
        "addr:district": "Kollam",
        "addr:housenumber": "Sudhas janageeyahotel",
        "addr:street": "Kunnathur po Nediyavila",
        "name": "Sudhas janageeyahotel",
        "tourism": "hotel"
      },
      "geometry": {
        "type": "Point",
        "coordinates": [
          76.6786637,
          9.0601078
        ]
      },
      "id": "node/11410346760"
    },
    {
      "type": "Feature",
      "properties": {
        "@id": "node/11410395057",
        "addr:city": "Kollam",
        "addr:district": "Kollam",
        "addr:housenumber": "Vishnu hotel Ooyoor po ooyoor",
        "addr:street": "Velinalloor",
        "name": "Vishnu Hotel",
        "tourism": "hotel"
      },
      "geometry": {
        "type": "Point",
        "coordinates": [
          76.776217,
          8.8743569
        ]
      },
      "id": "node/11410395057"
    },
    {
      "type": "Feature",
      "properties": {
        "@id": "node/11411194673",
        "addr:city": "Kollam",
        "addr:district": "Kollam",
        "addr:housenumber": "Akshaya janakeeya hotel",
        "addr:street": "Akshaya catering, eravichira south, patharam",
        "name": "Akshaya janakeeya hotel",
        "tourism": "hotel"
      },
      "geometry": {
        "type": "Point",
        "coordinates": [
          76.6083072,
          9.0758349
        ]
      },
      "id": "node/11411194673"
    },
    {
      "type": "Feature",
      "properties": {
        "@id": "node/11411598025",
        "addr:city": "Kollam",
        "addr:district": "Kollam",
        "addr:housenumber": "JH ,Perinad CDS,Perinad PO",
        "name": "Keraleeyam Janakeeya Hotel Perinad",
        "tourism": "hotel"
      },
      "geometry": {
        "type": "Point",
        "coordinates": [
          76.6374981,
          8.9482547
        ]
      },
      "id": "node/11411598025"
    },
    {
      "type": "Feature",
      "properties": {
        "@id": "node/11411598028",
        "addr:city": "Kollam",
        "addr:district": "Kollam",
        "addr:housenumber": "Janakeeya hotel Perinad",
        "name": "Janakeeya Hotel",
        "tourism": "hotel"
      },
      "geometry": {
        "type": "Point",
        "coordinates": [
          76.6375201,
          8.9484947
        ]
      },
      "id": "node/11411598028"
    },
    {
      "type": "Feature",
      "properties": {
        "@id": "node/11412699958",
        "addr:city": "Kollam",
        "addr:district": "Kollam",
        "addr:housenumber": "Eravichira east, patharam",
        "addr:postcode": "690522",
        "addr:street": "P. O, Sooranadu South, Kollam",
        "name": "Pulari janakeeya hotel",
        "tourism": "hotel"
      },
      "geometry": {
        "type": "Point",
        "coordinates": [
          76.5916199,
          9.0739667
        ]
      },
      "id": "node/11412699958"
    },
    {
      "type": "Feature",
      "properties": {
        "@id": "node/11412699964",
        "addr:city": "Kollam",
        "addr:district": "Kollam",
        "addr:housenumber": "Sreekrishna Hotel andCatering",
        "addr:street": "VayyankaraAnayadi PO",
        "name": "Sreekrishna Hotel andCatering",
        "tourism": "hotel"
      },
      "geometry": {
        "type": "Point",
        "coordinates": [
          76.6267057,
          9.1351262
        ]
      },
      "id": "node/11412699964"
    },
    {
      "type": "Feature",
      "properties": {
        "@id": "node/11412750782",
        "addr:city": "Kollam",
        "addr:district": "Kollam",
        "addr:housenumber": "V S Hotel Chathakulam",
        "addr:street": "po Poruvazhy",
        "name": "V S Hotel Chathakulam",
        "tourism": "hotel"
      },
      "geometry": {
        "type": "Point",
        "coordinates": [
          76.6470339,
          9.1074824
        ]
      },
      "id": "node/11412750782"
    },
    {
      "type": "Feature",
      "properties": {
        "@id": "node/11413612131",
        "addr:city": "Kollam",
        "addr:district": "Kollam",
        "addr:housenumber": "Nila hotel nd restorent",
        "addr:street": "Chathakulam po Poruvazhy",
        "name": "Nila hotel nd restorent",
        "tourism": "hotel"
      },
      "geometry": {
        "type": "Point",
        "coordinates": [
          76.647206,
          9.1000151
        ]
      },
      "id": "node/11413612131"
    },
    {
      "type": "Feature",
      "properties": {
        "@id": "node/11413749117",
        "addr:city": "Kollam",
        "addr:district": "Kollam",
        "addr:housenumber": "Subhashhotel",
        "addr:street": "Subhash hotelValyapadam",
        "name": "Subhashhotel",
        "tourism": "hotel"
      },
      "geometry": {
        "type": "Point",
        "coordinates": [
          76.6098144,
          9.0048666
        ]
      },
      "id": "node/11413749117"
    },
    {
      "type": "Feature",
      "properties": {
        "@id": "node/11415761737",
        "addr:city": "Thiruvananthapuram",
        "addr:district": "Thiruvananthapuram",
        "addr:housenumber": "Natturuchi janakeeyahotel",
        "addr:street": "Vandipura,Chemmaruthi, palayamkunnu p. O",
        "name": "Natturuchi janakeeyahotel",
        "tourism": "hotel"
      },
      "geometry": {
        "type": "Point",
        "coordinates": [
          76.738471,
          8.7727527
        ]
      },
      "id": "node/11415761737"
    },
    {
      "type": "Feature",
      "properties": {
        "@id": "node/11415840207",
        "addr:city": "Thiruvananthapuram",
        "addr:district": "Thiruvananthapuram",
        "addr:housenumber": "Kudumbashree hotel",
        "addr:street": "Aayamkonam, karavaram",
        "name": "Kudumbashree hotel",
        "tourism": "hotel"
      },
      "geometry": {
        "type": "Point",
        "coordinates": [
          76.796415,
          8.7516502
        ]
      },
      "id": "node/11415840207"
    },
    {
      "type": "Feature",
      "properties": {
        "@id": "node/11415893029",
        "addr:city": "Thiruvananthapuram",
        "addr:district": "Thiruvananthapuram",
        "addr:housenumber": "A M Foodproducts",
        "addr:street": "Ragi bhavan, velankonam, vadasserikonam",
        "name": "A M Foodproducts",
        "tourism": "hotel"
      },
      "geometry": {
        "type": "Point",
        "coordinates": [
          76.7665919,
          8.7536498
        ]
      },
      "id": "node/11415893029"
    },
    {
      "type": "Feature",
      "properties": {
        "@id": "node/11417635086",
        "addr:city": "Thiruvananthapuram",
        "addr:district": "Thiruvananthapuram",
        "addr:housenumber": "Hari shree janakeeya hotel",
        "addr:street": "R. P bhavan, pulimoodu",
        "name": "Hari shree janakeeya hotel",
        "tourism": "hotel"
      },
      "geometry": {
        "type": "Point",
        "coordinates": [
          76.7548594,
          8.7538185
        ]
      },
      "id": "node/11417635086"
    },
    {
      "type": "Feature",
      "properties": {
        "@id": "node/11417635087",
        "addr:city": "Thiruvananthapuram",
        "addr:district": "Thiruvananthapuram",
        "addr:housenumber": "Miyas Mashrooms",
        "addr:street": "Thodiyil veedu, Velankonam, Vadasserikonam P. O",
        "name": "Miyas Mashrooms",
        "tourism": "hotel"
      },
      "geometry": {
        "type": "Point",
        "coordinates": [
          76.7601436,
          8.7533895
        ]
      },
      "id": "node/11417635087"
    },
    {
      "type": "Feature",
      "properties": {
        "@id": "node/11418967565",
        "addr:city": "Thiruvananthapuram",
        "addr:district": "Thiruvananthapuram",
        "addr:housenumber": "Althaf Hotel",
        "addr:street": "Hotel Althaf, Moongode po. Varkala",
        "name": "Althaf Hotel",
        "tourism": "hotel"
      },
      "geometry": {
        "type": "Point",
        "coordinates": [
          76.772566,
          8.7261392
        ]
      },
      "id": "node/11418967565"
    },
    {
      "type": "Feature",
      "properties": {
        "@id": "node/11418967568",
        "addr:city": "Thiruvananthapuram",
        "addr:district": "Thiruvananthapuram",
        "addr:housenumber": "Kunniravila Store",
        "addr:street": "ThannimoodeChrunniyoor Po",
        "name": "Kunniravila Store",
        "tourism": "hotel"
      },
      "geometry": {
        "type": "Point",
        "coordinates": [
          76.7748637,
          8.7262307
        ]
      },
      "id": "node/11418967568"
    },
    {
      "type": "Feature",
      "properties": {
        "@id": "node/11422576530",
        "addr:city": "Thiruvananthapuram",
        "addr:district": "Thiruvananthapuram",
        "addr:housenumber": "Sruthi Kudumbasree Hotel",
        "addr:street": "Kottaikakam, Nr panchyath office, Aryanad.",
        "name": "Sruthi Kudumbasree Hotel",
        "tourism": "hotel"
      },
      "geometry": {
        "type": "Point",
        "coordinates": [
          77.0888539,
          8.5855527
        ]
      },
      "id": "node/11422576530"
    },
    {
      "type": "Feature",
      "properties": {
        "@id": "node/11423866070",
        "addr:city": "Thiruvananthapuram",
        "addr:district": "Thiruvananthapuram",
        "addr:housenumber": "Anugraha Janakeeya Hotel",
        "addr:street": "Poovachal panchayath",
        "name": "Anugraha Janakeeya Hotel",
        "tourism": "hotel"
      },
      "geometry": {
        "type": "Point",
        "coordinates": [
          77.0867155,
          8.5324587
        ]
      },
      "id": "node/11423866070"
    },
    {
      "type": "Feature",
      "properties": {
        "@id": "node/11423866088",
        "addr:city": "Thiruvananthapuram",
        "addr:district": "Thiruvananthapuram",
        "addr:housenumber": "Janakeeya Hotel",
        "addr:street": "Market road, Aryanad",
        "name": "Janakeeya Hotel",
        "tourism": "hotel"
      },
      "geometry": {
        "type": "Point",
        "coordinates": [
          77.0826257,
          8.5796131
        ]
      },
      "id": "node/11423866088"
    },
    {
      "type": "Feature",
      "properties": {
        "@id": "node/11425000688",
        "addr:city": "Thiruvananthapuram",
        "addr:district": "Thiruvananthapuram",
        "addr:housenumber": "Uthra kudumbashree hotel",
        "addr:street": "Uriyacode,vellanad",
        "name": "Uthra kudumbashree hotel",
        "tourism": "hotel"
      },
      "geometry": {
        "type": "Point",
        "coordinates": [
          77.073528,
          8.5516849
        ]
      },
      "id": "node/11425000688"
    },
    {
      "type": "Feature",
      "properties": {
        "@id": "node/11425971725",
        "addr:city": "Thiruvananthapuram",
        "addr:district": "Thiruvananthapuram",
        "addr:housenumber": "Janakiya hotel",
        "addr:street": "Koppam",
        "name": "Janakiya hotel",
        "tourism": "hotel"
      },
      "geometry": {
        "type": "Point",
        "coordinates": [
          77.0807018,
          8.6722775
        ]
      },
      "id": "node/11425971725"
    },
    {
      "type": "Feature",
      "properties": {
        "@id": "node/11427799577",
        "addr:city": "Thiruvananthapuram",
        "addr:district": "Thiruvananthapuram",
        "addr:housenumber": "Sakundhala hotel",
        "addr:street": "Maruthamala",
        "name": "Sakundhala hotel",
        "tourism": "hotel"
      },
      "geometry": {
        "type": "Point",
        "coordinates": [
          77.1301625,
          8.6773571
        ]
      },
      "id": "node/11427799577"
    },
    {
      "type": "Feature",
      "properties": {
        "@id": "node/11427799579",
        "addr:city": "Thiruvananthapuram",
        "addr:district": "Thiruvananthapuram",
        "addr:housenumber": "RJhotel",
        "addr:street": "Maruthamala",
        "name": "RJhotel",
        "tourism": "hotel"
      },
      "geometry": {
        "type": "Point",
        "coordinates": [
          77.1337448,
          8.6773858
        ]
      },
      "id": "node/11427799579"
    },
    {
      "type": "Feature",
      "properties": {
        "@id": "node/11427809188",
        "addr:city": "Thiruvananthapuram",
        "addr:district": "Thiruvananthapuram",
        "addr:housenumber": "Janakeeya hotel",
        "addr:street": "Pulimood, Tholicode.",
        "name": "Janakeeya hotel",
        "tourism": "hotel"
      },
      "geometry": {
        "type": "Point",
        "coordinates": [
          77.0583896,
          8.6481608
        ]
      },
      "id": "node/11427809188"
    },
    {
      "type": "Feature",
      "properties": {
        "@id": "node/11429334174",
        "addr:city": "Thiruvananthapuram",
        "addr:district": "Thiruvananthapuram",
        "addr:housenumber": "Janakeeya Hotel",
        "addr:street": "Kulakkode,Vellanad",
        "name": "Janakeeya Hotel",
        "tourism": "hotel"
      },
      "geometry": {
        "type": "Point",
        "coordinates": [
          77.0491123,
          8.5690429
        ]
      },
      "id": "node/11429334174"
    },
    {
      "type": "Feature",
      "properties": {
        "@id": "node/11430108758",
        "addr:city": "Kollam",
        "addr:district": "Kollam",
        "addr:housenumber": "Kudumbasree vanitha hotel",
        "addr:street": "Vanitha hotel,Ayoor po",
        "name": "Kudumbasree vanitha hotel",
        "tourism": "hotel"
      },
      "geometry": {
        "type": "Point",
        "coordinates": [
          76.8556631,
          8.9088296
        ]
      },
      "id": "node/11430108758"
    },
    {
      "type": "Feature",
      "properties": {
        "@id": "node/11430108764",
        "addr:city": "Kollam",
        "addr:district": "Kollam",
        "addr:housenumber": "Aarya hotel",
        "addr:street": "Aryas, vayakkal po",
        "name": "Aarya hotel",
        "tourism": "hotel"
      },
      "geometry": {
        "type": "Point",
        "coordinates": [
          76.8498274,
          8.922424
        ]
      },
      "id": "node/11430108764"
    },
    {
      "type": "Feature",
      "properties": {
        "@id": "node/11436600135",
        "addr:city": "Trivandrum",
        "addr:district": "Trivandrum",
        "addr:housenumber": "Shanthi Nagar Pallithura",
        "name": "Tripthi Janakiya Hotel",
        "tourism": "hotel"
      },
      "geometry": {
        "type": "Point",
        "coordinates": [
          76.8714404,
          8.5477014
        ]
      },
      "id": "node/11436600135"
    },
    {
      "type": "Feature",
      "properties": {
        "@id": "node/11452164404",
        "addr:city": "Kollam",
        "addr:district": "Kollam",
        "addr:housenumber": "Veena hotel",
        "addr:street": "ThruvathiraKarupin puzha PoPavithreswaram",
        "name": "Veena hotel",
        "tourism": "hotel"
      },
      "geometry": {
        "type": "Point",
        "coordinates": [
          76.7045854,
          9.0511356
        ]
      },
      "id": "node/11452164404"
    },
    {
      "type": "Feature",
      "properties": {
        "@id": "node/11452164405",
        "addr:city": "Kollam",
        "addr:district": "Kollam",
        "addr:housenumber": "Kairali Janakeeya hotel",
        "addr:street": "Janakeeya hotelPavithreswaram",
        "name": "Kairali Janakeeya hotel",
        "tourism": "hotel"
      },
      "geometry": {
        "type": "Point",
        "coordinates": [
          76.7045995,
          9.0507653
        ]
      },
      "id": "node/11452164405"
    },
    {
      "type": "Feature",
      "properties": {
        "@id": "node/11452164406",
        "addr:city": "Kollam",
        "addr:district": "Kollam",
        "addr:housenumber": "Amma readymade garments",
        "addr:street": "SreedeviyammaRaji bhavanKaithakkodu",
        "name": "Amma readymade garments",
        "tourism": "hotel"
      },
      "geometry": {
        "type": "Point",
        "coordinates": [
          76.7028027,
          9.0503974
        ]
      },
      "id": "node/11452164406"
    },
    {
      "type": "Feature",
      "properties": {
        "@id": "node/11452305189",
        "addr:city": "Kollam",
        "addr:district": "Kollam",
        "addr:housenumber": "Ammas hotel and tea shop",
        "addr:street": "Thamarakkudy P.O, Thamarakkudy",
        "name": "Ammas hotel and tea shop",
        "tourism": "hotel"
      },
      "geometry": {
        "type": "Point",
        "coordinates": [
          76.7974614,
          9.0501537
        ]
      },
      "id": "node/11452305189"
    },
    {
      "type": "Feature",
      "properties": {
        "@id": "node/11454111799",
        "addr:city": "Thiruvananthapuram",
        "addr:district": "Thiruvananthapuram",
        "addr:housenumber": "Ammahottel",
        "addr:street": "Thannichal moonnumukk",
        "name": "Ammahottel",
        "tourism": "hotel"
      },
      "geometry": {
        "type": "Point",
        "coordinates": [
          76.9902896,
          8.7803348
        ]
      },
      "id": "node/11454111799"
    },
    {
      "type": "Feature",
      "properties": {
        "@id": "node/11458243284",
        "addr:city": "Thiruvananthapuram",
        "addr:district": "Thiruvananthapuram",
        "addr:housenumber": "Haritha kudumbasree hotel",
        "addr:street": "Pazhayachantha,meethoor",
        "name": "Haritha kudumbasree hotel",
        "tourism": "hotel"
      },
      "geometry": {
        "type": "Point",
        "coordinates": [
          76.9304681,
          8.7478411
        ]
      },
      "id": "node/11458243284"
    },
    {
      "type": "Feature",
      "properties": {
        "@id": "node/11459231069",
        "name": "Perumal Hotel",
        "tourism": "hotel"
      },
      "geometry": {
        "type": "Point",
        "coordinates": [
          75.7572126,
          11.9107162
        ]
      },
      "id": "node/11459231069"
    },
    {
      "type": "Feature",
      "properties": {
        "@id": "node/11459930769",
        "addr:street": "Hill Highway",
        "name": "Hotel Angel",
        "tourism": "hotel"
      },
      "geometry": {
        "type": "Point",
        "coordinates": [
          75.7574941,
          11.910768
        ]
      },
      "id": "node/11459930769"
    },
    {
      "type": "Feature",
      "properties": {
        "@id": "node/11467986069",
        "tourism": "hotel"
      },
      "geometry": {
        "type": "Point",
        "coordinates": [
          76.3644434,
          9.4876478
        ]
      },
      "id": "node/11467986069"
    },
    {
      "type": "Feature",
      "properties": {
        "@id": "node/11496218317",
        "addr:city": "Thiruvananthapuram",
        "addr:district": "Thiruvananthapuram",
        "addr:housenumber": "Navami hotel",
        "addr:street": "Kalamachal",
        "name": "Navami hotel",
        "tourism": "hotel"
      },
      "geometry": {
        "type": "Point",
        "coordinates": [
          76.898156,
          8.721929
        ]
      },
      "id": "node/11496218317"
    },
    {
      "type": "Feature",
      "properties": {
        "@id": "node/11514514472",
        "addr:housenumber": "126",
        "addr:postcode": "685612",
        "addr:street": "Mg Road Near Great Think Adventures",
        "email": "munnarkaippallibudgetroom@gmail.com",
        "internet_access": "wlan",
        "name": "Hotel",
        "opening_hours": "24/7",
        "phone": "9567673671",
        "tourism": "hotel"
      },
      "geometry": {
        "type": "Point",
        "coordinates": [
          77.0588515,
          10.0872369
        ]
      },
      "id": "node/11514514472"
    },
    {
      "type": "Feature",
      "properties": {
        "@id": "node/11514541369",
        "addr:postcode": "685612",
        "addr:street": "MG Road Near Great Think Adventures",
        "email": "munnarkaippallibudgetroom@gmail.com",
        "internet_access": "wlan",
        "name": "Munnar Kaippalli Budget Rooms",
        "opening_hours": "24/7",
        "phone": "9567673671",
        "tourism": "hotel"
      },
      "geometry": {
        "type": "Point",
        "coordinates": [
          77.0586728,
          10.0872323
        ]
      },
      "id": "node/11514541369"
    },
    {
      "type": "Feature",
      "properties": {
        "@id": "node/11519326019",
        "addr:street": "Infopark Road",
        "name": "The Blooms Cochin",
        "tourism": "hotel",
        "wikidata": "Q112002737"
      },
      "geometry": {
        "type": "Point",
        "coordinates": [
          76.3604042,
          10.0167924
        ]
      },
      "id": "node/11519326019"
    },
    {
      "type": "Feature",
      "properties": {
        "@id": "node/11521185245",
        "check_date": "2024-01-16",
        "name": "Moon Way",
        "tourism": "hotel"
      },
      "geometry": {
        "type": "Point",
        "coordinates": [
          76.7751749,
          10.0637103
        ]
      },
      "id": "node/11521185245"
    },
    {
      "type": "Feature",
      "properties": {
        "@id": "node/11575292688",
        "addr:city": "Thiruvananthapuram",
        "addr:district": "Thiruvananthapuram",
        "addr:housenumber": "Janakeeya hittal",
        "addr:street": "Pangode pangode po",
        "name": "Janakeeya hittal",
        "tourism": "hotel"
      },
      "geometry": {
        "type": "Point",
        "coordinates": [
          76.9630852,
          8.7650889
        ]
      },
      "id": "node/11575292688"
    },
    {
      "type": "Feature",
      "properties": {
        "@id": "node/11575292692",
        "addr:city": "Thiruvananthapuram",
        "addr:district": "Thiruvananthapuram",
        "addr:housenumber": "SAHAYI Janakeeya Hotel",
        "addr:street": "Pangode",
        "name": "SAHAYI Janakeeya Hotel",
        "tourism": "hotel"
      },
      "geometry": {
        "type": "Point",
        "coordinates": [
          76.9631786,
          8.7651304
        ]
      },
      "id": "node/11575292692"
    },
    {
      "type": "Feature",
      "properties": {
        "@id": "node/11575292693",
        "addr:city": "Thiruvananthapuram",
        "addr:district": "Thiruvananthapuram",
        "addr:housenumber": "Drisya cattering  Unit",
        "addr:street": "Pangode",
        "name": "Drisya cattering  Unit",
        "tourism": "hotel"
      },
      "geometry": {
        "type": "Point",
        "coordinates": [
          76.9632693,
          8.7652145
        ]
      },
      "id": "node/11575292693"
    },
    {
      "type": "Feature",
      "properties": {
        "@id": "node/11575477470",
        "addr:city": "Thiruvananthapuram",
        "addr:district": "Thiruvananthapuram",
        "addr:housenumber": "Pournami hotel",
        "addr:street": "Kollarukonam",
        "name": "Pournami hotel",
        "tourism": "hotel"
      },
      "geometry": {
        "type": "Point",
        "coordinates": [
          77.0468299,
          8.7288926
        ]
      },
      "id": "node/11575477470"
    },
    {
      "type": "Feature",
      "properties": {
        "@id": "node/11575477476",
        "addr:city": "Thiruvananthapuram",
        "addr:district": "Thiruvananthapuram",
        "addr:housenumber": "FathimaHotel",
        "addr:street": "Fathimahotel guarderstation",
        "name": "FathimaHotel",
        "tourism": "hotel"
      },
      "geometry": {
        "type": "Point",
        "coordinates": [
          77.0505095,
          8.7309389
        ]
      },
      "id": "node/11575477476"
    },
    {
      "type": "Feature",
      "properties": {
        "@id": "node/11628646344",
        "addr:city": "Kollam",
        "addr:district": "Kollam",
        "addr:housenumber": "Pournamy Hotel",
        "addr:street": "Pournsmy hotelValiyakulangaraOachira",
        "name": "Pournamy Hotel",
        "tourism": "hotel"
      },
      "geometry": {
        "type": "Point",
        "coordinates": [
          76.5226183,
          9.1160509
        ]
      },
      "id": "node/11628646344"
    },
    {
      "type": "Feature",
      "properties": {
        "@id": "node/11628646354",
        "addr:city": "Kollam",
        "addr:district": "Kollam",
        "addr:housenumber": "Pranav Hotel",
        "addr:street": "Pranav hotelSajithaTherppura junctionThazhava",
        "name": "Pranav Hotel",
        "tourism": "hotel"
      },
      "geometry": {
        "type": "Point",
        "coordinates": [
          76.5448027,
          9.1165597
        ]
      },
      "id": "node/11628646354"
    },
    {
      "type": "Feature",
      "properties": {
        "@id": "node/11628646355",
        "addr:city": "Kollam",
        "addr:district": "Kollam",
        "addr:housenumber": "Devus Hotel",
        "addr:street": "Devus Hotel",
        "name": "Devus Hotel",
        "tourism": "hotel"
      },
      "geometry": {
        "type": "Point",
        "coordinates": [
          76.5454345,
          9.1167906
        ]
      },
      "id": "node/11628646355"
    },
    {
      "type": "Feature",
      "properties": {
        "@id": "node/11629553369",
        "name": "Beach Island Villas",
        "tourism": "hotel"
      },
      "geometry": {
        "type": "Point",
        "coordinates": [
          76.6473293,
          8.8161163
        ]
      },
      "id": "node/11629553369"
    },
    {
      "type": "Feature",
      "properties": {
        "@id": "node/11637501386",
        "addr:city": "KOLLAM",
        "addr:district": "Kollam",
        "addr:housenumber": "Mahadeva Hotel",
        "addr:street": "Chaggankulagara vavvakavu p.o",
        "name": "Mahadeva Hotel",
        "tourism": "hotel"
      },
      "geometry": {
        "type": "Point",
        "coordinates": [
          76.5180886,
          9.1113958
        ]
      },
      "id": "node/11637501386"
    },
    {
      "type": "Feature",
      "properties": {
        "@id": "node/11637501406",
        "addr:city": "Kollam",
        "addr:district": "Kollam",
        "addr:housenumber": "Manna Hotel",
        "addr:street": "Manna HotelKuthirapanthiThazhava",
        "name": "Manna Hotel",
        "tourism": "hotel"
      },
      "geometry": {
        "type": "Point",
        "coordinates": [
          76.596397,
          9.1100803
        ]
      },
      "id": "node/11637501406"
    },
    {
      "type": "Feature",
      "properties": {
        "@id": "node/11637937318",
        "addr:city": "Kollam",
        "addr:district": "Kollam",
        "addr:housenumber": "Ruchikoottu hotel",
        "addr:street": "Ruchikoottu hotelAzheekalAlappad",
        "name": "Ruchikoottu hotel",
        "tourism": "hotel"
      },
      "geometry": {
        "type": "Point",
        "coordinates": [
          76.565597,
          9.1061701
        ]
      },
      "id": "node/11637937318"
    },
    {
      "type": "Feature",
      "properties": {
        "@id": "node/11637975316",
        "addr:city": "Kollam",
        "addr:district": "Kollam",
        "addr:housenumber": "Ruchikkoottu Hotel",
        "addr:street": "Ruchikoottu HotelG h s wardThazhava",
        "name": "Ruchikkoottu Hotel",
        "tourism": "hotel"
      },
      "geometry": {
        "type": "Point",
        "coordinates": [
          76.5587643,
          9.0871387
        ]
      },
      "id": "node/11637975316"
    },
    {
      "type": "Feature",
      "properties": {
        "@id": "node/11641626061",
        "addr:city": "Kollam",
        "addr:district": "Kollam",
        "addr:housenumber": "Devi Janakeeya Hotel",
        "addr:street": "Devi Janakeeya hotel Paravur town",
        "name": "Devi Janakeeya Hotel",
        "tourism": "hotel"
      },
      "geometry": {
        "type": "Point",
        "coordinates": [
          76.6686633,
          8.8110318
        ]
      },
      "id": "node/11641626061"
    },
    {
      "type": "Feature",
      "properties": {
        "@id": "node/11649235405",
        "addr:city": "Kollam",
        "addr:district": "Kollam",
        "addr:housenumber": "Mahadeva Hotel",
        "addr:street": "Mahadeva  Hotel Maniyar p oPunalur",
        "name": "Mahadeva Hotel",
        "tourism": "hotel"
      },
      "geometry": {
        "type": "Point",
        "coordinates": [
          76.9356296,
          8.9922579
        ]
      },
      "id": "node/11649235405"
    },
    {
      "type": "Feature",
      "properties": {
        "@id": "node/11649238165",
        "addr:city": "Kollam",
        "addr:district": "Kollam",
        "addr:housenumber": "Asna Asif Hotel",
        "addr:street": "Charuvila Puthenveedu, Kakkodu",
        "name": "Asna Asif Hotel",
        "tourism": "hotel"
      },
      "geometry": {
        "type": "Point",
        "coordinates": [
          76.9110094,
          9.0191133
        ]
      },
      "id": "node/11649238165"
    },
    {
      "type": "Feature",
      "properties": {
        "@id": "node/11654880496",
        "addr:city": "Kollam",
        "addr:district": "Kollam",
        "addr:housenumber": "Janakeeya hotel",
        "addr:street": "Janakeeya hotelTownPunalur",
        "name": "Janakeeya hotel",
        "tourism": "hotel"
      },
      "geometry": {
        "type": "Point",
        "coordinates": [
          76.9230637,
          9.0235755
        ]
      },
      "id": "node/11654880496"
    },
    {
      "type": "Feature",
      "properties": {
        "@id": "node/11654993856",
        "addr:city": "Kollam",
        "addr:district": "Kollam",
        "addr:housenumber": "Allus hotel",
        "addr:street": "Kalabhavan, college wardPunalur",
        "name": "Allus hotel",
        "tourism": "hotel"
      },
      "geometry": {
        "type": "Point",
        "coordinates": [
          76.9209145,
          9.0208167
        ]
      },
      "id": "node/11654993856"
    },
    {
      "type": "Feature",
      "properties": {
        "@id": "node/11659118250",
        "addr:city": "Kollam",
        "addr:district": "Kollam",
        "addr:housenumber": "Janakeeya hotel",
        "addr:street": "Janakeeya hotelValakoduPunalur",
        "name": "Janakeeya hotel",
        "tourism": "hotel"
      },
      "geometry": {
        "type": "Point",
        "coordinates": [
          76.9281249,
          9.0184149
        ]
      },
      "id": "node/11659118250"
    },
    {
      "type": "Feature",
      "properties": {
        "@id": "node/11659295812",
        "name": "Le Petit Elephant",
        "tourism": "hotel"
      },
      "geometry": {
        "type": "Point",
        "coordinates": [
          76.1745002,
          10.1541393
        ]
      },
      "id": "node/11659295812"
    },
    {
      "type": "Feature",
      "properties": {
        "@id": "node/11659313884",
        "name": "Lake n River Resort",
        "tourism": "hotel",
        "website": "https://lakenriver.com/"
      },
      "geometry": {
        "type": "Point",
        "coordinates": [
          76.6250328,
          8.9871553
        ]
      },
      "id": "node/11659313884"
    },
    {
      "type": "Feature",
      "properties": {
        "@id": "node/11660414593",
        "name": "Marari Sea Lap Beach Villas",
        "tourism": "hotel"
      },
      "geometry": {
        "type": "Point",
        "coordinates": [
          76.3007203,
          9.5891029
        ]
      },
      "id": "node/11660414593"
    },
    {
      "type": "Feature",
      "properties": {
        "@id": "node/11660414594",
        "name": "Marari Praise Homestay",
        "tourism": "hotel"
      },
      "geometry": {
        "type": "Point",
        "coordinates": [
          76.3004082,
          9.5911527
        ]
      },
      "id": "node/11660414594"
    },
    {
      "type": "Feature",
      "properties": {
        "@id": "node/11660414600",
        "name": "Marari Blue Waves",
        "tourism": "hotel"
      },
      "geometry": {
        "type": "Point",
        "coordinates": [
          76.3009816,
          9.5911367
        ]
      },
      "id": "node/11660414600"
    },
    {
      "type": "Feature",
      "properties": {
        "@id": "node/11660414605",
        "name": "Marari Anna Beach Villa",
        "tourism": "hotel"
      },
      "geometry": {
        "type": "Point",
        "coordinates": [
          76.3005161,
          9.591035
        ]
      },
      "id": "node/11660414605"
    },
    {
      "type": "Feature",
      "properties": {
        "@id": "node/11660414607",
        "name": "Marari Phoenix Beach Homestay",
        "tourism": "hotel"
      },
      "geometry": {
        "type": "Point",
        "coordinates": [
          76.3005253,
          9.5906607
        ]
      },
      "id": "node/11660414607"
    },
    {
      "type": "Feature",
      "properties": {
        "@id": "node/11660414638",
        "name": "Marari Anandu Beach Villa",
        "tourism": "hotel"
      },
      "geometry": {
        "type": "Point",
        "coordinates": [
          76.2995665,
          9.5977617
        ]
      },
      "id": "node/11660414638"
    },
    {
      "type": "Feature",
      "properties": {
        "@id": "node/11662257869",
        "name": "Beniel Homestay",
        "tourism": "hotel"
      },
      "geometry": {
        "type": "Point",
        "coordinates": [
          77.1893782,
          10.0501884
        ]
      },
      "id": "node/11662257869"
    },
    {
      "type": "Feature",
      "properties": {
        "@id": "node/11703631483",
        "name": "Tea Country",
        "tourism": "hotel"
      },
      "geometry": {
        "type": "Point",
        "coordinates": [
          77.0650953,
          10.0865113
        ]
      },
      "id": "node/11703631483"
    },
    {
      "type": "Feature",
      "properties": {
        "@id": "node/11708005783",
        "name": "Gilgal",
        "phone": "9446983763",
        "tourism": "hotel"
      },
      "geometry": {
        "type": "Point",
        "coordinates": [
          77.060765,
          10.0864607
        ]
      },
      "id": "node/11708005783"
    },
    {
      "type": "Feature",
      "properties": {
        "@id": "node/11708007977",
        "name": "Hotel Munnar Certral",
        "phone": "9972028083",
        "tourism": "hotel"
      },
      "geometry": {
        "type": "Point",
        "coordinates": [
          77.0607505,
          10.0868711
        ]
      },
      "id": "node/11708007977"
    },
    {
      "type": "Feature",
      "properties": {
        "@id": "node/11708044069",
        "name": "Hill Top",
        "phone": "9497197914",
        "tourism": "hotel"
      },
      "geometry": {
        "type": "Point",
        "coordinates": [
          77.0605347,
          10.0869842
        ]
      },
      "id": "node/11708044069"
    },
    {
      "type": "Feature",
      "properties": {
        "@id": "node/11710057454",
        "name": "Tea County",
        "tourism": "hotel"
      },
      "geometry": {
        "type": "Point",
        "coordinates": [
          77.0651387,
          10.0865633
        ]
      },
      "id": "node/11710057454"
    },
    {
      "type": "Feature",
      "properties": {
        "@id": "node/11738134435",
        "name": "Royal homes",
        "tourism": "hotel"
      },
      "geometry": {
        "type": "Point",
        "coordinates": [
          76.3385146,
          9.486775
        ]
      },
      "id": "node/11738134435"
    },
    {
      "type": "Feature",
      "properties": {
        "@id": "node/11766261759",
        "name": "Mango Villa",
        "tourism": "hotel"
      },
      "geometry": {
        "type": "Point",
        "coordinates": [
          76.703731,
          8.7381234
        ]
      },
      "id": "node/11766261759"
    },
    {
      "type": "Feature",
      "properties": {
        "@id": "node/11766299684",
        "addr:street": "Kshetra St",
        "name": "Kshetra Boutique Retreat Varkala",
        "tourism": "hotel"
      },
      "geometry": {
        "type": "Point",
        "coordinates": [
          76.7020739,
          8.7389926
        ]
      },
      "id": "node/11766299684"
    },
    {
      "type": "Feature",
      "properties": {
        "@id": "node/11774995071",
        "addr:street": "Airport Road",
        "name": "Dreams Paradise Airport Residency",
        "tourism": "hotel"
      },
      "geometry": {
        "type": "Point",
        "coordinates": [
          76.3931074,
          10.1612893
        ]
      },
      "id": "node/11774995071"
    },
    {
      "type": "Feature",
      "properties": {
        "@id": "node/11874168357",
        "bar": "yes",
        "check_date": "2024-05-02",
        "name": "Kalyan Tourist Home",
        "name:en": "Kalyan Tourist Home",
        "restaurant": "yes",
        "tourism": "hotel"
      },
      "geometry": {
        "type": "Point",
        "coordinates": [
          76.6555933,
          10.7741279
        ]
      },
      "id": "node/11874168357"
    },
    {
      "type": "Feature",
      "properties": {
        "@id": "node/11882961691",
        "description": "Eco friendly homestay atop a mountain in the middle of nowhere with 4 cabins (no cell reception, decent WiFi).",
        "name": "Mountain Villa Vagamon",
        "phone": "+91 90828 70788",
        "tourism": "hotel",
        "website": "https://mountainvillavagamon.com/"
      },
      "geometry": {
        "type": "Point",
        "coordinates": [
          76.8754909,
          9.6831587
        ]
      },
      "id": "node/11882961691"
    },
    {
      "type": "Feature",
      "properties": {
        "@id": "node/11969517349",
        "check_date": "2024-06-10",
        "name": "Hotel Kingdom",
        "name:en": "Hotel Kingdom",
        "tourism": "hotel"
      },
      "geometry": {
        "type": "Point",
        "coordinates": [
          76.6491594,
          10.7680982
        ]
      },
      "id": "node/11969517349"
    },
    {
      "type": "Feature",
      "properties": {
        "@id": "node/11969517350",
        "check_date": "2024-06-10",
        "name": "City Minar",
        "name:en": "City Minar",
        "tourism": "hotel"
      },
      "geometry": {
        "type": "Point",
        "coordinates": [
          76.6485786,
          10.7677456
        ]
      },
      "id": "node/11969517350"
    },
    {
      "type": "Feature",
      "properties": {
        "@id": "node/11998388774",
        "addr:city": "Vyttila",
        "addr:district": "Ernakulam",
        "addr:housenumber": "1st Floor, Kalarikkal Complex",
        "addr:postcode": "682019",
        "addr:street": "Vyttila Jn, Ettumanoor - Ernakulam Rd, SH15",
        "description": "A 5-minute walk from Vyttila metro station, this unpretentious budget hotel off the NH66 road is 7 km from LuLu International Shopping Mall and 15 km from Fort Kochi Beach.\nSimply furnished rooms with bright accent walls feature flat-screen TVs, ceiling f",
        "internet_access": "wlan",
        "internet_access:fee": "customers",
        "name": "Hotel Central Inn",
        "phone": "09747978421",
        "tourism": "hotel",
        "wikidata": "Q111062447"
      },
      "geometry": {
        "type": "Point",
        "coordinates": [
          76.31906,
          9.9681071
        ]
      },
      "id": "node/11998388774"
    },
    {
      "type": "Feature",
      "properties": {
        "@id": "node/12012891284",
        "check_date": "2024-06-26",
        "name": "Springfield Billets",
        "tourism": "hotel"
      },
      "geometry": {
        "type": "Point",
        "coordinates": [
          76.2851586,
          9.9915946
        ]
      },
      "id": "node/12012891284"
    },
    {
      "type": "Feature",
      "properties": {
        "@id": "node/12041819843",
        "address": "Near, Chethy Beach Rd, Marari North, Kanichukulangara, Cherthala, Kerala 688582",
        "name": "Casa Marari",
        "name:ml": "കാസ മാരാരി",
        "phone": "09747030330",
        "tourism": "hotel",
        "website": "https://www.casamarari.com/"
      },
      "geometry": {
        "type": "Point",
        "coordinates": [
          76.3047985,
          9.6214357
        ]
      },
      "id": "node/12041819843"
    },
    {
      "type": "Feature",
      "properties": {
        "@id": "node/12104538305",
        "check_date": "2024-08-11",
        "name": "Hasco Tower Business Hotel",
        "name:en": "Hasco Tower Business Hotel",
        "tourism": "hotel"
      },
      "geometry": {
        "type": "Point",
        "coordinates": [
          76.6398129,
          10.796959
        ]
      },
      "id": "node/12104538305"
    },
    {
      "type": "Feature",
      "properties": {
        "@id": "node/12121555130",
        "name": "Buraimi Apartment",
        "tourism": "hotel"
      },
      "geometry": {
        "type": "Point",
        "coordinates": [
          76.2826138,
          9.9731731
        ]
      },
      "id": "node/12121555130"
    },
    {
      "type": "Feature",
      "properties": {
        "@id": "node/12122267392",
        "air_conditioning": "yes",
        "name": "Mareena Regency",
        "tourism": "hotel"
      },
      "geometry": {
        "type": "Point",
        "coordinates": [
          76.2832304,
          9.9716483
        ]
      },
      "id": "node/12122267392"
    },
    {
      "type": "Feature",
      "properties": {
        "@id": "node/12140332998",
        "name": "Illam Heritage",
        "tourism": "hotel"
      },
      "geometry": {
        "type": "Point",
        "coordinates": [
          76.2838114,
          9.9858631
        ]
      },
      "id": "node/12140332998"
    },
    {
      "type": "Feature",
      "properties": {
        "@id": "node/12142403861",
        "check_date": "2024-08-28",
        "name": "Kings Fort Rooms",
        "name:en": "Kings Fort Rooms",
        "tourism": "hotel"
      },
      "geometry": {
        "type": "Point",
        "coordinates": [
          76.3507199,
          9.9451774
        ]
      },
      "id": "node/12142403861"
    },
    {
      "type": "Feature",
      "properties": {
        "@id": "node/12151270257",
        "name": "Mubarak Lodge",
        "tourism": "hotel"
      },
      "geometry": {
        "type": "Point",
        "coordinates": [
          76.2877688,
          9.9772017
        ]
      },
      "id": "node/12151270257"
    },
    {
      "type": "Feature",
      "properties": {
        "@id": "node/12151282202",
        "name": "Malaysia Tourist Home",
        "tourism": "hotel"
      },
      "geometry": {
        "type": "Point",
        "coordinates": [
          76.2874673,
          9.9773054
        ]
      },
      "id": "node/12151282202"
    },
    {
      "type": "Feature",
      "properties": {
        "@id": "node/12151285333",
        "name": "Surya Lodge",
        "tourism": "hotel"
      },
      "geometry": {
        "type": "Point",
        "coordinates": [
          76.287914,
          9.9770209
        ]
      },
      "id": "node/12151285333"
    },
    {
      "type": "Feature",
      "properties": {
        "@id": "node/12151286516",
        "name": "St George Lodge",
        "tourism": "hotel"
      },
      "geometry": {
        "type": "Point",
        "coordinates": [
          76.2879697,
          9.9772326
        ]
      },
      "id": "node/12151286516"
    },
    {
      "type": "Feature",
      "properties": {
        "@id": "node/12151291052",
        "name": "Rose Garden Tourist Home",
        "tourism": "hotel"
      },
      "geometry": {
        "type": "Point",
        "coordinates": [
          76.2879861,
          9.9770225
        ]
      },
      "id": "node/12151291052"
    },
    {
      "type": "Feature",
      "properties": {
        "@id": "node/12151291053",
        "name": "Trinity Lodge",
        "tourism": "hotel"
      },
      "geometry": {
        "type": "Point",
        "coordinates": [
          76.2879406,
          9.9772738
        ]
      },
      "id": "node/12151291053"
    },
    {
      "type": "Feature",
      "properties": {
        "@id": "node/12151294318",
        "name": "Indeo Tourist Home",
        "tourism": "hotel"
      },
      "geometry": {
        "type": "Point",
        "coordinates": [
          76.2878259,
          9.9770162
        ]
      },
      "id": "node/12151294318"
    },
    {
      "type": "Feature",
      "properties": {
        "@id": "node/12151294319",
        "name": "Priya Lodge",
        "tourism": "hotel"
      },
      "geometry": {
        "type": "Point",
        "coordinates": [
          76.287308,
          9.9767989
        ]
      },
      "id": "node/12151294319"
    },
    {
      "type": "Feature",
      "properties": {
        "@id": "node/12167972053",
        "air_conditioning": "yes",
        "name": "Yuvarani Residency",
        "tourism": "hotel"
      },
      "geometry": {
        "type": "Point",
        "coordinates": [
          76.28623,
          9.9690535
        ]
      },
      "id": "node/12167972053"
    },
    {
      "type": "Feature",
      "properties": {
        "@id": "node/12168001209",
        "name": "JK Regency",
        "tourism": "hotel"
      },
      "geometry": {
        "type": "Point",
        "coordinates": [
          76.2866806,
          9.9679178
        ]
      },
      "id": "node/12168001209"
    },
    {
      "type": "Feature",
      "properties": {
        "@id": "node/12179939349",
        "air_conditioning": "yes",
        "name": "Hotel Malabar Plaza",
        "tourism": "hotel"
      },
      "geometry": {
        "type": "Point",
        "coordinates": [
          76.288399,
          9.9648096
        ]
      },
      "id": "node/12179939349"
    },
    {
      "type": "Feature",
      "properties": {
        "@id": "node/12180027157",
        "name": "GK Residency",
        "tourism": "hotel"
      },
      "geometry": {
        "type": "Point",
        "coordinates": [
          76.2879098,
          9.9647044
        ]
      },
      "id": "node/12180027157"
    },
    {
      "type": "Feature",
      "properties": {
        "@id": "node/12188841031",
        "air_conditioning": "yes",
        "internet_access": "wlan",
        "name": "Niyati",
        "tourism": "hotel",
        "wheelchair": "limited"
      },
      "geometry": {
        "type": "Point",
        "coordinates": [
          76.2417804,
          9.9653993
        ]
      },
      "id": "node/12188841031"
    },
    {
      "type": "Feature",
      "properties": {
        "@id": "node/12190324702",
        "name": "Plaza Truth Lodge",
        "tourism": "hotel"
      },
      "geometry": {
        "type": "Point",
        "coordinates": [
          75.9483227,
          10.7855345
        ]
      },
      "id": "node/12190324702"
    },
    {
      "type": "Feature",
      "properties": {
        "@id": "node/12194836360",
        "name": "Diwans Court",
        "tourism": "hotel"
      },
      "geometry": {
        "type": "Point",
        "coordinates": [
          76.2845376,
          9.9640723
        ]
      },
      "id": "node/12194836360"
    },
    {
      "type": "Feature",
      "properties": {
        "@id": "node/12199317672",
        "air_conditioning": "yes",
        "name": "ATS Willingdon",
        "tourism": "hotel"
      },
      "geometry": {
        "type": "Point",
        "coordinates": [
          76.2720735,
          9.9374851
        ]
      },
      "id": "node/12199317672"
    },
    {
      "type": "Feature",
      "properties": {
        "@id": "node/12345234961",
        "name": "Hotel Sweekar",
        "tourism": "hotel"
      },
      "geometry": {
        "type": "Point",
        "coordinates": [
          75.7821114,
          11.2460373
        ]
      },
      "id": "node/12345234961"
    },
    {
      "type": "Feature",
      "properties": {
        "@id": "node/12346195343",
        "check_date": "2024-11-17",
        "email": "igloorecidency@gmail.com",
        "name": "Igloo Residency",
        "phone": "+91 97452 00055",
        "tourism": "hotel"
      },
      "geometry": {
        "type": "Point",
        "coordinates": [
          76.0272195,
          11.535564
        ]
      },
      "id": "node/12346195343"
    },
    {
      "type": "Feature",
      "properties": {
        "@id": "node/12347248266",
        "addr:district": "Wayanad",
        "addr:floor": "G",
        "check_date": "2024-11-18",
        "level": "0",
        "name": "Vanitha Mess",
        "name:ml": "വനിത മെസ്സ്",
        "tourism": "hotel"
      },
      "geometry": {
        "type": "Point",
        "coordinates": [
          76.0299324,
          11.5429109
        ]
      },
      "id": "node/12347248266"
    },
    {
      "type": "Feature",
      "properties": {
        "@id": "node/12350910692",
        "name": "Punathil Heights",
        "tourism": "hotel"
      },
      "geometry": {
        "type": "Point",
        "coordinates": [
          76.0244006,
          11.5289642
        ]
      },
      "id": "node/12350910692"
    },
    {
      "type": "Feature",
      "properties": {
        "@id": "node/12382538963",
        "air_conditioning": "no",
        "name": "Executive Residency",
        "tourism": "hotel"
      },
      "geometry": {
        "type": "Point",
        "coordinates": [
          76.2894082,
          9.968031
        ]
      },
      "id": "node/12382538963"
    },
    {
      "type": "Feature",
      "properties": {
        "@id": "node/12384491702",
        "name": "Tentgram Hostel",
        "tourism": "hotel"
      },
      "geometry": {
        "type": "Point",
        "coordinates": [
          77.2046384,
          10.0528949
        ]
      },
      "id": "node/12384491702"
    },
    {
      "type": "Feature",
      "properties": {
        "@id": "node/12390953732",
        "air_conditioning": "yes",
        "name": "The Edappally Homes",
        "tourism": "hotel"
      },
      "geometry": {
        "type": "Point",
        "coordinates": [
          76.3055442,
          10.0181861
        ]
      },
      "id": "node/12390953732"
    },
    {
      "type": "Feature",
      "properties": {
        "@id": "node/12409816824",
        "addr:city": "Kalikadavu",
        "addr:district": "Kasargod",
        "addr:postcode": "671310",
        "addr:street": "Kasargod-Kannur-Calicut Highway",
        "level": "2",
        "name": "Bengalai Rooms for rent",
        "tourism": "hotel"
      },
      "geometry": {
        "type": "Point",
        "coordinates": [
          75.1690854,
          12.1919104
        ]
      },
      "id": "node/12409816824"
    },
    {
      "type": "Feature",
      "properties": {
        "@id": "node/12438481401",
        "addr:housenumber": "2764",
        "addr:street": "Beach road",
        "name": "Tajmahal rooms",
        "tourism": "hotel"
      },
      "geometry": {
        "type": "Point",
        "coordinates": [
          76.2388928,
          9.9590482
        ]
      },
      "id": "node/12438481401"
    },
    {
      "type": "Feature",
      "properties": {
        "@id": "node/12447068384",
        "name": "Sajjoys",
        "tourism": "hotel"
      },
      "geometry": {
        "type": "Point",
        "coordinates": [
          76.7054547,
          8.7365374
        ]
      },
      "id": "node/12447068384"
    },
    {
      "type": "Feature",
      "properties": {
        "@id": "node/12447087919",
        "internet_access": "wlan",
        "internet_access:fee": "customers",
        "name": "Lavilla Lake Resort and Restaurant",
        "phone": "+917678595799",
        "rooms": "6",
        "tourism": "hotel",
        "website": "https://www.instagram.com/lavillalakeresortandrestaurant/"
      },
      "geometry": {
        "type": "Point",
        "coordinates": [
          76.5589322,
          8.9657299
        ]
      },
      "id": "node/12447087919"
    },
    {
      "type": "Feature",
      "properties": {
        "@id": "node/12451268084",
        "addr:floor": "G;1",
        "check_date": "2024-12-25",
        "level": "0;1",
        "name": "Stayon Hotels",
        "tourism": "hotel"
      },
      "geometry": {
        "type": "Point",
        "coordinates": [
          76.6590373,
          10.7652627
        ]
      },
      "id": "node/12451268084"
    },
    {
      "type": "Feature",
      "properties": {
        "@id": "node/12452785448",
        "name": "Luxe Vue",
        "tourism": "hotel"
      },
      "geometry": {
        "type": "Point",
        "coordinates": [
          76.9072616,
          8.5066711
        ]
      },
      "id": "node/12452785448"
    },
    {
      "type": "Feature",
      "properties": {
        "@id": "node/12467157232",
        "air_conditioning": "yes",
        "check_date": "2025-01-01",
        "name": "Star Dine",
        "name:en": "Star Dine",
        "tourism": "hotel"
      },
      "geometry": {
        "type": "Point",
        "coordinates": [
          76.6488493,
          10.7673668
        ]
      },
      "id": "node/12467157232"
    },
    {
      "type": "Feature",
      "properties": {
        "@id": "node/12470569901",
        "addr:street": "Angamaly Nayathode Airport Road",
        "name": "Silverstone inn",
        "tourism": "hotel"
      },
      "geometry": {
        "type": "Point",
        "coordinates": [
          76.3969812,
          10.1662983
        ]
      },
      "id": "node/12470569901"
    },
    {
      "type": "Feature",
      "properties": {
        "@id": "node/12480775901",
        "addr:postcode": "686513",
        "addr:street": "Kollam - Theni Highway",
        "name": "Kerala hotel and kerala recidency",
        "opening_hours": "24/7",
        "phone": "+919995571708",
        "tourism": "hotel"
      },
      "geometry": {
        "type": "Point",
        "coordinates": [
          76.8797275,
          9.5417942
        ]
      },
      "id": "node/12480775901"
    },
    {
      "type": "Feature",
      "properties": {
        "@id": "node/12500400301",
        "addr:street": "Edachira-Millupadi Road",
        "name": "Olive eva hotel",
        "opening_hours": "24/7",
        "tourism": "hotel"
      },
      "geometry": {
        "type": "Point",
        "coordinates": [
          76.364747,
          10.0159379
        ]
      },
      "id": "node/12500400301"
    },
    {
      "type": "Feature",
      "properties": {
        "@id": "node/12509334103",
        "addr:city": "Chithirapuram",
        "addr:housenumber": "Eitty City",
        "addr:postcode": "685565",
        "addr:street": "Anachal",
        "brand": "IHCL",
        "name": "Scenic, Munnar-IHCL SeleQtions",
        "tourism": "hotel",
        "website": "https://www.seleqtionshotels.com/en-in/scenic-munnar"
      },
      "geometry": {
        "type": "Point",
        "coordinates": [
          77.0463269,
          10.0151851
        ]
      },
      "id": "node/12509334103"
    },
    {
      "type": "Feature",
      "properties": {
        "@id": "node/12522958014",
        "addr:city": "Elavumthitta",
        "addr:district": "Pathanamthitta",
        "addr:postcode": "689625",
        "addr:street": "Elavumthitta",
        "name": "ABC, Achoos",
        "tourism": "hotel"
      },
      "geometry": {
        "type": "Point",
        "coordinates": [
          76.7105367,
          9.2637313
        ]
      },
      "id": "node/12522958014"
    },
    {
      "type": "Feature",
      "properties": {
        "@id": "node/12550935013",
        "check_date": "2025-02-02",
        "name": "Rossitta Wood Castle",
        "tourism": "hotel"
      },
      "geometry": {
        "type": "Point",
        "coordinates": [
          76.2418101,
          9.9667244
        ]
      },
      "id": "node/12550935013"
    },
    {
      "type": "Feature",
      "properties": {
        "@id": "node/12550935022",
        "check_date": "2025-02-02",
        "name": "Fort Kochi Beach Inn",
        "tourism": "hotel"
      },
      "geometry": {
        "type": "Point",
        "coordinates": [
          76.2390455,
          9.9642822
        ]
      },
      "id": "node/12550935022"
    },
    {
      "type": "Feature",
      "properties": {
        "@id": "node/12550935076",
        "check_date": "2025-02-02",
        "name": "Roses Inn",
        "name:en": "Roses Inn",
        "tourism": "hotel"
      },
      "geometry": {
        "type": "Point",
        "coordinates": [
          76.24182,
          9.9669831
        ]
      },
      "id": "node/12550935076"
    },
    {
      "type": "Feature",
      "properties": {
        "@id": "node/12550935080",
        "check_date": "2025-02-02",
        "name": "Park Avenue",
        "tourism": "hotel"
      },
      "geometry": {
        "type": "Point",
        "coordinates": [
          76.2420038,
          9.9657103
        ]
      },
      "id": "node/12550935080"
    },
    {
      "type": "Feature",
      "properties": {
        "@id": "node/12555921235",
        "name": "Sreechakra",
        "tourism": "hotel"
      },
      "geometry": {
        "type": "Point",
        "coordinates": [
          76.6832319,
          10.7731064
        ]
      },
      "id": "node/12555921235"
    },
    {
      "type": "Feature",
      "properties": {
        "@id": "node/12561150701",
        "internet_access": "wlan",
        "name": "Navarang Villa",
        "tourism": "hotel"
      },
      "geometry": {
        "type": "Point",
        "coordinates": [
          76.081665,
          11.6167074
        ]
      },
      "id": "node/12561150701"
    },
    {
      "type": "Feature",
      "properties": {
        "@id": "node/12561430401",
        "name": "Night Space hôtel",
        "tourism": "hotel"
      },
      "geometry": {
        "type": "Point",
        "coordinates": [
          76.0835237,
          11.6120905
        ]
      },
      "id": "node/12561430401"
    },
    {
      "type": "Feature",
      "properties": {
        "@id": "node/12564702581",
        "check_date": "2025-02-07",
        "name": "Saamaga Regency",
        "tourism": "hotel"
      },
      "geometry": {
        "type": "Point",
        "coordinates": [
          76.0353381,
          10.6013435
        ]
      },
      "id": "node/12564702581"
    },
    {
      "type": "Feature",
      "properties": {
        "@id": "node/12568467201",
        "addr:street": "Edachira-Millupadi Road",
        "name": "36 PAI DOSA",
        "opening_hours": "Mo-Su 09:00-23:00",
        "self_service": "no",
        "tourism": "hotel"
      },
      "geometry": {
        "type": "Point",
        "coordinates": [
          76.3661538,
          10.0162794
        ]
      },
      "id": "node/12568467201"
    },
    {
      "type": "Feature",
      "properties": {
        "@id": "node/12573205901",
        "name": "Golden Beach Resort",
        "tourism": "hotel"
      },
      "geometry": {
        "type": "Point",
        "coordinates": [
          76.0086213,
          10.5732823
        ]
      },
      "id": "node/12573205901"
    },
    {
      "type": "Feature",
      "properties": {
        "@id": "node/12579055301",
        "internet_access": "wlan",
        "name": "Orion Skywings",
        "tourism": "hotel"
      },
      "geometry": {
        "type": "Point",
        "coordinates": [
          76.2425535,
          9.9628529
        ]
      },
      "id": "node/12579055301"
    },
    {
      "type": "Feature",
      "properties": {
        "@id": "node/12579480473",
        "addr:floor": "1",
        "check_date": "2025-02-11",
        "level": "1",
        "name": "Ayzal Residency",
        "name:en": "Ayzal Residency",
        "tourism": "hotel"
      },
      "geometry": {
        "type": "Point",
        "coordinates": [
          76.6438728,
          10.7968764
        ]
      },
      "id": "node/12579480473"
    },
    {
      "type": "Feature",
      "properties": {
        "@id": "node/12595605501",
        "addr:street": "Sangeeth Nagar",
        "name": "Ormayidam",
        "tourism": "hotel"
      },
      "geometry": {
        "type": "Point",
        "coordinates": [
          76.9551656,
          8.4921346
        ]
      },
      "id": "node/12595605501"
    },
    {
      "type": "Feature",
      "properties": {
        "@id": "node/12596474353",
        "name": "hotel bekal palace",
        "tourism": "hotel"
      },
      "geometry": {
        "type": "Point",
        "coordinates": [
          75.0227116,
          12.4276914
        ]
      },
      "id": "node/12596474353"
    },
    {
      "type": "Feature",
      "properties": {
        "@id": "node/12596591642",
        "brand": "Taj",
        "brand:wikidata": "Q1521893",
        "name": "Taj",
        "official_name": "Taj Hotels",
        "tourism": "hotel"
      },
      "geometry": {
        "type": "Point",
        "coordinates": [
          75.0150245,
          12.4240695
        ]
      },
      "id": "node/12596591642"
    },
    {
      "type": "Feature",
      "properties": {
        "@id": "node/12596594169",
        "name": "Hotel Fort Queen",
        "tourism": "hotel"
      },
      "geometry": {
        "type": "Point",
        "coordinates": [
          76.2488059,
          9.9524054
        ]
      },
      "id": "node/12596594169"
    },
    {
      "type": "Feature",
      "properties": {
        "@id": "node/12596636657",
        "name": "caza feliza",
        "tourism": "hotel"
      },
      "geometry": {
        "type": "Point",
        "coordinates": [
          76.3420262,
          10.0379123
        ]
      },
      "id": "node/12596636657"
    },
    {
      "type": "Feature",
      "properties": {
        "@id": "node/12596978127",
        "name": "dutch manor",
        "tourism": "hotel"
      },
      "geometry": {
        "type": "Point",
        "coordinates": [
          76.2554083,
          9.956875
        ]
      },
      "id": "node/12596978127"
    },
    {
      "type": "Feature",
      "properties": {
        "@id": "node/12609766901",
        "tourism": "hotel"
      },
      "geometry": {
        "type": "Point",
        "coordinates": [
          76.3097706,
          9.5363979
        ]
      },
      "id": "node/12609766901"
    },
    {
      "type": "Feature",
      "properties": {
        "@id": "node/12609767001",
        "tourism": "hotel"
      },
      "geometry": {
        "type": "Point",
        "coordinates": [
          76.3094539,
          9.5345483
        ]
      },
      "id": "node/12609767001"
    },
    {
      "type": "Feature",
      "properties": {
        "@id": "node/12609767101",
        "tourism": "hotel"
      },
      "geometry": {
        "type": "Point",
        "coordinates": [
          76.3095652,
          9.5347202
        ]
      },
      "id": "node/12609767101"
    },
    {
      "type": "Feature",
      "properties": {
        "@id": "node/12611727585",
        "name": "Green Chromide Munroe Homestays",
        "tourism": "hotel"
      },
      "geometry": {
        "type": "Point",
        "coordinates": [
          76.6308984,
          9.0046824
        ]
      },
      "id": "node/12611727585"
    },
    {
      "type": "Feature",
      "properties": {
        "@id": "node/12615543609",
        "internet_access": "wlan",
        "name": "Grandstaykannur",
        "tourism": "hotel"
      },
      "geometry": {
        "type": "Point",
        "coordinates": [
          75.4304708,
          11.8448372
        ]
      },
      "id": "node/12615543609"
    },
    {
      "type": "Feature",
      "properties": {
        "@id": "node/12626349003",
        "check_date": "2025-03-01",
        "email": "josephakallungal@gmail.com",
        "name": "Kallungal Square",
        "phone": "+91 94470 54279; +91 94959 54279",
        "tourism": "hotel",
        "wheelchair": "no"
      },
      "geometry": {
        "type": "Point",
        "coordinates": [
          76.3170537,
          10.0207735
        ]
      },
      "id": "node/12626349003"
    },
    {
      "type": "Feature",
      "properties": {
        "@id": "node/12643073166",
        "air_conditioning": "no",
        "internet_access:fee": "no",
        "name": "SILENT VALLEY HOUSE",
        "smoking": "outside",
        "swimming_pool": "no",
        "tourism": "hotel",
        "wheelchair": "no"
      },
      "geometry": {
        "type": "Point",
        "coordinates": [
          76.9798259,
          8.3875007
        ]
      },
      "id": "node/12643073166"
    },
    {
      "type": "Feature",
      "properties": {
        "@id": "node/12668258201",
        "internet_access": "wlan",
        "name": "Shoreline Marari Beach Villa At Golden Beach Mararikulam",
        "tourism": "hotel"
      },
      "geometry": {
        "type": "Point",
        "coordinates": [
          76.2996194,
          9.5978784
        ]
      },
      "id": "node/12668258201"
    },
    {
      "type": "Feature",
      "properties": {
        "@id": "node/12738627615",
        "air_conditioning": "yes",
        "building": "yes",
        "building:levels": "4",
        "building:use": "hotel",
        "name": "Yam Hotel",
        "tourism": "hotel"
      },
      "geometry": {
        "type": "Point",
        "coordinates": [
          76.9358446,
          8.480776
        ]
      },
      "id": "node/12738627615"
    },
    {
      "type": "Feature",
      "properties": {
        "@id": "node/12749591720",
        "air_conditioning": "yes",
        "internet_access": "wlan",
        "internet_access:fee": "no",
        "name": "Amara Ayurveda Retreat",
        "swimming_pool": "outdoor",
        "tourism": "hotel",
        "wheelchair": "limited"
      },
      "geometry": {
        "type": "Point",
        "coordinates": [
          76.9812695,
          8.4133275
        ]
      },
      "id": "node/12749591720"
    },
    {
      "type": "Feature",
      "properties": {
        "@id": "node/12861878216",
        "check_date": "2025-05-25",
        "name": "Kapilavasthu",
        "name:en": "Kapilavasthu",
        "tourism": "hotel",
        "wheelchair": "yes"
      },
      "geometry": {
        "type": "Point",
        "coordinates": [
          76.6485953,
          10.7673076
        ]
      },
      "id": "node/12861878216"
    },
    {
      "type": "Feature",
      "properties": {
        "@id": "node/12981763067",
        "check_date": "2025-07-06",
        "name": "Ganga Lodge",
        "tourism": "hotel"
      },
      "geometry": {
        "type": "Point",
        "coordinates": [
          76.9265015,
          8.4884018
        ]
      },
      "id": "node/12981763067"
    },
    {
      "type": "Feature",
      "properties": {
        "@id": "node/13039476501",
        "addr:postcode": "695513",
        "email": "info@gogoland.in",
        "name": "Gogo Land Reception",
        "phone": "+914712960888;+919400056500",
        "tourism": "hotel",
        "website": "https://www.gogoland.in/"
      },
      "geometry": {
        "type": "Point",
        "coordinates": [
          77.0828544,
          8.3099515
        ]
      },
      "id": "node/13039476501"
    },
    {
      "type": "Feature",
      "properties": {
        "@id": "node/13059261948",
        "name": "Thussara Jotel",
        "opening_hours": "Mo-Su 06:00-23:00",
        "tourism": "hotel"
      },
      "geometry": {
        "type": "Point",
        "coordinates": [
          76.7000378,
          8.8054343
        ]
      },
      "id": "node/13059261948"
    },
    {
      "type": "Feature",
      "properties": {
        "@id": "node/13092826807",
        "name": "PK Residency",
        "tourism": "hotel"
      },
      "geometry": {
        "type": "Point",
        "coordinates": [
          76.9537615,
          8.489253
        ]
      },
      "id": "node/13092826807"
    },
    {
      "type": "Feature",
      "properties": {
        "@id": "node/13116117035",
        "check_date": "2025-09-03",
        "name": "Pallava Hotel",
        "tourism": "hotel"
      },
      "geometry": {
        "type": "Point",
        "coordinates": [
          76.931725,
          8.4829051
        ]
      },
      "id": "node/13116117035"
    },
    {
      "type": "Feature",
      "properties": {
        "@id": "node/13122832067",
        "name": "SNM Lodge",
        "tourism": "hotel"
      },
      "geometry": {
        "type": "Point",
        "coordinates": [
          76.2945081,
          9.9440598
        ]
      },
      "id": "node/13122832067"
    },
    {
      "type": "Feature",
      "properties": {
        "@id": "node/13144399176",
        "check_date": "2025-09-15",
        "name": "Dolphin Lodge",
        "name:en": "Dolphin Lodge",
        "tourism": "hotel"
      },
      "geometry": {
        "type": "Point",
        "coordinates": [
          76.6569932,
          10.7690781
        ]
      },
      "id": "node/13144399176"
    },
    {
      "type": "Feature",
      "properties": {
        "@id": "node/13198154624",
        "name": "Sahara",
        "tourism": "hotel"
      },
      "geometry": {
        "type": "Point",
        "coordinates": [
          76.8521589,
          9.0347427
        ]
      },
      "id": "node/13198154624"
    },
    {
      "type": "Feature",
      "properties": {
        "@id": "node/13204306436",
        "name": "Yani",
        "tourism": "hotel"
      },
      "geometry": {
        "type": "Point",
        "coordinates": [
          76.7120932,
          8.736254
        ]
      },
      "id": "node/13204306436"
    },
    {
      "type": "Feature",
      "properties": {
        "@id": "node/13204306528",
        "name": "Voye homes",
        "tourism": "hotel"
      },
      "geometry": {
        "type": "Point",
        "coordinates": [
          76.7102061,
          8.7353033
        ]
      },
      "id": "node/13204306528"
    },
    {
      "type": "Feature",
      "properties": {
        "@id": "node/13204336730",
        "name": "Varkala Palace",
        "tourism": "hotel"
      },
      "geometry": {
        "type": "Point",
        "coordinates": [
          76.7091628,
          8.7345621
        ]
      },
      "id": "node/13204336730"
    },
    {
      "type": "Feature",
      "properties": {
        "@id": "node/13204938549",
        "addr:city": "Edava",
        "addr:district": "Thiruvananthapuram",
        "addr:postcode": "695311",
        "addr:street": "Kappil HS Road",
        "internet_access": "yes",
        "internet_access:fee": "customers",
        "mobile": "9995379438",
        "name": "Green Miles Resort",
        "opening_hours": "24/7",
        "resort": "resort",
        "tourism": "hotel",
        "website": "https://green-miles.kerala-hotels-resorts.com/en/"
      },
      "geometry": {
        "type": "Point",
        "coordinates": [
          76.6886687,
          8.7786329
        ]
      },
      "id": "node/13204938549"
    },
    {
      "type": "Feature",
      "properties": {
        "@id": "node/13237913209",
        "addr:housenumber": "7/179",
        "addr:postcode": "673638",
        "addr:street": "Kumminiparamba Junction",
        "email": "tpmresidency@gmail.com",
        "internet_access": "wlan",
        "name": "Thekkumpuram Residency",
        "opening_hours": "24/7",
        "phone": "+918129564600",
        "self_service": "partially",
        "tourism": "hotel"
      },
      "geometry": {
        "type": "Point",
        "coordinates": [
          75.9397347,
          11.1353322
        ]
      },
      "id": "node/13237913209"
    },
    {
      "type": "Feature",
      "properties": {
        "@id": "node/13256241188",
        "check_date": "2025-10-25",
        "name": "Hotel Deepakam Inn",
        "name:en": "Hotel Deepakam Inn",
        "tourism": "hotel"
      },
      "geometry": {
        "type": "Point",
        "coordinates": [
          76.6606476,
          10.7703657
        ]
      },
      "id": "node/13256241188"
    },
    {
      "type": "Feature",
      "properties": {
        "@id": "node/13283546725",
        "name": "Meen",
        "tourism": "hotel"
      },
      "geometry": {
        "type": "Point",
        "coordinates": [
          76.5772349,
          8.9028007
        ]
      },
      "id": "node/13283546725"
    },
    {
      "type": "Feature",
      "properties": {
        "@id": "node/13297209212",
        "check_date": "2025-11-11",
        "name": "Vox Holidays",
        "name:en": "Vox Holidays",
        "tourism": "hotel"
      },
      "geometry": {
        "type": "Point",
        "coordinates": [
          76.6561393,
          10.7851279
        ]
      },
      "id": "node/13297209212"
    },
    {
      "type": "Feature",
      "properties": {
        "@id": "node/13326525767",
        "air_conditioning": "yes",
        "name": "Maple Regency",
        "tourism": "hotel"
      },
      "geometry": {
        "type": "Point",
        "coordinates": [
          76.2805676,
          9.9734608
        ]
      },
      "id": "node/13326525767"
    },
    {
      "type": "Feature",
      "properties": {
        "@id": "node/13342643019",
        "addr:city": "Parappanangadi",
        "addr:district": "Malappuram",
        "addr:postcode": "676303",
        "addr:street": "Chamravattam - Tirur - Kozhikkode Road",
        "air_conditioning": "yes",
        "brand": "Amitys",
        "email": "amityscourtyardhotel@gmail.com",
        "fax": "0494-2932025",
        "image": "www.amityscourtyard.com",
        "internet_access": "yes",
        "internet_access:fee": "no",
        "mobile": "7736732025",
        "name": "Amity's Courtyard",
        "official_name": "Amity's Courtyard",
        "opening_hours": "24/7",
        "operator": "0494-2932025",
        "payment:cash": "yes",
        "payment:credit_cards": "yes",
        "payment:debit_cards": "yes",
        "payment:google_pay": "yes",
        "payment:mastercard": "yes",
        "payment:visa": "yes",
        "phone": "7736732025",
        "reservation": "yes",
        "rooms": "12",
        "stars": "3",
        "tourism": "hotel",
        "website": "www.amityscourtyard.com",
        "wheelchair": "yes"
      },
      "geometry": {
        "type": "Point",
        "coordinates": [
          75.8701294,
          11.0217978
        ]
      },
      "id": "node/13342643019"
    },
    {
      "type": "Feature",
      "properties": {
        "@id": "node/13356083798",
        "name": "Cloud five",
        "tourism": "hotel"
      },
      "geometry": {
        "type": "Point",
        "coordinates": [
          77.0622714,
          10.0883027
        ]
      },
      "id": "node/13356083798"
    },
    {
      "type": "Feature",
      "properties": {
        "@id": "node/13356151394",
        "name": "Soul Stay",
        "tourism": "hotel"
      },
      "geometry": {
        "type": "Point",
        "coordinates": [
          77.062396,
          10.0890124
        ]
      },
      "id": "node/13356151394"
    },
    {
      "type": "Feature",
      "properties": {
        "@id": "node/13363066469",
        "description": "rooms, Dormitory with kitchen",
        "name": "Green Palace Holudays",
        "phone": "6282682175",
        "tourism": "hotel"
      },
      "geometry": {
        "type": "Point",
        "coordinates": [
          77.2079975,
          9.9776203
        ]
      },
      "id": "node/13363066469"
    },
    {
      "type": "Feature",
      "properties": {
        "@id": "node/13363104456",
        "name": "Marinya",
        "tourism": "hotel"
      },
      "geometry": {
        "type": "Point",
        "coordinates": [
          77.1781112,
          9.9005785
        ]
      },
      "id": "node/13363104456"
    },
    {
      "type": "Feature",
      "properties": {
        "@id": "node/13363124479",
        "tourism": "hotel"
      },
      "geometry": {
        "type": "Point",
        "coordinates": [
          77.2130203,
          9.972632
        ]
      },
      "id": "node/13363124479"
    },
    {
      "type": "Feature",
      "properties": {
        "@id": "node/13363150013",
        "name": "East Munnar Holudays",
        "tourism": "hotel"
      },
      "geometry": {
        "type": "Point",
        "coordinates": [
          77.2080436,
          9.977585
        ]
      },
      "id": "node/13363150013"
    },
    {
      "type": "Feature",
      "properties": {
        "@id": "node/13363156301",
        "name": "Hayat Hotel",
        "phone": "9739397388",
        "tourism": "hotel"
      },
      "geometry": {
        "type": "Point",
        "coordinates": [
          77.2079902,
          9.977667
        ]
      },
      "id": "node/13363156301"
    },
    {
      "type": "Feature",
      "properties": {
        "@id": "node/13363156302",
        "name": "Freshup",
        "tourism": "hotel"
      },
      "geometry": {
        "type": "Point",
        "coordinates": [
          77.1525553,
          9.8549799
        ]
      },
      "id": "node/13363156302"
    },
    {
      "type": "Feature",
      "properties": {
        "@id": "node/13375975583",
        "name": "Thusara",
        "tourism": "hotel"
      },
      "geometry": {
        "type": "Point",
        "coordinates": [
          76.9773316,
          8.3874933
        ]
      },
      "id": "node/13375975583"
    },
    {
      "type": "Feature",
      "properties": {
        "@id": "node/13376635122",
        "addr:city": "Kochi",
        "addr:district": "Ernakulam",
        "addr:housenumber": "Chendamangalam Junction",
        "addr:postcode": "683513",
        "addr:street": "Aluva - Paravur Road",
        "name": "Smitha Tourist Home",
        "phone": "+91-4842-442786",
        "tourism": "hotel"
      },
      "geometry": {
        "type": "Point",
        "coordinates": [
          76.2353656,
          10.1493612
        ]
      },
      "id": "node/13376635122"
    },
    {
      "type": "Feature",
      "properties": {
        "@id": "node/13390091801",
        "addr:postcode": "633593",
        "addr:street": "Marina hospital road",
        "internet_access": "wlan",
        "name": "Hamai Grand Home Stay",
        "tourism": "hotel"
      },
      "geometry": {
        "type": "Point",
        "coordinates": [
          76.2119818,
          11.6190916
        ]
      },
      "id": "node/13390091801"
    },
    {
      "type": "Feature",
      "properties": {
        "@id": "node/13392961812",
        "brand": "AS Stay Inn",
        "name": "AS Stay Inn",
        "phone": "+91-9605-844447",
        "tourism": "hotel",
        "website": "https://www.asventures.in/hospitality-tourism"
      },
      "geometry": {
        "type": "Point",
        "coordinates": [
          76.306787,
          10.0263227
        ]
      },
      "id": "node/13392961812"
    },
    {
      "type": "Feature",
      "properties": {
        "@id": "node/13392961814",
        "addr:city": "Kochi",
        "addr:district": "Ernakulam",
        "addr:postcode": "682024",
        "addr:street": "Kodungallur-Paravur-Ernakulam Highway",
        "name": "Guest Inn Rooms",
        "tourism": "hotel"
      },
      "geometry": {
        "type": "Point",
        "coordinates": [
          76.3066935,
          10.026455
        ]
      },
      "id": "node/13392961814"
    },
    {
      "type": "Feature",
      "properties": {
        "@id": "node/13393423411",
        "internet_access": "no",
        "name": "A1 porotta",
        "tourism": "hotel"
      },
      "geometry": {
        "type": "Point",
        "coordinates": [
          76.4887552,
          9.873163
        ]
      },
      "id": "node/13393423411"
    },
    {
      "type": "Feature",
      "properties": {
        "@id": "node/13393664673",
        "addr:city": "Kochi",
        "addr:district": "Ernakulam",
        "addr:postcode": "683585",
        "addr:street": "Airport Road",
        "brand": "AS Ventures",
        "name": "AS Airport Inn",
        "phone": "+91-7559-844447",
        "tourism": "hotel",
        "website": "https://www.asventures.in/"
      },
      "geometry": {
        "type": "Point",
        "coordinates": [
          76.3552005,
          10.1532723
        ]
      },
      "id": "node/13393664673"
    },
    {
      "type": "Feature",
      "properties": {
        "@id": "node/13393664687",
        "addr:city": "Kochi",
        "addr:district": "Ernakulam",
        "addr:postcode": "683585",
        "addr:street": "Airport Road",
        "name": "Motel 7 Days",
        "phone": "+91-7994-442878",
        "tourism": "hotel"
      },
      "geometry": {
        "type": "Point",
        "coordinates": [
          76.3560945,
          10.1532102
        ]
      },
      "id": "node/13393664687"
    },
    {
      "type": "Feature",
      "properties": {
        "@id": "node/13397294781",
        "name": "Konamme Wellness",
        "tourism": "hotel"
      },
      "geometry": {
        "type": "Point",
        "coordinates": [
          74.964153,
          12.5963809
        ]
      },
      "id": "node/13397294781"
    },
    {
      "type": "Feature",
      "properties": {
        "@id": "node/13404198092",
        "addr:street": "Thottada, Kizhunnapara Road, 670007 Kannur",
        "name": "Club 7 Beach Resort",
        "tourism": "hotel"
      },
      "geometry": {
        "type": "Point",
        "coordinates": [
          75.4150592,
          11.8262612
        ]
      },
      "id": "node/13404198092"
    },
    {
      "type": "Feature",
      "properties": {
        "@id": "node/13423345776",
        "name": "Asakam Beach Resort",
        "tourism": "hotel"
      },
      "geometry": {
        "type": "Point",
        "coordinates": [
          75.3416765,
          11.884589
        ]
      },
      "id": "node/13423345776"
    },
    {
      "type": "Feature",
      "properties": {
        "@id": "node/13423345777",
        "name": "Pranav beach Resort",
        "tourism": "hotel"
      },
      "geometry": {
        "type": "Point",
        "coordinates": [
          75.3403362,
          11.8863271
        ]
      },
      "id": "node/13423345777"
    },
    {
      "type": "Feature",
      "properties": {
        "@id": "node/13423345798",
        "name": "Nyniya beach house",
        "tourism": "hotel"
      },
      "geometry": {
        "type": "Point",
        "coordinates": [
          75.336312,
          11.8914557
        ]
      },
      "id": "node/13423345798"
    },
    {
      "type": "Feature",
      "properties": {
        "@id": "node/13423539176",
        "addr:city": "palazhi",
        "addr:street": "Government Cyber Park Road",
        "name": "Vishnu mess &  hostel,kotttakunnu",
        "tourism": "hotel"
      },
      "geometry": {
        "type": "Point",
        "coordinates": [
          75.8372678,
          11.25498
        ]
      },
      "id": "node/13423539176"
    },
    {
      "type": "Feature",
      "properties": {
        "@id": "node/13423539177",
        "addr:city": "palazhi",
        "addr:street": "Government Cyber Park Road",
        "name": "Kunnummal Mess House and Coolbar",
        "tourism": "hotel"
      },
      "geometry": {
        "type": "Point",
        "coordinates": [
          75.8370884,
          11.2553958
        ]
      },
      "id": "node/13423539177"
    },
    {
      "type": "Feature",
      "properties": {
        "@id": "node/13446132202",
        "name": "Sand Dune",
        "tourism": "hotel"
      },
      "geometry": {
        "type": "Point",
        "coordinates": [
          76.3053041,
          10.0284633
        ]
      },
      "id": "node/13446132202"
    },
    {
      "type": "Feature",
      "properties": {
        "@id": "node/13458344749",
        "name": "Basiru Beach resort",
        "tourism": "hotel"
      },
      "geometry": {
        "type": "Point",
        "coordinates": [
          76.7069513,
          8.7324829
        ]
      },
      "id": "node/13458344749"
    },
    {
      "type": "Feature",
      "properties": {
        "@id": "node/13458344750",
        "name": "Chechu's Beach resort",
        "tourism": "hotel"
      },
      "geometry": {
        "type": "Point",
        "coordinates": [
          76.7071789,
          8.732194
        ]
      },
      "id": "node/13458344750"
    },
    {
      "type": "Feature",
      "properties": {
        "@id": "node/13458344799",
        "name": "South Cliff beach Resort",
        "tourism": "hotel"
      },
      "geometry": {
        "type": "Point",
        "coordinates": [
          76.709905,
          8.7283466
        ]
      },
      "id": "node/13458344799"
    },
    {
      "type": "Feature",
      "properties": {
        "@id": "node/13458353865",
        "name": "Naluketu Heritage resort",
        "tourism": "hotel"
      },
      "geometry": {
        "type": "Point",
        "coordinates": [
          76.7090775,
          8.7316819
        ]
      },
      "id": "node/13458353865"
    },
    {
      "type": "Feature",
      "properties": {
        "@id": "node/13458353871",
        "name": "SK Beach Resort",
        "tourism": "hotel"
      },
      "geometry": {
        "type": "Point",
        "coordinates": [
          76.7062497,
          8.7329749
        ]
      },
      "id": "node/13458353871"
    },
    {
      "type": "Feature",
      "properties": {
        "@id": "node/13462282270",
        "name": "Sea point Beach Resort",
        "tourism": "hotel"
      },
      "geometry": {
        "type": "Point",
        "coordinates": [
          76.7076429,
          8.732963
        ]
      },
      "id": "node/13462282270"
    },
    {
      "type": "Feature",
      "properties": {
        "@id": "node/13462282288",
        "name": "Green Bay resort",
        "tourism": "hotel"
      },
      "geometry": {
        "type": "Point",
        "coordinates": [
          76.7065899,
          8.7341228
        ]
      },
      "id": "node/13462282288"
    },
    {
      "type": "Feature",
      "properties": {
        "@id": "node/13462317464",
        "name": "Sea View Beach Resort",
        "tourism": "hotel"
      },
      "geometry": {
        "type": "Point",
        "coordinates": [
          76.7025162,
          8.7375337
        ]
      },
      "id": "node/13462317464"
    },
    {
      "type": "Feature",
      "properties": {
        "@id": "node/13462317467",
        "name": "Hill top Beach Resort",
        "tourism": "hotel"
      },
      "geometry": {
        "type": "Point",
        "coordinates": [
          76.7010673,
          8.7381966
        ]
      },
      "id": "node/13462317467"
    },
    {
      "type": "Feature",
      "properties": {
        "@id": "node/13462317517",
        "name": "Maadathil Beach Resort",
        "tourism": "hotel"
      },
      "geometry": {
        "type": "Point",
        "coordinates": [
          76.6933204,
          8.7518516
        ]
      },
      "id": "node/13462317517"
    },
    {
      "type": "Feature",
      "properties": {
        "@id": "node/13462520570",
        "name": "Leisuire Valey Beach resort",
        "tourism": "hotel"
      },
      "geometry": {
        "type": "Point",
        "coordinates": [
          76.6942407,
          8.7572227
        ]
      },
      "id": "node/13462520570"
    },
    {
      "type": "Feature",
      "properties": {
        "@id": "node/13462541541",
        "name": "Sarana",
        "tourism": "hotel"
      },
      "geometry": {
        "type": "Point",
        "coordinates": [
          76.6993699,
          8.7478798
        ]
      },
      "id": "node/13462541541"
    },
    {
      "type": "Feature",
      "properties": {
        "@id": "node/13462541546",
        "name": "Flowerhill Cottages",
        "tourism": "hotel"
      },
      "geometry": {
        "type": "Point",
        "coordinates": [
          76.6931028,
          8.7521778
        ]
      },
      "id": "node/13462541546"
    },
    {
      "type": "Feature",
      "properties": {
        "@id": "node/13462541547",
        "name": "Th 5th Season",
        "tourism": "hotel"
      },
      "geometry": {
        "type": "Point",
        "coordinates": [
          76.7022526,
          8.7377772
        ]
      },
      "id": "node/13462541547"
    },
    {
      "type": "Feature",
      "properties": {
        "@id": "node/13473705244",
        "name": "Vallabhan international",
        "tourism": "hotel"
      },
      "geometry": {
        "type": "Point",
        "coordinates": [
          76.7110085,
          8.7325625
        ]
      },
      "id": "node/13473705244"
    },
    {
      "type": "Feature",
      "properties": {
        "@id": "node/13481847003",
        "name": "red star holiday",
        "tourism": "hotel"
      },
      "geometry": {
        "type": "Point",
        "coordinates": [
          77.0663244,
          10.087785
        ]
      },
      "id": "node/13481847003"
    },
    {
      "type": "Feature",
      "properties": {
        "@id": "node/13481849312",
        "name": "Swarnam Inn",
        "tourism": "hotel"
      },
      "geometry": {
        "type": "Point",
        "coordinates": [
          77.0662063,
          10.0876054
        ]
      },
      "id": "node/13481849312"
    },
    {
      "type": "Feature",
      "properties": {
        "@id": "node/13511961103",
        "addr:postcode": "685612",
        "addr:street": "Ikka Nagar",
        "name": "S&B Dreams House",
        "tourism": "hotel"
      },
      "geometry": {
        "type": "Point",
        "coordinates": [
          77.0637788,
          10.0884991
        ]
      },
      "id": "node/13511961103"
    },
    {
      "type": "Feature",
      "properties": {
        "@id": "node/13513942401",
        "addr:street": "Karakkat Road",
        "name": "Royal Casa Cochin",
        "tourism": "hotel"
      },
      "geometry": {
        "type": "Point",
        "coordinates": [
          76.2884621,
          9.97077
        ]
      },
      "id": "node/13513942401"
    },
    {
      "type": "Feature",
      "properties": {
        "@id": "node/13564452401",
        "email": "sudarsudar2892@gmail.com",
        "internet_access": "wlan",
        "name": "Ashiana Beach Homestay",
        "phone": "091-8592010122",
        "tourism": "hotel"
      },
      "geometry": {
        "type": "Point",
        "coordinates": [
          76.3177879,
          9.5035613
        ]
      },
      "id": "node/13564452401"
    }
  ]
}