{
  "type": "FeatureCollection",
  "generator": "overpass-turbo",
  "copyright": "The data included in this document is from www.openstreetmap.org. The data is made available under ODbL.",
  "timestamp": "2026-02-15T07:59:00Z",
  "features": [
    {
      "type": "Feature",
      "properties": {
        "@id": "node/349002533",
        "amenity": "atm",
        "indoor": "yes",
        "name": "SBI",
        "opening_hours": "Mo-Su 10:00-18:00",
        "operator": "State Bank"
      },
      "geometry": {
        "type": "Point",
        "coordinates": [
          78.3495593,
          17.4463739
        ]
      },
      "id": "node/349002533"
    },
    {
      "type": "Feature",
      "properties": {
        "@id": "node/349938548",
        "amenity": "atm",
        "brand": "State Bank of India",
        "brand:wikidata": "Q1340361",
        "name": "State Bank of India",
        "operator": "State Bank of India",
        "operator:wikidata": "Q1340361",
        "short_name": "SBI"
      },
      "geometry": {
        "type": "Point",
        "coordinates": [
          78.4409912,
          17.4421128
        ]
      },
      "id": "node/349938548"
    },
    {
      "type": "Feature",
      "properties": {
        "@id": "node/349938549",
        "amenity": "atm",
        "name": "Andhra Bank ATM",
        "operator": "Andhra Bank"
      },
      "geometry": {
        "type": "Point",
        "coordinates": [
          78.4410243,
          17.4420397
        ]
      },
      "id": "node/349938549"
    },
    {
      "type": "Feature",
      "properties": {
        "@id": "node/350215497",
        "amenity": "atm",
        "brand": "IDBI Bank",
        "brand:wikidata": "Q3633485",
        "name": "IDBI Bank ATM",
        "operator": "IDBI Bank",
        "operator:wikidata": "Q3633485",
        "short_name": "IDBI"
      },
      "geometry": {
        "type": "Point",
        "coordinates": [
          78.4409695,
          17.4421607
        ]
      },
      "id": "node/350215497"
    },
    {
      "type": "Feature",
      "properties": {
        "@id": "node/352750007",
        "amenity": "atm",
        "operator": "State Bank"
      },
      "geometry": {
        "type": "Point",
        "coordinates": [
          78.4426473,
          17.4424723
        ]
      },
      "id": "node/352750007"
    },
    {
      "type": "Feature",
      "properties": {
        "@id": "node/352750008",
        "amenity": "atm",
        "brand": "HDFC Bank",
        "brand:wikidata": "Q631047",
        "name": "HDFC Bank",
        "operator": "HDFC Bank",
        "operator:wikidata": "Q631047",
        "short_name": "HDFC"
      },
      "geometry": {
        "type": "Point",
        "coordinates": [
          78.4427025,
          17.4424647
        ]
      },
      "id": "node/352750008"
    },
    {
      "type": "Feature",
      "properties": {
        "@id": "node/355647265",
        "amenity": "atm",
        "brand": "Canara Bank",
        "brand:en": "Canara Bank",
        "brand:hi": "केनरा बैंक",
        "brand:kn": "ಕೆನರಾ ಬ್ಯಾಂಕ್",
        "brand:pa": "ਕੇਨਰਾ ਬੈਂਕ",
        "brand:pnb": "کینرا بینک",
        "brand:ur": "کینرا بینک",
        "brand:wikidata": "Q2003777",
        "brand:wikipedia": "en:Canara Bank",
        "brand:wikipedia:pa": "ਕੇਨਰਾ ਬੈਂਕ",
        "name": "Canara Bank",
        "name:en": "Canara Bank",
        "name:hi": "केनरा बैंक",
        "name:kn": "ಕೆನರಾ ಬ್ಯಾಂಕ್",
        "name:pa": "ਕੇਨਰਾ ਬੈਂਕ",
        "name:pnb": "کینرا بینک",
        "name:te": "కెనరా బ్యాంక్ ఏటీఎమ్",
        "name:ur": "کینرا بینک",
        "operator": "Canara Bank",
        "operator:wikidata": "Q2003777"
      },
      "geometry": {
        "type": "Point",
        "coordinates": [
          78.4466539,
          17.4415542
        ]
      },
      "id": "node/355647265"
    },
    {
      "type": "Feature",
      "properties": {
        "@id": "node/355647267",
        "amenity": "atm",
        "created_by": "Merkaartor 0.12",
        "operator": "Andhra Bank"
      },
      "geometry": {
        "type": "Point",
        "coordinates": [
          78.4453112,
          17.4418452
        ]
      },
      "id": "node/355647267"
    },
    {
      "type": "Feature",
      "properties": {
        "@id": "node/355649675",
        "amenity": "atm",
        "brand": "ICICI Bank",
        "brand:wikidata": "Q1653258",
        "operator": "ICICI Bank",
        "operator:wikidata": "Q1653258"
      },
      "geometry": {
        "type": "Point",
        "coordinates": [
          78.3923457,
          17.4406888
        ]
      },
      "id": "node/355649675"
    },
    {
      "type": "Feature",
      "properties": {
        "@id": "node/660540421",
        "amenity": "atm",
        "brand": "Citibank",
        "brand:wikidata": "Q857063",
        "name": "citibank",
        "name:te": "సిటీ బ్యాంకు",
        "operator": "Citibank",
        "operator:wikidata": "Q857063"
      },
      "geometry": {
        "type": "Point",
        "coordinates": [
          78.4315999,
          17.4245414
        ]
      },
      "id": "node/660540421"
    },
    {
      "type": "Feature",
      "properties": {
        "@id": "node/734180589",
        "amenity": "atm",
        "name": "Andhra Bank"
      },
      "geometry": {
        "type": "Point",
        "coordinates": [
          80.1430856,
          17.2401541
        ]
      },
      "id": "node/734180589"
    },
    {
      "type": "Feature",
      "properties": {
        "@id": "node/735135136",
        "amenity": "atm",
        "name": "Andhra Bank",
        "operator": "Andhra Bank"
      },
      "geometry": {
        "type": "Point",
        "coordinates": [
          80.1382876,
          17.2433022
        ]
      },
      "id": "node/735135136"
    },
    {
      "type": "Feature",
      "properties": {
        "@id": "node/813570415",
        "amenity": "atm",
        "operator": "Andhra Bank"
      },
      "geometry": {
        "type": "Point",
        "coordinates": [
          78.405506,
          17.4333035
        ]
      },
      "id": "node/813570415"
    },
    {
      "type": "Feature",
      "properties": {
        "@id": "node/813570962",
        "amenity": "atm",
        "operator": "RBS"
      },
      "geometry": {
        "type": "Point",
        "coordinates": [
          78.4641516,
          17.4452017
        ]
      },
      "id": "node/813570962"
    },
    {
      "type": "Feature",
      "properties": {
        "@id": "node/813570986",
        "amenity": "atm",
        "operator": "ING"
      },
      "geometry": {
        "type": "Point",
        "coordinates": [
          78.4645808,
          17.4452093
        ]
      },
      "id": "node/813570986"
    },
    {
      "type": "Feature",
      "properties": {
        "@id": "node/813571022",
        "amenity": "atm",
        "operator": "Bank of India"
      },
      "geometry": {
        "type": "Point",
        "coordinates": [
          78.4645902,
          17.4447551
        ]
      },
      "id": "node/813571022"
    },
    {
      "type": "Feature",
      "properties": {
        "@id": "node/813571150",
        "amenity": "atm",
        "operator": "Citibank"
      },
      "geometry": {
        "type": "Point",
        "coordinates": [
          78.4802638,
          17.4436222
        ]
      },
      "id": "node/813571150"
    },
    {
      "type": "Feature",
      "properties": {
        "@id": "node/813571613",
        "amenity": "atm",
        "cash_in": "no",
        "drive_through": "no",
        "operator": "Canara Bank"
      },
      "geometry": {
        "type": "Point",
        "coordinates": [
          78.5108106,
          17.4378187
        ]
      },
      "id": "node/813571613"
    },
    {
      "type": "Feature",
      "properties": {
        "@id": "node/813571878",
        "amenity": "atm",
        "operator": "State Bank"
      },
      "geometry": {
        "type": "Point",
        "coordinates": [
          78.5279463,
          17.428384
        ]
      },
      "id": "node/813571878"
    },
    {
      "type": "Feature",
      "properties": {
        "@id": "node/817354362",
        "amenity": "atm",
        "cash_in": "no",
        "check_date": "2025-01-07",
        "name": "State Bank of India",
        "operator": "State Bank"
      },
      "geometry": {
        "type": "Point",
        "coordinates": [
          78.45607,
          17.43336
        ]
      },
      "id": "node/817354362"
    },
    {
      "type": "Feature",
      "properties": {
        "@id": "node/817354478",
        "amenity": "atm",
        "operator": "CitiBank"
      },
      "geometry": {
        "type": "Point",
        "coordinates": [
          78.4670675,
          17.4445563
        ]
      },
      "id": "node/817354478"
    },
    {
      "type": "Feature",
      "properties": {
        "@id": "node/854940945",
        "amenity": "atm",
        "cash_in": "no",
        "drive_through": "no",
        "operator": "State Bank"
      },
      "geometry": {
        "type": "Point",
        "coordinates": [
          78.4835136,
          17.4645715
        ]
      },
      "id": "node/854940945"
    },
    {
      "type": "Feature",
      "properties": {
        "@id": "node/886404629",
        "amenity": "atm",
        "operator": "ICICI Bank"
      },
      "geometry": {
        "type": "Point",
        "coordinates": [
          78.4844353,
          17.4567886
        ]
      },
      "id": "node/886404629"
    },
    {
      "type": "Feature",
      "properties": {
        "@id": "node/890105031",
        "amenity": "atm",
        "operator": "State Bank"
      },
      "geometry": {
        "type": "Point",
        "coordinates": [
          78.4635981,
          17.4235862
        ]
      },
      "id": "node/890105031"
    },
    {
      "type": "Feature",
      "properties": {
        "@id": "node/894082505",
        "amenity": "atm",
        "brand": "Bank of Baroda",
        "brand:wikidata": "Q2003797",
        "name": "Bank of Baroda",
        "operator": "Bank of Baroda",
        "operator:wikidata": "Q2003797"
      },
      "geometry": {
        "type": "Point",
        "coordinates": [
          78.4464856,
          17.4151831
        ]
      },
      "id": "node/894082505"
    },
    {
      "type": "Feature",
      "properties": {
        "@id": "node/942495902",
        "amenity": "atm",
        "name": "IDBI",
        "opening_hours": "24/7",
        "operator": "IDBI Bank ATM"
      },
      "geometry": {
        "type": "Point",
        "coordinates": [
          78.3530781,
          17.4446041
        ]
      },
      "id": "node/942495902"
    },
    {
      "type": "Feature",
      "properties": {
        "@id": "node/970467232",
        "amenity": "atm",
        "operator": "State Bank"
      },
      "geometry": {
        "type": "Point",
        "coordinates": [
          79.5342981,
          18.6872337
        ]
      },
      "id": "node/970467232"
    },
    {
      "type": "Feature",
      "properties": {
        "@id": "node/974438650",
        "amenity": "atm",
        "name": "State Bank ATM",
        "operator": "State Bank"
      },
      "geometry": {
        "type": "Point",
        "coordinates": [
          80.1391583,
          17.2493327
        ]
      },
      "id": "node/974438650"
    },
    {
      "type": "Feature",
      "properties": {
        "@id": "node/978641674",
        "amenity": "atm",
        "operator": "State Bank"
      },
      "geometry": {
        "type": "Point",
        "coordinates": [
          80.7959033,
          17.9108266
        ]
      },
      "id": "node/978641674"
    },
    {
      "type": "Feature",
      "properties": {
        "@id": "node/988833213",
        "amenity": "atm",
        "operator": "State Bank"
      },
      "geometry": {
        "type": "Point",
        "coordinates": [
          80.1525099,
          17.4450793
        ]
      },
      "id": "node/988833213"
    },
    {
      "type": "Feature",
      "properties": {
        "@id": "node/1041920536",
        "amenity": "atm"
      },
      "geometry": {
        "type": "Point",
        "coordinates": [
          78.3803001,
          17.4443518
        ]
      },
      "id": "node/1041920536"
    },
    {
      "type": "Feature",
      "properties": {
        "@id": "node/1050793165",
        "amenity": "atm",
        "operator": "Bank of India"
      },
      "geometry": {
        "type": "Point",
        "coordinates": [
          78.4575336,
          17.4639047
        ]
      },
      "id": "node/1050793165"
    },
    {
      "type": "Feature",
      "properties": {
        "@id": "node/1050793702",
        "amenity": "atm",
        "operator": "State Bank"
      },
      "geometry": {
        "type": "Point",
        "coordinates": [
          78.4572868,
          17.4638945
        ]
      },
      "id": "node/1050793702"
    },
    {
      "type": "Feature",
      "properties": {
        "@id": "node/1050823780",
        "amenity": "atm",
        "brand": "Axis Bank",
        "brand:wikidata": "Q2003549",
        "brand:wikipedia": "en:Axis Bank",
        "cash_in": "no",
        "currency:INR": "yes",
        "name": "Axis Bank",
        "operator": "Axis Bank",
        "operator:wikidata": "Q2003549",
        "operator:wikipedia": "en:Axis Bank"
      },
      "geometry": {
        "type": "Point",
        "coordinates": [
          78.4900832,
          17.4623019
        ]
      },
      "id": "node/1050823780"
    },
    {
      "type": "Feature",
      "properties": {
        "@id": "node/1050823784",
        "amenity": "atm",
        "cash_in": "no",
        "currency:INR": "yes",
        "drive_through": "no",
        "name": "State Bank of India",
        "operator": "State Bank"
      },
      "geometry": {
        "type": "Point",
        "coordinates": [
          78.4911169,
          17.4627691
        ]
      },
      "id": "node/1050823784"
    },
    {
      "type": "Feature",
      "properties": {
        "@id": "node/1215742611",
        "amenity": "atm"
      },
      "geometry": {
        "type": "Point",
        "coordinates": [
          78.3670074,
          17.4625754
        ]
      },
      "id": "node/1215742611"
    },
    {
      "type": "Feature",
      "properties": {
        "@id": "node/1215742614",
        "amenity": "atm"
      },
      "geometry": {
        "type": "Point",
        "coordinates": [
          78.3663932,
          17.4593336
        ]
      },
      "id": "node/1215742614"
    },
    {
      "type": "Feature",
      "properties": {
        "@id": "node/1215744398",
        "amenity": "atm",
        "cash_in": "no",
        "currency:INR": "yes",
        "operator": "Axis Bank ATM"
      },
      "geometry": {
        "type": "Point",
        "coordinates": [
          78.3651673,
          17.4649832
        ]
      },
      "id": "node/1215744398"
    },
    {
      "type": "Feature",
      "properties": {
        "@id": "node/1215782305",
        "amenity": "atm"
      },
      "geometry": {
        "type": "Point",
        "coordinates": [
          78.3447962,
          17.4321596
        ]
      },
      "id": "node/1215782305"
    },
    {
      "type": "Feature",
      "properties": {
        "@id": "node/1224523184",
        "amenity": "atm",
        "brand": "Bank of India",
        "brand:wikidata": "Q2004439",
        "operator": "Bank of India",
        "operator:wikidata": "Q2004439"
      },
      "geometry": {
        "type": "Point",
        "coordinates": [
          78.3625498,
          17.4436204
        ]
      },
      "id": "node/1224523184"
    },
    {
      "type": "Feature",
      "properties": {
        "@id": "node/1224549896",
        "amenity": "atm"
      },
      "geometry": {
        "type": "Point",
        "coordinates": [
          78.3588154,
          17.4413077
        ]
      },
      "id": "node/1224549896"
    },
    {
      "type": "Feature",
      "properties": {
        "@id": "node/1242158833",
        "amenity": "atm",
        "operator": "Union Bank of India (UBI)"
      },
      "geometry": {
        "type": "Point",
        "coordinates": [
          78.4743709,
          17.4614538
        ]
      },
      "id": "node/1242158833"
    },
    {
      "type": "Feature",
      "properties": {
        "@id": "node/1242158849",
        "amenity": "atm",
        "check_date": "2021-06-13",
        "operator": "State Bank of India (SBI)"
      },
      "geometry": {
        "type": "Point",
        "coordinates": [
          78.473676,
          17.463425
        ]
      },
      "id": "node/1242158849"
    },
    {
      "type": "Feature",
      "properties": {
        "@id": "node/1242161760",
        "amenity": "atm",
        "check_date": "2024-03-16",
        "operator": "State Bank of India (SBI)"
      },
      "geometry": {
        "type": "Point",
        "coordinates": [
          78.3930704,
          17.4908162
        ]
      },
      "id": "node/1242161760"
    },
    {
      "type": "Feature",
      "properties": {
        "@id": "node/1242169223",
        "amenity": "atm",
        "operator": "UTI"
      },
      "geometry": {
        "type": "Point",
        "coordinates": [
          78.4896911,
          17.4430424
        ]
      },
      "id": "node/1242169223"
    },
    {
      "type": "Feature",
      "properties": {
        "@id": "node/1257939506",
        "amenity": "atm",
        "operator": "HDFC"
      },
      "geometry": {
        "type": "Point",
        "coordinates": [
          78.3733802,
          17.4502886
        ]
      },
      "id": "node/1257939506"
    },
    {
      "type": "Feature",
      "properties": {
        "@id": "node/1257939538",
        "amenity": "atm",
        "operator": "ICICI"
      },
      "geometry": {
        "type": "Point",
        "coordinates": [
          78.3736162,
          17.4498331
        ]
      },
      "id": "node/1257939538"
    },
    {
      "type": "Feature",
      "properties": {
        "@id": "node/1271901236",
        "amenity": "atm",
        "operator": "Andhra Bank"
      },
      "geometry": {
        "type": "Point",
        "coordinates": [
          78.5127424,
          17.4945527
        ]
      },
      "id": "node/1271901236"
    },
    {
      "type": "Feature",
      "properties": {
        "@id": "node/1271901255",
        "amenity": "atm",
        "operator": "State Bank"
      },
      "geometry": {
        "type": "Point",
        "coordinates": [
          78.5135253,
          17.4995159
        ]
      },
      "id": "node/1271901255"
    },
    {
      "type": "Feature",
      "properties": {
        "@id": "node/1271901275",
        "amenity": "atm"
      },
      "geometry": {
        "type": "Point",
        "coordinates": [
          78.5193884,
          17.5115428
        ]
      },
      "id": "node/1271901275"
    },
    {
      "type": "Feature",
      "properties": {
        "@id": "node/1306268400",
        "amenity": "atm",
        "brand": "Canara Bank",
        "brand:pa": "ਕੇਨਰਾ ਬੈਂਕ",
        "brand:ur": "کینرا بینک",
        "brand:wikidata": "Q2003777",
        "brand:wikipedia": "en:Canara Bank",
        "brand:wikipedia:pa": "ਕੇਨਰਾ ਬੈਂਕ",
        "name": "Canara Bank",
        "name:pa": "ਕੇਨਰਾ ਬੈਂਕ",
        "name:ur": "کینرا بینک"
      },
      "geometry": {
        "type": "Point",
        "coordinates": [
          78.4982157,
          17.4838565
        ]
      },
      "id": "node/1306268400"
    },
    {
      "type": "Feature",
      "properties": {
        "@id": "node/1306268402",
        "amenity": "atm"
      },
      "geometry": {
        "type": "Point",
        "coordinates": [
          78.4986341,
          17.483877
        ]
      },
      "id": "node/1306268402"
    },
    {
      "type": "Feature",
      "properties": {
        "@id": "node/1339364793",
        "amenity": "atm",
        "fee": "State Bank of India ATM",
        "operator": "State Bank"
      },
      "geometry": {
        "type": "Point",
        "coordinates": [
          79.5446821,
          17.9977633
        ]
      },
      "id": "node/1339364793"
    },
    {
      "type": "Feature",
      "properties": {
        "@id": "node/1339857960",
        "amenity": "atm",
        "fee": "ICICI Bank ATM",
        "operator": "ICICI Bank"
      },
      "geometry": {
        "type": "Point",
        "coordinates": [
          79.5601499,
          18.01007
        ]
      },
      "id": "node/1339857960"
    },
    {
      "type": "Feature",
      "properties": {
        "@id": "node/1340083111",
        "amenity": "atm",
        "operator": "ICICI"
      },
      "geometry": {
        "type": "Point",
        "coordinates": [
          79.545802,
          17.9948505
        ]
      },
      "id": "node/1340083111"
    },
    {
      "type": "Feature",
      "properties": {
        "@id": "node/1435298922",
        "amenity": "atm",
        "fee": "Oriental Bank of Commerce"
      },
      "geometry": {
        "type": "Point",
        "coordinates": [
          78.5356217,
          17.4504012
        ]
      },
      "id": "node/1435298922"
    },
    {
      "type": "Feature",
      "properties": {
        "@id": "node/1435322427",
        "amenity": "atm",
        "operator": "State bank of India"
      },
      "geometry": {
        "type": "Point",
        "coordinates": [
          78.5323638,
          17.4506458
        ]
      },
      "id": "node/1435322427"
    },
    {
      "type": "Feature",
      "properties": {
        "@id": "node/1435322428",
        "amenity": "atm",
        "operator": "Axis Bank"
      },
      "geometry": {
        "type": "Point",
        "coordinates": [
          78.5324094,
          17.450697
        ]
      },
      "id": "node/1435322428"
    },
    {
      "type": "Feature",
      "properties": {
        "@id": "node/1437398686",
        "amenity": "atm",
        "drive_through": "no",
        "name": "ICICI ATM",
        "operator": "ICICI"
      },
      "geometry": {
        "type": "Point",
        "coordinates": [
          78.5362929,
          17.4567294
        ]
      },
      "id": "node/1437398686"
    },
    {
      "type": "Feature",
      "properties": {
        "@id": "node/1447172192",
        "amenity": "atm",
        "name": "Axis Bank ATM"
      },
      "geometry": {
        "type": "Point",
        "coordinates": [
          78.4808419,
          17.3991374
        ]
      },
      "id": "node/1447172192"
    },
    {
      "type": "Feature",
      "properties": {
        "@id": "node/1447172232",
        "amenity": "atm",
        "name": "SBI ATM (2 Nos)"
      },
      "geometry": {
        "type": "Point",
        "coordinates": [
          78.4833926,
          17.3977147
        ]
      },
      "id": "node/1447172232"
    },
    {
      "type": "Feature",
      "properties": {
        "@id": "node/1472134352",
        "amenity": "atm",
        "operator": "State Bank"
      },
      "geometry": {
        "type": "Point",
        "coordinates": [
          80.151631,
          17.2474092
        ]
      },
      "id": "node/1472134352"
    },
    {
      "type": "Feature",
      "properties": {
        "@id": "node/1474078028",
        "amenity": "atm",
        "operator": "Andhra Bank"
      },
      "geometry": {
        "type": "Point",
        "coordinates": [
          78.5389293,
          17.4709053
        ]
      },
      "id": "node/1474078028"
    },
    {
      "type": "Feature",
      "properties": {
        "@id": "node/1474078029",
        "amenity": "atm",
        "operator": "State Bank"
      },
      "geometry": {
        "type": "Point",
        "coordinates": [
          78.5392673,
          17.471944
        ]
      },
      "id": "node/1474078029"
    },
    {
      "type": "Feature",
      "properties": {
        "@id": "node/1474078031",
        "amenity": "atm",
        "operator": "ICICI"
      },
      "geometry": {
        "type": "Point",
        "coordinates": [
          78.5388971,
          17.4687306
        ]
      },
      "id": "node/1474078031"
    },
    {
      "type": "Feature",
      "properties": {
        "@id": "node/1474078032",
        "amenity": "atm",
        "operator": "ICICI"
      },
      "geometry": {
        "type": "Point",
        "coordinates": [
          78.5392566,
          17.4720054
        ]
      },
      "id": "node/1474078032"
    },
    {
      "type": "Feature",
      "properties": {
        "@id": "node/1474078035",
        "amenity": "atm",
        "operator": "HDFC"
      },
      "geometry": {
        "type": "Point",
        "coordinates": [
          78.5392512,
          17.4720822
        ]
      },
      "id": "node/1474078035"
    },
    {
      "type": "Feature",
      "properties": {
        "@id": "node/1475752362",
        "amenity": "atm",
        "operator": "Andhra Bank"
      },
      "geometry": {
        "type": "Point",
        "coordinates": [
          78.5122287,
          17.4076181
        ]
      },
      "id": "node/1475752362"
    },
    {
      "type": "Feature",
      "properties": {
        "@id": "node/1475764330",
        "amenity": "atm",
        "operator": "ICICI BANK"
      },
      "geometry": {
        "type": "Point",
        "coordinates": [
          78.5100427,
          17.4086239
        ]
      },
      "id": "node/1475764330"
    },
    {
      "type": "Feature",
      "properties": {
        "@id": "node/1475764333",
        "amenity": "atm",
        "operator": "HDFC Bank"
      },
      "geometry": {
        "type": "Point",
        "coordinates": [
          78.5099837,
          17.4086316
        ]
      },
      "id": "node/1475764333"
    },
    {
      "type": "Feature",
      "properties": {
        "@id": "node/1475766492",
        "amenity": "atm",
        "operator": "AXIS BANK"
      },
      "geometry": {
        "type": "Point",
        "coordinates": [
          78.5098684,
          17.4085497
        ]
      },
      "id": "node/1475766492"
    },
    {
      "type": "Feature",
      "properties": {
        "@id": "node/1656146266",
        "amenity": "atm",
        "operator": "IDBI"
      },
      "geometry": {
        "type": "Point",
        "coordinates": [
          80.1486189,
          17.240534
        ]
      },
      "id": "node/1656146266"
    },
    {
      "type": "Feature",
      "properties": {
        "@id": "node/1661096830",
        "amenity": "atm",
        "name": "AXIS",
        "operator": "AXIS Bank"
      },
      "geometry": {
        "type": "Point",
        "coordinates": [
          80.1468757,
          17.2343344
        ]
      },
      "id": "node/1661096830"
    },
    {
      "type": "Feature",
      "properties": {
        "@id": "node/1770187808",
        "amenity": "atm",
        "operator": "State Bank"
      },
      "geometry": {
        "type": "Point",
        "coordinates": [
          80.1352887,
          17.2507164
        ]
      },
      "id": "node/1770187808"
    },
    {
      "type": "Feature",
      "properties": {
        "@id": "node/1830867772",
        "amenity": "atm",
        "atm": "no",
        "brand": "State Bank of India",
        "brand:wikidata": "Q1340361",
        "brand:wikipedia": "en:State Bank of India",
        "name": "State Bank of India",
        "operator": "State Bank of India",
        "operator:wikidata": "Q1340361",
        "short_name": "SBI"
      },
      "geometry": {
        "type": "Point",
        "coordinates": [
          78.5694685,
          17.3319489
        ]
      },
      "id": "node/1830867772"
    },
    {
      "type": "Feature",
      "properties": {
        "@id": "node/1883398390",
        "amenity": "atm",
        "operator": "State Bank"
      },
      "geometry": {
        "type": "Point",
        "coordinates": [
          78.4171207,
          17.4265507
        ]
      },
      "id": "node/1883398390"
    },
    {
      "type": "Feature",
      "properties": {
        "@id": "node/1883470320",
        "amenity": "atm",
        "operator": "Axis Bank"
      },
      "geometry": {
        "type": "Point",
        "coordinates": [
          78.4388525,
          17.4300426
        ]
      },
      "id": "node/1883470320"
    },
    {
      "type": "Feature",
      "properties": {
        "@id": "node/1883470586",
        "amenity": "atm",
        "operator": "Bank Of Baroda"
      },
      "geometry": {
        "type": "Point",
        "coordinates": [
          78.4389088,
          17.4300286
        ]
      },
      "id": "node/1883470586"
    },
    {
      "type": "Feature",
      "properties": {
        "@id": "node/1883470893",
        "amenity": "atm",
        "operator": "ICICI"
      },
      "geometry": {
        "type": "Point",
        "coordinates": [
          78.4389048,
          17.4299684
        ]
      },
      "id": "node/1883470893"
    },
    {
      "type": "Feature",
      "properties": {
        "@id": "node/1883471333",
        "amenity": "atm",
        "operator": "Andhra Bank"
      },
      "geometry": {
        "type": "Point",
        "coordinates": [
          78.4391362,
          17.4299415
        ]
      },
      "id": "node/1883471333"
    },
    {
      "type": "Feature",
      "properties": {
        "@id": "node/1883475016",
        "amenity": "atm",
        "operator": "Indian Bank"
      },
      "geometry": {
        "type": "Point",
        "coordinates": [
          78.4410218,
          17.4305838
        ]
      },
      "id": "node/1883475016"
    },
    {
      "type": "Feature",
      "properties": {
        "@id": "node/1885687073",
        "amenity": "atm",
        "brand": "Bank of India",
        "brand:wikidata": "Q2004439",
        "operator": "Bank of India",
        "operator:wikidata": "Q2004439"
      },
      "geometry": {
        "type": "Point",
        "coordinates": [
          78.4396807,
          17.4284545
        ]
      },
      "id": "node/1885687073"
    },
    {
      "type": "Feature",
      "properties": {
        "@id": "node/1935524551",
        "amenity": "atm",
        "fee": "no",
        "operator": "Vijaya Bank"
      },
      "geometry": {
        "type": "Point",
        "coordinates": [
          78.3893515,
          17.5009627
        ]
      },
      "id": "node/1935524551"
    },
    {
      "type": "Feature",
      "properties": {
        "@id": "node/1974915671",
        "amenity": "atm",
        "designation": "AXIS Bank ATM",
        "operator": "HDFC"
      },
      "geometry": {
        "type": "Point",
        "coordinates": [
          78.3865622,
          17.541621
        ]
      },
      "id": "node/1974915671"
    },
    {
      "type": "Feature",
      "properties": {
        "@id": "node/2062764404",
        "amenity": "atm"
      },
      "geometry": {
        "type": "Point",
        "coordinates": [
          78.425145,
          17.430083
        ]
      },
      "id": "node/2062764404"
    },
    {
      "type": "Feature",
      "properties": {
        "@id": "node/2062765002",
        "amenity": "atm",
        "brand": "HDFC Bank",
        "brand:wikidata": "Q631047",
        "operator": "HDFC Bank",
        "operator:wikidata": "Q631047"
      },
      "geometry": {
        "type": "Point",
        "coordinates": [
          78.425311,
          17.430414
        ]
      },
      "id": "node/2062765002"
    },
    {
      "type": "Feature",
      "properties": {
        "@id": "node/2185045481",
        "amenity": "atm"
      },
      "geometry": {
        "type": "Point",
        "coordinates": [
          78.4843675,
          17.3785289
        ]
      },
      "id": "node/2185045481"
    },
    {
      "type": "Feature",
      "properties": {
        "@id": "node/2197048453",
        "amenity": "atm",
        "operator": "State Bank"
      },
      "geometry": {
        "type": "Point",
        "coordinates": [
          78.488919,
          17.3846266
        ]
      },
      "id": "node/2197048453"
    },
    {
      "type": "Feature",
      "properties": {
        "@id": "node/2199508161",
        "amenity": "atm",
        "name": "State Bank"
      },
      "geometry": {
        "type": "Point",
        "coordinates": [
          78.5798029,
          17.336319
        ]
      },
      "id": "node/2199508161"
    },
    {
      "type": "Feature",
      "properties": {
        "@id": "node/2199508165",
        "amenity": "atm",
        "name": "State Bank"
      },
      "geometry": {
        "type": "Point",
        "coordinates": [
          78.5998203,
          17.3283971
        ]
      },
      "id": "node/2199508165"
    },
    {
      "type": "Feature",
      "properties": {
        "@id": "node/2199508166",
        "amenity": "atm",
        "name": "IOB"
      },
      "geometry": {
        "type": "Point",
        "coordinates": [
          78.5499808,
          17.3477115
        ]
      },
      "id": "node/2199508166"
    },
    {
      "type": "Feature",
      "properties": {
        "@id": "node/2199508167",
        "amenity": "atm",
        "operator": "BARODA ATM"
      },
      "geometry": {
        "type": "Point",
        "coordinates": [
          78.5554592,
          17.3438412
        ]
      },
      "id": "node/2199508167"
    },
    {
      "type": "Feature",
      "properties": {
        "@id": "node/2199508168",
        "amenity": "atm",
        "operator": "State Bank"
      },
      "geometry": {
        "type": "Point",
        "coordinates": [
          78.4880982,
          17.3850823
        ]
      },
      "id": "node/2199508168"
    },
    {
      "type": "Feature",
      "properties": {
        "@id": "node/2199508170",
        "amenity": "atm",
        "currency:INR": "yes",
        "name": "State Bank"
      },
      "geometry": {
        "type": "Point",
        "coordinates": [
          78.5476915,
          17.3505541
        ]
      },
      "id": "node/2199508170"
    },
    {
      "type": "Feature",
      "properties": {
        "@id": "node/2199524799",
        "amenity": "atm"
      },
      "geometry": {
        "type": "Point",
        "coordinates": [
          78.562031,
          17.3405818
        ]
      },
      "id": "node/2199524799"
    },
    {
      "type": "Feature",
      "properties": {
        "@id": "node/2208176524",
        "amenity": "atm",
        "operator": "HDFC Bank ATM"
      },
      "geometry": {
        "type": "Point",
        "coordinates": [
          78.4570033,
          17.4260043
        ]
      },
      "id": "node/2208176524"
    },
    {
      "type": "Feature",
      "properties": {
        "@id": "node/2208177415",
        "amenity": "atm",
        "operator": "HDFC Bank ATM"
      },
      "geometry": {
        "type": "Point",
        "coordinates": [
          78.4608764,
          17.423256
        ]
      },
      "id": "node/2208177415"
    },
    {
      "type": "Feature",
      "properties": {
        "@id": "node/2208179772",
        "amenity": "atm",
        "operator": "State Bank Of India ATM"
      },
      "geometry": {
        "type": "Point",
        "coordinates": [
          78.462357,
          17.4212137
        ]
      },
      "id": "node/2208179772"
    },
    {
      "type": "Feature",
      "properties": {
        "@id": "node/2217950104",
        "amenity": "atm",
        "name": "ICICI"
      },
      "geometry": {
        "type": "Point",
        "coordinates": [
          78.5994206,
          17.3285711
        ]
      },
      "id": "node/2217950104"
    },
    {
      "type": "Feature",
      "properties": {
        "@id": "node/2217950112",
        "amenity": "atm"
      },
      "geometry": {
        "type": "Point",
        "coordinates": [
          78.546734,
          17.3522003
        ]
      },
      "id": "node/2217950112"
    },
    {
      "type": "Feature",
      "properties": {
        "@id": "node/2217950132",
        "amenity": "atm",
        "name": "Andhra Bank",
        "operator": "Andhra Bank"
      },
      "geometry": {
        "type": "Point",
        "coordinates": [
          78.5954456,
          17.3298207
        ]
      },
      "id": "node/2217950132"
    },
    {
      "type": "Feature",
      "properties": {
        "@id": "node/2217950150",
        "amenity": "atm"
      },
      "geometry": {
        "type": "Point",
        "coordinates": [
          78.511122,
          17.3718818
        ]
      },
      "id": "node/2217950150"
    },
    {
      "type": "Feature",
      "properties": {
        "@id": "node/2217950159",
        "amenity": "atm"
      },
      "geometry": {
        "type": "Point",
        "coordinates": [
          78.5331538,
          17.3687338
        ]
      },
      "id": "node/2217950159"
    },
    {
      "type": "Feature",
      "properties": {
        "@id": "node/2217950162",
        "amenity": "atm",
        "name": "State Bank"
      },
      "geometry": {
        "type": "Point",
        "coordinates": [
          78.5374309,
          17.3684429
        ]
      },
      "id": "node/2217950162"
    },
    {
      "type": "Feature",
      "properties": {
        "@id": "node/2217950165",
        "amenity": "atm",
        "name": "HDFC",
        "operator": "HDFC"
      },
      "geometry": {
        "type": "Point",
        "coordinates": [
          78.5940267,
          17.3303532
        ]
      },
      "id": "node/2217950165"
    },
    {
      "type": "Feature",
      "properties": {
        "@id": "node/2217950173",
        "amenity": "atm",
        "name": "AXIS"
      },
      "geometry": {
        "type": "Point",
        "coordinates": [
          78.5996995,
          17.3284458
        ]
      },
      "id": "node/2217950173"
    },
    {
      "type": "Feature",
      "properties": {
        "@id": "node/2217950187",
        "amenity": "atm",
        "name": "IDBI"
      },
      "geometry": {
        "type": "Point",
        "coordinates": [
          78.5373811,
          17.3684513
        ]
      },
      "id": "node/2217950187"
    },
    {
      "type": "Feature",
      "properties": {
        "@id": "node/2217950194",
        "amenity": "atm",
        "name": "HDFC",
        "operator": "HDFC"
      },
      "geometry": {
        "type": "Point",
        "coordinates": [
          78.5734836,
          17.3370589
        ]
      },
      "id": "node/2217950194"
    },
    {
      "type": "Feature",
      "properties": {
        "@id": "node/2217960485",
        "amenity": "atm",
        "name": "KVB",
        "operator": "Karur Vysya Bank"
      },
      "geometry": {
        "type": "Point",
        "coordinates": [
          78.5369534,
          17.3680938
        ]
      },
      "id": "node/2217960485"
    },
    {
      "type": "Feature",
      "properties": {
        "@id": "node/2217960491",
        "amenity": "atm"
      },
      "geometry": {
        "type": "Point",
        "coordinates": [
          78.5657244,
          17.3393988
        ]
      },
      "id": "node/2217960491"
    },
    {
      "type": "Feature",
      "properties": {
        "@id": "node/2217960493",
        "amenity": "atm",
        "operator": "DCB Bank"
      },
      "geometry": {
        "type": "Point",
        "coordinates": [
          78.5330712,
          17.3681233
        ]
      },
      "id": "node/2217960493"
    },
    {
      "type": "Feature",
      "properties": {
        "@id": "node/2217960495",
        "amenity": "atm",
        "name": "Andhra Bank",
        "operator": "Andhra Bank"
      },
      "geometry": {
        "type": "Point",
        "coordinates": [
          78.5248122,
          17.3682787
        ]
      },
      "id": "node/2217960495"
    },
    {
      "type": "Feature",
      "properties": {
        "@id": "node/2217960508",
        "amenity": "atm",
        "brand": "IndusInd Bank",
        "brand:wikidata": "Q2040323",
        "name": "IndusInd",
        "operator": "IndusInd Bank",
        "operator:wikidata": "Q2040323"
      },
      "geometry": {
        "type": "Point",
        "coordinates": [
          78.519821,
          17.3684304
        ]
      },
      "id": "node/2217960508"
    },
    {
      "type": "Feature",
      "properties": {
        "@id": "node/2217960510",
        "amenity": "atm",
        "name": "State Bank of India",
        "name:ur": "اسٹیٹ بینک آف انڈیا",
        "opening_hours": "24/7"
      },
      "geometry": {
        "type": "Point",
        "coordinates": [
          78.4920245,
          17.3764252
        ]
      },
      "id": "node/2217960510"
    },
    {
      "type": "Feature",
      "properties": {
        "@id": "node/2217960512",
        "amenity": "atm"
      },
      "geometry": {
        "type": "Point",
        "coordinates": [
          78.4970586,
          17.3754636
        ]
      },
      "id": "node/2217960512"
    },
    {
      "type": "Feature",
      "properties": {
        "@id": "node/2217960516",
        "amenity": "atm",
        "currency:INR": "yes",
        "name": "Kotak ATM",
        "operator": "Kotak mahindra bank ATM"
      },
      "geometry": {
        "type": "Point",
        "coordinates": [
          78.5400568,
          17.3670136
        ]
      },
      "id": "node/2217960516"
    },
    {
      "type": "Feature",
      "properties": {
        "@id": "node/2217968803",
        "amenity": "atm",
        "name": "YES Bank"
      },
      "geometry": {
        "type": "Point",
        "coordinates": [
          78.4737943,
          17.3886782
        ]
      },
      "id": "node/2217968803"
    },
    {
      "type": "Feature",
      "properties": {
        "@id": "node/2217968806",
        "amenity": "atm",
        "name": "State Bank"
      },
      "geometry": {
        "type": "Point",
        "coordinates": [
          78.4760952,
          17.3871402
        ]
      },
      "id": "node/2217968806"
    },
    {
      "type": "Feature",
      "properties": {
        "@id": "node/2217968807",
        "amenity": "atm",
        "brand": "State Bank of India",
        "brand:wikidata": "Q1340361",
        "name": "State Bank Of India",
        "operator": "State Bank of India",
        "operator:wikidata": "Q1340361",
        "website": "https://www.sbi.co.in/"
      },
      "geometry": {
        "type": "Point",
        "coordinates": [
          78.3600633,
          17.4413094
        ]
      },
      "id": "node/2217968807"
    },
    {
      "type": "Feature",
      "properties": {
        "@id": "node/2217968810",
        "amenity": "atm",
        "name": "ICICI"
      },
      "geometry": {
        "type": "Point",
        "coordinates": [
          78.3698238,
          17.4328164
        ]
      },
      "id": "node/2217968810"
    },
    {
      "type": "Feature",
      "properties": {
        "@id": "node/2217968811",
        "amenity": "atm",
        "name": "IOB",
        "operator": "IOB",
        "wheelchair": "no"
      },
      "geometry": {
        "type": "Point",
        "coordinates": [
          78.4665416,
          17.4026329
        ]
      },
      "id": "node/2217968811"
    },
    {
      "type": "Feature",
      "properties": {
        "@id": "node/2217968812",
        "amenity": "atm",
        "name": "State Bank"
      },
      "geometry": {
        "type": "Point",
        "coordinates": [
          78.4633632,
          17.4035491
        ]
      },
      "id": "node/2217968812"
    },
    {
      "type": "Feature",
      "properties": {
        "@id": "node/2217968815",
        "amenity": "atm",
        "name": "State Bank"
      },
      "geometry": {
        "type": "Point",
        "coordinates": [
          78.4236316,
          17.396334
        ]
      },
      "id": "node/2217968815"
    },
    {
      "type": "Feature",
      "properties": {
        "@id": "node/2217968816",
        "amenity": "atm",
        "name": "Oriental Bank of Commerce"
      },
      "geometry": {
        "type": "Point",
        "coordinates": [
          78.4051834,
          17.4050054
        ]
      },
      "id": "node/2217968816"
    },
    {
      "type": "Feature",
      "properties": {
        "@id": "node/2217968818",
        "amenity": "atm",
        "name": "AXIS"
      },
      "geometry": {
        "type": "Point",
        "coordinates": [
          78.4083699,
          17.4035108
        ]
      },
      "id": "node/2217968818"
    },
    {
      "type": "Feature",
      "properties": {
        "@id": "node/2217968820",
        "amenity": "atm",
        "name": "AXIS",
        "operator": "Axis Bank"
      },
      "geometry": {
        "type": "Point",
        "coordinates": [
          78.4017279,
          17.4071759
        ]
      },
      "id": "node/2217968820"
    },
    {
      "type": "Feature",
      "properties": {
        "@id": "node/2280839017",
        "amenity": "atm",
        "operator": "State Bank"
      },
      "geometry": {
        "type": "Point",
        "coordinates": [
          80.6973371,
          17.591948
        ]
      },
      "id": "node/2280839017"
    },
    {
      "type": "Feature",
      "properties": {
        "@id": "node/2280839072",
        "amenity": "atm",
        "operator": "State Bank"
      },
      "geometry": {
        "type": "Point",
        "coordinates": [
          80.4413331,
          17.3320953
        ]
      },
      "id": "node/2280839072"
    },
    {
      "type": "Feature",
      "properties": {
        "@id": "node/2285225031",
        "amenity": "atm",
        "operator": "ICICI"
      },
      "geometry": {
        "type": "Point",
        "coordinates": [
          78.3964359,
          17.5189855
        ]
      },
      "id": "node/2285225031"
    },
    {
      "type": "Feature",
      "properties": {
        "@id": "node/2285225038",
        "amenity": "atm",
        "operator": "State Bank"
      },
      "geometry": {
        "type": "Point",
        "coordinates": [
          78.3961661,
          17.5191483
        ]
      },
      "id": "node/2285225038"
    },
    {
      "type": "Feature",
      "properties": {
        "@id": "node/2333113409",
        "amenity": "atm"
      },
      "geometry": {
        "type": "Point",
        "coordinates": [
          79.5778377,
          18.0040579
        ]
      },
      "id": "node/2333113409"
    },
    {
      "type": "Feature",
      "properties": {
        "@id": "node/2354685147",
        "amenity": "atm",
        "brand": "ICICI Bank",
        "brand:wikidata": "Q1653258",
        "name": "ICICI Bank",
        "operator": "ICICI Bank",
        "operator:wikidata": "Q1653258",
        "short_name": "ICICI"
      },
      "geometry": {
        "type": "Point",
        "coordinates": [
          78.3888922,
          17.4008535
        ]
      },
      "id": "node/2354685147"
    },
    {
      "type": "Feature",
      "properties": {
        "@id": "node/2392653712",
        "amenity": "atm",
        "operator": "ICICI"
      },
      "geometry": {
        "type": "Point",
        "coordinates": [
          80.1511166,
          17.2254952
        ]
      },
      "id": "node/2392653712"
    },
    {
      "type": "Feature",
      "properties": {
        "@id": "node/2392653717",
        "amenity": "atm",
        "operator": "State Bank"
      },
      "geometry": {
        "type": "Point",
        "coordinates": [
          80.149378,
          17.2296823
        ]
      },
      "id": "node/2392653717"
    },
    {
      "type": "Feature",
      "properties": {
        "@id": "node/2412772336",
        "amenity": "atm",
        "name": "ICICI ATM",
        "operator": "ICICI Bank",
        "website": "https://www.icicibank.com/"
      },
      "geometry": {
        "type": "Point",
        "coordinates": [
          78.5617438,
          17.3738956
        ]
      },
      "id": "node/2412772336"
    },
    {
      "type": "Feature",
      "properties": {
        "@id": "node/2412772337",
        "amenity": "atm",
        "name": "HDFC ATM",
        "operator": "HDFC Bank",
        "website": "https://www.hdfcbank.com/"
      },
      "geometry": {
        "type": "Point",
        "coordinates": [
          78.5617176,
          17.3738974
        ]
      },
      "id": "node/2412772337"
    },
    {
      "type": "Feature",
      "properties": {
        "@id": "node/2426818370",
        "amenity": "atm",
        "name": "OBC ATM",
        "operator": "Oriental Bank of Commerce"
      },
      "geometry": {
        "type": "Point",
        "coordinates": [
          78.4444207,
          17.436487
        ]
      },
      "id": "node/2426818370"
    },
    {
      "type": "Feature",
      "properties": {
        "@id": "node/2460048662",
        "amenity": "atm",
        "name": "HDFC",
        "operator": "HDFC"
      },
      "geometry": {
        "type": "Point",
        "coordinates": [
          78.4951821,
          17.4020034
        ]
      },
      "id": "node/2460048662"
    },
    {
      "type": "Feature",
      "properties": {
        "@id": "node/2466618460",
        "amenity": "atm",
        "name": "ICICI ATM",
        "operator": "ICICI"
      },
      "geometry": {
        "type": "Point",
        "coordinates": [
          78.5270963,
          17.42922
        ]
      },
      "id": "node/2466618460"
    },
    {
      "type": "Feature",
      "properties": {
        "@id": "node/2466618707",
        "amenity": "atm",
        "brand": "Canara Bank",
        "brand:pa": "ਕੇਨਰਾ ਬੈਂਕ",
        "brand:ur": "کینرا بینک",
        "brand:wikidata": "Q2003777",
        "brand:wikipedia": "en:Canara Bank",
        "brand:wikipedia:pa": "ਕੇਨਰਾ ਬੈਂਕ",
        "name": "Canara Bank",
        "name:pa": "ਕੇਨਰਾ ਬੈਂਕ",
        "name:ur": "کینرا بینک"
      },
      "geometry": {
        "type": "Point",
        "coordinates": [
          78.5324339,
          17.4281657
        ]
      },
      "id": "node/2466618707"
    },
    {
      "type": "Feature",
      "properties": {
        "@id": "node/2466619030",
        "amenity": "atm",
        "name": "Citibank",
        "operator": "Citibank"
      },
      "geometry": {
        "type": "Point",
        "coordinates": [
          78.5316212,
          17.4271625
        ]
      },
      "id": "node/2466619030"
    },
    {
      "type": "Feature",
      "properties": {
        "@id": "node/2526197728",
        "amenity": "atm",
        "operator": "State Bank"
      },
      "geometry": {
        "type": "Point",
        "coordinates": [
          78.5339866,
          17.4293627
        ]
      },
      "id": "node/2526197728"
    },
    {
      "type": "Feature",
      "properties": {
        "@id": "node/2531960308",
        "amenity": "atm",
        "operator": "State Bank"
      },
      "geometry": {
        "type": "Point",
        "coordinates": [
          78.4022455,
          17.3221183
        ]
      },
      "id": "node/2531960308"
    },
    {
      "type": "Feature",
      "properties": {
        "@id": "node/2579743741",
        "amenity": "atm",
        "check_date": "2024-03-16",
        "name": "ING Vysya",
        "operator": "ING Vysya"
      },
      "geometry": {
        "type": "Point",
        "coordinates": [
          78.3929128,
          17.4903484
        ]
      },
      "id": "node/2579743741"
    },
    {
      "type": "Feature",
      "properties": {
        "@id": "node/2593918603",
        "amenity": "atm",
        "name": "HDFC Bank ATM",
        "operator": "HDFC Bank",
        "website": "https://www.hdfcbank.com/"
      },
      "geometry": {
        "type": "Point",
        "coordinates": [
          78.5939317,
          17.4067359
        ]
      },
      "id": "node/2593918603"
    },
    {
      "type": "Feature",
      "properties": {
        "@id": "node/2708238206",
        "amenity": "atm",
        "operator": "State Bank"
      },
      "geometry": {
        "type": "Point",
        "coordinates": [
          78.512527,
          17.398254
        ]
      },
      "id": "node/2708238206"
    },
    {
      "type": "Feature",
      "properties": {
        "@id": "node/2710750867",
        "amenity": "atm",
        "name": "Axis Bank"
      },
      "geometry": {
        "type": "Point",
        "coordinates": [
          78.5692518,
          17.3297193
        ]
      },
      "id": "node/2710750867"
    },
    {
      "type": "Feature",
      "properties": {
        "@id": "node/2710850786",
        "amenity": "atm",
        "name": "SBI atm"
      },
      "geometry": {
        "type": "Point",
        "coordinates": [
          78.4951618,
          17.4417807
        ]
      },
      "id": "node/2710850786"
    },
    {
      "type": "Feature",
      "properties": {
        "@id": "node/2710853093",
        "addr:housenumber": "Maruthi Complex",
        "addr:postcode": "500010",
        "addr:street": "Jeedimetla",
        "amenity": "atm",
        "brand": "Axis Bank",
        "brand:wikidata": "Q2003549",
        "name": "Axis Bank",
        "operator": "Axis Bank",
        "operator:wikidata": "Q2003549",
        "phone": "1800 209 5577",
        "website": "https://axisbank.com/"
      },
      "geometry": {
        "type": "Point",
        "coordinates": [
          78.4764098,
          17.4993766
        ]
      },
      "id": "node/2710853093"
    },
    {
      "type": "Feature",
      "properties": {
        "@id": "node/2710872044",
        "amenity": "atm",
        "name": "ATM"
      },
      "geometry": {
        "type": "Point",
        "coordinates": [
          78.4758073,
          17.499461
        ]
      },
      "id": "node/2710872044"
    },
    {
      "type": "Feature",
      "properties": {
        "@id": "node/2710891016",
        "amenity": "atm",
        "name": "Axis Bank"
      },
      "geometry": {
        "type": "Point",
        "coordinates": [
          78.1050269,
          18.6698717
        ]
      },
      "id": "node/2710891016"
    },
    {
      "type": "Feature",
      "properties": {
        "@id": "node/2710894500",
        "amenity": "atm",
        "name": "SBH"
      },
      "geometry": {
        "type": "Point",
        "coordinates": [
          78.1056089,
          18.6709746
        ]
      },
      "id": "node/2710894500"
    },
    {
      "type": "Feature",
      "properties": {
        "@id": "node/2710917071",
        "amenity": "atm",
        "name": "Andhra Bank"
      },
      "geometry": {
        "type": "Point",
        "coordinates": [
          78.1059469,
          18.6720837
        ]
      },
      "id": "node/2710917071"
    },
    {
      "type": "Feature",
      "properties": {
        "@id": "node/2710922673",
        "amenity": "atm",
        "name": "SBI"
      },
      "geometry": {
        "type": "Point",
        "coordinates": [
          78.6487089,
          19.0417893
        ]
      },
      "id": "node/2710922673"
    },
    {
      "type": "Feature",
      "properties": {
        "@id": "node/2710943713",
        "amenity": "atm",
        "name": "State Bank of Hyderabad ATM"
      },
      "geometry": {
        "type": "Point",
        "coordinates": [
          78.5287838,
          19.6703223
        ]
      },
      "id": "node/2710943713"
    },
    {
      "type": "Feature",
      "properties": {
        "@id": "node/2712622751",
        "amenity": "atm",
        "name": "ING ATM",
        "operator": "ING Vysya"
      },
      "geometry": {
        "type": "Point",
        "coordinates": [
          78.4901106,
          17.4088159
        ]
      },
      "id": "node/2712622751"
    },
    {
      "type": "Feature",
      "properties": {
        "@id": "node/2712626398",
        "amenity": "atm",
        "name": "Punjab National Bank"
      },
      "geometry": {
        "type": "Point",
        "coordinates": [
          78.4891954,
          17.4091385
        ]
      },
      "id": "node/2712626398"
    },
    {
      "type": "Feature",
      "properties": {
        "@id": "node/2712642179",
        "amenity": "atm",
        "name": "icici bank atm"
      },
      "geometry": {
        "type": "Point",
        "coordinates": [
          78.4890007,
          17.4104214
        ]
      },
      "id": "node/2712642179"
    },
    {
      "type": "Feature",
      "properties": {
        "@id": "node/2712648692",
        "amenity": "atm",
        "name": "canara bank ATM"
      },
      "geometry": {
        "type": "Point",
        "coordinates": [
          78.4885901,
          17.4098439
        ]
      },
      "id": "node/2712648692"
    },
    {
      "type": "Feature",
      "properties": {
        "@id": "node/2712662377",
        "amenity": "atm",
        "name": "DCB Bank ATM",
        "operator": "DCB"
      },
      "geometry": {
        "type": "Point",
        "coordinates": [
          78.4890161,
          17.4118417
        ]
      },
      "id": "node/2712662377"
    },
    {
      "type": "Feature",
      "properties": {
        "@id": "node/2712668906",
        "amenity": "atm",
        "name": "andhra bank"
      },
      "geometry": {
        "type": "Point",
        "coordinates": [
          78.4884427,
          17.413233
        ]
      },
      "id": "node/2712668906"
    },
    {
      "type": "Feature",
      "properties": {
        "@id": "node/2713840401",
        "access": "private",
        "amenity": "atm",
        "brand": "State Bank of India",
        "brand:wikidata": "Q1340361",
        "brand:wikipedia": "en:State Bank of India",
        "cash_in": "no",
        "currency:INR": "yes",
        "drive_through": "no",
        "name": "State Bank of India",
        "operator": "State Bank of India",
        "operator:wikidata": "Q1340361",
        "operator:wikipedia": "en:State Bank of India",
        "short_name": "SBI"
      },
      "geometry": {
        "type": "Point",
        "coordinates": [
          79.5323887,
          17.9809327
        ]
      },
      "id": "node/2713840401"
    },
    {
      "type": "Feature",
      "properties": {
        "@id": "node/2713934437",
        "amenity": "atm",
        "name": "State Bank of Hyderabad ATM"
      },
      "geometry": {
        "type": "Point",
        "coordinates": [
          79.5418239,
          18.0045751
        ]
      },
      "id": "node/2713934437"
    },
    {
      "type": "Feature",
      "properties": {
        "@id": "node/2714277241",
        "amenity": "atm",
        "name": "SBH ATM"
      },
      "geometry": {
        "type": "Point",
        "coordinates": [
          79.9763896,
          16.9938705
        ]
      },
      "id": "node/2714277241"
    },
    {
      "type": "Feature",
      "properties": {
        "@id": "node/2714277242",
        "amenity": "atm",
        "name": "HDFC Bank"
      },
      "geometry": {
        "type": "Point",
        "coordinates": [
          79.9595241,
          16.9998768
        ]
      },
      "id": "node/2714277242"
    },
    {
      "type": "Feature",
      "properties": {
        "@id": "node/2714277244",
        "amenity": "atm",
        "name": "SBH ATM"
      },
      "geometry": {
        "type": "Point",
        "coordinates": [
          79.9622599,
          16.9999281
        ]
      },
      "id": "node/2714277244"
    },
    {
      "type": "Feature",
      "properties": {
        "@id": "node/2714316953",
        "amenity": "atm",
        "currency:INR": "yes",
        "drive_through": "yes",
        "name": "SBI Bank",
        "operator": "SBI Bank"
      },
      "geometry": {
        "type": "Point",
        "coordinates": [
          78.1069799,
          18.6762228
        ]
      },
      "id": "node/2714316953"
    },
    {
      "type": "Feature",
      "properties": {
        "@id": "node/2714354919",
        "amenity": "atm",
        "currency:INR": "yes",
        "name": "SBI",
        "operator": "SBI"
      },
      "geometry": {
        "type": "Point",
        "coordinates": [
          78.1120806,
          18.6826901
        ]
      },
      "id": "node/2714354919"
    },
    {
      "type": "Feature",
      "properties": {
        "@id": "node/2714553153",
        "amenity": "atm",
        "name": "SBH ATM"
      },
      "geometry": {
        "type": "Point",
        "coordinates": [
          79.5065124,
          18.7447704
        ]
      },
      "id": "node/2714553153"
    },
    {
      "type": "Feature",
      "properties": {
        "@id": "node/2715275204",
        "amenity": "atm",
        "brand": "Axis Bank",
        "brand:wikidata": "Q2003549",
        "operator": "Axis Bank",
        "operator:wikidata": "Q2003549"
      },
      "geometry": {
        "type": "Point",
        "coordinates": [
          78.4848154,
          17.4105901
        ]
      },
      "id": "node/2715275204"
    },
    {
      "type": "Feature",
      "properties": {
        "@id": "node/2715307355",
        "amenity": "atm",
        "operator": "Andhra Bank"
      },
      "geometry": {
        "type": "Point",
        "coordinates": [
          78.4779863,
          17.4079713
        ]
      },
      "id": "node/2715307355"
    },
    {
      "type": "Feature",
      "properties": {
        "@id": "node/2715308902",
        "amenity": "atm"
      },
      "geometry": {
        "type": "Point",
        "coordinates": [
          78.4781472,
          17.4079508
        ]
      },
      "id": "node/2715308902"
    },
    {
      "type": "Feature",
      "properties": {
        "@id": "node/2715317654",
        "amenity": "atm",
        "operator": "Andhra Bank"
      },
      "geometry": {
        "type": "Point",
        "coordinates": [
          78.4917997,
          17.408565
        ]
      },
      "id": "node/2715317654"
    },
    {
      "type": "Feature",
      "properties": {
        "@id": "node/2715317862",
        "amenity": "atm",
        "operator": "State Bank"
      },
      "geometry": {
        "type": "Point",
        "coordinates": [
          78.4919233,
          17.4085451
        ]
      },
      "id": "node/2715317862"
    },
    {
      "type": "Feature",
      "properties": {
        "@id": "node/2729334419",
        "amenity": "atm",
        "brand": "HDFC Bank",
        "brand:wikidata": "Q631047",
        "operator": "HDFC Bank",
        "operator:wikidata": "Q631047"
      },
      "geometry": {
        "type": "Point",
        "coordinates": [
          78.4847618,
          17.4106054
        ]
      },
      "id": "node/2729334419"
    },
    {
      "type": "Feature",
      "properties": {
        "@id": "node/2729334420",
        "amenity": "atm",
        "brand": "Kotak Mahindra Bank",
        "brand:wikidata": "Q2040404",
        "operator": "Kotak Mahindra Bank",
        "operator:wikidata": "Q2040404"
      },
      "geometry": {
        "type": "Point",
        "coordinates": [
          78.4847913,
          17.4106003
        ]
      },
      "id": "node/2729334420"
    },
    {
      "type": "Feature",
      "properties": {
        "@id": "node/2779830234",
        "amenity": "atm",
        "brand": "ICICI Bank",
        "brand:wikidata": "Q1653258",
        "operator": "ICICI Bank",
        "operator:wikidata": "Q1653258"
      },
      "geometry": {
        "type": "Point",
        "coordinates": [
          78.4849481,
          17.4105391
        ]
      },
      "id": "node/2779830234"
    },
    {
      "type": "Feature",
      "properties": {
        "@id": "node/2779872511",
        "amenity": "atm",
        "operator": "Dena Bank ATM"
      },
      "geometry": {
        "type": "Point",
        "coordinates": [
          78.482628,
          17.4070328
        ]
      },
      "id": "node/2779872511"
    },
    {
      "type": "Feature",
      "properties": {
        "@id": "node/2794664339",
        "amenity": "atm",
        "name": "State Bank of Hyderabad (ATM)"
      },
      "geometry": {
        "type": "Point",
        "coordinates": [
          78.4854909,
          17.440247
        ]
      },
      "id": "node/2794664339"
    },
    {
      "type": "Feature",
      "properties": {
        "@id": "node/2794745060",
        "amenity": "atm",
        "name": "ICICI Bank (ATM)"
      },
      "geometry": {
        "type": "Point",
        "coordinates": [
          78.4817062,
          17.4402139
        ]
      },
      "id": "node/2794745060"
    },
    {
      "type": "Feature",
      "properties": {
        "@id": "node/2794877125",
        "amenity": "atm",
        "name": "Corporation Bank"
      },
      "geometry": {
        "type": "Point",
        "coordinates": [
          78.4900713,
          17.4407095
        ]
      },
      "id": "node/2794877125"
    },
    {
      "type": "Feature",
      "properties": {
        "@id": "node/3010422046",
        "amenity": "atm",
        "operator": "HDFC Bank ATM"
      },
      "geometry": {
        "type": "Point",
        "coordinates": [
          78.3561483,
          17.5053408
        ]
      },
      "id": "node/3010422046"
    },
    {
      "type": "Feature",
      "properties": {
        "@id": "node/3010422047",
        "amenity": "atm",
        "operator": "Axis Bank ATM"
      },
      "geometry": {
        "type": "Point",
        "coordinates": [
          78.3560144,
          17.5054329
        ]
      },
      "id": "node/3010422047"
    },
    {
      "type": "Feature",
      "properties": {
        "@id": "node/3010475766",
        "amenity": "atm",
        "name": "Central Bank of India"
      },
      "geometry": {
        "type": "Point",
        "coordinates": [
          78.467713,
          17.4444022
        ]
      },
      "id": "node/3010475766"
    },
    {
      "type": "Feature",
      "properties": {
        "@id": "node/3155674867",
        "amenity": "atm",
        "brand": "State Bank of India",
        "brand:wikidata": "Q1340361",
        "name": "SBI ATM",
        "operator": "State Bank of India",
        "operator:wikidata": "Q1340361"
      },
      "geometry": {
        "type": "Point",
        "coordinates": [
          78.4351878,
          17.4348781
        ]
      },
      "id": "node/3155674867"
    },
    {
      "type": "Feature",
      "properties": {
        "@id": "node/3155681229",
        "amenity": "atm",
        "brand": "State Bank of India",
        "brand:wikidata": "Q1340361",
        "name": "SBI ATM",
        "operator": "State Bank of India",
        "operator:wikidata": "Q1340361"
      },
      "geometry": {
        "type": "Point",
        "coordinates": [
          78.4343778,
          17.4394663
        ]
      },
      "id": "node/3155681229"
    },
    {
      "type": "Feature",
      "properties": {
        "@id": "node/3159027237",
        "amenity": "atm"
      },
      "geometry": {
        "type": "Point",
        "coordinates": [
          78.442408,
          17.4386655
        ]
      },
      "id": "node/3159027237"
    },
    {
      "type": "Feature",
      "properties": {
        "@id": "node/3166260337",
        "amenity": "atm",
        "brand": "Axis Bank",
        "brand:wikidata": "Q2003549",
        "name": "Axis Bank",
        "operator": "Axis Bank",
        "operator:wikidata": "Q2003549"
      },
      "geometry": {
        "type": "Point",
        "coordinates": [
          78.4276537,
          17.4360803
        ]
      },
      "id": "node/3166260337"
    },
    {
      "type": "Feature",
      "properties": {
        "@id": "node/3200943738",
        "amenity": "atm"
      },
      "geometry": {
        "type": "Point",
        "coordinates": [
          78.5448348,
          17.4158393
        ]
      },
      "id": "node/3200943738"
    },
    {
      "type": "Feature",
      "properties": {
        "@id": "node/3200943740",
        "amenity": "atm"
      },
      "geometry": {
        "type": "Point",
        "coordinates": [
          78.5015412,
          17.4230186
        ]
      },
      "id": "node/3200943740"
    },
    {
      "type": "Feature",
      "properties": {
        "@id": "node/3200944060",
        "amenity": "atm"
      },
      "geometry": {
        "type": "Point",
        "coordinates": [
          78.538267,
          17.3296948
        ]
      },
      "id": "node/3200944060"
    },
    {
      "type": "Feature",
      "properties": {
        "@id": "node/3200948744",
        "amenity": "atm"
      },
      "geometry": {
        "type": "Point",
        "coordinates": [
          78.492945,
          17.4237297
        ]
      },
      "id": "node/3200948744"
    },
    {
      "type": "Feature",
      "properties": {
        "@id": "node/3201278048",
        "amenity": "atm"
      },
      "geometry": {
        "type": "Point",
        "coordinates": [
          78.4605602,
          17.3317285
        ]
      },
      "id": "node/3201278048"
    },
    {
      "type": "Feature",
      "properties": {
        "@id": "node/3201283435",
        "amenity": "atm"
      },
      "geometry": {
        "type": "Point",
        "coordinates": [
          78.42686,
          17.3941143
        ]
      },
      "id": "node/3201283435"
    },
    {
      "type": "Feature",
      "properties": {
        "@id": "node/3207060592",
        "amenity": "atm"
      },
      "geometry": {
        "type": "Point",
        "coordinates": [
          78.4147136,
          17.4819763
        ]
      },
      "id": "node/3207060592"
    },
    {
      "type": "Feature",
      "properties": {
        "@id": "node/3247468582",
        "amenity": "atm",
        "brand": "State Bank of India",
        "brand:wikidata": "Q1340361",
        "name": "SBI Atm",
        "operator": "State Bank of India",
        "operator:wikidata": "Q1340361"
      },
      "geometry": {
        "type": "Point",
        "coordinates": [
          78.3151633,
          17.4517447
        ]
      },
      "id": "node/3247468582"
    },
    {
      "type": "Feature",
      "properties": {
        "@id": "node/3312372791",
        "amenity": "atm",
        "name": "Lekshmi Vilas ATM"
      },
      "geometry": {
        "type": "Point",
        "coordinates": [
          78.4786104,
          17.3935142
        ]
      },
      "id": "node/3312372791"
    },
    {
      "type": "Feature",
      "properties": {
        "@id": "node/3312374439",
        "amenity": "atm",
        "name": "SBI ATM"
      },
      "geometry": {
        "type": "Point",
        "coordinates": [
          78.4812223,
          17.3936044
        ]
      },
      "id": "node/3312374439"
    },
    {
      "type": "Feature",
      "properties": {
        "@id": "node/3312374440",
        "amenity": "atm",
        "name": "ATM",
        "operator": "Indian Bank"
      },
      "geometry": {
        "type": "Point",
        "coordinates": [
          78.4787602,
          17.3939835
        ]
      },
      "id": "node/3312374440"
    },
    {
      "type": "Feature",
      "properties": {
        "@id": "node/3353592635",
        "amenity": "atm",
        "name": "SBH",
        "operator": "State Bank"
      },
      "geometry": {
        "type": "Point",
        "coordinates": [
          78.5619489,
          17.3737311
        ]
      },
      "id": "node/3353592635"
    },
    {
      "type": "Feature",
      "properties": {
        "@id": "node/3353593494",
        "amenity": "atm",
        "name": "AXIS BANK ATM",
        "operator": "AXIS BANK"
      },
      "geometry": {
        "type": "Point",
        "coordinates": [
          78.5619583,
          17.3738038
        ]
      },
      "id": "node/3353593494"
    },
    {
      "type": "Feature",
      "properties": {
        "@id": "node/3372041271",
        "amenity": "atm",
        "operator": "State Bank"
      },
      "geometry": {
        "type": "Point",
        "coordinates": [
          78.3476461,
          17.4224343
        ]
      },
      "id": "node/3372041271"
    },
    {
      "type": "Feature",
      "properties": {
        "@id": "node/3375924739",
        "amenity": "atm",
        "brand": "Citibank",
        "brand:wikidata": "Q857063",
        "operator": "Citibank",
        "operator:wikidata": "Q857063"
      },
      "geometry": {
        "type": "Point",
        "coordinates": [
          78.3383773,
          17.421895
        ]
      },
      "id": "node/3375924739"
    },
    {
      "type": "Feature",
      "properties": {
        "@id": "node/3388913779",
        "amenity": "atm"
      },
      "geometry": {
        "type": "Point",
        "coordinates": [
          78.5620374,
          17.4776808
        ]
      },
      "id": "node/3388913779"
    },
    {
      "type": "Feature",
      "properties": {
        "@id": "node/3388916113",
        "amenity": "atm"
      },
      "geometry": {
        "type": "Point",
        "coordinates": [
          78.4141216,
          17.4839063
        ]
      },
      "id": "node/3388916113"
    },
    {
      "type": "Feature",
      "properties": {
        "@id": "node/3388921913",
        "amenity": "atm",
        "name": "bank of baroda atm"
      },
      "geometry": {
        "type": "Point",
        "coordinates": [
          78.5597192,
          17.4784488
        ]
      },
      "id": "node/3388921913"
    },
    {
      "type": "Feature",
      "properties": {
        "@id": "node/3520979209",
        "amenity": "atm",
        "name": "State Bank",
        "operator": "State Bank"
      },
      "geometry": {
        "type": "Point",
        "coordinates": [
          80.2674029,
          17.4520432
        ]
      },
      "id": "node/3520979209"
    },
    {
      "type": "Feature",
      "properties": {
        "@id": "node/3523097905",
        "amenity": "atm",
        "name": "Dhanlaxmi Bank ATM"
      },
      "geometry": {
        "type": "Point",
        "coordinates": [
          78.413664,
          17.4828411
        ]
      },
      "id": "node/3523097905"
    },
    {
      "type": "Feature",
      "properties": {
        "@id": "node/3661627222",
        "amenity": "atm",
        "brand": "Andhra Bank",
        "operator": "Andhra Bank"
      },
      "geometry": {
        "type": "Point",
        "coordinates": [
          78.4081041,
          17.4426183
        ]
      },
      "id": "node/3661627222"
    },
    {
      "type": "Feature",
      "properties": {
        "@id": "node/3858694157",
        "amenity": "atm"
      },
      "geometry": {
        "type": "Point",
        "coordinates": [
          78.4717872,
          17.5451884
        ]
      },
      "id": "node/3858694157"
    },
    {
      "type": "Feature",
      "properties": {
        "@id": "node/3928138263",
        "amenity": "atm",
        "name": "State Bank",
        "operator": "State Bank"
      },
      "geometry": {
        "type": "Point",
        "coordinates": [
          80.1469041,
          17.2342747
        ]
      },
      "id": "node/3928138263"
    },
    {
      "type": "Feature",
      "properties": {
        "@id": "node/4107060891",
        "amenity": "atm",
        "opening_hours": "24/7"
      },
      "geometry": {
        "type": "Point",
        "coordinates": [
          78.4501458,
          17.44919
        ]
      },
      "id": "node/4107060891"
    },
    {
      "type": "Feature",
      "properties": {
        "@id": "node/4111248689",
        "amenity": "atm",
        "opening_hours": "Mo-Su 06:00-23:00"
      },
      "geometry": {
        "type": "Point",
        "coordinates": [
          78.1246289,
          17.6216556
        ]
      },
      "id": "node/4111248689"
    },
    {
      "type": "Feature",
      "properties": {
        "@id": "node/4122111733",
        "amenity": "atm"
      },
      "geometry": {
        "type": "Point",
        "coordinates": [
          78.5130864,
          17.3579858
        ]
      },
      "id": "node/4122111733"
    },
    {
      "type": "Feature",
      "properties": {
        "@id": "node/4149735291",
        "amenity": "atm",
        "opening_hours": "24/7"
      },
      "geometry": {
        "type": "Point",
        "coordinates": [
          78.109116,
          18.6640174
        ]
      },
      "id": "node/4149735291"
    },
    {
      "type": "Feature",
      "properties": {
        "@id": "node/4149752189",
        "amenity": "atm"
      },
      "geometry": {
        "type": "Point",
        "coordinates": [
          78.1091005,
          18.6641513
        ]
      },
      "id": "node/4149752189"
    },
    {
      "type": "Feature",
      "properties": {
        "@id": "node/4187273092",
        "amenity": "atm"
      },
      "geometry": {
        "type": "Point",
        "coordinates": [
          78.4733696,
          17.4072994
        ]
      },
      "id": "node/4187273092"
    },
    {
      "type": "Feature",
      "properties": {
        "@id": "node/4187300294",
        "amenity": "atm"
      },
      "geometry": {
        "type": "Point",
        "coordinates": [
          78.4724753,
          17.4046527
        ]
      },
      "id": "node/4187300294"
    },
    {
      "type": "Feature",
      "properties": {
        "@id": "node/4187308292",
        "amenity": "atm"
      },
      "geometry": {
        "type": "Point",
        "coordinates": [
          78.4659296,
          17.3835174
        ]
      },
      "id": "node/4187308292"
    },
    {
      "type": "Feature",
      "properties": {
        "@id": "node/4209984192",
        "amenity": "atm",
        "operator": "Andhra Bank "
      },
      "geometry": {
        "type": "Point",
        "coordinates": [
          78.5459302,
          17.3727324
        ]
      },
      "id": "node/4209984192"
    },
    {
      "type": "Feature",
      "properties": {
        "@id": "node/4301825602",
        "amenity": "atm",
        "brand": "South Indian Bank",
        "brand:wikidata": "Q2044973",
        "cash_in": "no",
        "drive_through": "no",
        "name": "South Indian Bank",
        "operator": "South Indian Bank",
        "operator:wikidata": "Q2044973"
      },
      "geometry": {
        "type": "Point",
        "coordinates": [
          78.4845441,
          17.4643028
        ]
      },
      "id": "node/4301825602"
    },
    {
      "type": "Feature",
      "properties": {
        "@id": "node/4325992690",
        "amenity": "atm"
      },
      "geometry": {
        "type": "Point",
        "coordinates": [
          78.4735131,
          17.3728875
        ]
      },
      "id": "node/4325992690"
    },
    {
      "type": "Feature",
      "properties": {
        "@id": "node/4346634689",
        "amenity": "atm",
        "operator": "HDFC bank"
      },
      "geometry": {
        "type": "Point",
        "coordinates": [
          79.7005871,
          18.1937183
        ]
      },
      "id": "node/4346634689"
    },
    {
      "type": "Feature",
      "properties": {
        "@id": "node/4413152990",
        "amenity": "atm"
      },
      "geometry": {
        "type": "Point",
        "coordinates": [
          78.471645,
          17.4012421
        ]
      },
      "id": "node/4413152990"
    },
    {
      "type": "Feature",
      "properties": {
        "@id": "node/4415331903",
        "amenity": "atm",
        "name": "icici",
        "name:en": "icici"
      },
      "geometry": {
        "type": "Point",
        "coordinates": [
          78.4921872,
          17.4081685
        ]
      },
      "id": "node/4415331903"
    },
    {
      "type": "Feature",
      "properties": {
        "@id": "node/4417145294",
        "amenity": "atm",
        "name": "andhra bank atm",
        "name:en": "andhra bank atm"
      },
      "geometry": {
        "type": "Point",
        "coordinates": [
          78.4953224,
          17.4038885
        ]
      },
      "id": "node/4417145294"
    },
    {
      "type": "Feature",
      "properties": {
        "@id": "node/4431246389",
        "amenity": "atm",
        "operator": "icici bank atm"
      },
      "geometry": {
        "type": "Point",
        "coordinates": [
          78.4889337,
          17.4019129
        ]
      },
      "id": "node/4431246389"
    },
    {
      "type": "Feature",
      "properties": {
        "@id": "node/4433085289",
        "amenity": "atm",
        "operator": "icici atm"
      },
      "geometry": {
        "type": "Point",
        "coordinates": [
          78.4921708,
          17.4081507
        ]
      },
      "id": "node/4433085289"
    },
    {
      "type": "Feature",
      "properties": {
        "@id": "node/4464602993",
        "amenity": "atm",
        "operator": "sbi"
      },
      "geometry": {
        "type": "Point",
        "coordinates": [
          78.4748836,
          17.392811
        ]
      },
      "id": "node/4464602993"
    },
    {
      "type": "Feature",
      "properties": {
        "@id": "node/4499056870",
        "amenity": "atm",
        "name": "Andhra Bank ATM"
      },
      "geometry": {
        "type": "Point",
        "coordinates": [
          78.3750384,
          17.4192893
        ]
      },
      "id": "node/4499056870"
    },
    {
      "type": "Feature",
      "properties": {
        "@id": "node/4516712844",
        "amenity": "atm",
        "name": "SBI ATM"
      },
      "geometry": {
        "type": "Point",
        "coordinates": [
          78.4488577,
          17.443429
        ]
      },
      "id": "node/4516712844"
    },
    {
      "type": "Feature",
      "properties": {
        "@id": "node/4531883811",
        "amenity": "atm",
        "check_date": "2024-03-16",
        "name": "Dhanalakshmi Bank ATM"
      },
      "geometry": {
        "type": "Point",
        "coordinates": [
          78.4020135,
          17.4943811
        ]
      },
      "id": "node/4531883811"
    },
    {
      "type": "Feature",
      "properties": {
        "@id": "node/4531883812",
        "amenity": "atm",
        "brand": "State Bank of India",
        "brand:wikidata": "Q1340361",
        "check_date": "2024-03-16",
        "name": "SBI ATM",
        "operator": "State Bank of India",
        "operator:wikidata": "Q1340361"
      },
      "geometry": {
        "type": "Point",
        "coordinates": [
          78.402039,
          17.4943712
        ]
      },
      "id": "node/4531883812"
    },
    {
      "type": "Feature",
      "properties": {
        "@id": "node/4535252591",
        "amenity": "atm",
        "operator": "Bank of India"
      },
      "geometry": {
        "type": "Point",
        "coordinates": [
          78.2056052,
          17.0705818
        ]
      },
      "id": "node/4535252591"
    },
    {
      "type": "Feature",
      "properties": {
        "@id": "node/4563692595",
        "amenity": "atm"
      },
      "geometry": {
        "type": "Point",
        "coordinates": [
          78.5123613,
          18.1232731
        ]
      },
      "id": "node/4563692595"
    },
    {
      "type": "Feature",
      "properties": {
        "@id": "node/4563727396",
        "amenity": "atm"
      },
      "geometry": {
        "type": "Point",
        "coordinates": [
          78.6046056,
          18.1663995
        ]
      },
      "id": "node/4563727396"
    },
    {
      "type": "Feature",
      "properties": {
        "@id": "node/4589307297",
        "amenity": "atm",
        "opening_hours": "24/7",
        "operator": "Indian Overseas Bank"
      },
      "geometry": {
        "type": "Point",
        "coordinates": [
          78.4786483,
          17.3934109
        ]
      },
      "id": "node/4589307297"
    },
    {
      "type": "Feature",
      "properties": {
        "@id": "node/4589343192",
        "amenity": "atm",
        "opening_hours": "24/7",
        "operator": "South Indian Bank"
      },
      "geometry": {
        "type": "Point",
        "coordinates": [
          78.4781294,
          17.3949996
        ]
      },
      "id": "node/4589343192"
    },
    {
      "type": "Feature",
      "properties": {
        "@id": "node/4592534489",
        "amenity": "atm",
        "name:ur": "اسٹیٹ بینک آف انڈیا",
        "operator": "State Bank"
      },
      "geometry": {
        "type": "Point",
        "coordinates": [
          78.4754676,
          17.3947073
        ]
      },
      "id": "node/4592534489"
    },
    {
      "type": "Feature",
      "properties": {
        "@id": "node/4605639455",
        "amenity": "atm",
        "brand": "State Bank of India",
        "brand:wikidata": "Q1340361",
        "check_date": "2024-03-16",
        "name": "SBI ATM",
        "operator": "State Bank of India",
        "operator:wikidata": "Q1340361"
      },
      "geometry": {
        "type": "Point",
        "coordinates": [
          78.4032296,
          17.4953707
        ]
      },
      "id": "node/4605639455"
    },
    {
      "type": "Feature",
      "properties": {
        "@id": "node/4625156390",
        "amenity": "atm",
        "operator": "BOI"
      },
      "geometry": {
        "type": "Point",
        "coordinates": [
          78.5542071,
          17.3438595
        ]
      },
      "id": "node/4625156390"
    },
    {
      "type": "Feature",
      "properties": {
        "@id": "node/4625164189",
        "amenity": "atm",
        "operator": "STATE BANK ATM"
      },
      "geometry": {
        "type": "Point",
        "coordinates": [
          78.5543294,
          17.345578
        ]
      },
      "id": "node/4625164189"
    },
    {
      "type": "Feature",
      "properties": {
        "@id": "node/4664867689",
        "amenity": "atm",
        "opening_hours": "24/7",
        "operator": "State Bank",
        "toilets:wheelchair": "no",
        "wheelchair": "yes"
      },
      "geometry": {
        "type": "Point",
        "coordinates": [
          78.328169,
          17.4938825
        ]
      },
      "id": "node/4664867689"
    },
    {
      "type": "Feature",
      "properties": {
        "@id": "node/4670797589",
        "amenity": "atm",
        "brand": "Bank of India",
        "brand:wikidata": "Q2004439",
        "operator": "Bank of India",
        "operator:wikidata": "Q2004439"
      },
      "geometry": {
        "type": "Point",
        "coordinates": [
          78.4102663,
          17.4166582
        ]
      },
      "id": "node/4670797589"
    },
    {
      "type": "Feature",
      "properties": {
        "@id": "node/4672021892",
        "amenity": "atm",
        "operator": "Andhra Bank"
      },
      "geometry": {
        "type": "Point",
        "coordinates": [
          78.4025537,
          17.420837
        ]
      },
      "id": "node/4672021892"
    },
    {
      "type": "Feature",
      "properties": {
        "@id": "node/4674704694",
        "amenity": "atm",
        "operator": "State Bank"
      },
      "geometry": {
        "type": "Point",
        "coordinates": [
          78.3273866,
          17.4732531
        ]
      },
      "id": "node/4674704694"
    },
    {
      "type": "Feature",
      "properties": {
        "@id": "node/4674716390",
        "amenity": "atm",
        "operator": "State Bank"
      },
      "geometry": {
        "type": "Point",
        "coordinates": [
          78.3353513,
          17.4630608
        ]
      },
      "id": "node/4674716390"
    },
    {
      "type": "Feature",
      "properties": {
        "@id": "node/4674757491",
        "amenity": "atm",
        "operator": "State Bank"
      },
      "geometry": {
        "type": "Point",
        "coordinates": [
          78.319545,
          17.4787767
        ]
      },
      "id": "node/4674757491"
    },
    {
      "type": "Feature",
      "properties": {
        "@id": "node/4674757493",
        "amenity": "atm",
        "brand": "Axis Bank",
        "brand:wikidata": "Q2003549",
        "operator": "Axis Bank",
        "operator:wikidata": "Q2003549"
      },
      "geometry": {
        "type": "Point",
        "coordinates": [
          78.3178632,
          17.4798696
        ]
      },
      "id": "node/4674757493"
    },
    {
      "type": "Feature",
      "properties": {
        "@id": "node/4674757494",
        "amenity": "atm",
        "brand": "HDFC Bank",
        "brand:wikidata": "Q631047",
        "operator": "HDFC Bank",
        "operator:wikidata": "Q631047",
        "short_name": "HDFC"
      },
      "geometry": {
        "type": "Point",
        "coordinates": [
          78.3177566,
          17.4798834
        ]
      },
      "id": "node/4674757494"
    },
    {
      "type": "Feature",
      "properties": {
        "@id": "node/4674762292",
        "amenity": "atm",
        "brand": "Bank of Baroda",
        "brand:wikidata": "Q2003797",
        "operator": "Bank of Baroda",
        "operator:wikidata": "Q2003797"
      },
      "geometry": {
        "type": "Point",
        "coordinates": [
          78.3155535,
          17.4796128
        ]
      },
      "id": "node/4674762292"
    },
    {
      "type": "Feature",
      "properties": {
        "@id": "node/4674762293",
        "amenity": "atm",
        "brand": "Bank of India",
        "brand:wikidata": "Q2004439",
        "operator": "Bank of India",
        "operator:wikidata": "Q2004439"
      },
      "geometry": {
        "type": "Point",
        "coordinates": [
          78.3136187,
          17.4871449
        ]
      },
      "id": "node/4674762293"
    },
    {
      "type": "Feature",
      "properties": {
        "@id": "node/4674764092",
        "amenity": "atm",
        "brand": "ICICI Bank",
        "brand:wikidata": "Q1653258",
        "opening_hours": "24/7",
        "operator": "ICICI Bank",
        "operator:wikidata": "Q1653258"
      },
      "geometry": {
        "type": "Point",
        "coordinates": [
          78.3135372,
          17.4868493
        ]
      },
      "id": "node/4674764092"
    },
    {
      "type": "Feature",
      "properties": {
        "@id": "node/4674783390",
        "amenity": "atm",
        "brand": "Indian Bank",
        "brand:wikidata": "Q2003789",
        "opening_hours": "24/7",
        "operator": "Indian Bank",
        "operator:wikidata": "Q2003789"
      },
      "geometry": {
        "type": "Point",
        "coordinates": [
          78.3178999,
          17.479864
        ]
      },
      "id": "node/4674783390"
    },
    {
      "type": "Feature",
      "properties": {
        "@id": "node/4674783598",
        "amenity": "atm",
        "brand": "Punjab National Bank",
        "brand:wikidata": "Q2743499",
        "opening_hours": "24/7",
        "operator": "Punjab National Bank",
        "operator:wikidata": "Q2743499"
      },
      "geometry": {
        "type": "Point",
        "coordinates": [
          78.3137154,
          17.4877019
        ]
      },
      "id": "node/4674783598"
    },
    {
      "type": "Feature",
      "properties": {
        "@id": "node/4674823489",
        "amenity": "atm",
        "brand": "Axis Bank",
        "brand:wikidata": "Q2003549",
        "operator": "Axis Bank",
        "operator:wikidata": "Q2003549"
      },
      "geometry": {
        "type": "Point",
        "coordinates": [
          78.3139515,
          17.4887209
        ]
      },
      "id": "node/4674823489"
    },
    {
      "type": "Feature",
      "properties": {
        "@id": "node/4679567211",
        "amenity": "atm",
        "operator": "State Bank"
      },
      "geometry": {
        "type": "Point",
        "coordinates": [
          78.3884266,
          17.475212
        ]
      },
      "id": "node/4679567211"
    },
    {
      "type": "Feature",
      "properties": {
        "@id": "node/4680472390",
        "amenity": "atm",
        "brand": "ICICI Bank",
        "brand:wikidata": "Q1653258",
        "opening_hours": "24/7",
        "operator": "ICICI Bank",
        "operator:wikidata": "Q1653258"
      },
      "geometry": {
        "type": "Point",
        "coordinates": [
          78.3325354,
          17.4949165
        ]
      },
      "id": "node/4680472390"
    },
    {
      "type": "Feature",
      "properties": {
        "@id": "node/4684690891",
        "amenity": "atm",
        "operator": "AXIS"
      },
      "geometry": {
        "type": "Point",
        "coordinates": [
          78.4754189,
          17.3633975
        ]
      },
      "id": "node/4684690891"
    },
    {
      "type": "Feature",
      "properties": {
        "@id": "node/4684690892",
        "amenity": "atm",
        "operator": "AXIS"
      },
      "geometry": {
        "type": "Point",
        "coordinates": [
          78.4804307,
          17.3636859
        ]
      },
      "id": "node/4684690892"
    },
    {
      "type": "Feature",
      "properties": {
        "@id": "node/4684693789",
        "amenity": "atm",
        "operator": "State Bank"
      },
      "geometry": {
        "type": "Point",
        "coordinates": [
          78.4807267,
          17.3721656
        ]
      },
      "id": "node/4684693789"
    },
    {
      "type": "Feature",
      "properties": {
        "@id": "node/4684980591",
        "amenity": "atm",
        "operator": "IOB"
      },
      "geometry": {
        "type": "Point",
        "coordinates": [
          78.4658491,
          17.4068392
        ]
      },
      "id": "node/4684980591"
    },
    {
      "type": "Feature",
      "properties": {
        "@id": "node/4688920998",
        "amenity": "atm",
        "brand": "Axis Bank",
        "brand:wikidata": "Q2003549",
        "operator": "Axis Bank",
        "operator:wikidata": "Q2003549"
      },
      "geometry": {
        "type": "Point",
        "coordinates": [
          78.3314938,
          17.4908378
        ]
      },
      "id": "node/4688920998"
    },
    {
      "type": "Feature",
      "properties": {
        "@id": "node/4688921194",
        "amenity": "atm",
        "operator": "Andhra Bank"
      },
      "geometry": {
        "type": "Point",
        "coordinates": [
          78.4106974,
          17.4162253
        ]
      },
      "id": "node/4688921194"
    },
    {
      "type": "Feature",
      "properties": {
        "@id": "node/4688921591",
        "amenity": "atm",
        "brand": "Canara Bank",
        "brand:en": "Canara Bank",
        "brand:hi": "केनरा बैंक",
        "brand:kn": "ಕೆನರಾ ಬ್ಯಾಂಕ್",
        "brand:pa": "ਕੇਨਰਾ ਬੈਂਕ",
        "brand:pnb": "کینرا بینک",
        "brand:ur": "کینرا بینک",
        "brand:wikidata": "Q2003777",
        "operator": "Canara Bank",
        "operator:wikidata": "Q2003777"
      },
      "geometry": {
        "type": "Point",
        "coordinates": [
          78.3279167,
          17.4928535
        ]
      },
      "id": "node/4688921591"
    },
    {
      "type": "Feature",
      "properties": {
        "@id": "node/4688949489",
        "amenity": "atm",
        "brand": "ICICI Bank",
        "brand:wikidata": "Q1653258",
        "operator": "ICICI Bank",
        "operator:wikidata": "Q1653258"
      },
      "geometry": {
        "type": "Point",
        "coordinates": [
          78.3314928,
          17.4908988
        ]
      },
      "id": "node/4688949489"
    },
    {
      "type": "Feature",
      "properties": {
        "@id": "node/4700634991",
        "amenity": "atm",
        "check_date": "2021-10-24",
        "currency:INR": "yes",
        "drive_through": "no",
        "name": "City bank ATM",
        "not:brand:wikidata": "Q857063",
        "operator": "Citi Bank"
      },
      "geometry": {
        "type": "Point",
        "coordinates": [
          78.3572026,
          17.4427907
        ]
      },
      "id": "node/4700634991"
    },
    {
      "type": "Feature",
      "properties": {
        "@id": "node/4705388498",
        "amenity": "atm",
        "brand": "Punjab National Bank",
        "brand:wikidata": "Q2743499",
        "operator": "Punjab National Bank",
        "operator:wikidata": "Q2743499"
      },
      "geometry": {
        "type": "Point",
        "coordinates": [
          78.3574274,
          17.4419203
        ]
      },
      "id": "node/4705388498"
    },
    {
      "type": "Feature",
      "properties": {
        "@id": "node/4705388499",
        "amenity": "atm",
        "brand": "ICICI Bank",
        "brand:wikidata": "Q1653258",
        "operator": "ICICI Bank",
        "operator:wikidata": "Q1653258"
      },
      "geometry": {
        "type": "Point",
        "coordinates": [
          78.3575674,
          17.4418593
        ]
      },
      "id": "node/4705388499"
    },
    {
      "type": "Feature",
      "properties": {
        "@id": "node/4706508917",
        "amenity": "atm",
        "brand": "Union Bank of India",
        "brand:wikidata": "Q2004078",
        "operator": "Union Bank of India",
        "operator:wikidata": "Q2004078"
      },
      "geometry": {
        "type": "Point",
        "coordinates": [
          78.3191495,
          17.4947903
        ]
      },
      "id": "node/4706508917"
    },
    {
      "type": "Feature",
      "properties": {
        "@id": "node/4706770289",
        "amenity": "atm",
        "operator": "State Bank"
      },
      "geometry": {
        "type": "Point",
        "coordinates": [
          78.3232956,
          17.4953731
        ]
      },
      "id": "node/4706770289"
    },
    {
      "type": "Feature",
      "properties": {
        "@id": "node/4706770290",
        "amenity": "atm",
        "brand": "Bank of Baroda",
        "brand:wikidata": "Q2003797",
        "operator": "Bank of Baroda",
        "operator:wikidata": "Q2003797"
      },
      "geometry": {
        "type": "Point",
        "coordinates": [
          78.3232488,
          17.495368
        ]
      },
      "id": "node/4706770290"
    },
    {
      "type": "Feature",
      "properties": {
        "@id": "node/4711420089",
        "amenity": "atm",
        "brand": "Bank of Baroda",
        "brand:wikidata": "Q2003797",
        "operator": "Bank of Baroda",
        "operator:wikidata": "Q2003797"
      },
      "geometry": {
        "type": "Point",
        "coordinates": [
          78.4112628,
          17.4162429
        ]
      },
      "id": "node/4711420089"
    },
    {
      "type": "Feature",
      "properties": {
        "@id": "node/4711743691",
        "amenity": "atm",
        "brand": "IDBI Bank",
        "brand:wikidata": "Q3633485",
        "operator": "IDBI Bank",
        "operator:wikidata": "Q3633485"
      },
      "geometry": {
        "type": "Point",
        "coordinates": [
          78.3250323,
          17.4944544
        ]
      },
      "id": "node/4711743691"
    },
    {
      "type": "Feature",
      "properties": {
        "@id": "node/4711754189",
        "amenity": "atm",
        "operator": "State Bank"
      },
      "geometry": {
        "type": "Point",
        "coordinates": [
          78.3255493,
          17.4954459
        ]
      },
      "id": "node/4711754189"
    },
    {
      "type": "Feature",
      "properties": {
        "@id": "node/4713381692",
        "amenity": "atm",
        "brand": "Union Bank of India",
        "brand:wikidata": "Q2004078",
        "check_date": "2024-03-10",
        "operator": "Union Bank of India",
        "operator:wikidata": "Q2004078"
      },
      "geometry": {
        "type": "Point",
        "coordinates": [
          78.3197929,
          17.4800172
        ]
      },
      "id": "node/4713381692"
    },
    {
      "type": "Feature",
      "properties": {
        "@id": "node/4718783707",
        "amenity": "atm",
        "brand": "Karur Vysya Bank",
        "brand:wikidata": "Q6373724",
        "name": "KVB ATM",
        "operator": "Karur Vysya Bank",
        "operator:wikidata": "Q6373724"
      },
      "geometry": {
        "type": "Point",
        "coordinates": [
          78.3690216,
          17.4643247
        ]
      },
      "id": "node/4718783707"
    },
    {
      "type": "Feature",
      "properties": {
        "@id": "node/4739354423",
        "amenity": "atm",
        "operator": "State Bank"
      },
      "geometry": {
        "type": "Point",
        "coordinates": [
          78.3205532,
          17.4851299
        ]
      },
      "id": "node/4739354423"
    },
    {
      "type": "Feature",
      "properties": {
        "@id": "node/4750922026",
        "amenity": "atm",
        "brand": "ICICI Bank",
        "brand:wikidata": "Q1653258",
        "operator": "ICICI Bank",
        "operator:wikidata": "Q1653258"
      },
      "geometry": {
        "type": "Point",
        "coordinates": [
          78.3200084,
          17.4867424
        ]
      },
      "id": "node/4750922026"
    },
    {
      "type": "Feature",
      "properties": {
        "@id": "node/4753074523",
        "amenity": "atm",
        "brand": "HDFC Bank",
        "brand:wikidata": "Q631047",
        "operator": "HDFC Bank",
        "operator:wikidata": "Q631047"
      },
      "geometry": {
        "type": "Point",
        "coordinates": [
          78.3205298,
          17.4851319
        ]
      },
      "id": "node/4753074523"
    },
    {
      "type": "Feature",
      "properties": {
        "@id": "node/4764365501",
        "amenity": "atm",
        "brand": "Union Bank of India",
        "brand:wikidata": "Q2004078",
        "operator": "Union Bank of India",
        "operator:wikidata": "Q2004078"
      },
      "geometry": {
        "type": "Point",
        "coordinates": [
          78.3156251,
          17.4835964
        ]
      },
      "id": "node/4764365501"
    },
    {
      "type": "Feature",
      "properties": {
        "@id": "node/4764365502",
        "amenity": "atm",
        "opening_hours": "24/7",
        "operator": "State Bank"
      },
      "geometry": {
        "type": "Point",
        "coordinates": [
          78.3168877,
          17.4834292
        ]
      },
      "id": "node/4764365502"
    },
    {
      "type": "Feature",
      "properties": {
        "@id": "node/4764366152",
        "amenity": "atm",
        "operator": "Telangana State Co-operative Apex Bank"
      },
      "geometry": {
        "type": "Point",
        "coordinates": [
          78.3136139,
          17.4873297
        ]
      },
      "id": "node/4764366152"
    },
    {
      "type": "Feature",
      "properties": {
        "@id": "node/4764366153",
        "amenity": "atm",
        "brand": "HDFC Bank",
        "brand:wikidata": "Q631047",
        "opening_hours": "24/7",
        "operator": "HDFC Bank",
        "operator:wikidata": "Q631047"
      },
      "geometry": {
        "type": "Point",
        "coordinates": [
          78.3155934,
          17.4835969
        ]
      },
      "id": "node/4764366153"
    },
    {
      "type": "Feature",
      "properties": {
        "@id": "node/4764366154",
        "amenity": "atm",
        "brand": "Karur Vysya Bank",
        "brand:wikidata": "Q6373724",
        "operator": "Karur Vysya Bank",
        "operator:wikidata": "Q6373724"
      },
      "geometry": {
        "type": "Point",
        "coordinates": [
          78.3165741,
          17.4835605
        ]
      },
      "id": "node/4764366154"
    },
    {
      "type": "Feature",
      "properties": {
        "@id": "node/4769488726",
        "amenity": "atm",
        "brand": "Punjab National Bank",
        "brand:wikidata": "Q2743499",
        "operator": "Punjab National Bank",
        "operator:wikidata": "Q2743499"
      },
      "geometry": {
        "type": "Point",
        "coordinates": [
          78.4086668,
          17.4141729
        ]
      },
      "id": "node/4769488726"
    },
    {
      "type": "Feature",
      "properties": {
        "@id": "node/4769488951",
        "amenity": "atm",
        "operator": "Andhra Bank"
      },
      "geometry": {
        "type": "Point",
        "coordinates": [
          78.4013573,
          17.4071817
        ]
      },
      "id": "node/4769488951"
    },
    {
      "type": "Feature",
      "properties": {
        "@id": "node/4769496362",
        "amenity": "atm",
        "operator": "State Bank"
      },
      "geometry": {
        "type": "Point",
        "coordinates": [
          78.4103814,
          17.4178327
        ]
      },
      "id": "node/4769496362"
    },
    {
      "type": "Feature",
      "properties": {
        "@id": "node/4769499105",
        "amenity": "atm",
        "brand": "Axis Bank",
        "brand:wikidata": "Q2003549",
        "operator": "Axis Bank",
        "operator:wikidata": "Q2003549"
      },
      "geometry": {
        "type": "Point",
        "coordinates": [
          78.4097132,
          17.4182409
        ]
      },
      "id": "node/4769499105"
    },
    {
      "type": "Feature",
      "properties": {
        "@id": "node/4769501692",
        "amenity": "atm",
        "opening_hours": "24/7",
        "operator": "IndusInd Bank"
      },
      "geometry": {
        "type": "Point",
        "coordinates": [
          78.4030334,
          17.4070066
        ]
      },
      "id": "node/4769501692"
    },
    {
      "type": "Feature",
      "properties": {
        "@id": "node/4856687222",
        "amenity": "atm",
        "opening_hours": "Mo-Su 07:00-22:00",
        "operator": "ANDHRABANK"
      },
      "geometry": {
        "type": "Point",
        "coordinates": [
          77.9956507,
          16.2037587
        ]
      },
      "id": "node/4856687222"
    },
    {
      "type": "Feature",
      "properties": {
        "@id": "node/4856687223",
        "amenity": "atm",
        "opening_hours": "24/7",
        "operator": "SBI(SBH)"
      },
      "geometry": {
        "type": "Point",
        "coordinates": [
          77.9960019,
          16.2022977
        ]
      },
      "id": "node/4856687223"
    },
    {
      "type": "Feature",
      "properties": {
        "@id": "node/4856687224",
        "amenity": "atm",
        "operator": "SBI"
      },
      "geometry": {
        "type": "Point",
        "coordinates": [
          77.9936904,
          16.2059548
        ]
      },
      "id": "node/4856687224"
    },
    {
      "type": "Feature",
      "properties": {
        "@id": "node/4867859322",
        "amenity": "atm"
      },
      "geometry": {
        "type": "Point",
        "coordinates": [
          78.5283718,
          17.3322664
        ]
      },
      "id": "node/4867859322"
    },
    {
      "type": "Feature",
      "properties": {
        "@id": "node/4877901697",
        "amenity": "atm",
        "brand": "Kotak Mahindra Bank",
        "brand:wikidata": "Q2040404",
        "opening_hours": "24/7",
        "operator": "Kotak Mahindra Bank",
        "operator:wikidata": "Q2040404"
      },
      "geometry": {
        "type": "Point",
        "coordinates": [
          78.4121488,
          17.4173469
        ]
      },
      "id": "node/4877901697"
    },
    {
      "type": "Feature",
      "properties": {
        "@id": "node/4877950622",
        "amenity": "atm",
        "brand": "ICICI Bank",
        "brand:wikidata": "Q1653258",
        "operator": "ICICI Bank",
        "operator:wikidata": "Q1653258"
      },
      "geometry": {
        "type": "Point",
        "coordinates": [
          78.3313836,
          17.4875257
        ]
      },
      "id": "node/4877950622"
    },
    {
      "type": "Feature",
      "properties": {
        "@id": "node/4877950623",
        "amenity": "atm",
        "brand": "State Bank of India",
        "brand:wikidata": "Q1340361",
        "operator": "State Bank of India",
        "operator:wikidata": "Q1340361"
      },
      "geometry": {
        "type": "Point",
        "coordinates": [
          78.3320166,
          17.4871541
        ]
      },
      "id": "node/4877950623"
    },
    {
      "type": "Feature",
      "properties": {
        "@id": "node/4877951224",
        "amenity": "atm",
        "brand": "Karur Vysya Bank",
        "brand:wikidata": "Q6373724",
        "operator": "Karur Vysya Bank",
        "operator:wikidata": "Q6373724"
      },
      "geometry": {
        "type": "Point",
        "coordinates": [
          78.331906,
          17.4871311
        ]
      },
      "id": "node/4877951224"
    },
    {
      "type": "Feature",
      "properties": {
        "@id": "node/4971684783",
        "amenity": "atm",
        "brand": "ICICI Bank",
        "brand:wikidata": "Q1653258",
        "name": "ICICI ATM",
        "operator": "ICICI Bank",
        "operator:wikidata": "Q1653258",
        "short_name": "ICICI"
      },
      "geometry": {
        "type": "Point",
        "coordinates": [
          78.5239222,
          17.3399546
        ]
      },
      "id": "node/4971684783"
    },
    {
      "type": "Feature",
      "properties": {
        "@id": "node/5037448444",
        "amenity": "atm",
        "brand": "State Bank of India",
        "brand:wikidata": "Q1340361",
        "name": "State Bank of India ATM",
        "operator": "State Bank of India",
        "operator:wikidata": "Q1340361"
      },
      "geometry": {
        "type": "Point",
        "coordinates": [
          78.3855365,
          17.469209
        ]
      },
      "id": "node/5037448444"
    },
    {
      "type": "Feature",
      "properties": {
        "@id": "node/5139104023",
        "amenity": "atm",
        "operator": "State Bank ATM"
      },
      "geometry": {
        "type": "Point",
        "coordinates": [
          78.4504148,
          17.4710875
        ]
      },
      "id": "node/5139104023"
    },
    {
      "type": "Feature",
      "properties": {
        "@id": "node/5234525810",
        "amenity": "atm",
        "place": "KARANKOTE, NEAR TEMPLE"
      },
      "geometry": {
        "type": "Point",
        "coordinates": [
          77.4830975,
          17.2975865
        ]
      },
      "id": "node/5234525810"
    },
    {
      "type": "Feature",
      "properties": {
        "@id": "node/5237560962",
        "amenity": "atm",
        "operator": "State Bank of India"
      },
      "geometry": {
        "type": "Point",
        "coordinates": [
          80.1514589,
          17.2242657
        ]
      },
      "id": "node/5237560962"
    },
    {
      "type": "Feature",
      "properties": {
        "@id": "node/5289071793",
        "amenity": "atm",
        "brand": "ICICI Bank",
        "brand:wikidata": "Q1653258",
        "operator": "ICICI Bank",
        "operator:wikidata": "Q1653258"
      },
      "geometry": {
        "type": "Point",
        "coordinates": [
          78.3287404,
          17.4929893
        ]
      },
      "id": "node/5289071793"
    },
    {
      "type": "Feature",
      "properties": {
        "@id": "node/5319733821",
        "amenity": "atm",
        "operator": "cenarabank"
      },
      "geometry": {
        "type": "Point",
        "coordinates": [
          79.9440001,
          16.8690021
        ]
      },
      "id": "node/5319733821"
    },
    {
      "type": "Feature",
      "properties": {
        "@id": "node/5386221221",
        "amenity": "atm",
        "opening_hours": "24/7",
        "operator": "bank of india"
      },
      "geometry": {
        "type": "Point",
        "coordinates": [
          78.4569677,
          17.4001254
        ]
      },
      "id": "node/5386221221"
    },
    {
      "type": "Feature",
      "properties": {
        "@id": "node/5405036291",
        "amenity": "atm",
        "brand": "Yes Bank",
        "brand:wikidata": "Q2040394",
        "description": "24 hours",
        "name": "Yes bank Atm",
        "operator": "Yes Bank",
        "operator:wikidata": "Q2040394"
      },
      "geometry": {
        "type": "Point",
        "coordinates": [
          78.3633183,
          17.439975
        ]
      },
      "id": "node/5405036291"
    },
    {
      "type": "Feature",
      "properties": {
        "@id": "node/5405054122",
        "amenity": "atm",
        "operator": "Indusland bank"
      },
      "geometry": {
        "type": "Point",
        "coordinates": [
          78.3689651,
          17.4346581
        ]
      },
      "id": "node/5405054122"
    },
    {
      "type": "Feature",
      "properties": {
        "@id": "node/5405056027",
        "amenity": "atm",
        "brand": "ICICI Bank",
        "brand:wikidata": "Q1653258",
        "name": "ICICI bank",
        "operator": "ICICI Bank",
        "operator:wikidata": "Q1653258"
      },
      "geometry": {
        "type": "Point",
        "coordinates": [
          78.3603676,
          17.4411479
        ]
      },
      "id": "node/5405056027"
    },
    {
      "type": "Feature",
      "properties": {
        "@id": "node/5405056229",
        "addr:housenumber": "RTTC",
        "addr:street": "Telecomnagar",
        "amenity": "atm",
        "brand": "Indian Overseas Bank",
        "brand:wikidata": "Q2003611",
        "name": "IOB Bank",
        "operator": "Indian Overseas Bank",
        "operator:wikidata": "Q2003611"
      },
      "geometry": {
        "type": "Point",
        "coordinates": [
          78.3659476,
          17.4367246
        ]
      },
      "id": "node/5405056229"
    },
    {
      "type": "Feature",
      "properties": {
        "@id": "node/5405059611",
        "amenity": "atm",
        "brand": "Allahabad Bank",
        "brand:wikidata": "Q2018840",
        "name": "Allahabad bank",
        "operator": "Allahabad Bank",
        "operator:wikidata": "Q2018840"
      },
      "geometry": {
        "type": "Point",
        "coordinates": [
          78.3627759,
          17.4443054
        ]
      },
      "id": "node/5405059611"
    },
    {
      "type": "Feature",
      "properties": {
        "@id": "node/5405060917",
        "amenity": "atm",
        "brand": "Axis Bank",
        "brand:wikidata": "Q2003549",
        "name": "Axis bank",
        "operator": "Axis Bank",
        "operator:wikidata": "Q2003549"
      },
      "geometry": {
        "type": "Point",
        "coordinates": [
          78.3628972,
          17.4447428
        ]
      },
      "id": "node/5405060917"
    },
    {
      "type": "Feature",
      "properties": {
        "@id": "node/5407605782",
        "amenity": "atm",
        "name": "SBI atm"
      },
      "geometry": {
        "type": "Point",
        "coordinates": [
          78.4692865,
          17.5032432
        ]
      },
      "id": "node/5407605782"
    },
    {
      "type": "Feature",
      "properties": {
        "@id": "node/5448558856",
        "amenity": "atm",
        "brand": "ICICI Bank",
        "brand:wikidata": "Q1653258",
        "name": "ICICI Bank",
        "operator": "ICICI Bank",
        "operator:wikidata": "Q1653258",
        "short_name": "ICICI",
        "website": "https://www.icicibank.com/"
      },
      "geometry": {
        "type": "Point",
        "coordinates": [
          78.5151153,
          17.3482405
        ]
      },
      "id": "node/5448558856"
    },
    {
      "type": "Feature",
      "properties": {
        "@id": "node/5466178526",
        "amenity": "atm"
      },
      "geometry": {
        "type": "Point",
        "coordinates": [
          78.9181775,
          18.7926678
        ]
      },
      "id": "node/5466178526"
    },
    {
      "type": "Feature",
      "properties": {
        "@id": "node/5466179551",
        "amenity": "atm",
        "fee": "SBI ATM"
      },
      "geometry": {
        "type": "Point",
        "coordinates": [
          78.9196098,
          18.7943488
        ]
      },
      "id": "node/5466179551"
    },
    {
      "type": "Feature",
      "properties": {
        "@id": "node/5466181049",
        "amenity": "atm"
      },
      "geometry": {
        "type": "Point",
        "coordinates": [
          78.9142132,
          18.7877518
        ]
      },
      "id": "node/5466181049"
    },
    {
      "type": "Feature",
      "properties": {
        "@id": "node/5466181051",
        "amenity": "atm"
      },
      "geometry": {
        "type": "Point",
        "coordinates": [
          78.9169759,
          18.7910453
        ]
      },
      "id": "node/5466181051"
    },
    {
      "type": "Feature",
      "properties": {
        "@id": "node/5515637844",
        "amenity": "atm",
        "brand": "Citibank",
        "brand:wikidata": "Q857063",
        "operator": "Citibank",
        "operator:wikidata": "Q857063"
      },
      "geometry": {
        "type": "Point",
        "coordinates": [
          78.3807288,
          17.441554
        ]
      },
      "id": "node/5515637844"
    },
    {
      "type": "Feature",
      "properties": {
        "@id": "node/5533465125",
        "amenity": "atm",
        "currency:INR": "yes",
        "drive_through": "no",
        "operator": "SBI"
      },
      "geometry": {
        "type": "Point",
        "coordinates": [
          78.4624878,
          17.4005602
        ]
      },
      "id": "node/5533465125"
    },
    {
      "type": "Feature",
      "properties": {
        "@id": "node/5539027938",
        "amenity": "atm",
        "name": "Andhra Bank ATM"
      },
      "geometry": {
        "type": "Point",
        "coordinates": [
          78.6047289,
          17.4101857
        ]
      },
      "id": "node/5539027938"
    },
    {
      "type": "Feature",
      "properties": {
        "@id": "node/5539317122",
        "amenity": "atm",
        "name": "SBI ATM"
      },
      "geometry": {
        "type": "Point",
        "coordinates": [
          78.5194199,
          17.4193249
        ]
      },
      "id": "node/5539317122"
    },
    {
      "type": "Feature",
      "properties": {
        "@id": "node/5539317123",
        "amenity": "atm",
        "name": "HDFC ATM"
      },
      "geometry": {
        "type": "Point",
        "coordinates": [
          78.519389,
          17.4193338
        ]
      },
      "id": "node/5539317123"
    },
    {
      "type": "Feature",
      "properties": {
        "@id": "node/5539317127",
        "amenity": "atm",
        "name": "ICICI ATM"
      },
      "geometry": {
        "type": "Point",
        "coordinates": [
          78.5193729,
          17.4181003
        ]
      },
      "id": "node/5539317127"
    },
    {
      "type": "Feature",
      "properties": {
        "@id": "node/5539317128",
        "amenity": "atm",
        "name": "SBI ATM"
      },
      "geometry": {
        "type": "Point",
        "coordinates": [
          78.5194427,
          17.4176358
        ]
      },
      "id": "node/5539317128"
    },
    {
      "type": "Feature",
      "properties": {
        "@id": "node/5539327281",
        "amenity": "atm",
        "name": "Canara Bank ATM"
      },
      "geometry": {
        "type": "Point",
        "coordinates": [
          78.5180975,
          17.41944
        ]
      },
      "id": "node/5539327281"
    },
    {
      "type": "Feature",
      "properties": {
        "@id": "node/5539327283",
        "amenity": "atm",
        "name": "Dena Bank ATM"
      },
      "geometry": {
        "type": "Point",
        "coordinates": [
          78.5186273,
          17.4195437
        ]
      },
      "id": "node/5539327283"
    },
    {
      "type": "Feature",
      "properties": {
        "@id": "node/5547084258",
        "amenity": "atm",
        "name": "Laxmi Vilas Bank ATM"
      },
      "geometry": {
        "type": "Point",
        "coordinates": [
          78.5689455,
          17.4012477
        ]
      },
      "id": "node/5547084258"
    },
    {
      "type": "Feature",
      "properties": {
        "@id": "node/5547084259",
        "amenity": "atm",
        "name": "ICICI Bank ATM"
      },
      "geometry": {
        "type": "Point",
        "coordinates": [
          78.5689905,
          17.4012535
        ]
      },
      "id": "node/5547084259"
    },
    {
      "type": "Feature",
      "properties": {
        "@id": "node/5572458226",
        "amenity": "atm",
        "name": "Bank of baroda"
      },
      "geometry": {
        "type": "Point",
        "coordinates": [
          78.5388069,
          17.50185
        ]
      },
      "id": "node/5572458226"
    },
    {
      "type": "Feature",
      "properties": {
        "@id": "node/5572458227",
        "amenity": "atm",
        "name": "Andhra Bank"
      },
      "geometry": {
        "type": "Point",
        "coordinates": [
          78.5387928,
          17.501827
        ]
      },
      "id": "node/5572458227"
    },
    {
      "type": "Feature",
      "properties": {
        "@id": "node/5572458228",
        "amenity": "atm",
        "name": "HDFC Bank"
      },
      "geometry": {
        "type": "Point",
        "coordinates": [
          78.5391851,
          17.5022075
        ]
      },
      "id": "node/5572458228"
    },
    {
      "type": "Feature",
      "properties": {
        "@id": "node/5578141622",
        "amenity": "atm",
        "operator": "canara bank atm"
      },
      "geometry": {
        "type": "Point",
        "coordinates": [
          78.4531849,
          17.4037672
        ]
      },
      "id": "node/5578141622"
    },
    {
      "type": "Feature",
      "properties": {
        "@id": "node/5578141721",
        "amenity": "atm",
        "operator": "syndicate bank and atm"
      },
      "geometry": {
        "type": "Point",
        "coordinates": [
          78.4533155,
          17.4039011
        ]
      },
      "id": "node/5578141721"
    },
    {
      "type": "Feature",
      "properties": {
        "@id": "node/5578149121",
        "amenity": "atm",
        "operator": "Yes bank atm"
      },
      "geometry": {
        "type": "Point",
        "coordinates": [
          78.453714,
          17.4008825
        ]
      },
      "id": "node/5578149121"
    },
    {
      "type": "Feature",
      "properties": {
        "@id": "node/5596355505",
        "amenity": "atm",
        "operator": "kaurur vysya"
      },
      "geometry": {
        "type": "Point",
        "coordinates": [
          78.4468823,
          17.4452774
        ]
      },
      "id": "node/5596355505"
    },
    {
      "type": "Feature",
      "properties": {
        "@id": "node/5608451167",
        "amenity": "atm",
        "name": "ICICI ATM"
      },
      "geometry": {
        "type": "Point",
        "coordinates": [
          78.5157047,
          17.4198482
        ]
      },
      "id": "node/5608451167"
    },
    {
      "type": "Feature",
      "properties": {
        "@id": "node/5608454710",
        "amenity": "atm",
        "currency:others": "yes",
        "drive_through": "no",
        "name": "SBI Bank ATM",
        "operator": "State Bank Of India",
        "wheelchair": "limited"
      },
      "geometry": {
        "type": "Point",
        "coordinates": [
          78.5168906,
          17.4215424
        ]
      },
      "id": "node/5608454710"
    },
    {
      "type": "Feature",
      "properties": {
        "@id": "node/5608454711",
        "amenity": "atm",
        "name": "Axis Bank"
      },
      "geometry": {
        "type": "Point",
        "coordinates": [
          78.517138,
          17.4214381
        ]
      },
      "id": "node/5608454711"
    },
    {
      "type": "Feature",
      "properties": {
        "@id": "node/5608454993",
        "amenity": "atm",
        "name": "Andhra Bank ATM"
      },
      "geometry": {
        "type": "Point",
        "coordinates": [
          78.5167129,
          17.4202552
        ]
      },
      "id": "node/5608454993"
    },
    {
      "type": "Feature",
      "properties": {
        "@id": "node/5863607458",
        "amenity": "atm",
        "name": "e seva"
      },
      "geometry": {
        "type": "Point",
        "coordinates": [
          78.5794023,
          17.329647
        ]
      },
      "id": "node/5863607458"
    },
    {
      "type": "Feature",
      "properties": {
        "@id": "node/5942857802",
        "amenity": "atm",
        "operator": "Oriental Bank Of Commerce"
      },
      "geometry": {
        "type": "Point",
        "coordinates": [
          78.3861359,
          17.4455872
        ]
      },
      "id": "node/5942857802"
    },
    {
      "type": "Feature",
      "properties": {
        "@id": "node/5942878722",
        "amenity": "atm",
        "brand": "Federal Bank",
        "brand:wikidata": "Q2044983",
        "operator": "Federal Bank",
        "operator:wikidata": "Q2044983"
      },
      "geometry": {
        "type": "Point",
        "coordinates": [
          78.3864351,
          17.4456246
        ]
      },
      "id": "node/5942878722"
    },
    {
      "type": "Feature",
      "properties": {
        "@id": "node/6191414036",
        "amenity": "atm",
        "brand": "IDBI Bank",
        "brand:wikidata": "Q3633485",
        "name": "IDBI Bank",
        "opening_hours": "24/7",
        "operator": "IDBI Bank",
        "operator:wikidata": "Q3633485"
      },
      "geometry": {
        "type": "Point",
        "coordinates": [
          78.3867968,
          17.4441572
        ]
      },
      "id": "node/6191414036"
    },
    {
      "type": "Feature",
      "properties": {
        "@id": "node/6208220989",
        "amenity": "atm",
        "operator": "SBI"
      },
      "geometry": {
        "type": "Point",
        "coordinates": [
          78.4948995,
          17.3772416
        ]
      },
      "id": "node/6208220989"
    },
    {
      "type": "Feature",
      "properties": {
        "@id": "node/6208287189",
        "amenity": "atm",
        "operator": "Andhra Bank"
      },
      "geometry": {
        "type": "Point",
        "coordinates": [
          78.4724462,
          17.3866112
        ]
      },
      "id": "node/6208287189"
    },
    {
      "type": "Feature",
      "properties": {
        "@id": "node/6209990586",
        "amenity": "atm",
        "operator": "Bank Of Baroda"
      },
      "geometry": {
        "type": "Point",
        "coordinates": [
          78.4651743,
          17.4058964
        ]
      },
      "id": "node/6209990586"
    },
    {
      "type": "Feature",
      "properties": {
        "@id": "node/6211085686",
        "amenity": "atm",
        "operator": "BOI"
      },
      "geometry": {
        "type": "Point",
        "coordinates": [
          78.4651641,
          17.3933858
        ]
      },
      "id": "node/6211085686"
    },
    {
      "type": "Feature",
      "properties": {
        "@id": "node/6211085986",
        "amenity": "atm",
        "operator": "ICICI"
      },
      "geometry": {
        "type": "Point",
        "coordinates": [
          78.4652819,
          17.393693
        ]
      },
      "id": "node/6211085986"
    },
    {
      "type": "Feature",
      "properties": {
        "@id": "node/6211086085",
        "amenity": "atm",
        "operator": "State Bank Of India"
      },
      "geometry": {
        "type": "Point",
        "coordinates": [
          78.4657651,
          17.3944846
        ]
      },
      "id": "node/6211086085"
    },
    {
      "type": "Feature",
      "properties": {
        "@id": "node/6211086385",
        "amenity": "atm",
        "operator": "SBI"
      },
      "geometry": {
        "type": "Point",
        "coordinates": [
          78.4652583,
          17.393626
        ]
      },
      "id": "node/6211086385"
    },
    {
      "type": "Feature",
      "properties": {
        "@id": "node/6211087085",
        "amenity": "atm",
        "operator": "Andhra Bank"
      },
      "geometry": {
        "type": "Point",
        "coordinates": [
          78.4651784,
          17.3934378
        ]
      },
      "id": "node/6211087085"
    },
    {
      "type": "Feature",
      "properties": {
        "@id": "node/6215684485",
        "amenity": "atm"
      },
      "geometry": {
        "type": "Point",
        "coordinates": [
          78.4039007,
          17.4344885
        ]
      },
      "id": "node/6215684485"
    },
    {
      "type": "Feature",
      "properties": {
        "@id": "node/6215719436",
        "addr:street": "Road no. 36",
        "amenity": "atm",
        "brand": "Union Bank of India",
        "brand:wikidata": "Q2004078",
        "name": "Union Bank of India",
        "operator": "Union Bank of India",
        "operator:wikidata": "Q2004078"
      },
      "geometry": {
        "type": "Point",
        "coordinates": [
          78.3994648,
          17.4382583
        ]
      },
      "id": "node/6215719436"
    },
    {
      "type": "Feature",
      "properties": {
        "@id": "node/6220365585",
        "amenity": "atm",
        "operator": "Vijaya Bank"
      },
      "geometry": {
        "type": "Point",
        "coordinates": [
          78.4522446,
          17.3944568
        ]
      },
      "id": "node/6220365585"
    },
    {
      "type": "Feature",
      "properties": {
        "@id": "node/6220436488",
        "amenity": "atm",
        "operator": "Oriental Bank Of Commerce"
      },
      "geometry": {
        "type": "Point",
        "coordinates": [
          78.4517258,
          17.4062281
        ]
      },
      "id": "node/6220436488"
    },
    {
      "type": "Feature",
      "properties": {
        "@id": "node/6222424885",
        "amenity": "atm",
        "operator": "SBI"
      },
      "geometry": {
        "type": "Point",
        "coordinates": [
          78.4596842,
          17.3978974
        ]
      },
      "id": "node/6222424885"
    },
    {
      "type": "Feature",
      "properties": {
        "@id": "node/6224968487",
        "amenity": "atm",
        "brand": "State Bank of India",
        "brand:wikidata": "Q1340361",
        "name": "State Bank of India",
        "operator": "State Bank of India",
        "operator:wikidata": "Q1340361",
        "short_name": "SBI"
      },
      "geometry": {
        "type": "Point",
        "coordinates": [
          78.4505108,
          17.4085779
        ]
      },
      "id": "node/6224968487"
    },
    {
      "type": "Feature",
      "properties": {
        "@id": "node/6241052755",
        "amenity": "atm",
        "brand": "HDFC Bank",
        "brand:wikidata": "Q631047",
        "name": "HDFC Bank",
        "opening_hours": "24/7",
        "operator": "HDFC Bank",
        "operator:wikidata": "Q631047"
      },
      "geometry": {
        "type": "Point",
        "coordinates": [
          78.4132693,
          17.4282665
        ]
      },
      "id": "node/6241052755"
    },
    {
      "type": "Feature",
      "properties": {
        "@id": "node/6248946492",
        "amenity": "atm",
        "operator": "hdfc"
      },
      "geometry": {
        "type": "Point",
        "coordinates": [
          78.3976024,
          17.4405573
        ]
      },
      "id": "node/6248946492"
    },
    {
      "type": "Feature",
      "properties": {
        "@id": "node/6249912385",
        "amenity": "atm",
        "opening_hours": "24/7",
        "operator": "HDFC"
      },
      "geometry": {
        "type": "Point",
        "coordinates": [
          78.453512,
          17.400124
        ]
      },
      "id": "node/6249912385"
    },
    {
      "type": "Feature",
      "properties": {
        "@id": "node/6251021785",
        "amenity": "atm",
        "brand": "Indian Bank",
        "brand:wikidata": "Q2003789",
        "cash_in": "yes",
        "check_date": "2024-03-16",
        "opening_hours": "24/7",
        "operator": "Indian Bank",
        "operator:wikidata": "Q2003789"
      },
      "geometry": {
        "type": "Point",
        "coordinates": [
          78.394691,
          17.4948389
        ]
      },
      "id": "node/6251021785"
    },
    {
      "type": "Feature",
      "properties": {
        "@id": "node/6255606659",
        "amenity": "atm",
        "cash_in": "yes",
        "currency:INR": "yes",
        "operator": "SBH"
      },
      "geometry": {
        "type": "Point",
        "coordinates": [
          78.4661365,
          17.3992308
        ]
      },
      "id": "node/6255606659"
    },
    {
      "type": "Feature",
      "properties": {
        "@id": "node/6257492487",
        "amenity": "atm",
        "operator": "Citi"
      },
      "geometry": {
        "type": "Point",
        "coordinates": [
          78.3710484,
          17.4584418
        ]
      },
      "id": "node/6257492487"
    },
    {
      "type": "Feature",
      "properties": {
        "@id": "node/6261501992",
        "amenity": "atm",
        "check_date": "2025-08-24",
        "operator": "ICICI Bank ATM"
      },
      "geometry": {
        "type": "Point",
        "coordinates": [
          78.3881904,
          17.4855451
        ]
      },
      "id": "node/6261501992"
    },
    {
      "type": "Feature",
      "properties": {
        "@id": "node/6261508288",
        "amenity": "atm",
        "cash_in": "yes",
        "check_date": "2025-08-24",
        "operator": "State Bank of India"
      },
      "geometry": {
        "type": "Point",
        "coordinates": [
          78.3882367,
          17.4855285
        ]
      },
      "id": "node/6261508288"
    },
    {
      "type": "Feature",
      "properties": {
        "@id": "node/6261508390",
        "amenity": "atm",
        "operator": "Axis Bank ATM"
      },
      "geometry": {
        "type": "Point",
        "coordinates": [
          78.386713,
          17.4862285
        ]
      },
      "id": "node/6261508390"
    },
    {
      "type": "Feature",
      "properties": {
        "@id": "node/6263697585",
        "amenity": "atm"
      },
      "geometry": {
        "type": "Point",
        "coordinates": [
          78.5550629,
          17.4066701
        ]
      },
      "id": "node/6263697585"
    },
    {
      "type": "Feature",
      "properties": {
        "@id": "node/6267323887",
        "amenity": "atm",
        "opening_hours": "24/7",
        "operator": "Indusland"
      },
      "geometry": {
        "type": "Point",
        "coordinates": [
          78.4604012,
          17.4031073
        ]
      },
      "id": "node/6267323887"
    },
    {
      "type": "Feature",
      "properties": {
        "@id": "node/6289175986",
        "amenity": "atm",
        "opening_hours": "24/7",
        "operator": "HDFC"
      },
      "geometry": {
        "type": "Point",
        "coordinates": [
          78.4835829,
          17.4025308
        ]
      },
      "id": "node/6289175986"
    },
    {
      "type": "Feature",
      "properties": {
        "@id": "node/6295709104",
        "amenity": "atm",
        "name": "Hdfc"
      },
      "geometry": {
        "type": "Point",
        "coordinates": [
          78.5644881,
          17.4524557
        ]
      },
      "id": "node/6295709104"
    },
    {
      "type": "Feature",
      "properties": {
        "@id": "node/6295709106",
        "amenity": "atm",
        "name": "Axis"
      },
      "geometry": {
        "type": "Point",
        "coordinates": [
          78.4456857,
          17.398822
        ]
      },
      "id": "node/6295709106"
    },
    {
      "type": "Feature",
      "properties": {
        "@id": "node/6295709112",
        "amenity": "atm",
        "name": "Indusnd"
      },
      "geometry": {
        "type": "Point",
        "coordinates": [
          78.4602923,
          17.4031155
        ]
      },
      "id": "node/6295709112"
    },
    {
      "type": "Feature",
      "properties": {
        "@id": "node/6295712747",
        "amenity": "atm",
        "name": "Axis"
      },
      "geometry": {
        "type": "Point",
        "coordinates": [
          78.5659341,
          17.4552243
        ]
      },
      "id": "node/6295712747"
    },
    {
      "type": "Feature",
      "properties": {
        "@id": "node/6295713495",
        "amenity": "atm",
        "brand": "City Union Bank",
        "brand:en": "City Union Bank",
        "brand:hi": "सिटी यूनियन बैंक",
        "brand:ta": "சிட்டி யூனியன் வங்கி",
        "brand:wikidata": "Q2040264",
        "operator": "City Union Bank",
        "operator:wikidata": "Q2040264"
      },
      "geometry": {
        "type": "Point",
        "coordinates": [
          78.3343542,
          17.4961977
        ]
      },
      "id": "node/6295713495"
    },
    {
      "type": "Feature",
      "properties": {
        "@id": "node/6308240707",
        "amenity": "atm",
        "operator": "HDFC"
      },
      "geometry": {
        "type": "Point",
        "coordinates": [
          78.5757436,
          17.3684396
        ]
      },
      "id": "node/6308240707"
    },
    {
      "type": "Feature",
      "properties": {
        "@id": "node/6308241646",
        "amenity": "atm"
      },
      "geometry": {
        "type": "Point",
        "coordinates": [
          77.903531,
          17.3354752
        ]
      },
      "id": "node/6308241646"
    },
    {
      "type": "Feature",
      "properties": {
        "@id": "node/6308262624",
        "amenity": "atm",
        "name": "SBI ATM"
      },
      "geometry": {
        "type": "Point",
        "coordinates": [
          78.4909764,
          17.4114616
        ]
      },
      "id": "node/6308262624"
    },
    {
      "type": "Feature",
      "properties": {
        "@id": "node/6308263551",
        "amenity": "atm",
        "operator": "Axis Bank"
      },
      "geometry": {
        "type": "Point",
        "coordinates": [
          78.570524,
          17.3715883
        ]
      },
      "id": "node/6308263551"
    },
    {
      "type": "Feature",
      "properties": {
        "@id": "node/6372318836",
        "amenity": "atm",
        "cash_in": "yes",
        "operator": "hdfc"
      },
      "geometry": {
        "type": "Point",
        "coordinates": [
          78.541165,
          17.3763596
        ]
      },
      "id": "node/6372318836"
    },
    {
      "type": "Feature",
      "properties": {
        "@id": "node/6372371722",
        "amenity": "atm",
        "cash_in": "yes",
        "operator": "ICICI"
      },
      "geometry": {
        "type": "Point",
        "coordinates": [
          78.5409967,
          17.3761329
        ]
      },
      "id": "node/6372371722"
    },
    {
      "type": "Feature",
      "properties": {
        "@id": "node/6408252032",
        "amenity": "atm",
        "brand": "Axis bank",
        "name": "Axis bank ATM",
        "operator": "axis bank ATM"
      },
      "geometry": {
        "type": "Point",
        "coordinates": [
          78.3880732,
          17.5135812
        ]
      },
      "id": "node/6408252032"
    },
    {
      "type": "Feature",
      "properties": {
        "@id": "node/6408252034",
        "amenity": "atm",
        "brand": "ICICI Bank ATM",
        "name": "ICICI bank ATM",
        "operator": "ICICI bank ATM"
      },
      "geometry": {
        "type": "Point",
        "coordinates": [
          78.3881127,
          17.5136373
        ]
      },
      "id": "node/6408252034"
    },
    {
      "type": "Feature",
      "properties": {
        "@id": "node/6414144245",
        "amenity": "atm",
        "currency:INR": "yes",
        "drive_through": "no",
        "operator": "SBI"
      },
      "geometry": {
        "type": "Point",
        "coordinates": [
          78.3911058,
          17.4058762
        ]
      },
      "id": "node/6414144245"
    },
    {
      "type": "Feature",
      "properties": {
        "@id": "node/6414144246",
        "amenity": "atm",
        "operator": "Corporation Bank"
      },
      "geometry": {
        "type": "Point",
        "coordinates": [
          78.3911212,
          17.405996
        ]
      },
      "id": "node/6414144246"
    },
    {
      "type": "Feature",
      "properties": {
        "@id": "node/6435602653",
        "amenity": "atm",
        "operator": "SBI"
      },
      "geometry": {
        "type": "Point",
        "coordinates": [
          78.5392277,
          17.4716939
        ]
      },
      "id": "node/6435602653"
    },
    {
      "type": "Feature",
      "properties": {
        "@id": "node/6468199886",
        "amenity": "atm",
        "name": "DCB Bank",
        "operator": "DCB Bank"
      },
      "geometry": {
        "type": "Point",
        "coordinates": [
          78.3267916,
          17.4946496
        ]
      },
      "id": "node/6468199886"
    },
    {
      "type": "Feature",
      "properties": {
        "@id": "node/6468200845",
        "amenity": "atm",
        "brand": "Kotak Mahindra Bank",
        "brand:wikidata": "Q2040404",
        "name": "Kotak Mahindra Bank",
        "operator": "Kotak Mahindra Bank",
        "operator:wikidata": "Q2040404"
      },
      "geometry": {
        "type": "Point",
        "coordinates": [
          78.326853,
          17.494643
        ]
      },
      "id": "node/6468200845"
    },
    {
      "type": "Feature",
      "properties": {
        "@id": "node/6482396588",
        "amenity": "atm",
        "opening_hours": "24/7",
        "operator": "HDFC"
      },
      "geometry": {
        "type": "Point",
        "coordinates": [
          78.4984318,
          17.4416735
        ]
      },
      "id": "node/6482396588"
    },
    {
      "type": "Feature",
      "properties": {
        "@id": "node/6501447990",
        "amenity": "atm",
        "brand": "HDFC Bank",
        "brand:wikidata": "Q631047",
        "cash_in": "no",
        "currency:INR": "yes",
        "drive_through": "no",
        "operator": "HDFC Bank",
        "operator:wikidata": "Q631047",
        "short_name": "HDFC"
      },
      "geometry": {
        "type": "Point",
        "coordinates": [
          78.5318867,
          17.3472815
        ]
      },
      "id": "node/6501447990"
    },
    {
      "type": "Feature",
      "properties": {
        "@id": "node/6501447993",
        "amenity": "atm",
        "brand": "State Bank of India",
        "brand:wikidata": "Q1340361",
        "cash_in": "no",
        "currency:INR": "yes",
        "drive_through": "no",
        "operator": "State Bank of India",
        "operator:wikidata": "Q1340361",
        "short_name": "SBI"
      },
      "geometry": {
        "type": "Point",
        "coordinates": [
          78.5316943,
          17.3474893
        ]
      },
      "id": "node/6501447993"
    },
    {
      "type": "Feature",
      "properties": {
        "@id": "node/6572625272",
        "amenity": "atm",
        "cash_in": "no",
        "check_date": "2022-07-25",
        "currency:INR": "yes",
        "drive_through": "no",
        "operator": "SBI"
      },
      "geometry": {
        "type": "Point",
        "coordinates": [
          78.5652451,
          17.4196731
        ]
      },
      "id": "node/6572625272"
    },
    {
      "type": "Feature",
      "properties": {
        "@id": "node/6575821852",
        "amenity": "atm",
        "cash_in": "no",
        "currency:INR": "yes",
        "drive_through": "no",
        "operator": "ICICI Bank"
      },
      "geometry": {
        "type": "Point",
        "coordinates": [
          78.5662088,
          17.417692
        ]
      },
      "id": "node/6575821852"
    },
    {
      "type": "Feature",
      "properties": {
        "@id": "node/6581167180",
        "amenity": "atm",
        "cash_in": "yes",
        "currency:INR": "yes",
        "operator": "Axis bank ATM"
      },
      "geometry": {
        "type": "Point",
        "coordinates": [
          79.482103,
          18.858393
        ]
      },
      "id": "node/6581167180"
    },
    {
      "type": "Feature",
      "properties": {
        "@id": "node/6581371224",
        "amenity": "atm",
        "cash_in": "no",
        "currency:INR": "yes",
        "drive_through": "no",
        "operator": "ICICI Bank"
      },
      "geometry": {
        "type": "Point",
        "coordinates": [
          78.5673465,
          17.4237081
        ]
      },
      "id": "node/6581371224"
    },
    {
      "type": "Feature",
      "properties": {
        "@id": "node/6581444878",
        "amenity": "atm",
        "cash_in": "no",
        "currency:INR": "yes",
        "drive_through": "no",
        "operator": "india1"
      },
      "geometry": {
        "type": "Point",
        "coordinates": [
          78.5650953,
          17.4152599
        ]
      },
      "id": "node/6581444878"
    },
    {
      "type": "Feature",
      "properties": {
        "@id": "node/6589713126",
        "amenity": "atm",
        "cash_in": "no",
        "currency:INR": "yes",
        "drive_through": "no",
        "operator": "Axis Bank"
      },
      "geometry": {
        "type": "Point",
        "coordinates": [
          78.5662324,
          17.4177216
        ]
      },
      "id": "node/6589713126"
    },
    {
      "type": "Feature",
      "properties": {
        "@id": "node/6684817725",
        "amenity": "atm",
        "brand": "Axis Bank",
        "brand:wikidata": "Q2003549",
        "name": "Axis Bank",
        "operator": "Axis Bank",
        "operator:wikidata": "Q2003549"
      },
      "geometry": {
        "type": "Point",
        "coordinates": [
          78.440413,
          17.4421893
        ]
      },
      "id": "node/6684817725"
    },
    {
      "type": "Feature",
      "properties": {
        "@id": "node/6690779948",
        "amenity": "atm",
        "name": "APCOB-AP State Government Cooperative Bank"
      },
      "geometry": {
        "type": "Point",
        "coordinates": [
          78.4912393,
          17.3950969
        ]
      },
      "id": "node/6690779948"
    },
    {
      "type": "Feature",
      "properties": {
        "@id": "node/6697930144",
        "amenity": "atm",
        "currency:others": "yes",
        "drive_through": "no",
        "name": "SBI E-Corner ATM & CDM",
        "operator": "State Bank of India"
      },
      "geometry": {
        "type": "Point",
        "coordinates": [
          77.9883398,
          16.748029
        ]
      },
      "id": "node/6697930144"
    },
    {
      "type": "Feature",
      "properties": {
        "@id": "node/6703675913",
        "amenity": "atm",
        "name": "SBI ATM"
      },
      "geometry": {
        "type": "Point",
        "coordinates": [
          77.9987173,
          16.7569254
        ]
      },
      "id": "node/6703675913"
    },
    {
      "type": "Feature",
      "properties": {
        "@id": "node/6703675928",
        "amenity": "atm",
        "name": "Karur Vaysya Bank ATM"
      },
      "geometry": {
        "type": "Point",
        "coordinates": [
          78.001602,
          16.7490702
        ]
      },
      "id": "node/6703675928"
    },
    {
      "type": "Feature",
      "properties": {
        "@id": "node/6703675934",
        "amenity": "atm",
        "name": "SBI ATM & CDM"
      },
      "geometry": {
        "type": "Point",
        "coordinates": [
          78.001618,
          16.7491382
        ]
      },
      "id": "node/6703675934"
    },
    {
      "type": "Feature",
      "properties": {
        "@id": "node/6710912136",
        "amenity": "atm",
        "name": "Canara Bank ATM"
      },
      "geometry": {
        "type": "Point",
        "coordinates": [
          78.5154507,
          17.4263622
        ]
      },
      "id": "node/6710912136"
    },
    {
      "type": "Feature",
      "properties": {
        "@id": "node/6758497445",
        "amenity": "atm",
        "name": "ICICI ATM"
      },
      "geometry": {
        "type": "Point",
        "coordinates": [
          78.5082307,
          17.4226326
        ]
      },
      "id": "node/6758497445"
    },
    {
      "type": "Feature",
      "properties": {
        "@id": "node/6758497446",
        "amenity": "atm",
        "name": "HDFC ATM"
      },
      "geometry": {
        "type": "Point",
        "coordinates": [
          78.5009442,
          17.4206689
        ]
      },
      "id": "node/6758497446"
    },
    {
      "type": "Feature",
      "properties": {
        "@id": "node/6758497451",
        "amenity": "atm",
        "name": "IDBI Bank"
      },
      "geometry": {
        "type": "Point",
        "coordinates": [
          78.5039992,
          17.4217597
        ]
      },
      "id": "node/6758497451"
    },
    {
      "type": "Feature",
      "properties": {
        "@id": "node/6773898392",
        "amenity": "atm"
      },
      "geometry": {
        "type": "Point",
        "coordinates": [
          78.5108163,
          17.4307259
        ]
      },
      "id": "node/6773898392"
    },
    {
      "type": "Feature",
      "properties": {
        "@id": "node/6773898394",
        "amenity": "atm",
        "name": "SBI ATM"
      },
      "geometry": {
        "type": "Point",
        "coordinates": [
          78.5108082,
          17.4307097
        ]
      },
      "id": "node/6773898394"
    },
    {
      "type": "Feature",
      "properties": {
        "@id": "node/6777991110",
        "amenity": "atm",
        "name": "HDFC Bank"
      },
      "geometry": {
        "type": "Point",
        "coordinates": [
          77.9909556,
          16.744899
        ]
      },
      "id": "node/6777991110"
    },
    {
      "type": "Feature",
      "properties": {
        "@id": "node/6777991120",
        "amenity": "atm",
        "name": "Axis Bank"
      },
      "geometry": {
        "type": "Point",
        "coordinates": [
          77.9940448,
          16.7514147
        ]
      },
      "id": "node/6777991120"
    },
    {
      "type": "Feature",
      "properties": {
        "@id": "node/6805124044",
        "amenity": "atm",
        "name": "ICICI ATM"
      },
      "geometry": {
        "type": "Point",
        "coordinates": [
          78.515197,
          17.4259772
        ]
      },
      "id": "node/6805124044"
    },
    {
      "type": "Feature",
      "properties": {
        "@id": "node/6814709637",
        "amenity": "atm",
        "name": "SBI ATM"
      },
      "geometry": {
        "type": "Point",
        "coordinates": [
          77.9888978,
          16.7498573
        ]
      },
      "id": "node/6814709637"
    },
    {
      "type": "Feature",
      "properties": {
        "@id": "node/6822126475",
        "amenity": "atm",
        "check_date": "2024-03-16",
        "name": "ICICI BANK ATM",
        "source": "survey"
      },
      "geometry": {
        "type": "Point",
        "coordinates": [
          78.3959,
          17.487404
        ]
      },
      "id": "node/6822126475"
    },
    {
      "type": "Feature",
      "properties": {
        "@id": "node/6822126477",
        "amenity": "atm",
        "name": "ICICI BANK ATM",
        "source": "survey"
      },
      "geometry": {
        "type": "Point",
        "coordinates": [
          78.43268,
          17.444068
        ]
      },
      "id": "node/6822126477"
    },
    {
      "type": "Feature",
      "properties": {
        "@id": "node/6822126482",
        "amenity": "atm",
        "name": "Axis bank Atm",
        "source": "survey"
      },
      "geometry": {
        "type": "Point",
        "coordinates": [
          78.433955,
          17.5419771
        ]
      },
      "id": "node/6822126482"
    },
    {
      "type": "Feature",
      "properties": {
        "@id": "node/6822126485",
        "amenity": "atm",
        "name": "Adarsh Co Operative Bank Atm",
        "source": "survey"
      },
      "geometry": {
        "type": "Point",
        "coordinates": [
          78.447519,
          17.514555
        ]
      },
      "id": "node/6822126485"
    },
    {
      "type": "Feature",
      "properties": {
        "@id": "node/6822126492",
        "amenity": "atm",
        "check_date": "2024-03-16",
        "name": "State Bank Of India ATM",
        "source": "survey"
      },
      "geometry": {
        "type": "Point",
        "coordinates": [
          78.4001112,
          17.4889581
        ]
      },
      "id": "node/6822126492"
    },
    {
      "type": "Feature",
      "properties": {
        "@id": "node/6822126501",
        "amenity": "atm",
        "name": "Indicash Atm",
        "source": "survey"
      },
      "geometry": {
        "type": "Point",
        "coordinates": [
          78.438473,
          17.544897
        ]
      },
      "id": "node/6822126501"
    },
    {
      "type": "Feature",
      "properties": {
        "@id": "node/6822126503",
        "amenity": "atm",
        "name": "Indi Cash ATM",
        "source": "survey"
      },
      "geometry": {
        "type": "Point",
        "coordinates": [
          78.532233,
          17.354768
        ]
      },
      "id": "node/6822126503"
    },
    {
      "type": "Feature",
      "properties": {
        "@id": "node/6822126526",
        "amenity": "atm",
        "name": "Union Bank of India ATM",
        "source": "survey"
      },
      "geometry": {
        "type": "Point",
        "coordinates": [
          78.601932,
          17.490059
        ]
      },
      "id": "node/6822126526"
    },
    {
      "type": "Feature",
      "properties": {
        "@id": "node/6822126532",
        "amenity": "atm",
        "name": "Canara Bank ATM",
        "shop": "dairy",
        "source": "survey"
      },
      "geometry": {
        "type": "Point",
        "coordinates": [
          78.4327553,
          17.4486978
        ]
      },
      "id": "node/6822126532"
    },
    {
      "type": "Feature",
      "properties": {
        "@id": "node/6822126549",
        "amenity": "atm",
        "brand": "HDFC Bank",
        "brand:wikidata": "Q631047",
        "name": "HDFC Bank ATM",
        "operator": "HDFC Bank",
        "operator:wikidata": "Q631047",
        "source": "survey"
      },
      "geometry": {
        "type": "Point",
        "coordinates": [
          78.388582,
          17.444671
        ]
      },
      "id": "node/6822126549"
    },
    {
      "type": "Feature",
      "properties": {
        "@id": "node/6822126563",
        "amenity": "atm",
        "name": "State Bank ATM",
        "source": "survey"
      },
      "geometry": {
        "type": "Point",
        "coordinates": [
          78.366768,
          17.462443
        ]
      },
      "id": "node/6822126563"
    },
    {
      "type": "Feature",
      "properties": {
        "@id": "node/6822126574",
        "amenity": "atm",
        "name": "The Mahanagar Co-Operative Urban Bank Limited",
        "source": "survey"
      },
      "geometry": {
        "type": "Point",
        "coordinates": [
          78.442224,
          17.442591
        ]
      },
      "id": "node/6822126574"
    },
    {
      "type": "Feature",
      "properties": {
        "@id": "node/6822126577",
        "amenity": "atm",
        "name": "State Bank ATM",
        "source": "survey"
      },
      "geometry": {
        "type": "Point",
        "coordinates": [
          78.457434,
          17.427514
        ]
      },
      "id": "node/6822126577"
    },
    {
      "type": "Feature",
      "properties": {
        "@id": "node/6822126578",
        "amenity": "atm",
        "name": "State Bank ATM",
        "source": "survey"
      },
      "geometry": {
        "type": "Point",
        "coordinates": [
          78.457256,
          17.464081
        ]
      },
      "id": "node/6822126578"
    },
    {
      "type": "Feature",
      "properties": {
        "@id": "node/6822126580",
        "amenity": "atm",
        "name": "Canara Bank ATM",
        "source": "survey"
      },
      "geometry": {
        "type": "Point",
        "coordinates": [
          78.418869,
          17.4694819
        ]
      },
      "id": "node/6822126580"
    },
    {
      "type": "Feature",
      "properties": {
        "@id": "node/6822126582",
        "amenity": "atm",
        "brand": "Axis Bank",
        "brand:wikidata": "Q2003549",
        "name": "Axis Atm",
        "operator": "Axis Bank",
        "operator:wikidata": "Q2003549",
        "source": "survey"
      },
      "geometry": {
        "type": "Point",
        "coordinates": [
          78.3200302,
          17.4793711
        ]
      },
      "id": "node/6822126582"
    },
    {
      "type": "Feature",
      "properties": {
        "@id": "node/6822126591",
        "amenity": "atm",
        "name": "Dena Bank ATM",
        "source": "survey"
      },
      "geometry": {
        "type": "Point",
        "coordinates": [
          78.522909,
          17.372457
        ]
      },
      "id": "node/6822126591"
    },
    {
      "type": "Feature",
      "properties": {
        "@id": "node/6822126594",
        "amenity": "atm",
        "brand": "ICICI Bank",
        "brand:wikidata": "Q1653258",
        "name": "ICICI Bank",
        "operator": "ICICI Bank",
        "operator:wikidata": "Q1653258",
        "short_name": "ICICI",
        "source": "survey"
      },
      "geometry": {
        "type": "Point",
        "coordinates": [
          78.437751,
          17.4406
        ]
      },
      "id": "node/6822126594"
    },
    {
      "type": "Feature",
      "properties": {
        "@id": "node/6822126612",
        "amenity": "atm",
        "name": "ICICI ATM",
        "source": "survey"
      },
      "geometry": {
        "type": "Point",
        "coordinates": [
          78.516199,
          17.506477
        ]
      },
      "id": "node/6822126612"
    },
    {
      "type": "Feature",
      "properties": {
        "@id": "node/6822126624",
        "amenity": "atm",
        "name": "State Bank ATM",
        "source": "survey"
      },
      "geometry": {
        "type": "Point",
        "coordinates": [
          78.4496974,
          17.4649283
        ]
      },
      "id": "node/6822126624"
    },
    {
      "type": "Feature",
      "properties": {
        "@id": "node/6822126645",
        "amenity": "atm",
        "name": "Punjab National Bank ATM",
        "source": "survey"
      },
      "geometry": {
        "type": "Point",
        "coordinates": [
          78.4995689,
          17.4179308
        ]
      },
      "id": "node/6822126645"
    },
    {
      "type": "Feature",
      "properties": {
        "@id": "node/6837577345",
        "amenity": "atm",
        "name": "Tata Indicash ATM",
        "source": "survey"
      },
      "geometry": {
        "type": "Point",
        "coordinates": [
          78.830039,
          18.106709
        ]
      },
      "id": "node/6837577345"
    },
    {
      "type": "Feature",
      "properties": {
        "@id": "node/6837577346",
        "amenity": "atm",
        "name": "State Bank of India ATM, Urumadla",
        "source": "survey"
      },
      "geometry": {
        "type": "Point",
        "coordinates": [
          79.091542,
          17.1931299
        ]
      },
      "id": "node/6837577346"
    },
    {
      "type": "Feature",
      "properties": {
        "@id": "node/6837577347",
        "amenity": "atm",
        "name": "State Bank Of India ATM",
        "source": "survey"
      },
      "geometry": {
        "type": "Point",
        "coordinates": [
          80.8661146,
          17.6447512
        ]
      },
      "id": "node/6837577347"
    },
    {
      "type": "Feature",
      "properties": {
        "@id": "node/6837577348",
        "amenity": "atm",
        "name": "SBI ATM, Kamanpur",
        "source": "survey"
      },
      "geometry": {
        "type": "Point",
        "coordinates": [
          79.502631,
          18.658912
        ]
      },
      "id": "node/6837577348"
    },
    {
      "type": "Feature",
      "properties": {
        "@id": "node/6837577349",
        "amenity": "atm",
        "name": "Sbi ATM, Dubbak",
        "source": "survey"
      },
      "geometry": {
        "type": "Point",
        "coordinates": [
          78.6657778,
          18.1723186
        ]
      },
      "id": "node/6837577349"
    },
    {
      "type": "Feature",
      "properties": {
        "@id": "node/6837577350",
        "amenity": "atm",
        "check_date": "2024-06-16",
        "name": "SBI ATM",
        "source": "survey"
      },
      "geometry": {
        "type": "Point",
        "coordinates": [
          80.3544439,
          17.1963083
        ]
      },
      "id": "node/6837577350"
    },
    {
      "type": "Feature",
      "properties": {
        "@id": "node/6837577351",
        "amenity": "atm",
        "name": "Indi cash ATM",
        "source": "survey"
      },
      "geometry": {
        "type": "Point",
        "coordinates": [
          79.45175,
          18.240084
        ]
      },
      "id": "node/6837577351"
    },
    {
      "type": "Feature",
      "properties": {
        "@id": "node/6837577352",
        "amenity": "atm",
        "name": "IDFC Bank ATM",
        "source": "survey"
      },
      "geometry": {
        "type": "Point",
        "coordinates": [
          79.3793574,
          18.6108711
        ]
      },
      "id": "node/6837577352"
    },
    {
      "type": "Feature",
      "properties": {
        "@id": "node/6837577353",
        "amenity": "atm",
        "name": "IDFC ATM",
        "source": "survey"
      },
      "geometry": {
        "type": "Point",
        "coordinates": [
          80.8527593,
          17.7675974
        ]
      },
      "id": "node/6837577353"
    },
    {
      "type": "Feature",
      "properties": {
        "@id": "node/6837577354",
        "amenity": "atm",
        "brand": "Axis Bank",
        "brand:wikidata": "Q2003549",
        "name": "Axis Bank",
        "operator": "Axis Bank",
        "operator:wikidata": "Q2003549",
        "source": "survey"
      },
      "geometry": {
        "type": "Point",
        "coordinates": [
          79.3760754,
          18.6092468
        ]
      },
      "id": "node/6837577354"
    },
    {
      "type": "Feature",
      "properties": {
        "@id": "node/6840090449",
        "amenity": "atm",
        "brand": "State Bank of India",
        "brand:wikidata": "Q1340361",
        "name": "SBI ATM",
        "operator": "State Bank of India",
        "operator:wikidata": "Q1340361",
        "short_name": "SBI",
        "source": "survey"
      },
      "geometry": {
        "type": "Point",
        "coordinates": [
          79.4344612,
          18.7678695
        ]
      },
      "id": "node/6840090449"
    },
    {
      "type": "Feature",
      "properties": {
        "@id": "node/6840090565",
        "amenity": "atm",
        "name": "HDFC Bank ATM, Gandhi Chowk,medak",
        "source": "survey"
      },
      "geometry": {
        "type": "Point",
        "coordinates": [
          78.8490559,
          18.1037736
        ]
      },
      "id": "node/6840090565"
    },
    {
      "type": "Feature",
      "properties": {
        "@id": "node/6840090597",
        "amenity": "atm",
        "name": "HDFC Bank ATM",
        "source": "survey"
      },
      "geometry": {
        "type": "Point",
        "coordinates": [
          77.5880987,
          17.2561854
        ]
      },
      "id": "node/6840090597"
    },
    {
      "type": "Feature",
      "properties": {
        "@id": "node/6840090646",
        "amenity": "atm",
        "name": "SBI ATM",
        "source": "survey"
      },
      "geometry": {
        "type": "Point",
        "coordinates": [
          78.7935423,
          17.4704253
        ]
      },
      "id": "node/6840090646"
    },
    {
      "type": "Feature",
      "properties": {
        "@id": "node/6840090693",
        "amenity": "atm",
        "name": "SBI Group ATM",
        "source": "survey"
      },
      "geometry": {
        "type": "Point",
        "coordinates": [
          79.3728315,
          18.6103087
        ]
      },
      "id": "node/6840090693"
    },
    {
      "type": "Feature",
      "properties": {
        "@id": "node/6840090717",
        "amenity": "atm",
        "name": "HDFC Bank ATM, Tandur",
        "source": "survey"
      },
      "geometry": {
        "type": "Point",
        "coordinates": [
          77.5899712,
          17.2545715
        ]
      },
      "id": "node/6840090717"
    },
    {
      "type": "Feature",
      "properties": {
        "@id": "node/6840090742",
        "amenity": "atm",
        "name": "Andhra Bank ATM"
      },
      "geometry": {
        "type": "Point",
        "coordinates": [
          77.960039,
          19.1085841
        ]
      },
      "id": "node/6840090742"
    },
    {
      "type": "Feature",
      "properties": {
        "@id": "node/6840090765",
        "amenity": "atm",
        "brand": "HDFC Bank",
        "brand:wikidata": "Q631047",
        "name": "HDFC Bank ATM, Vavilalapally",
        "operator": "HDFC Bank",
        "operator:wikidata": "Q631047",
        "short_name": "HDFC",
        "source": "survey"
      },
      "geometry": {
        "type": "Point",
        "coordinates": [
          79.1285341,
          18.4438262
        ]
      },
      "id": "node/6840090765"
    },
    {
      "type": "Feature",
      "properties": {
        "@id": "node/6840090791",
        "amenity": "atm",
        "name": "State Bank ATM",
        "source": "survey"
      },
      "geometry": {
        "type": "Point",
        "coordinates": [
          78.0017333,
          16.7511223
        ]
      },
      "id": "node/6840090791"
    },
    {
      "type": "Feature",
      "properties": {
        "@id": "node/6840090816",
        "amenity": "atm",
        "name": "SBI ATM",
        "source": "survey"
      },
      "geometry": {
        "type": "Point",
        "coordinates": [
          78.0625581,
          16.3616616
        ]
      },
      "id": "node/6840090816"
    },
    {
      "type": "Feature",
      "properties": {
        "@id": "node/6840090841",
        "amenity": "atm",
        "name": "Andhra Bank ATM",
        "source": "survey"
      },
      "geometry": {
        "type": "Point",
        "coordinates": [
          78.8687319,
          18.4683501
        ]
      },
      "id": "node/6840090841"
    },
    {
      "type": "Feature",
      "properties": {
        "@id": "node/6840090866",
        "amenity": "atm",
        "name": "SBI ATM, Kollapur",
        "source": "survey"
      },
      "geometry": {
        "type": "Point",
        "coordinates": [
          78.3206741,
          16.1068797
        ]
      },
      "id": "node/6840090866"
    },
    {
      "type": "Feature",
      "properties": {
        "@id": "node/6840090891",
        "amenity": "atm",
        "name": "HDFC Bank ATM",
        "source": "survey"
      },
      "geometry": {
        "type": "Point",
        "coordinates": [
          78.0611226,
          16.3595336
        ]
      },
      "id": "node/6840090891"
    },
    {
      "type": "Feature",
      "properties": {
        "@id": "node/6840746038",
        "amenity": "atm",
        "name": "SBI ATM",
        "source": "survey"
      },
      "geometry": {
        "type": "Point",
        "coordinates": [
          78.9220173,
          18.7969576
        ]
      },
      "id": "node/6840746038"
    },
    {
      "type": "Feature",
      "properties": {
        "@id": "node/6840746041",
        "amenity": "atm",
        "name": "Union Bank of India ATM",
        "source": "survey"
      },
      "geometry": {
        "type": "Point",
        "coordinates": [
          78.916897,
          18.79101
        ]
      },
      "id": "node/6840746041"
    },
    {
      "type": "Feature",
      "properties": {
        "@id": "node/6847212497",
        "amenity": "atm",
        "name": "ICICI Bank Bodhan, Bodhan - Branch & ATM",
        "source": "survey"
      },
      "geometry": {
        "type": "Point",
        "coordinates": [
          77.895708,
          18.6590267
        ]
      },
      "id": "node/6847212497"
    },
    {
      "type": "Feature",
      "properties": {
        "@id": "node/6847212517",
        "amenity": "atm",
        "name": "Andhra Bank ATM",
        "source": "survey"
      },
      "geometry": {
        "type": "Point",
        "coordinates": [
          80.8167632,
          17.9405371
        ]
      },
      "id": "node/6847212517"
    },
    {
      "type": "Feature",
      "properties": {
        "@id": "node/6847212531",
        "amenity": "atm",
        "name": "CITY UNION BANK AND ATM",
        "source": "survey"
      },
      "geometry": {
        "type": "Point",
        "coordinates": [
          79.4454316,
          18.8789924
        ]
      },
      "id": "node/6847212531"
    },
    {
      "type": "Feature",
      "properties": {
        "@id": "node/6847212557",
        "amenity": "atm",
        "name": "Canara Atm",
        "source": "survey"
      },
      "geometry": {
        "type": "Point",
        "coordinates": [
          79.2684193,
          17.0668583
        ]
      },
      "id": "node/6847212557"
    },
    {
      "type": "Feature",
      "properties": {
        "@id": "node/6847212560",
        "amenity": "atm",
        "brand": "Karur Vysya Bank",
        "brand:wikidata": "Q6373724",
        "name": "Karur Vysya Bank ATM",
        "operator": "Karur Vysya Bank",
        "operator:wikidata": "Q6373724",
        "source": "survey"
      },
      "geometry": {
        "type": "Point",
        "coordinates": [
          79.6078632,
          17.9805646
        ]
      },
      "id": "node/6847212560"
    },
    {
      "type": "Feature",
      "properties": {
        "@id": "node/6847212692",
        "amenity": "atm",
        "name": "ICICI BANK ATM",
        "source": "survey"
      },
      "geometry": {
        "type": "Point",
        "coordinates": [
          78.887032,
          17.515368
        ]
      },
      "id": "node/6847212692"
    },
    {
      "type": "Feature",
      "properties": {
        "@id": "node/6847914705",
        "amenity": "atm",
        "name": "Andhra Bank ATM",
        "source": "survey"
      },
      "geometry": {
        "type": "Point",
        "coordinates": [
          78.848002,
          18.101717
        ]
      },
      "id": "node/6847914705"
    },
    {
      "type": "Feature",
      "properties": {
        "@id": "node/6847914717",
        "amenity": "atm",
        "name": "INDICASH ATM",
        "source": "survey"
      },
      "geometry": {
        "type": "Point",
        "coordinates": [
          78.633676,
          18.383642
        ]
      },
      "id": "node/6847914717"
    },
    {
      "type": "Feature",
      "properties": {
        "@id": "node/6847914757",
        "amenity": "atm",
        "name": "Andhra Bank ATM",
        "source": "survey"
      },
      "geometry": {
        "type": "Point",
        "coordinates": [
          78.4327648,
          17.4488476
        ]
      },
      "id": "node/6847914757"
    },
    {
      "type": "Feature",
      "properties": {
        "@id": "node/6847914772",
        "amenity": "atm",
        "name": "ICICI BANK ATM",
        "source": "survey"
      },
      "geometry": {
        "type": "Point",
        "coordinates": [
          78.4276148,
          17.4686663
        ]
      },
      "id": "node/6847914772"
    },
    {
      "type": "Feature",
      "properties": {
        "@id": "node/6847914807",
        "amenity": "atm",
        "name": "India One ATM",
        "source": "survey"
      },
      "geometry": {
        "type": "Point",
        "coordinates": [
          79.258746,
          17.455957
        ]
      },
      "id": "node/6847914807"
    },
    {
      "type": "Feature",
      "properties": {
        "@id": "node/6847914808",
        "amenity": "atm",
        "name": "ICICI Bank Kandugula - Branch & ATM",
        "source": "survey"
      },
      "geometry": {
        "type": "Point",
        "coordinates": [
          79.4483437,
          18.174297
        ]
      },
      "id": "node/6847914808"
    },
    {
      "type": "Feature",
      "properties": {
        "@id": "node/6847914859",
        "amenity": "atm",
        "name": "State Bank ATM",
        "source": "survey"
      },
      "geometry": {
        "type": "Point",
        "coordinates": [
          78.635414,
          16.399347
        ]
      },
      "id": "node/6847914859"
    },
    {
      "type": "Feature",
      "properties": {
        "@id": "node/6850830221",
        "amenity": "atm",
        "name": "Axis Bank ATM",
        "source": "survey"
      },
      "geometry": {
        "type": "Point",
        "coordinates": [
          78.476849,
          17.2083461
        ]
      },
      "id": "node/6850830221"
    },
    {
      "type": "Feature",
      "properties": {
        "@id": "node/6850830248",
        "amenity": "atm",
        "name": "State Bank of India ATM",
        "source": "survey"
      },
      "geometry": {
        "type": "Point",
        "coordinates": [
          79.4414714,
          18.8722317
        ]
      },
      "id": "node/6850830248"
    },
    {
      "type": "Feature",
      "properties": {
        "@id": "node/6850830364",
        "amenity": "atm",
        "name": "ICICI BANK ATM",
        "source": "survey"
      },
      "geometry": {
        "type": "Point",
        "coordinates": [
          78.852085,
          18.1023
        ]
      },
      "id": "node/6850830364"
    },
    {
      "type": "Feature",
      "properties": {
        "@id": "node/6850830376",
        "amenity": "atm",
        "name": "Axis Bank ATM",
        "source": "survey"
      },
      "geometry": {
        "type": "Point",
        "coordinates": [
          79.4438541,
          18.8737267
        ]
      },
      "id": "node/6850830376"
    },
    {
      "type": "Feature",
      "properties": {
        "@id": "node/6853049430",
        "amenity": "atm",
        "name": "ATM Axis Bank",
        "source": "survey"
      },
      "geometry": {
        "type": "Point",
        "coordinates": [
          78.863664,
          18.470474
        ]
      },
      "id": "node/6853049430"
    },
    {
      "type": "Feature",
      "properties": {
        "@id": "node/6853049443",
        "amenity": "atm",
        "name": "State Bank of India ATM",
        "source": "survey"
      },
      "geometry": {
        "type": "Point",
        "coordinates": [
          77.9052298,
          17.3423126
        ]
      },
      "id": "node/6853049443"
    },
    {
      "type": "Feature",
      "properties": {
        "@id": "node/6853049444",
        "amenity": "atm",
        "name": "State Bank of India ATM",
        "source": "survey"
      },
      "geometry": {
        "type": "Point",
        "coordinates": [
          79.184669,
          18.402556
        ]
      },
      "id": "node/6853049444"
    },
    {
      "type": "Feature",
      "properties": {
        "@id": "node/6853049483",
        "amenity": "atm",
        "name": "ICICI BANK ATM",
        "source": "survey"
      },
      "geometry": {
        "type": "Point",
        "coordinates": [
          78.4775964,
          17.8442706
        ]
      },
      "id": "node/6853049483"
    },
    {
      "type": "Feature",
      "properties": {
        "@id": "node/6853049486",
        "amenity": "atm",
        "name": "HDFC atm",
        "source": "survey"
      },
      "geometry": {
        "type": "Point",
        "coordinates": [
          78.8645411,
          18.4699256
        ]
      },
      "id": "node/6853049486"
    },
    {
      "type": "Feature",
      "properties": {
        "@id": "node/6853050058",
        "amenity": "atm",
        "name": "Canara Bank ATM",
        "source": "survey"
      },
      "geometry": {
        "type": "Point",
        "coordinates": [
          79.207404,
          18.896529
        ]
      },
      "id": "node/6853050058"
    },
    {
      "type": "Feature",
      "properties": {
        "@id": "node/6853050071",
        "amenity": "atm",
        "name": "Gayatrri Bank ATM",
        "source": "survey"
      },
      "geometry": {
        "type": "Point",
        "coordinates": [
          79.474192,
          18.290525
        ]
      },
      "id": "node/6853050071"
    },
    {
      "type": "Feature",
      "properties": {
        "@id": "node/6853050122",
        "amenity": "atm",
        "name": "HDFC Bank ATM",
        "source": "survey"
      },
      "geometry": {
        "type": "Point",
        "coordinates": [
          78.533342,
          19.672097
        ]
      },
      "id": "node/6853050122"
    },
    {
      "type": "Feature",
      "properties": {
        "@id": "node/6853050124",
        "amenity": "atm",
        "name": "Axis Bank ATM",
        "source": "survey"
      },
      "geometry": {
        "type": "Point",
        "coordinates": [
          78.531857,
          19.671233
        ]
      },
      "id": "node/6853050124"
    },
    {
      "type": "Feature",
      "properties": {
        "@id": "node/6853050125",
        "amenity": "atm",
        "name": "Union Bank ATM",
        "source": "survey"
      },
      "geometry": {
        "type": "Point",
        "coordinates": [
          78.532545,
          19.670881
        ]
      },
      "id": "node/6853050125"
    },
    {
      "type": "Feature",
      "properties": {
        "@id": "node/6853050127",
        "amenity": "atm",
        "name": "ICICI Bank Adilabad - Branch & ATM",
        "source": "survey"
      },
      "geometry": {
        "type": "Point",
        "coordinates": [
          78.5289423,
          19.66986
        ]
      },
      "id": "node/6853050127"
    },
    {
      "type": "Feature",
      "properties": {
        "@id": "node/6853050140",
        "amenity": "atm",
        "name": "HDFC Bank ATM",
        "source": "survey"
      },
      "geometry": {
        "type": "Point",
        "coordinates": [
          78.6238909,
          18.8475385
        ]
      },
      "id": "node/6853050140"
    },
    {
      "type": "Feature",
      "properties": {
        "@id": "node/6853050155",
        "amenity": "atm",
        "name": "State Bank Of India ATM",
        "source": "survey"
      },
      "geometry": {
        "type": "Point",
        "coordinates": [
          78.7108668,
          18.8261279
        ]
      },
      "id": "node/6853050155"
    },
    {
      "type": "Feature",
      "properties": {
        "@id": "node/6853050159",
        "amenity": "atm",
        "name": "Axis Bank ATM",
        "source": "survey"
      },
      "geometry": {
        "type": "Point",
        "coordinates": [
          78.2964441,
          18.7795069
        ]
      },
      "id": "node/6853050159"
    },
    {
      "type": "Feature",
      "properties": {
        "@id": "node/6853050187",
        "amenity": "atm",
        "name": "SBI ATM",
        "source": "survey"
      },
      "geometry": {
        "type": "Point",
        "coordinates": [
          77.7270615,
          16.602655
        ]
      },
      "id": "node/6853050187"
    },
    {
      "type": "Feature",
      "properties": {
        "@id": "node/6853050198",
        "amenity": "atm",
        "name": "Axis Bank ATM",
        "source": "survey"
      },
      "geometry": {
        "type": "Point",
        "coordinates": [
          77.999809,
          16.7554775
        ]
      },
      "id": "node/6853050198"
    },
    {
      "type": "Feature",
      "properties": {
        "@id": "node/6853050225",
        "amenity": "atm",
        "name": "Andhra Bank ATM",
        "source": "survey"
      },
      "geometry": {
        "type": "Point",
        "coordinates": [
          80.143884,
          17.250887
        ]
      },
      "id": "node/6853050225"
    },
    {
      "type": "Feature",
      "properties": {
        "@id": "node/6853050229",
        "amenity": "atm",
        "name": "HDFC Bank ATM",
        "source": "survey"
      },
      "geometry": {
        "type": "Point",
        "coordinates": [
          80.1475363,
          17.2480364
        ]
      },
      "id": "node/6853050229"
    },
    {
      "type": "Feature",
      "properties": {
        "@id": "node/6862925618",
        "amenity": "atm",
        "name": "SBI ATM",
        "source": "survey"
      },
      "geometry": {
        "type": "Point",
        "coordinates": [
          79.4740291,
          18.2905054
        ]
      },
      "id": "node/6862925618"
    },
    {
      "type": "Feature",
      "properties": {
        "@id": "node/6936820047",
        "amenity": "atm",
        "check_date": "2024-03-16"
      },
      "geometry": {
        "type": "Point",
        "coordinates": [
          78.399284,
          17.4935321
        ]
      },
      "id": "node/6936820047"
    },
    {
      "type": "Feature",
      "properties": {
        "@id": "node/6950562607",
        "amenity": "atm",
        "check_date": "2022-12-30",
        "operator": "Karur Vysya Bank ATM"
      },
      "geometry": {
        "type": "Point",
        "coordinates": [
          78.356749,
          17.5051477
        ]
      },
      "id": "node/6950562607"
    },
    {
      "type": "Feature",
      "properties": {
        "@id": "node/6982974090",
        "amenity": "atm",
        "operator": "ICICI Bank"
      },
      "geometry": {
        "type": "Point",
        "coordinates": [
          78.429523,
          17.3694841
        ]
      },
      "id": "node/6982974090"
    },
    {
      "type": "Feature",
      "properties": {
        "@id": "node/6982974091",
        "amenity": "atm",
        "operator": "IDBI Bank"
      },
      "geometry": {
        "type": "Point",
        "coordinates": [
          78.4286925,
          17.3653557
        ]
      },
      "id": "node/6982974091"
    },
    {
      "type": "Feature",
      "properties": {
        "@id": "node/6982993986",
        "amenity": "atm",
        "operator": "Bank of India"
      },
      "geometry": {
        "type": "Point",
        "coordinates": [
          78.4285768,
          17.3641081
        ]
      },
      "id": "node/6982993986"
    },
    {
      "type": "Feature",
      "properties": {
        "@id": "node/6985549844",
        "amenity": "atm",
        "name": "SBI ATM"
      },
      "geometry": {
        "type": "Point",
        "coordinates": [
          77.9943378,
          16.751597
        ]
      },
      "id": "node/6985549844"
    },
    {
      "type": "Feature",
      "properties": {
        "@id": "node/6993330435",
        "amenity": "atm",
        "brand": "metro",
        "wheelchair": "yes"
      },
      "geometry": {
        "type": "Point",
        "coordinates": [
          78.6362779,
          17.4481904
        ]
      },
      "id": "node/6993330435"
    },
    {
      "type": "Feature",
      "properties": {
        "@id": "node/7004455685",
        "amenity": "atm",
        "operator": "Axis Bank"
      },
      "geometry": {
        "type": "Point",
        "coordinates": [
          78.4716365,
          17.3622124
        ]
      },
      "id": "node/7004455685"
    },
    {
      "type": "Feature",
      "properties": {
        "@id": "node/7007353485",
        "amenity": "atm",
        "opening_hours": "24/7",
        "operator": "kotak"
      },
      "geometry": {
        "type": "Point",
        "coordinates": [
          78.4748572,
          17.3829901
        ]
      },
      "id": "node/7007353485"
    },
    {
      "type": "Feature",
      "properties": {
        "@id": "node/7007922985",
        "amenity": "atm",
        "brand": "ICICI Bank",
        "brand:wikidata": "Q1653258",
        "operator": "ICICI Bank",
        "operator:wikidata": "Q1653258"
      },
      "geometry": {
        "type": "Point",
        "coordinates": [
          78.3224037,
          17.4938602
        ]
      },
      "id": "node/7007922985"
    },
    {
      "type": "Feature",
      "properties": {
        "@id": "node/7007922986",
        "amenity": "atm",
        "brand": "Axis Bank",
        "brand:wikidata": "Q2003549",
        "operator": "Axis Bank",
        "operator:wikidata": "Q2003549"
      },
      "geometry": {
        "type": "Point",
        "coordinates": [
          78.3224047,
          17.4939071
        ]
      },
      "id": "node/7007922986"
    },
    {
      "type": "Feature",
      "properties": {
        "@id": "node/7010429441",
        "amenity": "atm",
        "brand": "Syndicate Bank",
        "brand:wikidata": "Q2004088",
        "operator": "Syndicate Bank",
        "operator:wikidata": "Q2004088",
        "wheelchair": "limited",
        "wheelchair:step_height": "20"
      },
      "geometry": {
        "type": "Point",
        "coordinates": [
          78.3651339,
          17.4577178
        ]
      },
      "id": "node/7010429441"
    },
    {
      "type": "Feature",
      "properties": {
        "@id": "node/7013214085",
        "amenity": "atm",
        "operator": "Bank of India"
      },
      "geometry": {
        "type": "Point",
        "coordinates": [
          78.4880518,
          17.4407514
        ]
      },
      "id": "node/7013214085"
    },
    {
      "type": "Feature",
      "properties": {
        "@id": "node/7013214086",
        "amenity": "atm"
      },
      "geometry": {
        "type": "Point",
        "coordinates": [
          78.4876145,
          17.4424262
        ]
      },
      "id": "node/7013214086"
    },
    {
      "type": "Feature",
      "properties": {
        "@id": "node/7013214987",
        "amenity": "atm",
        "operator": "SBI"
      },
      "geometry": {
        "type": "Point",
        "coordinates": [
          78.4866168,
          17.4435019
        ]
      },
      "id": "node/7013214987"
    },
    {
      "type": "Feature",
      "properties": {
        "@id": "node/7015155402",
        "amenity": "atm",
        "operator": "ICICI Bank"
      },
      "geometry": {
        "type": "Point",
        "coordinates": [
          78.4997088,
          17.4374781
        ]
      },
      "id": "node/7015155402"
    },
    {
      "type": "Feature",
      "properties": {
        "@id": "node/7021303599",
        "amenity": "atm",
        "brand": "IndusInd Bank",
        "brand:wikidata": "Q2040323",
        "name": "IndusInd Bank ATM",
        "operator": "IndusInd Bank",
        "operator:wikidata": "Q2040323"
      },
      "geometry": {
        "type": "Point",
        "coordinates": [
          78.3965359,
          17.4417891
        ]
      },
      "id": "node/7021303599"
    },
    {
      "type": "Feature",
      "properties": {
        "@id": "node/7021303602",
        "amenity": "atm",
        "brand": "IDBI Bank",
        "brand:wikidata": "Q3633485",
        "name": "IDBI Bank ATM",
        "operator": "IDBI Bank",
        "operator:wikidata": "Q3633485"
      },
      "geometry": {
        "type": "Point",
        "coordinates": [
          78.3868159,
          17.4441356
        ]
      },
      "id": "node/7021303602"
    },
    {
      "type": "Feature",
      "properties": {
        "@id": "node/7021303603",
        "amenity": "atm",
        "name": "Laxmi Vilas Bank ATM"
      },
      "geometry": {
        "type": "Point",
        "coordinates": [
          78.3856696,
          17.4461048
        ]
      },
      "id": "node/7021303603"
    },
    {
      "type": "Feature",
      "properties": {
        "@id": "node/7021303604",
        "amenity": "atm",
        "brand": "ICICI Bank",
        "brand:wikidata": "Q1653258",
        "name": "ICICI Bank ATM",
        "operator": "ICICI Bank",
        "operator:wikidata": "Q1653258"
      },
      "geometry": {
        "type": "Point",
        "coordinates": [
          78.3885218,
          17.4460938
        ]
      },
      "id": "node/7021303604"
    },
    {
      "type": "Feature",
      "properties": {
        "@id": "node/7021303605",
        "amenity": "atm",
        "brand": "Karnataka Bank",
        "brand:wikidata": "Q2042632",
        "name": "Karnataka Bank ATM",
        "operator": "Karnataka Bank",
        "operator:wikidata": "Q2042632"
      },
      "geometry": {
        "type": "Point",
        "coordinates": [
          78.3857947,
          17.4468437
        ]
      },
      "id": "node/7021303605"
    },
    {
      "type": "Feature",
      "properties": {
        "@id": "node/7021303606",
        "amenity": "atm",
        "brand": "Citibank",
        "brand:wikidata": "Q857063",
        "name": "Citi bank ATM",
        "operator": "Citibank",
        "operator:wikidata": "Q857063"
      },
      "geometry": {
        "type": "Point",
        "coordinates": [
          78.3853732,
          17.4373057
        ]
      },
      "id": "node/7021303606"
    },
    {
      "type": "Feature",
      "properties": {
        "@id": "node/7021303607",
        "amenity": "atm",
        "name": "Andhra Bank ATM"
      },
      "geometry": {
        "type": "Point",
        "coordinates": [
          78.4054923,
          17.433796
        ]
      },
      "id": "node/7021303607"
    },
    {
      "type": "Feature",
      "properties": {
        "@id": "node/7025820835",
        "amenity": "atm",
        "brand": "Axis Bank",
        "brand:wikidata": "Q2003549",
        "name": "Axis Bank Atm",
        "operator": "Axis Bank",
        "operator:wikidata": "Q2003549"
      },
      "geometry": {
        "type": "Point",
        "coordinates": [
          78.391516,
          17.4506503
        ]
      },
      "id": "node/7025820835"
    },
    {
      "type": "Feature",
      "properties": {
        "@id": "node/7025820878",
        "amenity": "atm",
        "name": "DCB Bank Atm"
      },
      "geometry": {
        "type": "Point",
        "coordinates": [
          78.393417,
          17.44045
        ]
      },
      "id": "node/7025820878"
    },
    {
      "type": "Feature",
      "properties": {
        "@id": "node/7043571449",
        "amenity": "atm",
        "brand": "HDFC Bank",
        "brand:wikidata": "Q631047",
        "name": "HDFC Bank ATM",
        "operator": "HDFC Bank",
        "operator:wikidata": "Q631047"
      },
      "geometry": {
        "type": "Point",
        "coordinates": [
          78.3876824,
          17.4440876
        ]
      },
      "id": "node/7043571449"
    },
    {
      "type": "Feature",
      "properties": {
        "@id": "node/7043571450",
        "amenity": "atm",
        "brand": "State Bank of India",
        "brand:wikidata": "Q1340361",
        "name": "State Bank Of India ATM",
        "operator": "State Bank of India",
        "operator:wikidata": "Q1340361"
      },
      "geometry": {
        "type": "Point",
        "coordinates": [
          78.3877183,
          17.4442635
        ]
      },
      "id": "node/7043571450"
    },
    {
      "type": "Feature",
      "properties": {
        "@id": "node/7043571451",
        "amenity": "atm",
        "brand": "ICICI Bank",
        "brand:wikidata": "Q1653258",
        "name": "ICICI Bank ATM",
        "operator": "ICICI Bank",
        "operator:wikidata": "Q1653258"
      },
      "geometry": {
        "type": "Point",
        "coordinates": [
          78.3876626,
          17.444293
        ]
      },
      "id": "node/7043571451"
    },
    {
      "type": "Feature",
      "properties": {
        "@id": "node/7043571452",
        "amenity": "atm",
        "brand": "Bank of India",
        "brand:wikidata": "Q2004439",
        "name": "BOI ATM",
        "operator": "Bank of India",
        "operator:wikidata": "Q2004439"
      },
      "geometry": {
        "type": "Point",
        "coordinates": [
          78.3874467,
          17.4442592
        ]
      },
      "id": "node/7043571452"
    },
    {
      "type": "Feature",
      "properties": {
        "@id": "node/7052183544",
        "amenity": "atm",
        "brand": "ICICI Bank",
        "brand:wikidata": "Q1653258",
        "cash_in": "no",
        "currency:INR": "yes",
        "drive_through": "no",
        "operator": "ICICI Bank",
        "operator:wikidata": "Q1653258"
      },
      "geometry": {
        "type": "Point",
        "coordinates": [
          78.4836747,
          17.463575
        ]
      },
      "id": "node/7052183544"
    },
    {
      "type": "Feature",
      "properties": {
        "@id": "node/7113006886",
        "amenity": "atm",
        "operator": "HDFC"
      },
      "geometry": {
        "type": "Point",
        "coordinates": [
          78.8059313,
          18.387724
        ]
      },
      "id": "node/7113006886"
    },
    {
      "type": "Feature",
      "properties": {
        "@id": "node/7113450286",
        "amenity": "atm",
        "operator": "Dhanalaxmi Bank ATM"
      },
      "geometry": {
        "type": "Point",
        "coordinates": [
          78.4946821,
          17.3900805
        ]
      },
      "id": "node/7113450286"
    },
    {
      "type": "Feature",
      "properties": {
        "@id": "node/7113495585",
        "amenity": "atm"
      },
      "geometry": {
        "type": "Point",
        "coordinates": [
          78.4472845,
          17.4386398
        ]
      },
      "id": "node/7113495585"
    },
    {
      "type": "Feature",
      "properties": {
        "@id": "node/7113524786",
        "amenity": "atm",
        "check_date": "2024-03-16",
        "operator": "Axis Bank, ICICI Bank, Canara Bank"
      },
      "geometry": {
        "type": "Point",
        "coordinates": [
          78.3888636,
          17.4974176
        ]
      },
      "id": "node/7113524786"
    },
    {
      "type": "Feature",
      "properties": {
        "@id": "node/7113964385",
        "amenity": "atm"
      },
      "geometry": {
        "type": "Point",
        "coordinates": [
          78.425337,
          17.4322215
        ]
      },
      "id": "node/7113964385"
    },
    {
      "type": "Feature",
      "properties": {
        "@id": "node/7113964586",
        "amenity": "atm"
      },
      "geometry": {
        "type": "Point",
        "coordinates": [
          78.4259891,
          17.4320793
        ]
      },
      "id": "node/7113964586"
    },
    {
      "type": "Feature",
      "properties": {
        "@id": "node/7174145047",
        "amenity": "atm",
        "cash_in": "yes",
        "currency:INR": "yes",
        "network": "State bank of India"
      },
      "geometry": {
        "type": "Point",
        "coordinates": [
          78.4621371,
          17.4377437
        ]
      },
      "id": "node/7174145047"
    },
    {
      "type": "Feature",
      "properties": {
        "@id": "node/7174339279",
        "amenity": "atm",
        "operator": "Andhra Bank ATM"
      },
      "geometry": {
        "type": "Point",
        "coordinates": [
          80.1381913,
          17.2448446
        ]
      },
      "id": "node/7174339279"
    },
    {
      "type": "Feature",
      "properties": {
        "@id": "node/7180371647",
        "amenity": "atm",
        "cash_in": "yes",
        "check_date": "2024-03-16",
        "currency:INR": "yes",
        "operator": "ICICI BANK ATM"
      },
      "geometry": {
        "type": "Point",
        "coordinates": [
          78.3947667,
          17.4950798
        ]
      },
      "id": "node/7180371647"
    },
    {
      "type": "Feature",
      "properties": {
        "@id": "node/7243974419",
        "amenity": "atm",
        "operator": "SBI Atm center"
      },
      "geometry": {
        "type": "Point",
        "coordinates": [
          78.5034672,
          17.3966312
        ]
      },
      "id": "node/7243974419"
    },
    {
      "type": "Feature",
      "properties": {
        "@id": "node/7243983828",
        "amenity": "atm",
        "operator": "Axis Bank"
      },
      "geometry": {
        "type": "Point",
        "coordinates": [
          78.3939647,
          17.4145728
        ]
      },
      "id": "node/7243983828"
    },
    {
      "type": "Feature",
      "properties": {
        "@id": "node/7243983838",
        "amenity": "atm",
        "operator": "HDFC Bank"
      },
      "geometry": {
        "type": "Point",
        "coordinates": [
          78.3944264,
          17.4088288
        ]
      },
      "id": "node/7243983838"
    },
    {
      "type": "Feature",
      "properties": {
        "@id": "node/7243983839",
        "amenity": "atm",
        "operator": "State bank of India"
      },
      "geometry": {
        "type": "Point",
        "coordinates": [
          78.3944787,
          17.4088609
        ]
      },
      "id": "node/7243983839"
    },
    {
      "type": "Feature",
      "properties": {
        "@id": "node/7243983840",
        "amenity": "atm",
        "operator": "Axis Bank"
      },
      "geometry": {
        "type": "Point",
        "coordinates": [
          78.3942156,
          17.4086496
        ]
      },
      "id": "node/7243983840"
    },
    {
      "type": "Feature",
      "properties": {
        "@id": "node/7243989342",
        "amenity": "atm",
        "brand": "Axis Bank",
        "brand:wikidata": "Q2003549",
        "operator": "Axis Bank",
        "operator:wikidata": "Q2003549"
      },
      "geometry": {
        "type": "Point",
        "coordinates": [
          79.5650081,
          18.00212
        ]
      },
      "id": "node/7243989342"
    },
    {
      "type": "Feature",
      "properties": {
        "@id": "node/7243989344",
        "amenity": "atm",
        "operator": "SBI ATM"
      },
      "geometry": {
        "type": "Point",
        "coordinates": [
          79.5662052,
          18.0035767
        ]
      },
      "id": "node/7243989344"
    },
    {
      "type": "Feature",
      "properties": {
        "@id": "node/7243989821",
        "amenity": "atm"
      },
      "geometry": {
        "type": "Point",
        "coordinates": [
          79.6012463,
          17.9721332
        ]
      },
      "id": "node/7243989821"
    },
    {
      "type": "Feature",
      "properties": {
        "@id": "node/7244009101",
        "amenity": "atm"
      },
      "geometry": {
        "type": "Point",
        "coordinates": [
          78.5096825,
          17.4158155
        ]
      },
      "id": "node/7244009101"
    },
    {
      "type": "Feature",
      "properties": {
        "@id": "node/7244009104",
        "amenity": "atm"
      },
      "geometry": {
        "type": "Point",
        "coordinates": [
          78.5100514,
          17.4162314
        ]
      },
      "id": "node/7244009104"
    },
    {
      "type": "Feature",
      "properties": {
        "@id": "node/7244017390",
        "amenity": "atm",
        "operator": "sbi"
      },
      "geometry": {
        "type": "Point",
        "coordinates": [
          78.5723414,
          17.3706468
        ]
      },
      "id": "node/7244017390"
    },
    {
      "type": "Feature",
      "properties": {
        "@id": "node/7244029376",
        "amenity": "atm",
        "operator": "Karurvysya Bank"
      },
      "geometry": {
        "type": "Point",
        "coordinates": [
          78.3925522,
          17.4071179
        ]
      },
      "id": "node/7244029376"
    },
    {
      "type": "Feature",
      "properties": {
        "@id": "node/7244037263",
        "amenity": "atm",
        "operator": "ATM"
      },
      "geometry": {
        "type": "Point",
        "coordinates": [
          78.80088,
          18.3841275
        ]
      },
      "id": "node/7244037263"
    },
    {
      "type": "Feature",
      "properties": {
        "@id": "node/7244058571",
        "amenity": "atm",
        "operator": "India cash atm"
      },
      "geometry": {
        "type": "Point",
        "coordinates": [
          79.59992,
          17.9514838
        ]
      },
      "id": "node/7244058571"
    },
    {
      "type": "Feature",
      "properties": {
        "@id": "node/7244082075",
        "amenity": "atm"
      },
      "geometry": {
        "type": "Point",
        "coordinates": [
          78.5098848,
          17.4177588
        ]
      },
      "id": "node/7244082075"
    },
    {
      "type": "Feature",
      "properties": {
        "@id": "node/7244082076",
        "amenity": "atm"
      },
      "geometry": {
        "type": "Point",
        "coordinates": [
          78.5098931,
          17.4177269
        ]
      },
      "id": "node/7244082076"
    },
    {
      "type": "Feature",
      "properties": {
        "@id": "node/7244118014",
        "amenity": "atm",
        "operator": "State bank atm"
      },
      "geometry": {
        "type": "Point",
        "coordinates": [
          79.6003121,
          17.9542369
        ]
      },
      "id": "node/7244118014"
    },
    {
      "type": "Feature",
      "properties": {
        "@id": "node/7244119617",
        "amenity": "atm",
        "operator": "Axis bank atm"
      },
      "geometry": {
        "type": "Point",
        "coordinates": [
          79.6005389,
          17.9537194
        ]
      },
      "id": "node/7244119617"
    },
    {
      "type": "Feature",
      "properties": {
        "@id": "node/7244134430",
        "amenity": "atm"
      },
      "geometry": {
        "type": "Point",
        "coordinates": [
          78.5814773,
          17.3292601
        ]
      },
      "id": "node/7244134430"
    },
    {
      "type": "Feature",
      "properties": {
        "@id": "node/7244134448",
        "amenity": "atm",
        "operator": "CANARA"
      },
      "geometry": {
        "type": "Point",
        "coordinates": [
          78.5773134,
          17.3302678
        ]
      },
      "id": "node/7244134448"
    },
    {
      "type": "Feature",
      "properties": {
        "@id": "node/7244134449",
        "amenity": "atm",
        "network": "AXIS",
        "operator": "Axis ATM"
      },
      "geometry": {
        "type": "Point",
        "coordinates": [
          78.576784,
          17.3303336
        ]
      },
      "id": "node/7244134449"
    },
    {
      "type": "Feature",
      "properties": {
        "@id": "node/7244140646",
        "amenity": "atm",
        "check_date": "2024-03-16",
        "operator": "ICICI bank atm"
      },
      "geometry": {
        "type": "Point",
        "coordinates": [
          78.4000532,
          17.490765
        ]
      },
      "id": "node/7244140646"
    },
    {
      "type": "Feature",
      "properties": {
        "@id": "node/7244168630",
        "amenity": "atm",
        "operator": "ATM"
      },
      "geometry": {
        "type": "Point",
        "coordinates": [
          78.416084,
          17.5016493
        ]
      },
      "id": "node/7244168630"
    },
    {
      "type": "Feature",
      "properties": {
        "@id": "node/7244174320",
        "amenity": "atm"
      },
      "geometry": {
        "type": "Point",
        "coordinates": [
          78.5076664,
          17.4104182
        ]
      },
      "id": "node/7244174320"
    },
    {
      "type": "Feature",
      "properties": {
        "@id": "node/7244175514",
        "amenity": "atm"
      },
      "geometry": {
        "type": "Point",
        "coordinates": [
          78.5416932,
          17.3786262
        ]
      },
      "id": "node/7244175514"
    },
    {
      "type": "Feature",
      "properties": {
        "@id": "node/7244226237",
        "amenity": "atm",
        "operator": "hdfc"
      },
      "geometry": {
        "type": "Point",
        "coordinates": [
          78.6009861,
          17.4900706
        ]
      },
      "id": "node/7244226237"
    },
    {
      "type": "Feature",
      "properties": {
        "@id": "node/7244230209",
        "amenity": "atm"
      },
      "geometry": {
        "type": "Point",
        "coordinates": [
          78.448525,
          17.4389061
        ]
      },
      "id": "node/7244230209"
    },
    {
      "type": "Feature",
      "properties": {
        "@id": "node/7244236029",
        "amenity": "atm",
        "operator": "axis bank atm"
      },
      "geometry": {
        "type": "Point",
        "coordinates": [
          80.1504993,
          17.2449051
        ]
      },
      "id": "node/7244236029"
    },
    {
      "type": "Feature",
      "properties": {
        "@id": "node/7244236030",
        "amenity": "atm",
        "operator": "hdfc atm"
      },
      "geometry": {
        "type": "Point",
        "coordinates": [
          80.1507782,
          17.2448552
        ]
      },
      "id": "node/7244236030"
    },
    {
      "type": "Feature",
      "properties": {
        "@id": "node/7244236040",
        "amenity": "atm",
        "operator": "icici bank atm"
      },
      "geometry": {
        "type": "Point",
        "coordinates": [
          80.1449324,
          17.2404021
        ]
      },
      "id": "node/7244236040"
    },
    {
      "type": "Feature",
      "properties": {
        "@id": "node/7244246291",
        "amenity": "atm"
      },
      "geometry": {
        "type": "Point",
        "coordinates": [
          78.5389895,
          17.3739904
        ]
      },
      "id": "node/7244246291"
    },
    {
      "type": "Feature",
      "properties": {
        "@id": "node/7244246293",
        "amenity": "atm"
      },
      "geometry": {
        "type": "Point",
        "coordinates": [
          78.539554,
          17.3732896
        ]
      },
      "id": "node/7244246293"
    },
    {
      "type": "Feature",
      "properties": {
        "@id": "node/7244267526",
        "amenity": "atm"
      },
      "geometry": {
        "type": "Point",
        "coordinates": [
          78.5078611,
          17.4120135
        ]
      },
      "id": "node/7244267526"
    },
    {
      "type": "Feature",
      "properties": {
        "@id": "node/7244267532",
        "amenity": "atm"
      },
      "geometry": {
        "type": "Point",
        "coordinates": [
          78.5069506,
          17.4105701
        ]
      },
      "id": "node/7244267532"
    },
    {
      "type": "Feature",
      "properties": {
        "@id": "node/7244268902",
        "amenity": "atm",
        "operator": "Icici Bank ATM"
      },
      "geometry": {
        "type": "Point",
        "coordinates": [
          78.3556748,
          17.4940414
        ]
      },
      "id": "node/7244268902"
    },
    {
      "type": "Feature",
      "properties": {
        "@id": "node/7244268903",
        "amenity": "atm",
        "operator": "canara Bank ATM"
      },
      "geometry": {
        "type": "Point",
        "coordinates": [
          78.3558567,
          17.4940788
        ]
      },
      "id": "node/7244268903"
    },
    {
      "type": "Feature",
      "properties": {
        "@id": "node/7244268904",
        "amenity": "atm",
        "operator": "Axis Bank ATM"
      },
      "geometry": {
        "type": "Point",
        "coordinates": [
          78.3558756,
          17.494097
        ]
      },
      "id": "node/7244268904"
    },
    {
      "type": "Feature",
      "properties": {
        "@id": "node/7244280424",
        "amenity": "atm",
        "check_date": "2024-06-03"
      },
      "geometry": {
        "type": "Point",
        "coordinates": [
          78.366336,
          17.4608719
        ]
      },
      "id": "node/7244280424"
    },
    {
      "type": "Feature",
      "properties": {
        "@id": "node/7244280425",
        "amenity": "atm",
        "check_date": "2024-04-29"
      },
      "geometry": {
        "type": "Point",
        "coordinates": [
          78.3663477,
          17.4625121
        ]
      },
      "id": "node/7244280425"
    },
    {
      "type": "Feature",
      "properties": {
        "@id": "node/7244288114",
        "amenity": "atm",
        "operator": "state bank of india atm"
      },
      "geometry": {
        "type": "Point",
        "coordinates": [
          78.4854382,
          17.5285891
        ]
      },
      "id": "node/7244288114"
    },
    {
      "type": "Feature",
      "properties": {
        "@id": "node/7244296171",
        "amenity": "atm"
      },
      "geometry": {
        "type": "Point",
        "coordinates": [
          78.5102057,
          17.4083702
        ]
      },
      "id": "node/7244296171"
    },
    {
      "type": "Feature",
      "properties": {
        "@id": "node/7244480656",
        "amenity": "atm",
        "operator": "ICICI Atm"
      },
      "geometry": {
        "type": "Point",
        "coordinates": [
          78.4353607,
          17.3949058
        ]
      },
      "id": "node/7244480656"
    },
    {
      "type": "Feature",
      "properties": {
        "@id": "node/7244480657",
        "amenity": "atm",
        "operator": "DCB bank Atm"
      },
      "geometry": {
        "type": "Point",
        "coordinates": [
          78.4353655,
          17.3949061
        ]
      },
      "id": "node/7244480657"
    },
    {
      "type": "Feature",
      "properties": {
        "@id": "node/7244480660",
        "amenity": "atm",
        "operator": "Karur vysya bank Atm"
      },
      "geometry": {
        "type": "Point",
        "coordinates": [
          78.4359891,
          17.3948551
        ]
      },
      "id": "node/7244480660"
    },
    {
      "type": "Feature",
      "properties": {
        "@id": "node/7244480684",
        "amenity": "atm",
        "operator": "ICICI Atm"
      },
      "geometry": {
        "type": "Point",
        "coordinates": [
          78.4383451,
          17.3946652
        ]
      },
      "id": "node/7244480684"
    },
    {
      "type": "Feature",
      "properties": {
        "@id": "node/7244487788",
        "amenity": "atm",
        "operator": "Andhra bank Atm"
      },
      "geometry": {
        "type": "Point",
        "coordinates": [
          78.442131,
          17.3943693
        ]
      },
      "id": "node/7244487788"
    },
    {
      "type": "Feature",
      "properties": {
        "@id": "node/7244487790",
        "amenity": "atm",
        "operator": "Sbi atm"
      },
      "geometry": {
        "type": "Point",
        "coordinates": [
          78.4424661,
          17.3934138
        ]
      },
      "id": "node/7244487790"
    },
    {
      "type": "Feature",
      "properties": {
        "@id": "node/7244487800",
        "amenity": "atm",
        "operator": "Sbi atm"
      },
      "geometry": {
        "type": "Point",
        "coordinates": [
          78.4421032,
          17.3931802
        ]
      },
      "id": "node/7244487800"
    },
    {
      "type": "Feature",
      "properties": {
        "@id": "node/7244487802",
        "amenity": "atm",
        "operator": "Axis bank Atm"
      },
      "geometry": {
        "type": "Point",
        "coordinates": [
          78.4421321,
          17.3931136
        ]
      },
      "id": "node/7244487802"
    },
    {
      "type": "Feature",
      "properties": {
        "@id": "node/7244487804",
        "amenity": "atm",
        "operator": "Sbi Atm"
      },
      "geometry": {
        "type": "Point",
        "coordinates": [
          78.4402648,
          17.3943627
        ]
      },
      "id": "node/7244487804"
    },
    {
      "type": "Feature",
      "properties": {
        "@id": "node/7244487812",
        "amenity": "atm",
        "operator": "citi bank Atm"
      },
      "geometry": {
        "type": "Point",
        "coordinates": [
          78.4374978,
          17.3947226
        ]
      },
      "id": "node/7244487812"
    },
    {
      "type": "Feature",
      "properties": {
        "@id": "node/7244487837",
        "amenity": "atm",
        "operator": "Axis bank Atm"
      },
      "geometry": {
        "type": "Point",
        "coordinates": [
          78.4394652,
          17.3944852
        ]
      },
      "id": "node/7244487837"
    },
    {
      "type": "Feature",
      "properties": {
        "@id": "node/7244487838",
        "amenity": "atm",
        "operator": "Hdfc bank Atm"
      },
      "geometry": {
        "type": "Point",
        "coordinates": [
          78.4397524,
          17.394429
        ]
      },
      "id": "node/7244487838"
    },
    {
      "type": "Feature",
      "properties": {
        "@id": "node/7244498389",
        "amenity": "atm"
      },
      "geometry": {
        "type": "Point",
        "coordinates": [
          78.4434221,
          17.4371885
        ]
      },
      "id": "node/7244498389"
    },
    {
      "type": "Feature",
      "properties": {
        "@id": "node/7246495606",
        "amenity": "atm",
        "operator": "ATM"
      },
      "geometry": {
        "type": "Point",
        "coordinates": [
          78.4231834,
          17.5251365
        ]
      },
      "id": "node/7246495606"
    },
    {
      "type": "Feature",
      "properties": {
        "@id": "node/7246496359",
        "amenity": "atm"
      },
      "geometry": {
        "type": "Point",
        "coordinates": [
          78.599442,
          17.471273
        ]
      },
      "id": "node/7246496359"
    },
    {
      "type": "Feature",
      "properties": {
        "@id": "node/7246508516",
        "amenity": "atm",
        "operator": "SBI"
      },
      "geometry": {
        "type": "Point",
        "coordinates": [
          79.5738584,
          18.0049176
        ]
      },
      "id": "node/7246508516"
    },
    {
      "type": "Feature",
      "properties": {
        "@id": "node/7246508524",
        "amenity": "atm",
        "operator": "SBI"
      },
      "geometry": {
        "type": "Point",
        "coordinates": [
          79.5727411,
          18.0043595
        ]
      },
      "id": "node/7246508524"
    },
    {
      "type": "Feature",
      "properties": {
        "@id": "node/7246562870",
        "amenity": "atm",
        "operator": "Kotak atm"
      },
      "geometry": {
        "type": "Point",
        "coordinates": [
          79.5984921,
          17.9769139
        ]
      },
      "id": "node/7246562870"
    },
    {
      "type": "Feature",
      "properties": {
        "@id": "node/7246570512",
        "amenity": "atm",
        "operator": "india atm"
      },
      "geometry": {
        "type": "Point",
        "coordinates": [
          79.2943442,
          19.3611635
        ]
      },
      "id": "node/7246570512"
    },
    {
      "type": "Feature",
      "properties": {
        "@id": "node/7246738408",
        "amenity": "atm"
      },
      "geometry": {
        "type": "Point",
        "coordinates": [
          78.5083743,
          17.4114638
        ]
      },
      "id": "node/7246738408"
    },
    {
      "type": "Feature",
      "properties": {
        "@id": "node/7246738409",
        "amenity": "atm"
      },
      "geometry": {
        "type": "Point",
        "coordinates": [
          78.5083605,
          17.4114123
        ]
      },
      "id": "node/7246738409"
    },
    {
      "type": "Feature",
      "properties": {
        "@id": "node/7321390329",
        "amenity": "atm",
        "currency:INR": "yes",
        "operator": "ICICI Bank"
      },
      "geometry": {
        "type": "Point",
        "coordinates": [
          78.4753554,
          17.4628953
        ]
      },
      "id": "node/7321390329"
    },
    {
      "type": "Feature",
      "properties": {
        "@id": "node/7321390330",
        "amenity": "atm",
        "currency:INR": "yes",
        "operator": "Axis Bank"
      },
      "geometry": {
        "type": "Point",
        "coordinates": [
          78.4753384,
          17.462945
        ]
      },
      "id": "node/7321390330"
    },
    {
      "type": "Feature",
      "properties": {
        "@id": "node/7365882712",
        "amenity": "atm",
        "network": "STATE BANK OF INDIA",
        "operator": "STATE BANK OF INDIA"
      },
      "geometry": {
        "type": "Point",
        "coordinates": [
          78.382548,
          17.5157652
        ]
      },
      "id": "node/7365882712"
    },
    {
      "type": "Feature",
      "properties": {
        "@id": "node/7508833038",
        "amenity": "atm",
        "name": "اسٹیٹ بینک آف انڈیا",
        "name:en": "State Bank of India"
      },
      "geometry": {
        "type": "Point",
        "coordinates": [
          78.4932724,
          17.3726263
        ]
      },
      "id": "node/7508833038"
    },
    {
      "type": "Feature",
      "properties": {
        "@id": "node/7508844199",
        "amenity": "atm",
        "name:en": "ICICI"
      },
      "geometry": {
        "type": "Point",
        "coordinates": [
          78.4988031,
          17.3750194
        ]
      },
      "id": "node/7508844199"
    },
    {
      "type": "Feature",
      "properties": {
        "@id": "node/7569768273",
        "amenity": "atm",
        "cash_in": "no",
        "currency:INR": "yes",
        "operator": "ICICI"
      },
      "geometry": {
        "type": "Point",
        "coordinates": [
          78.5115608,
          17.4789871
        ]
      },
      "id": "node/7569768273"
    },
    {
      "type": "Feature",
      "properties": {
        "@id": "node/7610983748",
        "amenity": "atm",
        "description": "sbi bank ATM",
        "name": "Sbi ATM"
      },
      "geometry": {
        "type": "Point",
        "coordinates": [
          78.8415974,
          18.1059725
        ]
      },
      "id": "node/7610983748"
    },
    {
      "type": "Feature",
      "properties": {
        "@id": "node/7611017185",
        "amenity": "atm",
        "description": "Axis bank Atm",
        "name": "Axis bank ATM"
      },
      "geometry": {
        "type": "Point",
        "coordinates": [
          78.8416472,
          18.105987
        ]
      },
      "id": "node/7611017185"
    },
    {
      "type": "Feature",
      "properties": {
        "@id": "node/7611691398",
        "amenity": "atm",
        "operator": "Andhra bank ATM"
      },
      "geometry": {
        "type": "Point",
        "coordinates": [
          79.5358036,
          18.6834646
        ]
      },
      "id": "node/7611691398"
    },
    {
      "type": "Feature",
      "properties": {
        "@id": "node/7614091403",
        "amenity": "atm",
        "check_date": "2024-03-16",
        "name": "ICICI BANK ATM"
      },
      "geometry": {
        "type": "Point",
        "coordinates": [
          78.4020258,
          17.4929916
        ]
      },
      "id": "node/7614091403"
    },
    {
      "type": "Feature",
      "properties": {
        "@id": "node/7642365582",
        "amenity": "atm",
        "operator": "SBI"
      },
      "geometry": {
        "type": "Point",
        "coordinates": [
          78.5008233,
          17.441665
        ]
      },
      "id": "node/7642365582"
    },
    {
      "type": "Feature",
      "properties": {
        "@id": "node/7796316995",
        "amenity": "atm",
        "cash_in": "yes",
        "check_date": "2024-03-16",
        "currency:INR": "yes",
        "network": "HDFC",
        "operator": "HDFC ATM"
      },
      "geometry": {
        "type": "Point",
        "coordinates": [
          78.40899,
          17.4999606
        ]
      },
      "id": "node/7796316995"
    },
    {
      "type": "Feature",
      "properties": {
        "@id": "node/7836389743",
        "amenity": "atm",
        "check_date": "2024-09-19",
        "currency:INR": "yes",
        "operator": "SBI ATM"
      },
      "geometry": {
        "type": "Point",
        "coordinates": [
          78.3585858,
          17.4956951
        ]
      },
      "id": "node/7836389743"
    },
    {
      "type": "Feature",
      "properties": {
        "@id": "node/7944527163",
        "amenity": "atm",
        "cash_in": "no",
        "name": "Axis Bank ATM"
      },
      "geometry": {
        "type": "Point",
        "coordinates": [
          78.4271961,
          17.4697227
        ]
      },
      "id": "node/7944527163"
    },
    {
      "type": "Feature",
      "properties": {
        "@id": "node/7944610774",
        "amenity": "atm",
        "name": "State Bank of India ATM"
      },
      "geometry": {
        "type": "Point",
        "coordinates": [
          78.4303618,
          17.4624807
        ]
      },
      "id": "node/7944610774"
    },
    {
      "type": "Feature",
      "properties": {
        "@id": "node/8065632052",
        "amenity": "atm",
        "cash_in": "yes",
        "name": "Axis Bank ATM"
      },
      "geometry": {
        "type": "Point",
        "coordinates": [
          78.3965301,
          17.5224753
        ]
      },
      "id": "node/8065632052"
    },
    {
      "type": "Feature",
      "properties": {
        "@id": "node/8065673328",
        "amenity": "atm",
        "name": "اسٹیٹ بینک آف انڈیا",
        "name:en": "SBI",
        "opening_hours": "24/7",
        "operator": "State Bank of India"
      },
      "geometry": {
        "type": "Point",
        "coordinates": [
          78.45318,
          17.3520554
        ]
      },
      "id": "node/8065673328"
    },
    {
      "type": "Feature",
      "properties": {
        "@id": "node/8077192250",
        "addr:city": "Hyderbad",
        "addr:state": "Telangana",
        "addr:street": "Sayeedabad Road",
        "amenity": "atm",
        "name": "ایکسس بینک آ ٹی ایم",
        "name:en": "Axis Bank ATM",
        "opening_hours": "24/7"
      },
      "geometry": {
        "type": "Point",
        "coordinates": [
          78.5048448,
          17.3587859
        ]
      },
      "id": "node/8077192250"
    },
    {
      "type": "Feature",
      "properties": {
        "@id": "node/8084918585",
        "addr:city": "Hyderbad",
        "addr:state": "Telangana",
        "addr:street": "Chanchalguda Main Road",
        "amenity": "atm",
        "name": "ایچ ڈی ایف سی۔ اے ٹی ایم",
        "name:en": "HDFC",
        "opening_hours": "24/7"
      },
      "geometry": {
        "type": "Point",
        "coordinates": [
          78.496547,
          17.3661894
        ]
      },
      "id": "node/8084918585"
    },
    {
      "type": "Feature",
      "properties": {
        "@id": "node/8084923983",
        "addr:city": "Hyderbad",
        "addr:state": "Telangana",
        "addr:street": "Chanchalguda Main Road",
        "amenity": "atm",
        "name": "آئی سی آئی سی آئی - اے ٹی ایم",
        "name:en": "ICICI",
        "opening_hours": "24/7"
      },
      "geometry": {
        "type": "Point",
        "coordinates": [
          78.4956642,
          17.3661581
        ]
      },
      "id": "node/8084923983"
    },
    {
      "type": "Feature",
      "properties": {
        "@id": "node/8107894698",
        "amenity": "atm",
        "cash_in": "yes",
        "currency:INR": "yes",
        "operator": "Icici"
      },
      "geometry": {
        "type": "Point",
        "coordinates": [
          78.4240047,
          17.4588196
        ]
      },
      "id": "node/8107894698"
    },
    {
      "type": "Feature",
      "properties": {
        "@id": "node/8107894704",
        "amenity": "atm",
        "cash_in": "yes",
        "currency:INR": "yes",
        "operator": "Icici"
      },
      "geometry": {
        "type": "Point",
        "coordinates": [
          78.4223791,
          17.4544039
        ]
      },
      "id": "node/8107894704"
    },
    {
      "type": "Feature",
      "properties": {
        "@id": "node/8110903447",
        "amenity": "atm",
        "operator": "State Bank Of India"
      },
      "geometry": {
        "type": "Point",
        "coordinates": [
          78.526227,
          17.3618699
        ]
      },
      "id": "node/8110903447"
    },
    {
      "type": "Feature",
      "properties": {
        "@id": "node/8110904426",
        "amenity": "atm",
        "operator": "Indicash ATM"
      },
      "geometry": {
        "type": "Point",
        "coordinates": [
          79.3357564,
          18.2648392
        ]
      },
      "id": "node/8110904426"
    },
    {
      "type": "Feature",
      "properties": {
        "@id": "node/8113737937",
        "amenity": "atm",
        "operator": "Andhra Bank"
      },
      "geometry": {
        "type": "Point",
        "coordinates": [
          78.5264623,
          17.3639257
        ]
      },
      "id": "node/8113737937"
    },
    {
      "type": "Feature",
      "properties": {
        "@id": "node/8113750228",
        "amenity": "atm",
        "name": "Indusland",
        "network": "Indusland bank",
        "operator": "Indusland bank"
      },
      "geometry": {
        "type": "Point",
        "coordinates": [
          78.5597213,
          17.3962169
        ]
      },
      "id": "node/8113750228"
    },
    {
      "type": "Feature",
      "properties": {
        "@id": "node/8113779492",
        "amenity": "atm",
        "operator": "Canara Bank"
      },
      "geometry": {
        "type": "Point",
        "coordinates": [
          78.5603753,
          17.3981243
        ]
      },
      "id": "node/8113779492"
    },
    {
      "type": "Feature",
      "properties": {
        "@id": "node/8113779493",
        "amenity": "atm",
        "network": "Union bank",
        "operator": "Union bank"
      },
      "geometry": {
        "type": "Point",
        "coordinates": [
          78.5632497,
          17.4040197
        ]
      },
      "id": "node/8113779493"
    },
    {
      "type": "Feature",
      "properties": {
        "@id": "node/8113821568",
        "amenity": "atm",
        "operator": "Axis bank ATM"
      },
      "geometry": {
        "type": "Point",
        "coordinates": [
          78.5708682,
          17.4134792
        ]
      },
      "id": "node/8113821568"
    },
    {
      "type": "Feature",
      "properties": {
        "@id": "node/8113850347",
        "amenity": "atm",
        "operator": "Axis bank atm"
      },
      "geometry": {
        "type": "Point",
        "coordinates": [
          78.5698635,
          17.408172
        ]
      },
      "id": "node/8113850347"
    },
    {
      "type": "Feature",
      "properties": {
        "@id": "node/8127475717",
        "amenity": "atm"
      },
      "geometry": {
        "type": "Point",
        "coordinates": [
          79.0053687,
          18.0519901
        ]
      },
      "id": "node/8127475717"
    },
    {
      "type": "Feature",
      "properties": {
        "@id": "node/8193157691",
        "amenity": "atm",
        "brand": "Canara Bank",
        "brand:pa": "ਕੇਨਰਾ ਬੈਂਕ",
        "brand:ur": "کینرا بینک",
        "brand:wikidata": "Q2003777",
        "brand:wikipedia": "en:Canara Bank",
        "brand:wikipedia:pa": "ਕੇਨਰਾ ਬੈਂਕ",
        "name": "Canara Bank",
        "name:pa": "ਕੇਨਰਾ ਬੈਂਕ",
        "name:ur": "کینرا بینک"
      },
      "geometry": {
        "type": "Point",
        "coordinates": [
          78.3964721,
          17.5221489
        ]
      },
      "id": "node/8193157691"
    },
    {
      "type": "Feature",
      "properties": {
        "@id": "node/8193157692",
        "amenity": "atm",
        "name": "HDFC Bank"
      },
      "geometry": {
        "type": "Point",
        "coordinates": [
          78.3964721,
          17.5221067
        ]
      },
      "id": "node/8193157692"
    },
    {
      "type": "Feature",
      "properties": {
        "@id": "node/8349937775",
        "amenity": "atm"
      },
      "geometry": {
        "type": "Point",
        "coordinates": [
          78.3099968,
          17.4736389
        ]
      },
      "id": "node/8349937775"
    },
    {
      "type": "Feature",
      "properties": {
        "@id": "node/8386425585",
        "amenity": "atm"
      },
      "geometry": {
        "type": "Point",
        "coordinates": [
          78.3971111,
          17.5153587
        ]
      },
      "id": "node/8386425585"
    },
    {
      "type": "Feature",
      "properties": {
        "@id": "node/8386630044",
        "amenity": "atm",
        "currency:INR": "yes",
        "name": "Union Bank Of India ATM",
        "operator": "Union Bank Of India"
      },
      "geometry": {
        "type": "Point",
        "coordinates": [
          78.5273062,
          17.3686524
        ]
      },
      "id": "node/8386630044"
    },
    {
      "type": "Feature",
      "properties": {
        "@id": "node/8386742634",
        "amenity": "atm",
        "brand": "Axis Bank",
        "brand:wikidata": "Q2003549",
        "cash_in": "yes",
        "operator": "Axis Bank",
        "operator:wikidata": "Q2003549"
      },
      "geometry": {
        "type": "Point",
        "coordinates": [
          78.3889356,
          17.4749559
        ]
      },
      "id": "node/8386742634"
    },
    {
      "type": "Feature",
      "properties": {
        "@id": "node/8386742635",
        "amenity": "atm",
        "cash_in": "yes",
        "operator": "ICICI"
      },
      "geometry": {
        "type": "Point",
        "coordinates": [
          78.3882079,
          17.4735257
        ]
      },
      "id": "node/8386742635"
    },
    {
      "type": "Feature",
      "properties": {
        "@id": "node/8387021471",
        "amenity": "atm",
        "cash_in": "yes",
        "operator": "Oriental bank atm"
      },
      "geometry": {
        "type": "Point",
        "coordinates": [
          78.4944944,
          17.4075909
        ]
      },
      "id": "node/8387021471"
    },
    {
      "type": "Feature",
      "properties": {
        "@id": "node/8419475149",
        "amenity": "atm"
      },
      "geometry": {
        "type": "Point",
        "coordinates": [
          78.3100488,
          17.4736405
        ]
      },
      "id": "node/8419475149"
    },
    {
      "type": "Feature",
      "properties": {
        "@id": "node/8627662828",
        "amenity": "atm"
      },
      "geometry": {
        "type": "Point",
        "coordinates": [
          79.7268909,
          17.7429047
        ]
      },
      "id": "node/8627662828"
    },
    {
      "type": "Feature",
      "properties": {
        "@id": "node/8627662830",
        "amenity": "atm",
        "operator": "Punjab National Bank"
      },
      "geometry": {
        "type": "Point",
        "coordinates": [
          79.723819,
          17.7438813
        ]
      },
      "id": "node/8627662830"
    },
    {
      "type": "Feature",
      "properties": {
        "@id": "node/8628711310",
        "amenity": "atm"
      },
      "geometry": {
        "type": "Point",
        "coordinates": [
          79.8048352,
          17.7952212
        ]
      },
      "id": "node/8628711310"
    },
    {
      "type": "Feature",
      "properties": {
        "@id": "node/8778800284",
        "amenity": "atm",
        "name": "SBI ATM"
      },
      "geometry": {
        "type": "Point",
        "coordinates": [
          78.5635784,
          17.405147
        ]
      },
      "id": "node/8778800284"
    },
    {
      "type": "Feature",
      "properties": {
        "@id": "node/8909248533",
        "amenity": "atm",
        "operator": "Central Bank of India ATM"
      },
      "geometry": {
        "type": "Point",
        "coordinates": [
          78.432248,
          17.4466175
        ]
      },
      "id": "node/8909248533"
    },
    {
      "type": "Feature",
      "properties": {
        "@id": "node/8921566791",
        "amenity": "atm",
        "brand": "State Bank of India",
        "brand:wikidata": "Q1340361",
        "cash_in": "yes",
        "currency:INR": "yes",
        "drive_through": "yes",
        "indoor": "no",
        "operator": "State Bank of India",
        "operator:wikidata": "Q1340361"
      },
      "geometry": {
        "type": "Point",
        "coordinates": [
          78.3515773,
          17.4458667
        ]
      },
      "id": "node/8921566791"
    },
    {
      "type": "Feature",
      "properties": {
        "@id": "node/9110329683",
        "amenity": "atm"
      },
      "geometry": {
        "type": "Point",
        "coordinates": [
          78.8528384,
          18.1032248
        ]
      },
      "id": "node/9110329683"
    },
    {
      "type": "Feature",
      "properties": {
        "@id": "node/9355605502",
        "amenity": "atm",
        "brand": "State Bank of India",
        "brand:wikidata": "Q1340361",
        "brand:wikipedia": "en:State Bank of India",
        "name": "State Bank of India",
        "operator": "State Bank of India",
        "operator:wikidata": "Q1340361",
        "operator:wikipedia": "en:State Bank of India",
        "short_name": "SBI"
      },
      "geometry": {
        "type": "Point",
        "coordinates": [
          79.6079733,
          17.9961394
        ]
      },
      "id": "node/9355605502"
    },
    {
      "type": "Feature",
      "properties": {
        "@id": "node/9355605504",
        "amenity": "atm"
      },
      "geometry": {
        "type": "Point",
        "coordinates": [
          79.6105265,
          17.9998492
        ]
      },
      "id": "node/9355605504"
    },
    {
      "type": "Feature",
      "properties": {
        "@id": "node/9355699170",
        "amenity": "atm",
        "operator": "india 1 atm"
      },
      "geometry": {
        "type": "Point",
        "coordinates": [
          79.426533,
          18.873109
        ]
      },
      "id": "node/9355699170"
    },
    {
      "type": "Feature",
      "properties": {
        "@id": "node/9360929365",
        "amenity": "atm"
      },
      "geometry": {
        "type": "Point",
        "coordinates": [
          78.5502032,
          17.4722547
        ]
      },
      "id": "node/9360929365"
    },
    {
      "type": "Feature",
      "properties": {
        "@id": "node/9605987726",
        "amenity": "atm",
        "brand": "HDFC Bank",
        "brand:wikidata": "Q631047",
        "level": "H",
        "name": "HDFC Bank",
        "operator": "HDFC Bank",
        "operator:wikidata": "Q631047",
        "short_name": "HDFC"
      },
      "geometry": {
        "type": "Point",
        "coordinates": [
          78.449655,
          17.4161363
        ]
      },
      "id": "node/9605987726"
    },
    {
      "type": "Feature",
      "properties": {
        "@id": "node/9821500172",
        "amenity": "atm"
      },
      "geometry": {
        "type": "Point",
        "coordinates": [
          78.5457308,
          17.4685454
        ]
      },
      "id": "node/9821500172"
    },
    {
      "type": "Feature",
      "properties": {
        "@id": "node/9869681837",
        "amenity": "atm",
        "brand": "Bank of India",
        "brand:wikidata": "Q2004439",
        "name": "Bank of India",
        "operator": "Bank of India",
        "operator:wikidata": "Q2004439"
      },
      "geometry": {
        "type": "Point",
        "coordinates": [
          79.6021063,
          17.9884923
        ]
      },
      "id": "node/9869681837"
    },
    {
      "type": "Feature",
      "properties": {
        "@id": "node/9885108779",
        "amenity": "atm",
        "brand": "Bank of India",
        "brand:wikidata": "Q2004439",
        "name": "Bank of India",
        "operator": "Bank of India",
        "operator:wikidata": "Q2004439"
      },
      "geometry": {
        "type": "Point",
        "coordinates": [
          78.4728996,
          17.3509112
        ]
      },
      "id": "node/9885108779"
    },
    {
      "type": "Feature",
      "properties": {
        "@id": "node/9887230608",
        "amenity": "atm",
        "brand": "ICICI Bank",
        "brand:wikidata": "Q1653258",
        "name": "ICICI Bank",
        "operator": "ICICI Bank",
        "operator:wikidata": "Q1653258",
        "short_name": "ICICI"
      },
      "geometry": {
        "type": "Point",
        "coordinates": [
          78.3876252,
          17.5044669
        ]
      },
      "id": "node/9887230608"
    },
    {
      "type": "Feature",
      "properties": {
        "@id": "node/9887230610",
        "amenity": "atm",
        "brand": "State Bank of India",
        "brand:wikidata": "Q1340361",
        "name": "State Bank of India",
        "operator": "State Bank of India",
        "operator:wikidata": "Q1340361",
        "short_name": "SBI"
      },
      "geometry": {
        "type": "Point",
        "coordinates": [
          78.3873957,
          17.5047685
        ]
      },
      "id": "node/9887230610"
    },
    {
      "type": "Feature",
      "properties": {
        "@id": "node/9887230615",
        "amenity": "atm",
        "brand": "HDFC Bank",
        "brand:wikidata": "Q631047",
        "name": "HDFC Bank",
        "operator": "HDFC Bank",
        "operator:wikidata": "Q631047",
        "short_name": "HDFC"
      },
      "geometry": {
        "type": "Point",
        "coordinates": [
          78.3845183,
          17.5103805
        ]
      },
      "id": "node/9887230615"
    },
    {
      "type": "Feature",
      "properties": {
        "@id": "node/9887289820",
        "amenity": "atm",
        "brand": "Axis Bank",
        "brand:wikidata": "Q2003549",
        "name": "Axis Bank",
        "operator": "Axis Bank",
        "operator:wikidata": "Q2003549"
      },
      "geometry": {
        "type": "Point",
        "coordinates": [
          78.3843611,
          17.5111246
        ]
      },
      "id": "node/9887289820"
    },
    {
      "type": "Feature",
      "properties": {
        "@id": "node/9887289846",
        "amenity": "atm",
        "brand": "State Bank of India",
        "brand:wikidata": "Q1340361",
        "name": "State Bank of India",
        "operator": "State Bank of India",
        "operator:wikidata": "Q1340361",
        "short_name": "SBI"
      },
      "geometry": {
        "type": "Point",
        "coordinates": [
          78.369418,
          17.5267748
        ]
      },
      "id": "node/9887289846"
    },
    {
      "type": "Feature",
      "properties": {
        "@id": "node/9887289849",
        "amenity": "atm",
        "brand": "Bank of India",
        "brand:wikidata": "Q2004439",
        "name": "Bank of India",
        "operator": "Bank of India",
        "operator:wikidata": "Q2004439"
      },
      "geometry": {
        "type": "Point",
        "coordinates": [
          78.3692745,
          17.5269117
        ]
      },
      "id": "node/9887289849"
    },
    {
      "type": "Feature",
      "properties": {
        "@id": "node/9903766096",
        "amenity": "atm",
        "operator": "HDFC ATM"
      },
      "geometry": {
        "type": "Point",
        "coordinates": [
          78.4350837,
          17.5193215
        ]
      },
      "id": "node/9903766096"
    },
    {
      "type": "Feature",
      "properties": {
        "@id": "node/9903766097",
        "amenity": "atm",
        "brand": "ICICI Bank",
        "brand:wikidata": "Q1653258",
        "name": "ICICI Bank",
        "operator": "ICICI Bank",
        "operator:wikidata": "Q1653258",
        "short_name": "ICICI"
      },
      "geometry": {
        "type": "Point",
        "coordinates": [
          78.435122,
          17.5193573
        ]
      },
      "id": "node/9903766097"
    },
    {
      "type": "Feature",
      "properties": {
        "@id": "node/9913845772",
        "amenity": "atm",
        "brand": "State Bank of India",
        "brand:wikidata": "Q1340361",
        "name": "State Bank of India",
        "operator": "State Bank of India",
        "operator:wikidata": "Q1340361",
        "short_name": "SBI"
      },
      "geometry": {
        "type": "Point",
        "coordinates": [
          79.6138006,
          17.9861927
        ]
      },
      "id": "node/9913845772"
    },
    {
      "type": "Feature",
      "properties": {
        "@id": "node/9913845773",
        "amenity": "atm",
        "brand": "HDFC Bank",
        "brand:wikidata": "Q631047",
        "name": "HDFC Bank",
        "operator": "HDFC Bank",
        "operator:wikidata": "Q631047",
        "short_name": "HDFC"
      },
      "geometry": {
        "type": "Point",
        "coordinates": [
          79.6076922,
          17.980897
        ]
      },
      "id": "node/9913845773"
    },
    {
      "type": "Feature",
      "properties": {
        "@id": "node/9913845789",
        "amenity": "atm",
        "brand": "State Bank of India",
        "brand:wikidata": "Q1340361",
        "name": "State Bank of India",
        "operator": "State Bank of India",
        "operator:wikidata": "Q1340361",
        "short_name": "SBI"
      },
      "geometry": {
        "type": "Point",
        "coordinates": [
          79.5988666,
          17.9805954
        ]
      },
      "id": "node/9913845789"
    },
    {
      "type": "Feature",
      "properties": {
        "@id": "node/9914161656",
        "amenity": "atm",
        "brand": "Bank of Baroda",
        "brand:wikidata": "Q2003797",
        "name": "Bank of Baroda",
        "operator": "Bank of Baroda",
        "operator:wikidata": "Q2003797"
      },
      "geometry": {
        "type": "Point",
        "coordinates": [
          78.5890402,
          17.3320559
        ]
      },
      "id": "node/9914161656"
    },
    {
      "type": "Feature",
      "properties": {
        "@id": "node/9918503017",
        "addr:city": "Hyderabad",
        "addr:street": "Chandragiri Nagar",
        "amenity": "atm",
        "brand": "HDFC Bank",
        "brand:wikidata": "Q631047",
        "name": "HDFC Bank",
        "opening_hours": "24/7",
        "operator": "HDFC Bank",
        "operator:wikidata": "Q631047",
        "short_name": "HDFC"
      },
      "geometry": {
        "type": "Point",
        "coordinates": [
          78.4265864,
          17.5153941
        ]
      },
      "id": "node/9918503017"
    },
    {
      "type": "Feature",
      "properties": {
        "@id": "node/9918865434",
        "amenity": "atm",
        "brand": "HDFC Bank",
        "brand:wikidata": "Q631047",
        "name": "HDFC Bank",
        "operator": "HDFC Bank",
        "operator:wikidata": "Q631047",
        "short_name": "HDFC"
      },
      "geometry": {
        "type": "Point",
        "coordinates": [
          78.4270278,
          17.5170484
        ]
      },
      "id": "node/9918865434"
    },
    {
      "type": "Feature",
      "properties": {
        "@id": "node/9961269572",
        "amenity": "atm",
        "brand": "State Bank of India",
        "brand:wikidata": "Q1340361",
        "name": "State Bank of India",
        "operator": "State Bank of India",
        "operator:wikidata": "Q1340361",
        "short_name": "SBI"
      },
      "geometry": {
        "type": "Point",
        "coordinates": [
          79.483233,
          18.762001
        ]
      },
      "id": "node/9961269572"
    },
    {
      "type": "Feature",
      "properties": {
        "@id": "node/9961457554",
        "amenity": "atm",
        "currency:INR": "yes"
      },
      "geometry": {
        "type": "Point",
        "coordinates": [
          78.3985162,
          17.3211824
        ]
      },
      "id": "node/9961457554"
    },
    {
      "type": "Feature",
      "properties": {
        "@id": "node/10065489720",
        "amenity": "atm"
      },
      "geometry": {
        "type": "Point",
        "coordinates": [
          80.0724734,
          18.5036002
        ]
      },
      "id": "node/10065489720"
    },
    {
      "type": "Feature",
      "properties": {
        "@id": "node/10113474517",
        "amenity": "atm",
        "operator": "SBI Bank"
      },
      "geometry": {
        "type": "Point",
        "coordinates": [
          78.3623182,
          17.4756889
        ]
      },
      "id": "node/10113474517"
    },
    {
      "type": "Feature",
      "properties": {
        "@id": "node/10150942412",
        "amenity": "atm",
        "brand": "HDFC Bank",
        "brand:wikidata": "Q631047",
        "operator": "HDFC Bank",
        "operator:wikidata": "Q631047",
        "short_name": "HDFC"
      },
      "geometry": {
        "type": "Point",
        "coordinates": [
          78.356004,
          17.4619676
        ]
      },
      "id": "node/10150942412"
    },
    {
      "type": "Feature",
      "properties": {
        "@id": "node/10171342020",
        "amenity": "atm"
      },
      "geometry": {
        "type": "Point",
        "coordinates": [
          78.3916139,
          17.4430158
        ]
      },
      "id": "node/10171342020"
    },
    {
      "type": "Feature",
      "properties": {
        "@id": "node/10171342021",
        "amenity": "atm",
        "brand": "HDFC Bank",
        "brand:wikidata": "Q631047",
        "name": "HDFC ATM",
        "operator": "HDFC Bank",
        "operator:wikidata": "Q631047",
        "short_name": "HDFC"
      },
      "geometry": {
        "type": "Point",
        "coordinates": [
          78.3922374,
          17.4454861
        ]
      },
      "id": "node/10171342021"
    },
    {
      "type": "Feature",
      "properties": {
        "@id": "node/10171342022",
        "amenity": "atm",
        "brand": "Axis Bank",
        "brand:wikidata": "Q2003549",
        "name": "Axis ATM",
        "operator": "Axis Bank",
        "operator:wikidata": "Q2003549"
      },
      "geometry": {
        "type": "Point",
        "coordinates": [
          78.3922408,
          17.4455652
        ]
      },
      "id": "node/10171342022"
    },
    {
      "type": "Feature",
      "properties": {
        "@id": "node/10262083198",
        "amenity": "atm",
        "brand": "State Bank of India",
        "brand:wikidata": "Q1340361",
        "name": "Sbi Atm",
        "operator": "State Bank of India",
        "operator:wikidata": "Q1340361",
        "short_name": "SBI"
      },
      "geometry": {
        "type": "Point",
        "coordinates": [
          78.5256244,
          17.4447088
        ]
      },
      "id": "node/10262083198"
    },
    {
      "type": "Feature",
      "properties": {
        "@id": "node/10262351783",
        "amenity": "atm",
        "brand": "State Bank of India",
        "brand:wikidata": "Q1340361",
        "name": "ATM",
        "operator": "State Bank of India",
        "operator:wikidata": "Q1340361",
        "short_name": "SBI"
      },
      "geometry": {
        "type": "Point",
        "coordinates": [
          79.9044398,
          17.9440194
        ]
      },
      "id": "node/10262351783"
    },
    {
      "type": "Feature",
      "properties": {
        "@id": "node/10277946533",
        "amenity": "atm",
        "brand": "HDFC Bank",
        "brand:wikidata": "Q631047",
        "name": "HDFC ATM",
        "operator": "HDFC Bank",
        "operator:wikidata": "Q631047",
        "short_name": "HDFC"
      },
      "geometry": {
        "type": "Point",
        "coordinates": [
          78.5632523,
          17.404037
        ]
      },
      "id": "node/10277946533"
    },
    {
      "type": "Feature",
      "properties": {
        "@id": "node/10279635964",
        "amenity": "atm",
        "brand": "HDFC Bank",
        "brand:wikidata": "Q631047",
        "name": "HDFC Cash Machine",
        "operator": "HDFC Bank",
        "operator:wikidata": "Q631047",
        "short_name": "HDFC"
      },
      "geometry": {
        "type": "Point",
        "coordinates": [
          78.5274027,
          17.3680646
        ]
      },
      "id": "node/10279635964"
    },
    {
      "type": "Feature",
      "properties": {
        "@id": "node/10279697184",
        "amenity": "atm",
        "brand": "State Bank of India",
        "brand:wikidata": "Q1340361",
        "name": "SBI ATM",
        "operator": "State Bank of India",
        "operator:wikidata": "Q1340361",
        "short_name": "SBI"
      },
      "geometry": {
        "type": "Point",
        "coordinates": [
          78.5642022,
          17.3395566
        ]
      },
      "id": "node/10279697184"
    },
    {
      "type": "Feature",
      "properties": {
        "@id": "node/10279859238",
        "amenity": "atm",
        "brand": "Karur Vysya Bank",
        "brand:wikidata": "Q6373724",
        "operator": "Karur Vysya Bank",
        "operator:wikidata": "Q6373724"
      },
      "geometry": {
        "type": "Point",
        "coordinates": [
          78.5692774,
          17.3340553
        ]
      },
      "id": "node/10279859238"
    },
    {
      "type": "Feature",
      "properties": {
        "@id": "node/10279859269",
        "amenity": "atm",
        "brand": "Andhra Bank",
        "brand:wikidata": "Q2003476",
        "operator": "Andhra Bank",
        "operator:wikidata": "Q2003476"
      },
      "geometry": {
        "type": "Point",
        "coordinates": [
          78.568967,
          17.3297418
        ]
      },
      "id": "node/10279859269"
    },
    {
      "type": "Feature",
      "properties": {
        "@id": "node/10279867444",
        "amenity": "atm",
        "brand": "HDFC Bank",
        "brand:wikidata": "Q631047",
        "operator": "HDFC Bank",
        "operator:wikidata": "Q631047",
        "short_name": "HDFC"
      },
      "geometry": {
        "type": "Point",
        "coordinates": [
          78.5281364,
          17.322917
        ]
      },
      "id": "node/10279867444"
    },
    {
      "type": "Feature",
      "properties": {
        "@id": "node/10279877032",
        "amenity": "atm"
      },
      "geometry": {
        "type": "Point",
        "coordinates": [
          78.4374494,
          17.3012541
        ]
      },
      "id": "node/10279877032"
    },
    {
      "type": "Feature",
      "properties": {
        "@id": "node/10279877054",
        "amenity": "atm"
      },
      "geometry": {
        "type": "Point",
        "coordinates": [
          78.4386014,
          17.3015646
        ]
      },
      "id": "node/10279877054"
    },
    {
      "type": "Feature",
      "properties": {
        "@id": "node/10279877055",
        "amenity": "atm"
      },
      "geometry": {
        "type": "Point",
        "coordinates": [
          78.4390539,
          17.3034292
        ]
      },
      "id": "node/10279877055"
    },
    {
      "type": "Feature",
      "properties": {
        "@id": "node/10280090374",
        "amenity": "atm"
      },
      "geometry": {
        "type": "Point",
        "coordinates": [
          78.4401346,
          17.3129738
        ]
      },
      "id": "node/10280090374"
    },
    {
      "type": "Feature",
      "properties": {
        "@id": "node/10280090376",
        "amenity": "atm"
      },
      "geometry": {
        "type": "Point",
        "coordinates": [
          78.4400891,
          17.3129548
        ]
      },
      "id": "node/10280090376"
    },
    {
      "type": "Feature",
      "properties": {
        "@id": "node/10280145227",
        "amenity": "atm",
        "brand": "State Bank of India",
        "brand:wikidata": "Q1340361",
        "operator": "State Bank of India",
        "operator:wikidata": "Q1340361",
        "short_name": "SBI"
      },
      "geometry": {
        "type": "Point",
        "coordinates": [
          80.7031332,
          17.6000531
        ]
      },
      "id": "node/10280145227"
    },
    {
      "type": "Feature",
      "properties": {
        "@id": "node/10542779726",
        "amenity": "atm"
      },
      "geometry": {
        "type": "Point",
        "coordinates": [
          78.2227113,
          17.1825558
        ]
      },
      "id": "node/10542779726"
    },
    {
      "type": "Feature",
      "properties": {
        "@id": "node/10718148980",
        "amenity": "atm",
        "brand": "Axis Bank",
        "brand:wikidata": "Q2003549",
        "operator": "Axis Bank",
        "operator:wikidata": "Q2003549"
      },
      "geometry": {
        "type": "Point",
        "coordinates": [
          78.3767181,
          17.441697
        ]
      },
      "id": "node/10718148980"
    },
    {
      "type": "Feature",
      "properties": {
        "@id": "node/10718148981",
        "amenity": "atm",
        "brand": "HDFC Bank",
        "brand:wikidata": "Q631047",
        "operator": "HDFC Bank",
        "operator:wikidata": "Q631047",
        "short_name": "HDFC"
      },
      "geometry": {
        "type": "Point",
        "coordinates": [
          78.3766423,
          17.4414842
        ]
      },
      "id": "node/10718148981"
    },
    {
      "type": "Feature",
      "properties": {
        "@id": "node/10806671045",
        "amenity": "atm",
        "brand": "State Bank of India",
        "brand:wikidata": "Q1340361",
        "name": "Sbi Atm",
        "operator": "State Bank of India",
        "operator:wikidata": "Q1340361",
        "short_name": "SBI"
      },
      "geometry": {
        "type": "Point",
        "coordinates": [
          78.5965658,
          17.4946466
        ]
      },
      "id": "node/10806671045"
    },
    {
      "type": "Feature",
      "properties": {
        "@id": "node/10806799996",
        "amenity": "atm",
        "brand": "State Bank of India",
        "brand:wikidata": "Q1340361",
        "name": "Sbi atm",
        "operator": "State Bank of India",
        "operator:wikidata": "Q1340361",
        "short_name": "SBI"
      },
      "geometry": {
        "type": "Point",
        "coordinates": [
          78.5887437,
          17.5018225
        ]
      },
      "id": "node/10806799996"
    },
    {
      "type": "Feature",
      "properties": {
        "@id": "node/10845803042",
        "amenity": "atm",
        "operator": "Federal Bank ATM"
      },
      "geometry": {
        "type": "Point",
        "coordinates": [
          78.5663173,
          17.401143
        ]
      },
      "id": "node/10845803042"
    },
    {
      "type": "Feature",
      "properties": {
        "@id": "node/10962573480",
        "amenity": "atm",
        "brand": "State Bank of India",
        "brand:wikidata": "Q1340361",
        "drive_through": "no",
        "name": "sbi atm",
        "operator": "State Bank of India",
        "operator:wikidata": "Q1340361",
        "short_name": "SBI"
      },
      "geometry": {
        "type": "Point",
        "coordinates": [
          79.5660637,
          16.8735207
        ]
      },
      "id": "node/10962573480"
    },
    {
      "type": "Feature",
      "properties": {
        "@id": "node/11027534551",
        "amenity": "atm",
        "brand": "State Bank of India",
        "brand:wikidata": "Q1340361",
        "name": "State Bank of India",
        "operator": "State Bank of India",
        "operator:wikidata": "Q1340361",
        "short_name": "SBI"
      },
      "geometry": {
        "type": "Point",
        "coordinates": [
          78.445258,
          17.4317985
        ]
      },
      "id": "node/11027534551"
    },
    {
      "type": "Feature",
      "properties": {
        "@id": "node/11031494300",
        "amenity": "atm",
        "brand": "State Bank of India",
        "brand:wikidata": "Q1340361",
        "name": "SBI ATM machine",
        "operator": "State Bank of India",
        "operator:wikidata": "Q1340361",
        "short_name": "SBI"
      },
      "geometry": {
        "type": "Point",
        "coordinates": [
          79.5218067,
          18.7418377
        ]
      },
      "id": "node/11031494300"
    },
    {
      "type": "Feature",
      "properties": {
        "@id": "node/11031564441",
        "amenity": "atm"
      },
      "geometry": {
        "type": "Point",
        "coordinates": [
          79.522743,
          18.7388183
        ]
      },
      "id": "node/11031564441"
    },
    {
      "type": "Feature",
      "properties": {
        "@id": "node/11031586491",
        "amenity": "atm",
        "brand": "State Bank of India",
        "brand:wikidata": "Q1340361",
        "operator": "State Bank of India",
        "operator:wikidata": "Q1340361",
        "short_name": "SBI"
      },
      "geometry": {
        "type": "Point",
        "coordinates": [
          79.5194716,
          18.7348131
        ]
      },
      "id": "node/11031586491"
    },
    {
      "type": "Feature",
      "properties": {
        "@id": "node/11084918134",
        "amenity": "atm",
        "operator": "ICICI ATM"
      },
      "geometry": {
        "type": "Point",
        "coordinates": [
          78.4173819,
          17.453921
        ]
      },
      "id": "node/11084918134"
    },
    {
      "type": "Feature",
      "properties": {
        "@id": "node/11098927605",
        "amenity": "atm",
        "operator": "HDFC"
      },
      "geometry": {
        "type": "Point",
        "coordinates": [
          78.536874,
          17.3934768
        ]
      },
      "id": "node/11098927605"
    },
    {
      "type": "Feature",
      "properties": {
        "@id": "node/11128623621",
        "amenity": "atm",
        "name": "Canara Bank, Mahabubnagar",
        "operator": "Canara Bank"
      },
      "geometry": {
        "type": "Point",
        "coordinates": [
          77.9990617,
          16.748439
        ]
      },
      "id": "node/11128623621"
    },
    {
      "type": "Feature",
      "properties": {
        "@id": "node/11128623622",
        "amenity": "atm",
        "atm": "yes",
        "cash_in": "no",
        "covered": "yes",
        "drive_through": "no",
        "indoor": "yes",
        "lit": "yes",
        "name": "IDBI Bank",
        "wheelchair": "limited"
      },
      "geometry": {
        "type": "Point",
        "coordinates": [
          77.999695,
          16.7483973
        ]
      },
      "id": "node/11128623622"
    },
    {
      "type": "Feature",
      "properties": {
        "@id": "node/11383077520",
        "amenity": "atm",
        "brand": "IDBI Bank",
        "brand:wikidata": "Q3633485",
        "operator": "IDBI Bank",
        "operator:wikidata": "Q3633485",
        "short_name": "IDBI"
      },
      "geometry": {
        "type": "Point",
        "coordinates": [
          78.5670768,
          17.4016054
        ]
      },
      "id": "node/11383077520"
    },
    {
      "type": "Feature",
      "properties": {
        "@id": "node/11545585937",
        "amenity": "atm",
        "atm": "yes",
        "brand": "State Bank of India",
        "brand:wikidata": "Q1340361",
        "name": "SBI ATM",
        "operator": "State Bank of India",
        "operator:wikidata": "Q1340361",
        "short_name": "SBI"
      },
      "geometry": {
        "type": "Point",
        "coordinates": [
          78.4307052,
          17.2352031
        ]
      },
      "id": "node/11545585937"
    },
    {
      "type": "Feature",
      "properties": {
        "@id": "node/11545585938",
        "amenity": "atm",
        "atm": "yes",
        "brand": "HDFC Bank",
        "brand:wikidata": "Q631047",
        "name": "HDFC Bank ATM",
        "operator": "HDFC Bank",
        "operator:wikidata": "Q631047",
        "short_name": "HDFC"
      },
      "geometry": {
        "type": "Point",
        "coordinates": [
          78.4296424,
          17.235901
        ]
      },
      "id": "node/11545585938"
    },
    {
      "type": "Feature",
      "properties": {
        "@id": "node/11545585939",
        "amenity": "atm",
        "atm": "yes",
        "name": "Kotak Bank ATM"
      },
      "geometry": {
        "type": "Point",
        "coordinates": [
          78.4298079,
          17.2362419
        ]
      },
      "id": "node/11545585939"
    },
    {
      "type": "Feature",
      "properties": {
        "@id": "node/11545585940",
        "amenity": "atm",
        "atm": "yes",
        "brand": "Karur Vysya Bank",
        "brand:wikidata": "Q6373724",
        "name": "KVB Bank ATM",
        "operator": "Karur Vysya Bank",
        "operator:wikidata": "Q6373724",
        "short_name": "HDFC"
      },
      "geometry": {
        "type": "Point",
        "coordinates": [
          78.4297764,
          17.2362524
        ]
      },
      "id": "node/11545585940"
    },
    {
      "type": "Feature",
      "properties": {
        "@id": "node/11545585941",
        "amenity": "atm",
        "atm": "yes",
        "brand": "State Bank of India",
        "brand:wikidata": "Q1340361",
        "name": "SBI Bank ATM",
        "operator": "State Bank of India",
        "operator:wikidata": "Q1340361",
        "short_name": "SBI"
      },
      "geometry": {
        "type": "Point",
        "coordinates": [
          78.4295436,
          17.2365606
        ]
      },
      "id": "node/11545585941"
    },
    {
      "type": "Feature",
      "properties": {
        "@id": "node/11545585942",
        "amenity": "atm",
        "atm": "yes",
        "brand": "Bank of Baroda",
        "brand:wikidata": "Q2003797",
        "operator": "Bank of Baroda",
        "operator:wikidata": "Q2003797"
      },
      "geometry": {
        "type": "Point",
        "coordinates": [
          78.4295977,
          17.2365889
        ]
      },
      "id": "node/11545585942"
    },
    {
      "type": "Feature",
      "properties": {
        "@id": "node/11545585943",
        "amenity": "atm",
        "atm": "yes",
        "brand": "Union Bank of India",
        "brand:wikidata": "Q2004078",
        "name": "Andhra Bank ATM",
        "operator": "Union Bank of India",
        "operator:wikidata": "Q2004078"
      },
      "geometry": {
        "type": "Point",
        "coordinates": [
          78.4294234,
          17.2364729
        ]
      },
      "id": "node/11545585943"
    },
    {
      "type": "Feature",
      "properties": {
        "@id": "node/11545585944",
        "amenity": "atm",
        "atm": "yes",
        "brand": "Bank of Baroda",
        "brand:wikidata": "Q2003797",
        "name": "Vijaya Bank ATM",
        "operator": "Bank of Baroda",
        "operator:wikidata": "Q2003797"
      },
      "geometry": {
        "type": "Point",
        "coordinates": [
          78.4293292,
          17.236655
        ]
      },
      "id": "node/11545585944"
    },
    {
      "type": "Feature",
      "properties": {
        "@id": "node/11545585945",
        "amenity": "atm",
        "atm": "yes",
        "name": "SBI Bank ATM, Kotak Bank ATM, Canara Bank ATM",
        "operator": "SBI Bank ATM, Kotak Bank ATM, Canara Bank ATM"
      },
      "geometry": {
        "type": "Point",
        "coordinates": [
          78.4290249,
          17.2365931
        ]
      },
      "id": "node/11545585945"
    },
    {
      "type": "Feature",
      "properties": {
        "@id": "node/11591292977",
        "amenity": "atm",
        "brand": "Union Bank of India",
        "brand:wikidata": "Q2004078",
        "currency:INR": "yes",
        "drive_through": "yes",
        "name": "Union Bank of India",
        "operator": "Union Bank of India",
        "operator:wikidata": "Q2004078"
      },
      "geometry": {
        "type": "Point",
        "coordinates": [
          80.6152413,
          17.5377011
        ]
      },
      "id": "node/11591292977"
    },
    {
      "type": "Feature",
      "properties": {
        "@id": "node/11691155564",
        "amenity": "atm"
      },
      "geometry": {
        "type": "Point",
        "coordinates": [
          78.5514425,
          17.4755912
        ]
      },
      "id": "node/11691155564"
    },
    {
      "type": "Feature",
      "properties": {
        "@id": "node/11697432581",
        "amenity": "atm"
      },
      "geometry": {
        "type": "Point",
        "coordinates": [
          78.5520219,
          17.4757799
        ]
      },
      "id": "node/11697432581"
    },
    {
      "type": "Feature",
      "properties": {
        "@id": "node/11697918672",
        "amenity": "atm"
      },
      "geometry": {
        "type": "Point",
        "coordinates": [
          78.3325806,
          18.3260062
        ]
      },
      "id": "node/11697918672"
    },
    {
      "type": "Feature",
      "properties": {
        "@id": "node/11707132469",
        "amenity": "atm"
      },
      "geometry": {
        "type": "Point",
        "coordinates": [
          78.4367886,
          17.4555841
        ]
      },
      "id": "node/11707132469"
    },
    {
      "type": "Feature",
      "properties": {
        "@id": "node/11736396275",
        "amenity": "atm",
        "brand": "Indian Bank",
        "brand:wikidata": "Q2003789",
        "check_date": "2024-03-16",
        "operator": "Indian Bank",
        "operator:wikidata": "Q2003789"
      },
      "geometry": {
        "type": "Point",
        "coordinates": [
          78.3946942,
          17.4948333
        ]
      },
      "id": "node/11736396275"
    },
    {
      "type": "Feature",
      "properties": {
        "@id": "node/11736398312",
        "amenity": "atm",
        "brand": "State Bank of India",
        "brand:wikidata": "Q1340361",
        "check_date": "2024-03-16",
        "operator": "State Bank of India",
        "operator:wikidata": "Q1340361",
        "short_name": "SBI"
      },
      "geometry": {
        "type": "Point",
        "coordinates": [
          78.3929219,
          17.4956808
        ]
      },
      "id": "node/11736398312"
    },
    {
      "type": "Feature",
      "properties": {
        "@id": "node/11873403769",
        "amenity": "atm",
        "email": "customercare@sbi.co.in",
        "opening_hours": "24/7",
        "operator": "SBI ATM",
        "website": "https://sbi.co.in"
      },
      "geometry": {
        "type": "Point",
        "coordinates": [
          78.5092283,
          17.4204784
        ]
      },
      "id": "node/11873403769"
    },
    {
      "type": "Feature",
      "properties": {
        "@id": "node/11981728405",
        "addr:district": "Suryapet",
        "addr:postcode": "508213",
        "addr:street": "Housing Board Colony",
        "amenity": "atm",
        "atm": "yes",
        "brand": "State Bank of India",
        "brand:wikidata": "Q1340361",
        "currency:rupee": "yes",
        "drive_through": "no",
        "name": "State Bank of India",
        "operator": "State Bank of India",
        "operator:wikidata": "Q1340361",
        "short_name": "SBI"
      },
      "geometry": {
        "type": "Point",
        "coordinates": [
          79.6303273,
          17.1338541
        ]
      },
      "id": "node/11981728405"
    },
    {
      "type": "Feature",
      "properties": {
        "@id": "node/11986532069",
        "addr:housenumber": "84-6",
        "addr:street": "Main Road Madhira",
        "amenity": "atm",
        "brand": "Bank of India",
        "brand:wikidata": "Q2004439",
        "cash_in": "yes",
        "check_date": "2024-06-17",
        "drive_through": "yes",
        "operator": "Central Bank Of India",
        "operator:wikidata": "Q2004439"
      },
      "geometry": {
        "type": "Point",
        "coordinates": [
          80.3629067,
          16.9199591
        ]
      },
      "id": "node/11986532069"
    },
    {
      "type": "Feature",
      "properties": {
        "@id": "node/11989477260",
        "amenity": "atm",
        "check_date": "2024-06-18"
      },
      "geometry": {
        "type": "Point",
        "coordinates": [
          80.1408616,
          17.2494801
        ]
      },
      "id": "node/11989477260"
    },
    {
      "type": "Feature",
      "properties": {
        "@id": "node/11989558281",
        "amenity": "atm",
        "check_date": "2024-06-18"
      },
      "geometry": {
        "type": "Point",
        "coordinates": [
          80.1430102,
          17.2495977
        ]
      },
      "id": "node/11989558281"
    },
    {
      "type": "Feature",
      "properties": {
        "@id": "node/11990117918",
        "amenity": "atm",
        "cash_in": "yes",
        "check_date": "2024-06-18"
      },
      "geometry": {
        "type": "Point",
        "coordinates": [
          80.6100546,
          17.5614288
        ]
      },
      "id": "node/11990117918"
    },
    {
      "type": "Feature",
      "properties": {
        "@id": "node/12483896702",
        "amenity": "atm",
        "brand": "ICICI Bank",
        "brand:wikidata": "Q1653258",
        "operator": "ICICI Bank",
        "operator:wikidata": "Q1653258",
        "short_name": "ICICI"
      },
      "geometry": {
        "type": "Point",
        "coordinates": [
          78.3404213,
          17.4350246
        ]
      },
      "id": "node/12483896702"
    },
    {
      "type": "Feature",
      "properties": {
        "@id": "node/12759673564",
        "amenity": "atm",
        "branch": "Shaikpet",
        "brand": "HDFC Bank",
        "brand:wikidata": "Q631047",
        "cash_in": "no",
        "covered": "yes",
        "currency:INR": "yes",
        "drive_through": "no",
        "indoor": "yes",
        "lit": "yes",
        "name": "HDFC Bank ATM",
        "operator": "HDFC Bank",
        "operator:wikidata": "Q631047",
        "short_name": "HDFC",
        "source": "survey",
        "wheelchair": "limited"
      },
      "geometry": {
        "type": "Point",
        "coordinates": [
          78.4018387,
          17.4045575
        ]
      },
      "id": "node/12759673564"
    },
    {
      "type": "Feature",
      "properties": {
        "@id": "node/12918521466",
        "amenity": "atm",
        "brand": "Andhra Pradesh Grameena Vikas Bank",
        "brand:en": "Andhra Pradesh Grameena Vikas Bank",
        "brand:te": "ఆంధ్ర‌ప్ర‌దేశ్ గ్రామీణ వికాస్ బ్యాంక్",
        "brand:wikidata": "Q18109664",
        "operator": "Andhra Pradesh Grameena Vikas Bank",
        "operator:wikidata": "Q18109664"
      },
      "geometry": {
        "type": "Point",
        "coordinates": [
          79.4303487,
          17.6606406
        ]
      },
      "id": "node/12918521466"
    },
    {
      "type": "Feature",
      "properties": {
        "@id": "node/13409219048",
        "amenity": "atm",
        "brand": "Axis Bank",
        "brand:wikidata": "Q2003549",
        "covered": "yes",
        "currency:INR": "yes",
        "drive_through": "no",
        "indoor": "yes",
        "opening_hours": "24/7",
        "operator": "Axis Bank",
        "operator:wikidata": "Q2003549"
      },
      "geometry": {
        "type": "Point",
        "coordinates": [
          78.3813482,
          17.4226446
        ]
      },
      "id": "node/13409219048"
    },
    {
      "type": "Feature",
      "properties": {
        "@id": "node/13420535431",
        "amenity": "atm",
        "brand": "South Indian Bank",
        "brand:wikidata": "Q2044973",
        "currency:INR": "yes",
        "operator": "South Indian Bank",
        "operator:wikidata": "Q2044973"
      },
      "geometry": {
        "type": "Point",
        "coordinates": [
          79.5228457,
          17.9846201
        ]
      },
      "id": "node/13420535431"
    },
    {
      "type": "Feature",
      "properties": {
        "@id": "node/13426479602",
        "amenity": "atm",
        "brand": "Axis Bank",
        "brand:wikidata": "Q2003549",
        "currency:INR": "yes",
        "network": "Axis bank",
        "operator": "Axis Bank",
        "operator:wikidata": "Q2003549"
      },
      "geometry": {
        "type": "Point",
        "coordinates": [
          78.537549,
          17.435739
        ]
      },
      "id": "node/13426479602"
    },
    {
      "type": "Feature",
      "properties": {
        "@id": "node/13436947543",
        "amenity": "atm",
        "brand": "Canara Bank",
        "brand:en": "Canara Bank",
        "brand:hi": "केनरा बैंक",
        "brand:kn": "ಕೆನರಾ ಬ್ಯಾಂಕ್",
        "brand:pa": "ਕੇਨਰਾ ਬੈਂਕ",
        "brand:pnb": "کینرا بینک",
        "brand:ur": "کینرا بینک",
        "brand:wikidata": "Q2003777",
        "cash_in": "yes",
        "operator": "Canara Bank",
        "operator:wikidata": "Q2003777"
      },
      "geometry": {
        "type": "Point",
        "coordinates": [
          78.3951794,
          17.3646834
        ]
      },
      "id": "node/13436947543"
    },
    {
      "type": "Feature",
      "properties": {
        "@id": "node/13436947577",
        "amenity": "atm",
        "brand": "Axis Bank",
        "brand:wikidata": "Q2003549",
        "cash_in": "yes",
        "operator": "Axis Bank",
        "operator:wikidata": "Q2003549"
      },
      "geometry": {
        "type": "Point",
        "coordinates": [
          78.3961004,
          17.3652618
        ]
      },
      "id": "node/13436947577"
    },
    {
      "type": "Feature",
      "properties": {
        "@id": "node/13437025194",
        "amenity": "atm",
        "brand": "Axis Bank",
        "brand:wikidata": "Q2003549",
        "operator": "Axis Bank",
        "operator:wikidata": "Q2003549"
      },
      "geometry": {
        "type": "Point",
        "coordinates": [
          78.3949074,
          17.3643088
        ]
      },
      "id": "node/13437025194"
    },
    {
      "type": "Feature",
      "properties": {
        "@id": "node/13525987901",
        "amenity": "atm"
      },
      "geometry": {
        "type": "Point",
        "coordinates": [
          78.4081069,
          17.4581905
        ]
      },
      "id": "node/13525987901"
    },
    {
      "type": "Feature",
      "properties": {
        "@id": "node/13525988001",
        "amenity": "atm"
      },
      "geometry": {
        "type": "Point",
        "coordinates": [
          78.4081069,
          17.4581905
        ]
      },
      "id": "node/13525988001"
    },
    {
      "type": "Feature",
      "properties": {
        "@id": "node/13525988101",
        "amenity": "atm"
      },
      "geometry": {
        "type": "Point",
        "coordinates": [
          78.3754667,
          17.4489177
        ]
      },
      "id": "node/13525988101"
    },
    {
      "type": "Feature",
      "properties": {
        "@id": "node/13525988201",
        "amenity": "atm"
      },
      "geometry": {
        "type": "Point",
        "coordinates": [
          78.3726582,
          17.4499004
        ]
      },
      "id": "node/13525988201"
    },
    {
      "type": "Feature",
      "properties": {
        "@id": "node/13536912456",
        "amenity": "atm",
        "brand": "Axis Bank",
        "brand:wikidata": "Q2003549",
        "check_date": "2026-02-09",
        "operator": "Axis Bank",
        "operator:wikidata": "Q2003549"
      },
      "geometry": {
        "type": "Point",
        "coordinates": [
          78.5035263,
          17.4354266
        ]
      },
      "id": "node/13536912456"
    },
    {
      "type": "Feature",
      "properties": {
        "@id": "node/13542495115",
        "amenity": "atm",
        "brand": "State Bank of India",
        "brand:wikidata": "Q1340361",
        "operator": "State Bank of India",
        "operator:wikidata": "Q1340361"
      },
      "geometry": {
        "type": "Point",
        "coordinates": [
          78.1265936,
          18.7033471
        ]
      },
      "id": "node/13542495115"
    }
  ]
}