{
  "type": "FeatureCollection",
  "generator": "overpass-turbo",
  "copyright": "The data included in this document is from www.openstreetmap.org. The data is made available under ODbL.",
  "timestamp": "2026-02-15T07:57:00Z",
  "features": [
    {
      "type": "Feature",
      "properties": {
        "@id": "node/321712773",
        "amenity": "fuel",
        "name": "Bharat Petrol Pump"
      },
      "geometry": {
        "type": "Point",
        "coordinates": [
          78.5310796,
          17.4272158
        ]
      },
      "id": "node/321712773"
    },
    {
      "type": "Feature",
      "properties": {
        "@id": "node/321712774",
        "amenity": "fuel",
        "name": "Tarnaka Agencies Petrol Pump"
      },
      "geometry": {
        "type": "Point",
        "coordinates": [
          78.5314488,
          17.4267938
        ]
      },
      "id": "node/321712774"
    },
    {
      "type": "Feature",
      "properties": {
        "@id": "node/321712775",
        "amenity": "fuel",
        "created_by": "Potlatch 0.10f"
      },
      "geometry": {
        "type": "Point",
        "coordinates": [
          78.5303137,
          17.4271001
        ]
      },
      "id": "node/321712775"
    },
    {
      "type": "Feature",
      "properties": {
        "@id": "node/344033815",
        "amenity": "fuel",
        "brand": "Indian Oil",
        "brand:wikidata": "Q1289348",
        "brand:wikipedia": "en:Indian Oil Corporation",
        "name": "Indian Oil",
        "operator": "IBP"
      },
      "geometry": {
        "type": "Point",
        "coordinates": [
          78.3996269,
          17.4380252
        ]
      },
      "id": "node/344033815"
    },
    {
      "type": "Feature",
      "properties": {
        "@id": "node/349267514",
        "amenity": "fuel",
        "brand": "Indian Oil",
        "brand:wikidata": "Q1289348",
        "brand:wikipedia": "en:Indian Oil Corporation",
        "name": "Indian Oil Madhapur"
      },
      "geometry": {
        "type": "Point",
        "coordinates": [
          78.3913972,
          17.4407798
        ]
      },
      "id": "node/349267514"
    },
    {
      "type": "Feature",
      "properties": {
        "@id": "node/632220328",
        "amenity": "fuel",
        "name": "HP"
      },
      "geometry": {
        "type": "Point",
        "coordinates": [
          80.1574383,
          17.2514898
        ]
      },
      "id": "node/632220328"
    },
    {
      "type": "Feature",
      "properties": {
        "@id": "node/634125053",
        "amenity": "fuel"
      },
      "geometry": {
        "type": "Point",
        "coordinates": [
          78.5093523,
          17.4020866
        ]
      },
      "id": "node/634125053"
    },
    {
      "type": "Feature",
      "properties": {
        "@id": "node/635574643",
        "amenity": "fuel"
      },
      "geometry": {
        "type": "Point",
        "coordinates": [
          78.513264,
          17.40581
        ]
      },
      "id": "node/635574643"
    },
    {
      "type": "Feature",
      "properties": {
        "@id": "node/636041696",
        "addr:city": "khammam",
        "addr:street": "wyra road",
        "amenity": "fuel",
        "name": "Petrol bunk"
      },
      "geometry": {
        "type": "Point",
        "coordinates": [
          80.1448326,
          17.2505522
        ]
      },
      "id": "node/636041696"
    },
    {
      "type": "Feature",
      "properties": {
        "@id": "node/649056291",
        "amenity": "fuel",
        "description": "Indian Oil Petrol Station",
        "name": "M.B.R Fuel Point",
        "place": "kanajiguda"
      },
      "geometry": {
        "type": "Point",
        "coordinates": [
          78.4968743,
          17.4850231
        ]
      },
      "id": "node/649056291"
    },
    {
      "type": "Feature",
      "properties": {
        "@id": "node/674066976",
        "amenity": "fuel",
        "name": "HP"
      },
      "geometry": {
        "type": "Point",
        "coordinates": [
          80.1460573,
          17.2640633
        ]
      },
      "id": "node/674066976"
    },
    {
      "type": "Feature",
      "properties": {
        "@id": "node/761871292",
        "amenity": "fuel",
        "name": "Prerana",
        "operator": "Bharat Petroleum"
      },
      "geometry": {
        "type": "Point",
        "coordinates": [
          80.1567278,
          17.2511847
        ]
      },
      "id": "node/761871292"
    },
    {
      "type": "Feature",
      "properties": {
        "@id": "node/813570842",
        "amenity": "fuel",
        "brand": "Indian Oil",
        "brand:wikidata": "Q1289348",
        "brand:wikipedia": "en:Indian Oil Corporation",
        "name": "Indian Oil"
      },
      "geometry": {
        "type": "Point",
        "coordinates": [
          78.451396,
          17.4263594
        ]
      },
      "id": "node/813570842"
    },
    {
      "type": "Feature",
      "properties": {
        "@id": "node/813571228",
        "amenity": "fuel",
        "brand": "Indian Oil",
        "brand:wikidata": "Q1289348",
        "brand:wikipedia": "en:Indian Oil Corporation",
        "name": "Indian Oil"
      },
      "geometry": {
        "type": "Point",
        "coordinates": [
          78.4877615,
          17.4435568
        ]
      },
      "id": "node/813571228"
    },
    {
      "type": "Feature",
      "properties": {
        "@id": "node/813571286",
        "amenity": "fuel",
        "name": "Bharat Petroleum"
      },
      "geometry": {
        "type": "Point",
        "coordinates": [
          78.4905722,
          17.4430364
        ]
      },
      "id": "node/813571286"
    },
    {
      "type": "Feature",
      "properties": {
        "@id": "node/813571521",
        "amenity": "fuel",
        "brand": "Bharat Petroleum",
        "brand:wikidata": "Q854826",
        "brand:wikipedia": "en:Bharat Petroleum",
        "name": "Bharat Petroleum",
        "operator": "Indian Oil"
      },
      "geometry": {
        "type": "Point",
        "coordinates": [
          78.5052645,
          17.4409489
        ]
      },
      "id": "node/813571521"
    },
    {
      "type": "Feature",
      "properties": {
        "@id": "node/813571553",
        "amenity": "fuel",
        "brand": "Bharat Petroleum",
        "brand:wikidata": "Q854826",
        "brand:wikipedia": "en:Bharat Petroleum",
        "fuel:cng": "yes",
        "fuel:diesel": "yes",
        "name": "Bharat Petroleum",
        "operator": "Bharat Petroleum"
      },
      "geometry": {
        "type": "Point",
        "coordinates": [
          78.5089043,
          17.4397896
        ]
      },
      "id": "node/813571553"
    },
    {
      "type": "Feature",
      "properties": {
        "@id": "node/814748141",
        "amenity": "fuel",
        "brand": "Indian Oil",
        "brand:wikidata": "Q1289348",
        "brand:wikipedia": "en:Indian Oil Corporation",
        "name": "Indian Oil"
      },
      "geometry": {
        "type": "Point",
        "coordinates": [
          78.4395446,
          17.4273769
        ]
      },
      "id": "node/814748141"
    },
    {
      "type": "Feature",
      "properties": {
        "@id": "node/817353582",
        "amenity": "fuel",
        "name": "HP"
      },
      "geometry": {
        "type": "Point",
        "coordinates": [
          78.5179571,
          17.4367489
        ]
      },
      "id": "node/817353582"
    },
    {
      "type": "Feature",
      "properties": {
        "@id": "node/817353703",
        "amenity": "fuel",
        "brand": "Indian Oil",
        "brand:wikidata": "Q1289348",
        "brand:wikipedia": "en:Indian Oil Corporation",
        "name": "Indian Oil",
        "operator": "Indian Oil"
      },
      "geometry": {
        "type": "Point",
        "coordinates": [
          78.4671058,
          17.4449593
        ]
      },
      "id": "node/817353703"
    },
    {
      "type": "Feature",
      "properties": {
        "@id": "node/817354434",
        "amenity": "fuel",
        "brand": "Indian Oil",
        "brand:wikidata": "Q1289348",
        "brand:wikipedia": "en:Indian Oil Corporation",
        "name": "Indian Oil"
      },
      "geometry": {
        "type": "Point",
        "coordinates": [
          78.4616641,
          17.4445955
        ]
      },
      "id": "node/817354434"
    },
    {
      "type": "Feature",
      "properties": {
        "@id": "node/928699174",
        "amenity": "fuel",
        "brand": "Indian Oil",
        "brand:wikidata": "Q1289348",
        "brand:wikipedia": "en:Indian Oil Corporation",
        "name": "Indian Oil",
        "operator": "Indian Oil Corporation"
      },
      "geometry": {
        "type": "Point",
        "coordinates": [
          78.4855131,
          17.4550905
        ]
      },
      "id": "node/928699174"
    },
    {
      "type": "Feature",
      "properties": {
        "@id": "node/928700783",
        "amenity": "fuel",
        "brand": "Indian Oil",
        "brand:wikidata": "Q1289348",
        "brand:wikipedia": "en:Indian Oil Corporation",
        "name": "Indian Oil",
        "operator": "Indian Oil Corporation",
        "self_service": "no"
      },
      "geometry": {
        "type": "Point",
        "coordinates": [
          78.481253,
          17.4684922
        ]
      },
      "id": "node/928700783"
    },
    {
      "type": "Feature",
      "properties": {
        "@id": "node/1015620256",
        "addr:city": "Polvancha",
        "amenity": "fuel",
        "brand": "Bharat Petroleum",
        "brand:wikidata": "Q854826",
        "check_date": "2024-05-09",
        "name": "Bharat Petroleum"
      },
      "geometry": {
        "type": "Point",
        "coordinates": [
          80.7050072,
          17.5987891
        ]
      },
      "id": "node/1015620256"
    },
    {
      "type": "Feature",
      "properties": {
        "@id": "node/1038397148",
        "amenity": "fuel"
      },
      "geometry": {
        "type": "Point",
        "coordinates": [
          78.4880414,
          17.439912
        ]
      },
      "id": "node/1038397148"
    },
    {
      "type": "Feature",
      "properties": {
        "@id": "node/1050786523",
        "amenity": "fuel",
        "operator": "Hindustan Petroleum"
      },
      "geometry": {
        "type": "Point",
        "coordinates": [
          78.4783955,
          17.4691965
        ]
      },
      "id": "node/1050786523"
    },
    {
      "type": "Feature",
      "properties": {
        "@id": "node/1050856274",
        "amenity": "fuel",
        "diesel": "yes",
        "fuel:octane_100": "yes",
        "name": "HP fuel station",
        "operator": "Hindustan Petroleum",
        "source": "self"
      },
      "geometry": {
        "type": "Point",
        "coordinates": [
          78.4736466,
          17.4634786
        ]
      },
      "id": "node/1050856274"
    },
    {
      "type": "Feature",
      "properties": {
        "@id": "node/1198566668",
        "amenity": "fuel"
      },
      "geometry": {
        "type": "Point",
        "coordinates": [
          80.1486887,
          17.2405952
        ]
      },
      "id": "node/1198566668"
    },
    {
      "type": "Feature",
      "properties": {
        "@id": "node/1202897635",
        "amenity": "fuel"
      },
      "geometry": {
        "type": "Point",
        "coordinates": [
          80.1064921,
          17.2436284
        ]
      },
      "id": "node/1202897635"
    },
    {
      "type": "Feature",
      "properties": {
        "@id": "node/1202897926",
        "amenity": "fuel"
      },
      "geometry": {
        "type": "Point",
        "coordinates": [
          80.1076589,
          17.2435619
        ]
      },
      "id": "node/1202897926"
    },
    {
      "type": "Feature",
      "properties": {
        "@id": "node/1259088726",
        "amenity": "fuel"
      },
      "geometry": {
        "type": "Point",
        "coordinates": [
          78.4610668,
          17.4115781
        ]
      },
      "id": "node/1259088726"
    },
    {
      "type": "Feature",
      "properties": {
        "@id": "node/1271901241",
        "amenity": "fuel",
        "brand": "Indian Oil",
        "brand:wikidata": "Q1289348",
        "brand:wikipedia": "en:Indian Oil Corporation",
        "name": "Indian Oil"
      },
      "geometry": {
        "type": "Point",
        "coordinates": [
          78.5134502,
          17.4990452
        ]
      },
      "id": "node/1271901241"
    },
    {
      "type": "Feature",
      "properties": {
        "@id": "node/1271901257",
        "amenity": "fuel"
      },
      "geometry": {
        "type": "Point",
        "coordinates": [
          78.5160587,
          17.5066605
        ]
      },
      "id": "node/1271901257"
    },
    {
      "type": "Feature",
      "properties": {
        "@id": "node/1295745971",
        "amenity": "fuel"
      },
      "geometry": {
        "type": "Point",
        "coordinates": [
          80.1347868,
          17.2501297
        ]
      },
      "id": "node/1295745971"
    },
    {
      "type": "Feature",
      "properties": {
        "@id": "node/1295745973",
        "amenity": "fuel"
      },
      "geometry": {
        "type": "Point",
        "coordinates": [
          80.1356907,
          17.2504885
        ]
      },
      "id": "node/1295745973"
    },
    {
      "type": "Feature",
      "properties": {
        "@id": "node/1333758086",
        "amenity": "fuel",
        "name": "HP",
        "name:te": "హిందూస్తాన్ పెట్రోల్ బంకు"
      },
      "geometry": {
        "type": "Point",
        "coordinates": [
          78.5051965,
          17.4663599
        ]
      },
      "id": "node/1333758086"
    },
    {
      "type": "Feature",
      "properties": {
        "@id": "node/1339388294",
        "amenity": "fuel",
        "name": "Petrol Bunk"
      },
      "geometry": {
        "type": "Point",
        "coordinates": [
          79.5555097,
          17.9997875
        ]
      },
      "id": "node/1339388294"
    },
    {
      "type": "Feature",
      "properties": {
        "@id": "node/1339413914",
        "amenity": "fuel",
        "name": "Adalath Petrol Bunk"
      },
      "geometry": {
        "type": "Point",
        "coordinates": [
          79.5530393,
          17.9975376
        ]
      },
      "id": "node/1339413914"
    },
    {
      "type": "Feature",
      "properties": {
        "@id": "node/1340083108",
        "amenity": "fuel",
        "name": "Petrol Bunk"
      },
      "geometry": {
        "type": "Point",
        "coordinates": [
          79.5561849,
          18.0010162
        ]
      },
      "id": "node/1340083108"
    },
    {
      "type": "Feature",
      "properties": {
        "@id": "node/1341928163",
        "amenity": "fuel",
        "name": "Petrol Bunk",
        "self_service": "no"
      },
      "geometry": {
        "type": "Point",
        "coordinates": [
          79.533374,
          17.9896583
        ]
      },
      "id": "node/1341928163"
    },
    {
      "type": "Feature",
      "properties": {
        "@id": "node/1435307432",
        "amenity": "fuel",
        "brand": "IBP",
        "fuel:1_25": "yes",
        "fuel:1_50": "yes",
        "fuel:biodiesel": "yes",
        "fuel:diesel": "yes",
        "fuel:octane_100": "yes",
        "name": "IBP Petrol"
      },
      "geometry": {
        "type": "Point",
        "coordinates": [
          78.5321858,
          17.4500685
        ]
      },
      "id": "node/1435307432"
    },
    {
      "type": "Feature",
      "properties": {
        "@id": "node/1438252862",
        "amenity": "fuel",
        "brand": "HP",
        "fuel:1_25": "yes",
        "fuel:1_50": "yes",
        "fuel:biodiesel": "no",
        "fuel:octane_100": "yes",
        "fuel:octane_91": "yes",
        "fuel:octane_95": "yes",
        "name": "HP petrol Station"
      },
      "geometry": {
        "type": "Point",
        "coordinates": [
          78.5359551,
          17.4477504
        ]
      },
      "id": "node/1438252862"
    },
    {
      "type": "Feature",
      "properties": {
        "@id": "node/1438258194",
        "amenity": "fuel",
        "brand": "IBP",
        "operator": "IBP"
      },
      "geometry": {
        "type": "Point",
        "coordinates": [
          78.5354455,
          17.4456214
        ]
      },
      "id": "node/1438258194"
    },
    {
      "type": "Feature",
      "properties": {
        "@id": "node/1528724057",
        "amenity": "fuel",
        "brand": "Essar",
        "brand:wikidata": "Q5399372",
        "compressed_air": "yes",
        "name": "Essar Petrol Pump"
      },
      "geometry": {
        "type": "Point",
        "coordinates": [
          78.338227,
          17.4218292
        ]
      },
      "id": "node/1528724057"
    },
    {
      "type": "Feature",
      "properties": {
        "@id": "node/1595779762",
        "addr:city": "Hyderabad",
        "addr:housename": "Adarsh Nagar, Nagole",
        "addr:street": "Inner Ring Road",
        "amenity": "fuel",
        "building": "yes",
        "name": "IBP Petrol Bunk",
        "name:te": "ఐబీపీ పెట్రోల్ బంక్"
      },
      "geometry": {
        "type": "Point",
        "coordinates": [
          78.5575425,
          17.3671731
        ]
      },
      "id": "node/1595779762"
    },
    {
      "type": "Feature",
      "properties": {
        "@id": "node/1596062952",
        "amenity": "fuel"
      },
      "geometry": {
        "type": "Point",
        "coordinates": [
          78.0023883,
          17.609706
        ]
      },
      "id": "node/1596062952"
    },
    {
      "type": "Feature",
      "properties": {
        "@id": "node/1602519539",
        "amenity": "fuel",
        "name": "Bharath Petroleum"
      },
      "geometry": {
        "type": "Point",
        "coordinates": [
          78.5470173,
          17.3518725
        ]
      },
      "id": "node/1602519539"
    },
    {
      "type": "Feature",
      "properties": {
        "@id": "node/1666010778",
        "amenity": "fuel",
        "brand": "Shell",
        "brand:wikidata": "Q110716465",
        "fuel:diesel": "yes",
        "fuel:octane_91": "yes",
        "name": "Shell Petrol Bunk",
        "operator": "Shell"
      },
      "geometry": {
        "type": "Point",
        "coordinates": [
          78.4589653,
          17.4232572
        ]
      },
      "id": "node/1666010778"
    },
    {
      "type": "Feature",
      "properties": {
        "@id": "node/1748497522",
        "amenity": "fuel"
      },
      "geometry": {
        "type": "Point",
        "coordinates": [
          80.8165557,
          17.940945
        ]
      },
      "id": "node/1748497522"
    },
    {
      "type": "Feature",
      "properties": {
        "@id": "node/1753608441",
        "amenity": "fuel",
        "brand": "Hindustan Petroleum",
        "brand:wikidata": "Q1619375",
        "name": "Indira Nagar HP Petrol Bunk",
        "official_name": "Hindustan Petroleum"
      },
      "geometry": {
        "type": "Point",
        "coordinates": [
          78.3570147,
          17.4428658
        ]
      },
      "id": "node/1753608441"
    },
    {
      "type": "Feature",
      "properties": {
        "@id": "node/1779029058",
        "amenity": "fuel"
      },
      "geometry": {
        "type": "Point",
        "coordinates": [
          78.4638899,
          17.4040544
        ]
      },
      "id": "node/1779029058"
    },
    {
      "type": "Feature",
      "properties": {
        "@id": "node/1883501408",
        "amenity": "fuel",
        "brand": "IBP"
      },
      "geometry": {
        "type": "Point",
        "coordinates": [
          78.4321238,
          17.4298122
        ]
      },
      "id": "node/1883501408"
    },
    {
      "type": "Feature",
      "properties": {
        "@id": "node/1952057165",
        "amenity": "fuel",
        "name": "Fuel Station"
      },
      "geometry": {
        "type": "Point",
        "coordinates": [
          78.0869447,
          17.6269368
        ]
      },
      "id": "node/1952057165"
    },
    {
      "type": "Feature",
      "properties": {
        "@id": "node/2000761647",
        "amenity": "fuel",
        "name": "Petrol Pump",
        "wheelchair": "yes"
      },
      "geometry": {
        "type": "Point",
        "coordinates": [
          78.4101365,
          17.4875682
        ]
      },
      "id": "node/2000761647"
    },
    {
      "type": "Feature",
      "properties": {
        "@id": "node/2052621892",
        "amenity": "fuel"
      },
      "geometry": {
        "type": "Point",
        "coordinates": [
          78.4624993,
          17.4031013
        ]
      },
      "id": "node/2052621892"
    },
    {
      "type": "Feature",
      "properties": {
        "@id": "node/2063677900",
        "amenity": "fuel",
        "name": "Bharat Petrol Pump"
      },
      "geometry": {
        "type": "Point",
        "coordinates": [
          78.5474835,
          19.7411753
        ]
      },
      "id": "node/2063677900"
    },
    {
      "type": "Feature",
      "properties": {
        "@id": "node/2153949515",
        "amenity": "fuel"
      },
      "geometry": {
        "type": "Point",
        "coordinates": [
          80.3919145,
          17.1804723
        ]
      },
      "id": "node/2153949515"
    },
    {
      "type": "Feature",
      "properties": {
        "@id": "node/2160784478",
        "amenity": "fuel"
      },
      "geometry": {
        "type": "Point",
        "coordinates": [
          80.2301391,
          17.3500393
        ]
      },
      "id": "node/2160784478"
    },
    {
      "type": "Feature",
      "properties": {
        "@id": "node/2177960405",
        "amenity": "fuel"
      },
      "geometry": {
        "type": "Point",
        "coordinates": [
          78.4291105,
          17.4362628
        ]
      },
      "id": "node/2177960405"
    },
    {
      "type": "Feature",
      "properties": {
        "@id": "node/2183029329",
        "alt_name": "Rythu Bazaar",
        "amenity": "fuel",
        "name": "Kothapet Bus Stop"
      },
      "geometry": {
        "type": "Point",
        "coordinates": [
          78.5402431,
          17.3671585
        ]
      },
      "id": "node/2183029329"
    },
    {
      "type": "Feature",
      "properties": {
        "@id": "node/2217950124",
        "amenity": "fuel",
        "name": "HP Gas Station",
        "name:te": "ఏచ్పీ గ్యాస్ స్టేషన్"
      },
      "geometry": {
        "type": "Point",
        "coordinates": [
          78.5528627,
          17.3456896
        ]
      },
      "id": "node/2217950124"
    },
    {
      "type": "Feature",
      "properties": {
        "@id": "node/2217950147",
        "amenity": "fuel",
        "brand": "Indian Oil",
        "brand:wikidata": "Q1289348",
        "brand:wikipedia": "en:Indian Oil Corporation",
        "name": "Indian Oil",
        "name:te": "ఇండియన్ ఆయిల్"
      },
      "geometry": {
        "type": "Point",
        "coordinates": [
          78.5677786,
          17.3390329
        ]
      },
      "id": "node/2217950147"
    },
    {
      "type": "Feature",
      "properties": {
        "@id": "node/2217950168",
        "amenity": "fuel",
        "name": "Bharath Petroleum"
      },
      "geometry": {
        "type": "Point",
        "coordinates": [
          78.5793148,
          17.3363651
        ]
      },
      "id": "node/2217950168"
    },
    {
      "type": "Feature",
      "properties": {
        "@id": "node/2217950179",
        "amenity": "fuel",
        "name": "Bharath Petroleum"
      },
      "geometry": {
        "type": "Point",
        "coordinates": [
          78.5590587,
          17.3416368
        ]
      },
      "id": "node/2217950179"
    },
    {
      "type": "Feature",
      "properties": {
        "@id": "node/2217950182",
        "amenity": "fuel"
      },
      "geometry": {
        "type": "Point",
        "coordinates": [
          78.5803072,
          17.3362933
        ]
      },
      "id": "node/2217950182"
    },
    {
      "type": "Feature",
      "properties": {
        "@id": "node/2217950196",
        "amenity": "fuel",
        "name": "Hindusthan Petroleum"
      },
      "geometry": {
        "type": "Point",
        "coordinates": [
          78.5767452,
          17.3366954
        ]
      },
      "id": "node/2217950196"
    },
    {
      "type": "Feature",
      "properties": {
        "@id": "node/2217960484",
        "amenity": "fuel",
        "brand": "Indian Oil",
        "brand:wikidata": "Q1289348",
        "brand:wikipedia": "en:Indian Oil Corporation",
        "name": "Indian Oil"
      },
      "geometry": {
        "type": "Point",
        "coordinates": [
          78.5789933,
          17.3358402
        ]
      },
      "id": "node/2217960484"
    },
    {
      "type": "Feature",
      "properties": {
        "@id": "node/2217960504",
        "addr:city": "Hyderabad",
        "addr:postcode": "500070",
        "addr:street": "Bhagyalatha colony,Kanchan Bagh, Hayathnagar",
        "amenity": "fuel",
        "brand": "Bharat Petroleum",
        "brand:wikidata": "Q854826",
        "fuel:diesel": "yes",
        "name": "Bharat Petroleum petrol pump"
      },
      "geometry": {
        "type": "Point",
        "coordinates": [
          78.5885178,
          17.3328265
        ]
      },
      "id": "node/2217960504"
    },
    {
      "type": "Feature",
      "properties": {
        "@id": "node/2217960520",
        "amenity": "fuel",
        "brand": "Indian Oil",
        "brand:wikidata": "Q1289348",
        "brand:wikipedia": "en:Indian Oil Corporation",
        "name": "Indian Oil",
        "name:te": "ఇండియన్ ఆయిల్"
      },
      "geometry": {
        "type": "Point",
        "coordinates": [
          78.5637208,
          17.3402666
        ]
      },
      "id": "node/2217960520"
    },
    {
      "type": "Feature",
      "properties": {
        "@id": "node/2217960521",
        "amenity": "fuel",
        "brand": "Indian Oil",
        "brand:wikidata": "Q1289348",
        "brand:wikipedia": "en:Indian Oil Corporation",
        "name": "Indian Oil"
      },
      "geometry": {
        "type": "Point",
        "coordinates": [
          78.5562347,
          17.3424813
        ]
      },
      "id": "node/2217960521"
    },
    {
      "type": "Feature",
      "properties": {
        "@id": "node/2217968817",
        "amenity": "fuel",
        "brand": "Indian Oil",
        "check_date": "2024-03-29"
      },
      "geometry": {
        "type": "Point",
        "coordinates": [
          78.4308307,
          17.3955353
        ]
      },
      "id": "node/2217968817"
    },
    {
      "type": "Feature",
      "properties": {
        "@id": "node/2217968819",
        "amenity": "fuel",
        "brand": "Indian Oil",
        "check_date": "2025-10-12"
      },
      "geometry": {
        "type": "Point",
        "coordinates": [
          78.4024824,
          17.4067918
        ]
      },
      "id": "node/2217968819"
    },
    {
      "type": "Feature",
      "properties": {
        "@id": "node/2217968821",
        "amenity": "fuel",
        "brand": "Indian Oil",
        "check_date": "2025-10-12"
      },
      "geometry": {
        "type": "Point",
        "coordinates": [
          78.4013693,
          17.4072576
        ]
      },
      "id": "node/2217968821"
    },
    {
      "type": "Feature",
      "properties": {
        "@id": "node/2217968824",
        "amenity": "fuel",
        "brand": "Bharat Petroleum",
        "brand:wikidata": "Q854826",
        "check_date": "2024-03-29",
        "name": "Bharat Petroleum"
      },
      "geometry": {
        "type": "Point",
        "coordinates": [
          78.388481,
          17.417971
        ]
      },
      "id": "node/2217968824"
    },
    {
      "type": "Feature",
      "properties": {
        "@id": "node/2233018548",
        "amenity": "fuel"
      },
      "geometry": {
        "type": "Point",
        "coordinates": [
          78.4828118,
          17.3814163
        ]
      },
      "id": "node/2233018548"
    },
    {
      "type": "Feature",
      "properties": {
        "@id": "node/2241275903",
        "amenity": "fuel"
      },
      "geometry": {
        "type": "Point",
        "coordinates": [
          78.5652044,
          19.7670487
        ]
      },
      "id": "node/2241275903"
    },
    {
      "type": "Feature",
      "properties": {
        "@id": "node/2280839029",
        "amenity": "fuel",
        "brand": "Reliance",
        "check_date": "2024-05-09",
        "name": "Jio BP"
      },
      "geometry": {
        "type": "Point",
        "coordinates": [
          80.8132297,
          17.6690281
        ]
      },
      "id": "node/2280839029"
    },
    {
      "type": "Feature",
      "properties": {
        "@id": "node/2280839043",
        "amenity": "fuel",
        "brand": "Bharat Petroleum",
        "brand:wikidata": "Q854826",
        "name": "Bharat Petroleum",
        "operator": "Bharat Petroleum"
      },
      "geometry": {
        "type": "Point",
        "coordinates": [
          80.5823454,
          17.5053445
        ]
      },
      "id": "node/2280839043"
    },
    {
      "type": "Feature",
      "properties": {
        "@id": "node/2280839047",
        "amenity": "fuel",
        "brand": "Indian Oil"
      },
      "geometry": {
        "type": "Point",
        "coordinates": [
          80.8315975,
          17.7749138
        ]
      },
      "id": "node/2280839047"
    },
    {
      "type": "Feature",
      "properties": {
        "@id": "node/2280839056",
        "amenity": "fuel"
      },
      "geometry": {
        "type": "Point",
        "coordinates": [
          80.4188488,
          17.2120966
        ]
      },
      "id": "node/2280839056"
    },
    {
      "type": "Feature",
      "properties": {
        "@id": "node/2280839065",
        "amenity": "fuel"
      },
      "geometry": {
        "type": "Point",
        "coordinates": [
          80.5766753,
          17.4952711
        ]
      },
      "id": "node/2280839065"
    },
    {
      "type": "Feature",
      "properties": {
        "@id": "node/2280839066",
        "amenity": "fuel",
        "brand": "Indian Oil",
        "brand:wikidata": "Q1289348",
        "brand:wikipedia": "en:Indian Oil Corporation",
        "check_date": "2024-05-09",
        "name": "Indian Oil",
        "operator": "Indian Oil"
      },
      "geometry": {
        "type": "Point",
        "coordinates": [
          80.7031428,
          17.5964286
        ]
      },
      "id": "node/2280839066"
    },
    {
      "type": "Feature",
      "properties": {
        "@id": "node/2352099065",
        "amenity": "fuel",
        "brand": "Indian Oil",
        "brand:wikidata": "Q1289348",
        "brand:wikipedia": "en:Indian Oil Corporation",
        "fuel:diesel": "yes",
        "fuel:petrol": "yes",
        "name": "Indian Oil Fuel Station"
      },
      "geometry": {
        "type": "Point",
        "coordinates": [
          78.4559994,
          17.4211261
        ]
      },
      "id": "node/2352099065"
    },
    {
      "type": "Feature",
      "properties": {
        "@id": "node/2352100154",
        "amenity": "fuel",
        "brand": "Bharat Petroleum",
        "brand:wikidata": "Q854826",
        "building": "yes",
        "name": "Bharat Petroleum"
      },
      "geometry": {
        "type": "Point",
        "coordinates": [
          78.4563468,
          17.4206051
        ]
      },
      "id": "node/2352100154"
    },
    {
      "type": "Feature",
      "properties": {
        "@id": "node/2417736887",
        "amenity": "fuel"
      },
      "geometry": {
        "type": "Point",
        "coordinates": [
          80.8299086,
          17.8476224
        ]
      },
      "id": "node/2417736887"
    },
    {
      "type": "Feature",
      "properties": {
        "@id": "node/2428132960",
        "amenity": "fuel"
      },
      "geometry": {
        "type": "Point",
        "coordinates": [
          78.3740366,
          17.496417
        ]
      },
      "id": "node/2428132960"
    },
    {
      "type": "Feature",
      "properties": {
        "@id": "node/2428138346",
        "addr:city": "Hyderabad",
        "addr:housenumber": "Mumbai Highway",
        "addr:postcode": "500049",
        "addr:street": "Prajay City",
        "amenity": "fuel",
        "brand": "Indian Oil",
        "brand:wikidata": "Q1289348",
        "brand:wikipedia": "en:Indian Oil Corporation",
        "compressed_air": "yes",
        "name": "Indian Oil Petrol bunk",
        "operator": "Indian Oil"
      },
      "geometry": {
        "type": "Point",
        "coordinates": [
          78.3527499,
          17.494103
        ]
      },
      "id": "node/2428138346"
    },
    {
      "type": "Feature",
      "properties": {
        "@id": "node/2428138827",
        "amenity": "fuel",
        "compressed_air": "yes",
        "name": "Bharath petroleum"
      },
      "geometry": {
        "type": "Point",
        "coordinates": [
          78.3490857,
          17.4937077
        ]
      },
      "id": "node/2428138827"
    },
    {
      "type": "Feature",
      "properties": {
        "@id": "node/2429903449",
        "amenity": "fuel",
        "name": "Bharat Petrol Bunk"
      },
      "geometry": {
        "type": "Point",
        "coordinates": [
          78.5475142,
          17.3422003
        ]
      },
      "id": "node/2429903449"
    },
    {
      "type": "Feature",
      "properties": {
        "@id": "node/2431747861",
        "amenity": "fuel",
        "building": "yes",
        "name": "Reliance Petrol Pump"
      },
      "geometry": {
        "type": "Point",
        "coordinates": [
          78.558055,
          17.359825
        ]
      },
      "id": "node/2431747861"
    },
    {
      "type": "Feature",
      "properties": {
        "@id": "node/2431780622",
        "amenity": "fuel",
        "building": "yes",
        "name": "Bharat Petrol Bunk"
      },
      "geometry": {
        "type": "Point",
        "coordinates": [
          78.6312328,
          17.3221239
        ]
      },
      "id": "node/2431780622"
    },
    {
      "type": "Feature",
      "properties": {
        "@id": "node/2431785787",
        "amenity": "fuel",
        "brand": "Indian Oil",
        "brand:wikidata": "Q1289348",
        "brand:wikipedia": "en:Indian Oil Corporation",
        "building": "yes"
      },
      "geometry": {
        "type": "Point",
        "coordinates": [
          78.6711903,
          17.3163419
        ]
      },
      "id": "node/2431785787"
    },
    {
      "type": "Feature",
      "properties": {
        "@id": "node/2431945262",
        "amenity": "fuel",
        "name": "Shell"
      },
      "geometry": {
        "type": "Point",
        "coordinates": [
          78.5509412,
          17.4100926
        ]
      },
      "id": "node/2431945262"
    },
    {
      "type": "Feature",
      "properties": {
        "@id": "node/2445898820",
        "amenity": "fuel",
        "name": "Public Gardens Petrol Pump",
        "name:en": "Bharat Petroleum"
      },
      "geometry": {
        "type": "Point",
        "coordinates": [
          78.4702853,
          17.3905862
        ]
      },
      "id": "node/2445898820"
    },
    {
      "type": "Feature",
      "properties": {
        "@id": "node/2446524797",
        "amenity": "fuel",
        "name": "Paradise Cross Roads"
      },
      "geometry": {
        "type": "Point",
        "coordinates": [
          78.4905593,
          17.4432701
        ]
      },
      "id": "node/2446524797"
    },
    {
      "type": "Feature",
      "properties": {
        "@id": "node/2446635554",
        "amenity": "fuel",
        "building": "yes",
        "name": "IOC Petrol Pump"
      },
      "geometry": {
        "type": "Point",
        "coordinates": [
          78.5453799,
          17.3431878
        ]
      },
      "id": "node/2446635554"
    },
    {
      "type": "Feature",
      "properties": {
        "@id": "node/2446635564",
        "amenity": "fuel",
        "building": "yes",
        "name": "Prakash Petrol Pump"
      },
      "geometry": {
        "type": "Point",
        "coordinates": [
          78.5495247,
          17.3382449
        ]
      },
      "id": "node/2446635564"
    },
    {
      "type": "Feature",
      "properties": {
        "@id": "node/2446635565",
        "amenity": "fuel",
        "building": "yes",
        "name": "Hindustan Petroleum Ltd"
      },
      "geometry": {
        "type": "Point",
        "coordinates": [
          78.5518822,
          17.3362742
        ]
      },
      "id": "node/2446635565"
    },
    {
      "type": "Feature",
      "properties": {
        "@id": "node/2446635583",
        "amenity": "fuel",
        "brand": "Indian Oil",
        "brand:wikidata": "Q1289348",
        "brand:wikipedia": "en:Indian Oil Corporation",
        "building": "yes",
        "name": "Indian Oil Petrol Pump"
      },
      "geometry": {
        "type": "Point",
        "coordinates": [
          78.5528837,
          17.3297767
        ]
      },
      "id": "node/2446635583"
    },
    {
      "type": "Feature",
      "properties": {
        "@id": "node/2447238130",
        "amenity": "fuel",
        "building": "yes",
        "name": "Petrol Pump"
      },
      "geometry": {
        "type": "Point",
        "coordinates": [
          78.5336432,
          17.3978354
        ]
      },
      "id": "node/2447238130"
    },
    {
      "type": "Feature",
      "properties": {
        "@id": "node/2447291668",
        "amenity": "fuel",
        "building": "yes",
        "name": "Petrol Pump"
      },
      "geometry": {
        "type": "Point",
        "coordinates": [
          78.5125305,
          17.3912944
        ]
      },
      "id": "node/2447291668"
    },
    {
      "type": "Feature",
      "properties": {
        "@id": "node/2466611001",
        "amenity": "fuel",
        "brand": "Indian Oil",
        "brand:wikidata": "Q1289348",
        "brand:wikipedia": "en:Indian Oil Corporation",
        "name": "Indian Oil"
      },
      "geometry": {
        "type": "Point",
        "coordinates": [
          78.4120322,
          17.4234953
        ]
      },
      "id": "node/2466611001"
    },
    {
      "type": "Feature",
      "properties": {
        "@id": "node/2587665283",
        "access": "private",
        "amenity": "fuel",
        "operator": "APSRTC"
      },
      "geometry": {
        "type": "Point",
        "coordinates": [
          78.5897045,
          17.3649997
        ]
      },
      "id": "node/2587665283"
    },
    {
      "type": "Feature",
      "properties": {
        "@id": "node/2616360557",
        "addr:city": "Hyderabad",
        "addr:postcode": "500049",
        "addr:street": "Madinaguda",
        "amenity": "fuel",
        "compressed_air": "yes",
        "name": "Deepthisree Petrol Pump",
        "opening_hours": "PH,Mo-Su 07:00-22:00"
      },
      "geometry": {
        "type": "Point",
        "coordinates": [
          78.3416782,
          17.4947358
        ]
      },
      "id": "node/2616360557"
    },
    {
      "type": "Feature",
      "properties": {
        "@id": "node/2629340371",
        "addr:city": "Yapral",
        "addr:country": "IN",
        "addr:province": "Secunderabad",
        "addr:state": "Andra Pradesh",
        "addr:street": "Yapral-Ammuguda road",
        "amenity": "fuel",
        "name": "HP Petrol Pump",
        "note": "Major intersection",
        "source": "JPantages 1/19/3014"
      },
      "geometry": {
        "type": "Point",
        "coordinates": [
          78.5389541,
          17.5018459
        ]
      },
      "id": "node/2629340371"
    },
    {
      "type": "Feature",
      "properties": {
        "@id": "node/2686451359",
        "amenity": "fuel",
        "brand": "Indian Oil"
      },
      "geometry": {
        "type": "Point",
        "coordinates": [
          78.3741699,
          17.6587926
        ]
      },
      "id": "node/2686451359"
    },
    {
      "type": "Feature",
      "properties": {
        "@id": "node/2686451360",
        "amenity": "fuel",
        "brand": "Bharat Petroleum"
      },
      "geometry": {
        "type": "Point",
        "coordinates": [
          78.3728669,
          17.666486
        ]
      },
      "id": "node/2686451360"
    },
    {
      "type": "Feature",
      "properties": {
        "@id": "node/2686451361",
        "amenity": "fuel",
        "brand": "HP"
      },
      "geometry": {
        "type": "Point",
        "coordinates": [
          78.3723036,
          17.6678321
        ]
      },
      "id": "node/2686451361"
    },
    {
      "type": "Feature",
      "properties": {
        "@id": "node/2710628568",
        "amenity": "fuel",
        "brand": "HP",
        "check_date": "2024-03-29"
      },
      "geometry": {
        "type": "Point",
        "coordinates": [
          78.423568,
          17.3968121
        ]
      },
      "id": "node/2710628568"
    },
    {
      "type": "Feature",
      "properties": {
        "@id": "node/2712481113",
        "amenity": "fuel",
        "name": "Vimal Gas Agency"
      },
      "geometry": {
        "type": "Point",
        "coordinates": [
          78.5440849,
          19.6827222
        ]
      },
      "id": "node/2712481113"
    },
    {
      "type": "Feature",
      "properties": {
        "@id": "node/2712482419",
        "amenity": "fuel",
        "name": "Nike Gas"
      },
      "geometry": {
        "type": "Point",
        "coordinates": [
          78.5459732,
          19.6855911
        ]
      },
      "id": "node/2712482419"
    },
    {
      "type": "Feature",
      "properties": {
        "@id": "node/2712494536",
        "amenity": "fuel",
        "name": "IOC Petrol Pump"
      },
      "geometry": {
        "type": "Point",
        "coordinates": [
          78.5419242,
          19.7271905
        ]
      },
      "id": "node/2712494536"
    },
    {
      "type": "Feature",
      "properties": {
        "@id": "node/2712656856",
        "amenity": "fuel",
        "name": "raja Rajeshwari Petrol Pump"
      },
      "geometry": {
        "type": "Point",
        "coordinates": [
          79.5843777,
          18.0047527
        ]
      },
      "id": "node/2712656856"
    },
    {
      "type": "Feature",
      "properties": {
        "@id": "node/2714317409",
        "amenity": "fuel",
        "name": "petrol bunk"
      },
      "geometry": {
        "type": "Point",
        "coordinates": [
          80.164833,
          17.2512833
        ]
      },
      "id": "node/2714317409"
    },
    {
      "type": "Feature",
      "properties": {
        "@id": "node/2779381745",
        "amenity": "fuel",
        "name": "Hindustan Pertoleum"
      },
      "geometry": {
        "type": "Point",
        "coordinates": [
          78.4796126,
          17.4125624
        ]
      },
      "id": "node/2779381745"
    },
    {
      "type": "Feature",
      "properties": {
        "@id": "node/2817379324",
        "addr:city": "Hyderabad",
        "addr:postcode": "500028",
        "addr:street": "Karwan Rd, Gudimalkapur, Mehedipatnam",
        "amenity": "fuel",
        "name": "HP Gas Station (Petrol pump)",
        "operator": "HP"
      },
      "geometry": {
        "type": "Point",
        "coordinates": [
          78.4391939,
          17.3812426
        ]
      },
      "id": "node/2817379324"
    },
    {
      "type": "Feature",
      "properties": {
        "@id": "node/3159027221",
        "addr:street": "Yousufguda Main Road",
        "amenity": "fuel",
        "brand": "Indian Oil",
        "brand:wikidata": "Q1289348",
        "brand:wikipedia": "en:Indian Oil Corporation",
        "name": "Indian Oil",
        "opening_hours": "11:00-22:00",
        "operator": "Indian oil"
      },
      "geometry": {
        "type": "Point",
        "coordinates": [
          78.4381583,
          17.4362648
        ]
      },
      "id": "node/3159027221"
    },
    {
      "type": "Feature",
      "properties": {
        "@id": "node/3200943735",
        "amenity": "fuel"
      },
      "geometry": {
        "type": "Point",
        "coordinates": [
          78.5556298,
          17.3535526
        ]
      },
      "id": "node/3200943735"
    },
    {
      "type": "Feature",
      "properties": {
        "@id": "node/3200943741",
        "amenity": "fuel"
      },
      "geometry": {
        "type": "Point",
        "coordinates": [
          78.4917485,
          17.4244702
        ]
      },
      "id": "node/3200943741"
    },
    {
      "type": "Feature",
      "properties": {
        "@id": "node/3200943838",
        "amenity": "fuel"
      },
      "geometry": {
        "type": "Point",
        "coordinates": [
          78.4192874,
          17.2988338
        ]
      },
      "id": "node/3200943838"
    },
    {
      "type": "Feature",
      "properties": {
        "@id": "node/3200943841",
        "amenity": "fuel"
      },
      "geometry": {
        "type": "Point",
        "coordinates": [
          78.5376398,
          17.3373647
        ]
      },
      "id": "node/3200943841"
    },
    {
      "type": "Feature",
      "properties": {
        "@id": "node/3200945589",
        "amenity": "fuel",
        "brand": "BP"
      },
      "geometry": {
        "type": "Point",
        "coordinates": [
          78.4166176,
          17.2890635
        ]
      },
      "id": "node/3200945589"
    },
    {
      "type": "Feature",
      "properties": {
        "@id": "node/3200945590",
        "amenity": "fuel",
        "brand": "Indian Oil"
      },
      "geometry": {
        "type": "Point",
        "coordinates": [
          78.4206736,
          17.3029269
        ]
      },
      "id": "node/3200945590"
    },
    {
      "type": "Feature",
      "properties": {
        "@id": "node/3200948727",
        "amenity": "fuel"
      },
      "geometry": {
        "type": "Point",
        "coordinates": [
          78.4179054,
          17.2934912
        ]
      },
      "id": "node/3200948727"
    },
    {
      "type": "Feature",
      "properties": {
        "@id": "node/3200948728",
        "amenity": "fuel"
      },
      "geometry": {
        "type": "Point",
        "coordinates": [
          78.4225514,
          17.3077782
        ]
      },
      "id": "node/3200948728"
    },
    {
      "type": "Feature",
      "properties": {
        "@id": "node/3200948739",
        "amenity": "fuel"
      },
      "geometry": {
        "type": "Point",
        "coordinates": [
          78.5574048,
          17.3665012
        ]
      },
      "id": "node/3200948739"
    },
    {
      "type": "Feature",
      "properties": {
        "@id": "node/3200948740",
        "amenity": "fuel",
        "brand": "Bharat Petroleum",
        "brand:wikidata": "Q854826",
        "brand:wikipedia": "en:Bharat Petroleum",
        "name": "Bharat Petroleum"
      },
      "geometry": {
        "type": "Point",
        "coordinates": [
          78.5594081,
          17.3940858
        ]
      },
      "id": "node/3200948740"
    },
    {
      "type": "Feature",
      "properties": {
        "@id": "node/3200948743",
        "amenity": "fuel",
        "brand": "Bharat Petroleum",
        "brand:wikidata": "Q854826",
        "name": "Bharat Petroleum"
      },
      "geometry": {
        "type": "Point",
        "coordinates": [
          78.5018327,
          17.4273857
        ]
      },
      "id": "node/3200948743"
    },
    {
      "type": "Feature",
      "properties": {
        "@id": "node/3200948982",
        "amenity": "fuel",
        "name": "unigas"
      },
      "geometry": {
        "type": "Point",
        "coordinates": [
          78.516726,
          17.4367067
        ]
      },
      "id": "node/3200948982"
    },
    {
      "type": "Feature",
      "properties": {
        "@id": "node/3201283437",
        "amenity": "fuel"
      },
      "geometry": {
        "type": "Point",
        "coordinates": [
          78.4535401,
          17.3161184
        ]
      },
      "id": "node/3201283437"
    },
    {
      "type": "Feature",
      "properties": {
        "@id": "node/3201283438",
        "amenity": "fuel"
      },
      "geometry": {
        "type": "Point",
        "coordinates": [
          78.459247,
          17.3148866
        ]
      },
      "id": "node/3201283438"
    },
    {
      "type": "Feature",
      "properties": {
        "@id": "node/3388977736",
        "amenity": "fuel",
        "name": "Casey's General Store",
        "wheelchair": "yes"
      },
      "geometry": {
        "type": "Point",
        "coordinates": [
          78.4137696,
          17.4873033
        ]
      },
      "id": "node/3388977736"
    },
    {
      "type": "Feature",
      "properties": {
        "@id": "node/3390802020",
        "amenity": "fuel",
        "name": "Bharat Petroleum"
      },
      "geometry": {
        "type": "Point",
        "coordinates": [
          78.4321143,
          17.3932909
        ]
      },
      "id": "node/3390802020"
    },
    {
      "type": "Feature",
      "properties": {
        "@id": "node/3390849578",
        "amenity": "fuel",
        "name": "Bharat Petroleum"
      },
      "geometry": {
        "type": "Point",
        "coordinates": [
          78.4135636,
          17.4991118
        ]
      },
      "id": "node/3390849578"
    },
    {
      "type": "Feature",
      "properties": {
        "@id": "node/3392156911",
        "amenity": "fuel",
        "name": "Bharat Petroleum"
      },
      "geometry": {
        "type": "Point",
        "coordinates": [
          78.5519325,
          17.4828696
        ]
      },
      "id": "node/3392156911"
    },
    {
      "type": "Feature",
      "properties": {
        "@id": "node/3475286144",
        "amenity": "fuel",
        "brand": "Indian Oil",
        "brand:wikidata": "Q1289348",
        "brand:wikipedia": "en:Indian Oil Corporation",
        "name": "Indian oil"
      },
      "geometry": {
        "type": "Point",
        "coordinates": [
          79.1771527,
          18.8331879
        ]
      },
      "id": "node/3475286144"
    },
    {
      "type": "Feature",
      "properties": {
        "@id": "node/3475980154",
        "addr:city": "hyderabad",
        "addr:housenumber": "16-11-16/v/26/A",
        "addr:postcode": "500036",
        "addr:street": "moosarambagh road",
        "amenity": "fuel",
        "name": "Brothers Hero Honda Clinic",
        "operator": "keerthi"
      },
      "geometry": {
        "type": "Point",
        "coordinates": [
          78.5162991,
          17.3874755
        ]
      },
      "id": "node/3475980154"
    },
    {
      "type": "Feature",
      "properties": {
        "@id": "node/3532476271",
        "amenity": "fuel",
        "name": "PETROL BANK"
      },
      "geometry": {
        "type": "Point",
        "coordinates": [
          77.7244273,
          17.8610872
        ]
      },
      "id": "node/3532476271"
    },
    {
      "type": "Feature",
      "properties": {
        "@id": "node/3535064862",
        "addr:city": "dabba",
        "amenity": "fuel",
        "name": "small petrol shop"
      },
      "geometry": {
        "type": "Point",
        "coordinates": [
          79.7218892,
          19.4334758
        ]
      },
      "id": "node/3535064862"
    },
    {
      "type": "Feature",
      "properties": {
        "@id": "node/3535089665",
        "amenity": "fuel",
        "check_date": "2024-04-01",
        "name": "HP"
      },
      "geometry": {
        "type": "Point",
        "coordinates": [
          80.0451859,
          16.9550242
        ]
      },
      "id": "node/3535089665"
    },
    {
      "type": "Feature",
      "properties": {
        "@id": "node/3535211166",
        "amenity": "fuel",
        "name": "Petron"
      },
      "geometry": {
        "type": "Point",
        "coordinates": [
          78.8775146,
          17.2558552
        ]
      },
      "id": "node/3535211166"
    },
    {
      "type": "Feature",
      "properties": {
        "@id": "node/3535519105",
        "amenity": "fuel",
        "name": "petrol bank"
      },
      "geometry": {
        "type": "Point",
        "coordinates": [
          79.2680486,
          18.3615083
        ]
      },
      "id": "node/3535519105"
    },
    {
      "type": "Feature",
      "properties": {
        "@id": "node/3663146401",
        "amenity": "fuel",
        "brand": "HP",
        "check_date": "2024-03-29"
      },
      "geometry": {
        "type": "Point",
        "coordinates": [
          78.4012362,
          17.4081352
        ]
      },
      "id": "node/3663146401"
    },
    {
      "type": "Feature",
      "properties": {
        "@id": "node/3668036125",
        "amenity": "fuel",
        "brand": "BP"
      },
      "geometry": {
        "type": "Point",
        "coordinates": [
          78.4203006,
          17.3017225
        ]
      },
      "id": "node/3668036125"
    },
    {
      "type": "Feature",
      "properties": {
        "@id": "node/3668037747",
        "amenity": "fuel",
        "brand": "Indian Oil",
        "brand:wikidata": "Q1289348",
        "name": "Indian Oil"
      },
      "geometry": {
        "type": "Point",
        "coordinates": [
          78.4081451,
          17.2782387
        ]
      },
      "id": "node/3668037747"
    },
    {
      "type": "Feature",
      "properties": {
        "@id": "node/3668040239",
        "amenity": "fuel",
        "brand": "Indian Oil"
      },
      "geometry": {
        "type": "Point",
        "coordinates": [
          78.3971288,
          17.271785
        ]
      },
      "id": "node/3668040239"
    },
    {
      "type": "Feature",
      "properties": {
        "@id": "node/3779327575",
        "amenity": "fuel"
      },
      "geometry": {
        "type": "Point",
        "coordinates": [
          77.4609889,
          17.6922071
        ]
      },
      "id": "node/3779327575"
    },
    {
      "type": "Feature",
      "properties": {
        "@id": "node/3832399828",
        "amenity": "fuel"
      },
      "geometry": {
        "type": "Point",
        "coordinates": [
          78.3090968,
          17.1886347
        ]
      },
      "id": "node/3832399828"
    },
    {
      "type": "Feature",
      "properties": {
        "@id": "node/4187284391",
        "amenity": "fuel",
        "brand": "Indian Oil",
        "brand:wikidata": "Q1289348",
        "brand:wikipedia": "en:Indian Oil Corporation",
        "name": "Indian Oil"
      },
      "geometry": {
        "type": "Point",
        "coordinates": [
          78.4709627,
          17.3987617
        ]
      },
      "id": "node/4187284391"
    },
    {
      "type": "Feature",
      "properties": {
        "@id": "node/4187308293",
        "amenity": "fuel",
        "name": "HP"
      },
      "geometry": {
        "type": "Point",
        "coordinates": [
          78.467487,
          17.3909412
        ]
      },
      "id": "node/4187308293"
    },
    {
      "type": "Feature",
      "properties": {
        "@id": "node/4187311991",
        "amenity": "fuel",
        "name": "Bharat Petroleum"
      },
      "geometry": {
        "type": "Point",
        "coordinates": [
          78.4739624,
          17.3573187
        ]
      },
      "id": "node/4187311991"
    },
    {
      "type": "Feature",
      "properties": {
        "@id": "node/4187312990",
        "amenity": "fuel",
        "brand": "Indian Oil",
        "brand:wikidata": "Q1289348",
        "brand:wikipedia": "en:Indian Oil Corporation",
        "name": "Indian Oil"
      },
      "geometry": {
        "type": "Point",
        "coordinates": [
          78.4736129,
          17.3575695
        ]
      },
      "id": "node/4187312990"
    },
    {
      "type": "Feature",
      "properties": {
        "@id": "node/4187313289",
        "amenity": "fuel",
        "name": "Bharat Petroleum"
      },
      "geometry": {
        "type": "Point",
        "coordinates": [
          78.4800241,
          17.3630312
        ]
      },
      "id": "node/4187313289"
    },
    {
      "type": "Feature",
      "properties": {
        "@id": "node/4209992496",
        "amenity": "fuel",
        "name": "ESSAR Gas Station"
      },
      "geometry": {
        "type": "Point",
        "coordinates": [
          78.5441289,
          17.3725366
        ]
      },
      "id": "node/4209992496"
    },
    {
      "type": "Feature",
      "properties": {
        "@id": "node/4271266962",
        "amenity": "fuel"
      },
      "geometry": {
        "type": "Point",
        "coordinates": [
          80.1917232,
          17.2896307
        ]
      },
      "id": "node/4271266962"
    },
    {
      "type": "Feature",
      "properties": {
        "@id": "node/4334926592",
        "amenity": "fuel"
      },
      "geometry": {
        "type": "Point",
        "coordinates": [
          78.6881715,
          18.6307299
        ]
      },
      "id": "node/4334926592"
    },
    {
      "type": "Feature",
      "properties": {
        "@id": "node/4338450989",
        "amenity": "fuel",
        "name": "Petrol bunk"
      },
      "geometry": {
        "type": "Point",
        "coordinates": [
          78.3344876,
          18.3206632
        ]
      },
      "id": "node/4338450989"
    },
    {
      "type": "Feature",
      "properties": {
        "@id": "node/4415288812",
        "amenity": "fuel",
        "name": "petrol bunk",
        "name:en": "petrol bunk"
      },
      "geometry": {
        "type": "Point",
        "coordinates": [
          78.4920506,
          17.3994754
        ]
      },
      "id": "node/4415288812"
    },
    {
      "type": "Feature",
      "properties": {
        "@id": "node/4415337591",
        "amenity": "fuel"
      },
      "geometry": {
        "type": "Point",
        "coordinates": [
          78.4882961,
          17.4005718
        ]
      },
      "id": "node/4415337591"
    },
    {
      "type": "Feature",
      "properties": {
        "@id": "node/4416333791",
        "amenity": "fuel",
        "check_date": "2026-02-09",
        "name": "HP",
        "name:en": "petrol bunk"
      },
      "geometry": {
        "type": "Point",
        "coordinates": [
          78.4929081,
          17.432773
        ]
      },
      "id": "node/4416333791"
    },
    {
      "type": "Feature",
      "properties": {
        "@id": "node/4416374491",
        "amenity": "fuel",
        "name": "Hindustan petroleum",
        "name:en": "Hindustan petroleum"
      },
      "geometry": {
        "type": "Point",
        "coordinates": [
          80.1046502,
          17.2511592
        ]
      },
      "id": "node/4416374491"
    },
    {
      "type": "Feature",
      "properties": {
        "@id": "node/4417123992",
        "amenity": "fuel"
      },
      "geometry": {
        "type": "Point",
        "coordinates": [
          80.1068053,
          17.2517125
        ]
      },
      "id": "node/4417123992"
    },
    {
      "type": "Feature",
      "properties": {
        "@id": "node/4417156090",
        "amenity": "fuel"
      },
      "geometry": {
        "type": "Point",
        "coordinates": [
          80.1073213,
          17.2514649
        ]
      },
      "id": "node/4417156090"
    },
    {
      "type": "Feature",
      "properties": {
        "@id": "node/4422176889",
        "amenity": "fuel"
      },
      "geometry": {
        "type": "Point",
        "coordinates": [
          80.1332444,
          17.2498174
        ]
      },
      "id": "node/4422176889"
    },
    {
      "type": "Feature",
      "properties": {
        "@id": "node/4422378590",
        "amenity": "fuel"
      },
      "geometry": {
        "type": "Point",
        "coordinates": [
          80.104239,
          17.2438566
        ]
      },
      "id": "node/4422378590"
    },
    {
      "type": "Feature",
      "properties": {
        "@id": "node/4432328991",
        "amenity": "fuel"
      },
      "geometry": {
        "type": "Point",
        "coordinates": [
          80.1069908,
          17.2513761
        ]
      },
      "id": "node/4432328991"
    },
    {
      "type": "Feature",
      "properties": {
        "@id": "node/4432355491",
        "amenity": "fuel"
      },
      "geometry": {
        "type": "Point",
        "coordinates": [
          80.1063686,
          17.2516244
        ]
      },
      "id": "node/4432355491"
    },
    {
      "type": "Feature",
      "properties": {
        "@id": "node/4432379489",
        "amenity": "fuel"
      },
      "geometry": {
        "type": "Point",
        "coordinates": [
          80.1045152,
          17.2438625
        ]
      },
      "id": "node/4432379489"
    },
    {
      "type": "Feature",
      "properties": {
        "@id": "node/4432379490",
        "amenity": "fuel"
      },
      "geometry": {
        "type": "Point",
        "coordinates": [
          80.1048583,
          17.2511747
        ]
      },
      "id": "node/4432379490"
    },
    {
      "type": "Feature",
      "properties": {
        "@id": "node/4434889449",
        "amenity": "fuel"
      },
      "geometry": {
        "type": "Point",
        "coordinates": [
          78.3679848,
          19.0113109
        ]
      },
      "id": "node/4434889449"
    },
    {
      "type": "Feature",
      "properties": {
        "@id": "node/4436525192",
        "amenity": "fuel"
      },
      "geometry": {
        "type": "Point",
        "coordinates": [
          78.492022,
          17.3994358
        ]
      },
      "id": "node/4436525192"
    },
    {
      "type": "Feature",
      "properties": {
        "@id": "node/4436525393",
        "amenity": "fuel"
      },
      "geometry": {
        "type": "Point",
        "coordinates": [
          80.1331827,
          17.2498704
        ]
      },
      "id": "node/4436525393"
    },
    {
      "type": "Feature",
      "properties": {
        "@id": "node/4436525398",
        "amenity": "fuel",
        "brand": "Bharat Petroleum",
        "brand:wikidata": "Q854826",
        "name": "Bharat Petroleum"
      },
      "geometry": {
        "type": "Point",
        "coordinates": [
          78.4979738,
          17.4092721
        ]
      },
      "id": "node/4436525398"
    },
    {
      "type": "Feature",
      "properties": {
        "@id": "node/4468056305",
        "amenity": "fuel",
        "check_date": "2024-05-09",
        "name": "Indian Oil"
      },
      "geometry": {
        "type": "Point",
        "coordinates": [
          80.8891555,
          17.6726663
        ]
      },
      "id": "node/4468056305"
    },
    {
      "type": "Feature",
      "properties": {
        "@id": "node/4468057891",
        "amenity": "fuel",
        "check_date": "2024-05-09",
        "name": "HP"
      },
      "geometry": {
        "type": "Point",
        "coordinates": [
          80.8900996,
          17.6721944
        ]
      },
      "id": "node/4468057891"
    },
    {
      "type": "Feature",
      "properties": {
        "@id": "node/4535252892",
        "addr:postcode": "509216",
        "addr:street": "Old NH 7 Hyderabad Road",
        "amenity": "fuel",
        "name": "Bharath petrol bunk",
        "name:en": "Bharath petroleum bunk"
      },
      "geometry": {
        "type": "Point",
        "coordinates": [
          78.2082778,
          17.0820486
        ]
      },
      "id": "node/4535252892"
    },
    {
      "type": "Feature",
      "properties": {
        "@id": "node/4667485989",
        "amenity": "fuel",
        "brand": "Hindustan Petroleum",
        "brand:wikidata": "Q1619375",
        "name": "HP",
        "name:en": "HP",
        "official_name": "Hindustan Petroleum",
        "operator": "Ganga Filling Station"
      },
      "geometry": {
        "type": "Point",
        "coordinates": [
          78.3273217,
          17.4733428
        ]
      },
      "id": "node/4667485989"
    },
    {
      "type": "Feature",
      "properties": {
        "@id": "node/4670740390",
        "amenity": "fuel",
        "check_date": "2024-03-29",
        "name": "Bharat Petroleum",
        "name:en": "Bharat Petroleum"
      },
      "geometry": {
        "type": "Point",
        "coordinates": [
          78.3941554,
          17.4150869
        ]
      },
      "id": "node/4670740390"
    },
    {
      "type": "Feature",
      "properties": {
        "@id": "node/4670797189",
        "amenity": "fuel",
        "brand": "Indian Oil",
        "brand:wikidata": "Q1289348",
        "brand:wikipedia": "en:Indian Oil Corporation",
        "name": "IndianOil",
        "name:en": "IndianOil",
        "operator": "Friends Filling Station"
      },
      "geometry": {
        "type": "Point",
        "coordinates": [
          78.4102784,
          17.41703
        ]
      },
      "id": "node/4670797189"
    },
    {
      "type": "Feature",
      "properties": {
        "@id": "node/4700619028",
        "amenity": "fuel",
        "brand": "Indian Oil",
        "brand:wikidata": "Q1289348",
        "brand:wikipedia": "en:Indian Oil Corporation",
        "check_date": "2024-03-29",
        "name": "Indian Oil",
        "name:en": "Indian Oil",
        "operator": "Lumbini Filling Station"
      },
      "geometry": {
        "type": "Point",
        "coordinates": [
          78.3744683,
          17.4296684
        ]
      },
      "id": "node/4700619028"
    },
    {
      "type": "Feature",
      "properties": {
        "@id": "node/4741459439",
        "amenity": "fuel",
        "name": "Bharat Petroleum"
      },
      "geometry": {
        "type": "Point",
        "coordinates": [
          77.9414799,
          16.3774481
        ]
      },
      "id": "node/4741459439"
    },
    {
      "type": "Feature",
      "properties": {
        "@id": "node/4742503658",
        "amenity": "fuel",
        "name": "SRI VIGNESWARA AUTO FLG. STN"
      },
      "geometry": {
        "type": "Point",
        "coordinates": [
          77.9409476,
          16.3852693
        ]
      },
      "id": "node/4742503658"
    },
    {
      "type": "Feature",
      "properties": {
        "@id": "node/4750922024",
        "amenity": "fuel",
        "brand": "Bharat Petroleum",
        "brand:wikidata": "Q854826",
        "name": "Bharat Petroleum",
        "name:en": "Bharat Petroleum"
      },
      "geometry": {
        "type": "Point",
        "coordinates": [
          78.3198393,
          17.4854831
        ]
      },
      "id": "node/4750922024"
    },
    {
      "type": "Feature",
      "properties": {
        "@id": "node/4754178924",
        "amenity": "fuel"
      },
      "geometry": {
        "type": "Point",
        "coordinates": [
          78.3950142,
          18.2134222
        ]
      },
      "id": "node/4754178924"
    },
    {
      "type": "Feature",
      "properties": {
        "@id": "node/4755950595",
        "amenity": "fuel"
      },
      "geometry": {
        "type": "Point",
        "coordinates": [
          78.2522084,
          18.7749188
        ]
      },
      "id": "node/4755950595"
    },
    {
      "type": "Feature",
      "properties": {
        "@id": "node/4915906017",
        "amenity": "fuel",
        "compressed_air": "yes",
        "name": "Petrol Pump"
      },
      "geometry": {
        "type": "Point",
        "coordinates": [
          78.4556721,
          17.4306214
        ]
      },
      "id": "node/4915906017"
    },
    {
      "type": "Feature",
      "properties": {
        "@id": "node/4971681029",
        "amenity": "fuel",
        "brand": "Reliance",
        "brand:wikidata": "Q908931",
        "name": "Reliance Trends"
      },
      "geometry": {
        "type": "Point",
        "coordinates": [
          78.5237206,
          17.3460874
        ]
      },
      "id": "node/4971681029"
    },
    {
      "type": "Feature",
      "properties": {
        "@id": "node/4974659737",
        "amenity": "fuel",
        "brand": "Hindustan Petroleum",
        "brand:wikidata": "Q1619375",
        "name": "HP",
        "official_name": "Hindustan Petroleum"
      },
      "geometry": {
        "type": "Point",
        "coordinates": [
          78.5239222,
          17.3400784
        ]
      },
      "id": "node/4974659737"
    },
    {
      "type": "Feature",
      "properties": {
        "@id": "node/5017549934",
        "amenity": "fuel",
        "brand": "Bharat Petroleum",
        "brand:wikidata": "Q854826",
        "name": "Bharat Petroleum",
        "short_name": "BP"
      },
      "geometry": {
        "type": "Point",
        "coordinates": [
          78.3883021,
          17.4374118
        ]
      },
      "id": "node/5017549934"
    },
    {
      "type": "Feature",
      "properties": {
        "@id": "node/5289026745",
        "amenity": "fuel",
        "brand": "Bharat Petroleum",
        "brand:wikidata": "Q854826",
        "brand:wikipedia": "en:Bharat Petroleum",
        "name": "Bharat Petroleum"
      },
      "geometry": {
        "type": "Point",
        "coordinates": [
          78.5005956,
          17.4415788
        ]
      },
      "id": "node/5289026745"
    },
    {
      "type": "Feature",
      "properties": {
        "@id": "node/5340935125",
        "amenity": "fuel",
        "name": "Essar petrol pump"
      },
      "geometry": {
        "type": "Point",
        "coordinates": [
          79.9749082,
          17.317753
        ]
      },
      "id": "node/5340935125"
    },
    {
      "type": "Feature",
      "properties": {
        "@id": "node/5365387226",
        "amenity": "fuel"
      },
      "geometry": {
        "type": "Point",
        "coordinates": [
          78.4623423,
          17.5484423
        ]
      },
      "id": "node/5365387226"
    },
    {
      "type": "Feature",
      "properties": {
        "@id": "node/5367603425",
        "amenity": "fuel",
        "brand": "Hindustan Petroleum",
        "brand:wikidata": "Q1619375",
        "brand:wikipedia": "en:Hindustan Petroleum",
        "name": "HP",
        "official_name": "Hindustan Petroleum"
      },
      "geometry": {
        "type": "Point",
        "coordinates": [
          78.4729239,
          17.5448902
        ]
      },
      "id": "node/5367603425"
    },
    {
      "type": "Feature",
      "properties": {
        "@id": "node/5367619622",
        "amenity": "fuel"
      },
      "geometry": {
        "type": "Point",
        "coordinates": [
          78.4366123,
          17.5592607
        ]
      },
      "id": "node/5367619622"
    },
    {
      "type": "Feature",
      "properties": {
        "@id": "node/5407602853",
        "amenity": "fuel",
        "brand": "Indian Oil",
        "brand:wikidata": "Q1289348",
        "brand:wikipedia": "en:Indian Oil Corporation",
        "name": "Indian oil fuel station"
      },
      "geometry": {
        "type": "Point",
        "coordinates": [
          78.4702527,
          17.5022583
        ]
      },
      "id": "node/5407602853"
    },
    {
      "type": "Feature",
      "properties": {
        "@id": "node/5407606959",
        "amenity": "fuel",
        "name": "HP fuel station"
      },
      "geometry": {
        "type": "Point",
        "coordinates": [
          78.4668562,
          17.5059786
        ]
      },
      "id": "node/5407606959"
    },
    {
      "type": "Feature",
      "properties": {
        "@id": "node/5407611955",
        "amenity": "fuel",
        "name": "Bharat petroleum fuel station"
      },
      "geometry": {
        "type": "Point",
        "coordinates": [
          78.4663372,
          17.5067796
        ]
      },
      "id": "node/5407611955"
    },
    {
      "type": "Feature",
      "properties": {
        "@id": "node/5466162720",
        "amenity": "fuel",
        "brand": "Indian Oil",
        "brand:wikidata": "Q1289348",
        "brand:wikipedia": "en:Indian Oil Corporation",
        "name": "Indian Oil Fuel Station"
      },
      "geometry": {
        "type": "Point",
        "coordinates": [
          78.9141094,
          18.7876388
        ]
      },
      "id": "node/5466162720"
    },
    {
      "type": "Feature",
      "properties": {
        "@id": "node/5466164311",
        "amenity": "fuel",
        "name": "Bharath Petrolium Fuel Station"
      },
      "geometry": {
        "type": "Point",
        "coordinates": [
          78.9141496,
          18.788525
        ]
      },
      "id": "node/5466164311"
    },
    {
      "type": "Feature",
      "properties": {
        "@id": "node/5466164312",
        "amenity": "fuel",
        "name": "HP Fuel Station"
      },
      "geometry": {
        "type": "Point",
        "coordinates": [
          78.9141979,
          18.7879765
        ]
      },
      "id": "node/5466164312"
    },
    {
      "type": "Feature",
      "properties": {
        "@id": "node/5494659142",
        "amenity": "fuel"
      },
      "geometry": {
        "type": "Point",
        "coordinates": [
          78.3312938,
          18.8545562
        ]
      },
      "id": "node/5494659142"
    },
    {
      "type": "Feature",
      "properties": {
        "@id": "node/5494659263",
        "amenity": "fuel"
      },
      "geometry": {
        "type": "Point",
        "coordinates": [
          78.4503933,
          19.4135026
        ]
      },
      "id": "node/5494659263"
    },
    {
      "type": "Feature",
      "properties": {
        "@id": "node/5494659332",
        "amenity": "fuel"
      },
      "geometry": {
        "type": "Point",
        "coordinates": [
          78.5405453,
          19.7217537
        ]
      },
      "id": "node/5494659332"
    },
    {
      "type": "Feature",
      "properties": {
        "@id": "node/5494733777",
        "amenity": "fuel"
      },
      "geometry": {
        "type": "Point",
        "coordinates": [
          78.461454,
          17.9148747
        ]
      },
      "id": "node/5494733777"
    },
    {
      "type": "Feature",
      "properties": {
        "@id": "node/5494733794",
        "amenity": "fuel"
      },
      "geometry": {
        "type": "Point",
        "coordinates": [
          78.4584801,
          17.984762
        ]
      },
      "id": "node/5494733794"
    },
    {
      "type": "Feature",
      "properties": {
        "@id": "node/5494762152",
        "amenity": "fuel"
      },
      "geometry": {
        "type": "Point",
        "coordinates": [
          78.1741536,
          16.8969844
        ]
      },
      "id": "node/5494762152"
    },
    {
      "type": "Feature",
      "properties": {
        "@id": "node/5532351919",
        "amenity": "fuel",
        "brand": "Indian Oil",
        "brand:wikidata": "Q1289348",
        "brand:wikipedia": "en:Indian Oil Corporation",
        "fuel:diesel": "yes",
        "fuel:petrol": "yes",
        "name": "GMR Filling Station",
        "opening_hours": "Mo-Su 00:00-23:55"
      },
      "geometry": {
        "type": "Point",
        "coordinates": [
          78.2615564,
          17.5435309
        ]
      },
      "id": "node/5532351919"
    },
    {
      "type": "Feature",
      "properties": {
        "@id": "node/5536980298",
        "amenity": "fuel",
        "name": "MRP petron bunk",
        "opening_hours": "Mo-Su 06:00-22:00"
      },
      "geometry": {
        "type": "Point",
        "coordinates": [
          77.905129,
          17.341542
        ]
      },
      "id": "node/5536980298"
    },
    {
      "type": "Feature",
      "properties": {
        "@id": "node/5547084260",
        "amenity": "fuel",
        "brand": "Indian Oil",
        "brand:wikidata": "Q1289348",
        "brand:wikipedia": "en:Indian Oil Corporation",
        "name": "Indian Oil Petrol Bunk"
      },
      "geometry": {
        "type": "Point",
        "coordinates": [
          78.5691628,
          17.4012663
        ]
      },
      "id": "node/5547084260"
    },
    {
      "type": "Feature",
      "properties": {
        "@id": "node/5547446145",
        "amenity": "fuel",
        "name": "Bharath Petrol"
      },
      "geometry": {
        "type": "Point",
        "coordinates": [
          78.5885283,
          17.3969151
        ]
      },
      "id": "node/5547446145"
    },
    {
      "type": "Feature",
      "properties": {
        "@id": "node/5552473704",
        "addr:street": "alampally road",
        "amenity": "fuel",
        "name": "IBP PETROL PUMP"
      },
      "geometry": {
        "type": "Point",
        "coordinates": [
          77.9052802,
          17.3460292
        ]
      },
      "id": "node/5552473704"
    },
    {
      "type": "Feature",
      "properties": {
        "@id": "node/5610875149",
        "amenity": "fuel",
        "name": "HP Petrol Pump"
      },
      "geometry": {
        "type": "Point",
        "coordinates": [
          78.9310648,
          18.7993284
        ]
      },
      "id": "node/5610875149"
    },
    {
      "type": "Feature",
      "properties": {
        "@id": "node/5610875150",
        "amenity": "fuel",
        "brand": "Indian Oil",
        "brand:wikidata": "Q1289348",
        "brand:wikipedia": "en:Indian Oil Corporation",
        "name": "Indian Oil Petrol Station"
      },
      "geometry": {
        "type": "Point",
        "coordinates": [
          78.9295528,
          18.7988731
        ]
      },
      "id": "node/5610875150"
    },
    {
      "type": "Feature",
      "properties": {
        "@id": "node/5619393366",
        "addr:city": "karimnagar",
        "addr:postcode": "505001",
        "amenity": "fuel",
        "name": "Petrol station"
      },
      "geometry": {
        "type": "Point",
        "coordinates": [
          79.1350177,
          18.4284344
        ]
      },
      "id": "node/5619393366"
    },
    {
      "type": "Feature",
      "properties": {
        "@id": "node/5621186319",
        "addr:city": "Karimnagar",
        "addr:postcode": "505001",
        "amenity": "fuel",
        "name": "Petrol Pump"
      },
      "geometry": {
        "type": "Point",
        "coordinates": [
          79.1320901,
          18.4316182
        ]
      },
      "id": "node/5621186319"
    },
    {
      "type": "Feature",
      "properties": {
        "@id": "node/5636965319",
        "amenity": "fuel",
        "name": "Essar Petroleum"
      },
      "geometry": {
        "type": "Point",
        "coordinates": [
          78.489862,
          17.2736567
        ]
      },
      "id": "node/5636965319"
    },
    {
      "type": "Feature",
      "properties": {
        "@id": "node/5641379786",
        "amenity": "fuel",
        "brand": "Bharat Petroleum",
        "brand:wikidata": "Q854826",
        "name": "Bharat Petroleum"
      },
      "geometry": {
        "type": "Point",
        "coordinates": [
          78.513968,
          17.3488992
        ]
      },
      "id": "node/5641379786"
    },
    {
      "type": "Feature",
      "properties": {
        "@id": "node/5677205040",
        "amenity": "fuel",
        "brand": "Hindustan Petroleum",
        "brand:wikidata": "Q1619375",
        "name": "Hindustan Petroleum",
        "official_name": "Hindustan Petroleum"
      },
      "geometry": {
        "type": "Point",
        "coordinates": [
          78.5133861,
          17.3491571
        ]
      },
      "id": "node/5677205040"
    },
    {
      "type": "Feature",
      "properties": {
        "@id": "node/5736530966",
        "amenity": "fuel",
        "brand": "Indian Oil",
        "brand:wikidata": "Q1289348",
        "brand:wikipedia": "en:Indian Oil Corporation",
        "name": "Indian Oil"
      },
      "geometry": {
        "type": "Point",
        "coordinates": [
          78.4787851,
          17.3276613
        ]
      },
      "id": "node/5736530966"
    },
    {
      "type": "Feature",
      "properties": {
        "@id": "node/5831438485",
        "amenity": "fuel"
      },
      "geometry": {
        "type": "Point",
        "coordinates": [
          78.4298233,
          17.5647206
        ]
      },
      "id": "node/5831438485"
    },
    {
      "type": "Feature",
      "properties": {
        "@id": "node/5873830243",
        "amenity": "fuel",
        "name": "Bharat Petroleum"
      },
      "geometry": {
        "type": "Point",
        "coordinates": [
          78.8911904,
          17.519662
        ]
      },
      "id": "node/5873830243"
    },
    {
      "type": "Feature",
      "properties": {
        "@id": "node/5873837872",
        "amenity": "fuel",
        "name": "HP"
      },
      "geometry": {
        "type": "Point",
        "coordinates": [
          78.8901292,
          17.5185795
        ]
      },
      "id": "node/5873837872"
    },
    {
      "type": "Feature",
      "properties": {
        "@id": "node/6087117987",
        "amenity": "fuel",
        "name": "HP Petrol",
        "name:en": "HP Petrol bunk"
      },
      "geometry": {
        "type": "Point",
        "coordinates": [
          78.3877684,
          17.3590379
        ]
      },
      "id": "node/6087117987"
    },
    {
      "type": "Feature",
      "properties": {
        "@id": "node/6208220988",
        "amenity": "fuel",
        "brand": "Bharat Petroleum",
        "brand:wikidata": "Q854826",
        "brand:wikipedia": "en:Bharat Petroleum",
        "name": "Bharat Petroleum"
      },
      "geometry": {
        "type": "Point",
        "coordinates": [
          78.4980571,
          17.3749107
        ]
      },
      "id": "node/6208220988"
    },
    {
      "type": "Feature",
      "properties": {
        "@id": "node/6208220990",
        "amenity": "fuel",
        "name": "Bharat Petroleum"
      },
      "geometry": {
        "type": "Point",
        "coordinates": [
          78.4923056,
          17.3778645
        ]
      },
      "id": "node/6208220990"
    },
    {
      "type": "Feature",
      "properties": {
        "@id": "node/6209973385",
        "amenity": "fuel",
        "name": "Auto Gas"
      },
      "geometry": {
        "type": "Point",
        "coordinates": [
          78.4618329,
          17.4040258
        ]
      },
      "id": "node/6209973385"
    },
    {
      "type": "Feature",
      "properties": {
        "@id": "node/6246261940",
        "amenity": "fuel",
        "name": "HP"
      },
      "geometry": {
        "type": "Point",
        "coordinates": [
          78.5924786,
          17.4810017
        ]
      },
      "id": "node/6246261940"
    },
    {
      "type": "Feature",
      "properties": {
        "@id": "node/6248961888",
        "amenity": "fuel",
        "brand": "Hindustan Petroleum",
        "brand:wikidata": "Q1619375",
        "brand:wikipedia": "en:Hindustan Petroleum",
        "name": "HP",
        "name:en": "HP petrol bunk",
        "official_name": "Hindustan Petroleum"
      },
      "geometry": {
        "type": "Point",
        "coordinates": [
          78.3841734,
          17.4577608
        ]
      },
      "id": "node/6248961888"
    },
    {
      "type": "Feature",
      "properties": {
        "@id": "node/6254336890",
        "amenity": "fuel"
      },
      "geometry": {
        "type": "Point",
        "coordinates": [
          78.4753829,
          17.3887027
        ]
      },
      "id": "node/6254336890"
    },
    {
      "type": "Feature",
      "properties": {
        "@id": "node/6255329187",
        "amenity": "fuel",
        "check_date": "2025-10-11",
        "name": "Bharat Petroleum"
      },
      "geometry": {
        "type": "Point",
        "coordinates": [
          78.426838,
          17.4712572
        ]
      },
      "id": "node/6255329187"
    },
    {
      "type": "Feature",
      "properties": {
        "@id": "node/6255550788",
        "amenity": "fuel",
        "name": "Hp petrol bunk"
      },
      "geometry": {
        "type": "Point",
        "coordinates": [
          78.4743368,
          17.3887874
        ]
      },
      "id": "node/6255550788"
    },
    {
      "type": "Feature",
      "properties": {
        "@id": "node/6264953186",
        "amenity": "fuel",
        "name": "Gas station"
      },
      "geometry": {
        "type": "Point",
        "coordinates": [
          78.5306621,
          17.4267464
        ]
      },
      "id": "node/6264953186"
    },
    {
      "type": "Feature",
      "properties": {
        "@id": "node/6308214722",
        "amenity": "fuel",
        "operator": "Hindustan Petroleum"
      },
      "geometry": {
        "type": "Point",
        "coordinates": [
          78.5794651,
          17.367591
        ]
      },
      "id": "node/6308214722"
    },
    {
      "type": "Feature",
      "properties": {
        "@id": "node/6308287071",
        "amenity": "fuel",
        "name": "Hindustan Pertoleum"
      },
      "geometry": {
        "type": "Point",
        "coordinates": [
          78.4792256,
          17.4122959
        ]
      },
      "id": "node/6308287071"
    },
    {
      "type": "Feature",
      "properties": {
        "@id": "node/6308303368",
        "amenity": "fuel"
      },
      "geometry": {
        "type": "Point",
        "coordinates": [
          77.9077649,
          17.3359809
        ]
      },
      "id": "node/6308303368"
    },
    {
      "type": "Feature",
      "properties": {
        "@id": "node/6308345685",
        "amenity": "fuel"
      },
      "geometry": {
        "type": "Point",
        "coordinates": [
          78.6077343,
          17.3303825
        ]
      },
      "id": "node/6308345685"
    },
    {
      "type": "Feature",
      "properties": {
        "@id": "node/6308345687",
        "amenity": "fuel"
      },
      "geometry": {
        "type": "Point",
        "coordinates": [
          78.6112869,
          17.322203
        ]
      },
      "id": "node/6308345687"
    },
    {
      "type": "Feature",
      "properties": {
        "@id": "node/6369897372",
        "amenity": "fuel",
        "brand": "Petrol Ofisi",
        "brand:wikidata": "Q1278087",
        "brand:wikipedia": "en:Petrol Ofisi",
        "name": "Petrol Ofisi",
        "operator": "indian oil"
      },
      "geometry": {
        "type": "Point",
        "coordinates": [
          79.276666,
          17.0631233
        ]
      },
      "id": "node/6369897372"
    },
    {
      "type": "Feature",
      "properties": {
        "@id": "node/6372166039",
        "addr:city": "hyderabad",
        "addr:postcode": "500035",
        "addr:street": "New Nagole Main Road",
        "amenity": "fuel",
        "fuel:diesel": "yes",
        "name": "hp petrol bunk"
      },
      "geometry": {
        "type": "Point",
        "coordinates": [
          78.5430879,
          17.3721697
        ]
      },
      "id": "node/6372166039"
    },
    {
      "type": "Feature",
      "properties": {
        "@id": "node/6375059414",
        "amenity": "fuel"
      },
      "geometry": {
        "type": "Point",
        "coordinates": [
          79.1429833,
          17.7043573
        ]
      },
      "id": "node/6375059414"
    },
    {
      "type": "Feature",
      "properties": {
        "@id": "node/6431302186",
        "amenity": "fuel",
        "brand": "Indian Oil",
        "brand:wikidata": "Q1289348",
        "brand:wikipedia": "en:Indian Oil Corporation",
        "name": "Indian oil"
      },
      "geometry": {
        "type": "Point",
        "coordinates": [
          80.8590112,
          17.2014407
        ]
      },
      "id": "node/6431302186"
    },
    {
      "type": "Feature",
      "properties": {
        "@id": "node/6581155905",
        "amenity": "fuel",
        "brand": "Indian Oil",
        "brand:wikidata": "Q1289348",
        "brand:wikipedia": "en:Indian Oil Corporation",
        "fuel:diesel": "yes",
        "fuel:petrol": "yes",
        "name": "Indian Oil"
      },
      "geometry": {
        "type": "Point",
        "coordinates": [
          79.4816217,
          18.8576707
        ]
      },
      "id": "node/6581155905"
    },
    {
      "type": "Feature",
      "properties": {
        "@id": "node/6652615386",
        "amenity": "fuel",
        "brand": "Indian Oil",
        "brand:wikidata": "Q1289348",
        "brand:wikipedia": "en:Indian Oil Corporation",
        "name": "Indian Oil"
      },
      "geometry": {
        "type": "Point",
        "coordinates": [
          78.5011937,
          17.3655781
        ]
      },
      "id": "node/6652615386"
    },
    {
      "type": "Feature",
      "properties": {
        "@id": "node/6652622385",
        "amenity": "fuel",
        "name": "HP"
      },
      "geometry": {
        "type": "Point",
        "coordinates": [
          78.5027654,
          17.3633735
        ]
      },
      "id": "node/6652622385"
    },
    {
      "type": "Feature",
      "properties": {
        "@id": "node/6652962785",
        "amenity": "fuel",
        "brand": "Indian Oil",
        "brand:wikidata": "Q1289348",
        "brand:wikipedia": "en:Indian Oil Corporation",
        "name": "Indian Oil"
      },
      "geometry": {
        "type": "Point",
        "coordinates": [
          78.4857081,
          17.3808647
        ]
      },
      "id": "node/6652962785"
    },
    {
      "type": "Feature",
      "properties": {
        "@id": "node/6652962786",
        "amenity": "fuel",
        "brand": "Indian Oil",
        "brand:wikidata": "Q1289348",
        "brand:wikipedia": "en:Indian Oil Corporation",
        "name": "Indian Oil"
      },
      "geometry": {
        "type": "Point",
        "coordinates": [
          78.4772332,
          17.3873482
        ]
      },
      "id": "node/6652962786"
    },
    {
      "type": "Feature",
      "properties": {
        "@id": "node/6801239690",
        "addr:city": "Hyderabad",
        "addr:postcode": "500056",
        "addr:street": "neredmet cross roads,defence colony",
        "amenity": "fuel",
        "brand": "Bharat Petroleum",
        "brand:wikidata": "Q854826",
        "brand:wikipedia": "en:Bharat Petroleum",
        "name": "Bharat Petroleum"
      },
      "geometry": {
        "type": "Point",
        "coordinates": [
          78.5365102,
          17.4822669
        ]
      },
      "id": "node/6801239690"
    },
    {
      "type": "Feature",
      "properties": {
        "@id": "node/6822126573",
        "amenity": "fuel",
        "name": "HP Petrol Pump",
        "source": "survey"
      },
      "geometry": {
        "type": "Point",
        "coordinates": [
          78.4785715,
          17.4690152
        ]
      },
      "id": "node/6822126573"
    },
    {
      "type": "Feature",
      "properties": {
        "@id": "node/6822126579",
        "amenity": "fuel",
        "name": "HP PETROL PUMP",
        "source": "survey"
      },
      "geometry": {
        "type": "Point",
        "coordinates": [
          78.604345,
          17.493042
        ]
      },
      "id": "node/6822126579"
    },
    {
      "type": "Feature",
      "properties": {
        "@id": "node/6822126630",
        "amenity": "fuel",
        "name": "Reliance Diesel Service",
        "source": "survey"
      },
      "geometry": {
        "type": "Point",
        "coordinates": [
          78.445204,
          17.5120256
        ]
      },
      "id": "node/6822126630"
    },
    {
      "type": "Feature",
      "properties": {
        "@id": "node/6829432788",
        "amenity": "fuel"
      },
      "geometry": {
        "type": "Point",
        "coordinates": [
          77.896674,
          18.5327811
        ]
      },
      "id": "node/6829432788"
    },
    {
      "type": "Feature",
      "properties": {
        "@id": "node/6837577298",
        "amenity": "fuel",
        "name": "VLG IOC PUMP",
        "source": "survey"
      },
      "geometry": {
        "type": "Point",
        "coordinates": [
          79.3784227,
          18.6070912
        ]
      },
      "id": "node/6837577298"
    },
    {
      "type": "Feature",
      "properties": {
        "@id": "node/6837577299",
        "amenity": "fuel",
        "brand": "Indian Oil",
        "brand:wikidata": "Q1289348",
        "brand:wikipedia": "en:Indian Oil Corporation",
        "name": "Sri Laxmi Sai Filling Sation-Indian Oil Petrol Pum",
        "source": "survey"
      },
      "geometry": {
        "type": "Point",
        "coordinates": [
          79.6372943,
          17.1282811
        ]
      },
      "id": "node/6837577299"
    },
    {
      "type": "Feature",
      "properties": {
        "@id": "node/6837577300",
        "amenity": "fuel",
        "brand": "Indian Oil",
        "brand:wikidata": "Q1289348",
        "brand:wikipedia": "en:Indian Oil Corporation",
        "name": "Sai Service Station Indian Oil Petrol Pump",
        "source": "survey"
      },
      "geometry": {
        "type": "Point",
        "coordinates": [
          79.450227,
          18.094577
        ]
      },
      "id": "node/6837577300"
    },
    {
      "type": "Feature",
      "properties": {
        "@id": "node/6837577301",
        "amenity": "fuel",
        "name": "Petrol Pump",
        "source": "survey"
      },
      "geometry": {
        "type": "Point",
        "coordinates": [
          77.705185,
          16.232896
        ]
      },
      "id": "node/6837577301"
    },
    {
      "type": "Feature",
      "properties": {
        "@id": "node/6837577302",
        "amenity": "fuel",
        "name": "HP Petrol Pump, Maldakal",
        "source": "survey"
      },
      "geometry": {
        "type": "Point",
        "coordinates": [
          77.7027533,
          16.12469
        ]
      },
      "id": "node/6837577302"
    },
    {
      "type": "Feature",
      "properties": {
        "@id": "node/6837577303",
        "amenity": "fuel",
        "name": "HP Petrol Bunk ( Jaya Sree Filling Station )",
        "source": "survey"
      },
      "geometry": {
        "type": "Point",
        "coordinates": [
          79.5293785,
          18.6858258
        ]
      },
      "id": "node/6837577303"
    },
    {
      "type": "Feature",
      "properties": {
        "@id": "node/6837577304",
        "amenity": "fuel",
        "name": "H.P Petrol Pump",
        "source": "survey"
      },
      "geometry": {
        "type": "Point",
        "coordinates": [
          79.7663927,
          18.2350033
        ]
      },
      "id": "node/6837577304"
    },
    {
      "type": "Feature",
      "properties": {
        "@id": "node/6840090568",
        "amenity": "fuel",
        "name": "HP Petrol Bunk",
        "source": "survey"
      },
      "geometry": {
        "type": "Point",
        "coordinates": [
          78.3410688,
          19.1090783
        ]
      },
      "id": "node/6840090568"
    },
    {
      "type": "Feature",
      "properties": {
        "@id": "node/6840090616",
        "amenity": "fuel",
        "name": "IOCL Filling Station",
        "source": "survey"
      },
      "geometry": {
        "type": "Point",
        "coordinates": [
          79.4720584,
          19.3543432
        ]
      },
      "id": "node/6840090616"
    },
    {
      "type": "Feature",
      "properties": {
        "@id": "node/6840090676",
        "amenity": "fuel",
        "name": "IO Petrol Bunk",
        "source": "survey"
      },
      "geometry": {
        "type": "Point",
        "coordinates": [
          78.7505208,
          17.4679135
        ]
      },
      "id": "node/6840090676"
    },
    {
      "type": "Feature",
      "properties": {
        "@id": "node/6840090761",
        "amenity": "fuel",
        "name": "Sri Rama Hp Gas",
        "source": "survey"
      },
      "geometry": {
        "type": "Point",
        "coordinates": [
          78.5731653,
          18.3077961
        ]
      },
      "id": "node/6840090761"
    },
    {
      "type": "Feature",
      "properties": {
        "@id": "node/6840090787",
        "amenity": "fuel",
        "brand": "Indian Oil",
        "brand:wikidata": "Q1289348",
        "brand:wikipedia": "en:Indian Oil Corporation",
        "name": "Indian Oil Petrol Pump",
        "source": "survey"
      },
      "geometry": {
        "type": "Point",
        "coordinates": [
          78.9211234,
          16.6908773
        ]
      },
      "id": "node/6840090787"
    },
    {
      "type": "Feature",
      "properties": {
        "@id": "node/6840090907",
        "amenity": "fuel",
        "source": "survey"
      },
      "geometry": {
        "type": "Point",
        "coordinates": [
          78.9099745,
          17.6322276
        ]
      },
      "id": "node/6840090907"
    },
    {
      "type": "Feature",
      "properties": {
        "@id": "node/6847212499",
        "amenity": "fuel",
        "name": "HP PETROL PUMP - FAIYAZ AND COMPANY",
        "source": "survey"
      },
      "geometry": {
        "type": "Point",
        "coordinates": [
          77.5865971,
          17.2583698
        ]
      },
      "id": "node/6847212499"
    },
    {
      "type": "Feature",
      "properties": {
        "@id": "node/6847212721",
        "amenity": "fuel",
        "brand": "Indian Oil",
        "brand:wikidata": "Q1289348",
        "brand:wikipedia": "en:Indian Oil Corporation",
        "name": "Indian Oil Petrol Pump",
        "source": "survey"
      },
      "geometry": {
        "type": "Point",
        "coordinates": [
          79.4785627,
          18.7622557
        ]
      },
      "id": "node/6847212721"
    },
    {
      "type": "Feature",
      "properties": {
        "@id": "node/6847212737",
        "amenity": "fuel",
        "name": "SRI SANGAMESHWARA FILLING STATION",
        "source": "survey"
      },
      "geometry": {
        "type": "Point",
        "coordinates": [
          77.7786122,
          18.036249
        ]
      },
      "id": "node/6847212737"
    },
    {
      "type": "Feature",
      "properties": {
        "@id": "node/6847212749",
        "amenity": "fuel",
        "name": "Gas Station",
        "source": "survey"
      },
      "geometry": {
        "type": "Point",
        "coordinates": [
          78.28091,
          17.743843
        ]
      },
      "id": "node/6847212749"
    },
    {
      "type": "Feature",
      "properties": {
        "@id": "node/6847914851",
        "amenity": "fuel",
        "name": "Petrol Pump",
        "source": "survey"
      },
      "geometry": {
        "type": "Point",
        "coordinates": [
          78.9193573,
          17.7275761
        ]
      },
      "id": "node/6847914851"
    },
    {
      "type": "Feature",
      "properties": {
        "@id": "node/6847914893",
        "amenity": "fuel",
        "brand": "Indian Oil",
        "brand:wikidata": "Q1289348",
        "brand:wikipedia": "en:Indian Oil Corporation",
        "name": "Mahalaxmi Filling Station Indian Oil Petrol Pump",
        "source": "survey"
      },
      "geometry": {
        "type": "Point",
        "coordinates": [
          78.496999,
          16.668526
        ]
      },
      "id": "node/6847914893"
    },
    {
      "type": "Feature",
      "properties": {
        "@id": "node/6850830238",
        "amenity": "fuel",
        "name": "Ganesh Carrier Bharat Petrol Pump",
        "source": "survey"
      },
      "geometry": {
        "type": "Point",
        "coordinates": [
          78.516196,
          17.50665
        ]
      },
      "id": "node/6850830238"
    },
    {
      "type": "Feature",
      "properties": {
        "@id": "node/6850830383",
        "amenity": "fuel",
        "name": "Bharat Petrol Bunk - Bottu Guda",
        "source": "survey"
      },
      "geometry": {
        "type": "Point",
        "coordinates": [
          79.268506,
          17.050567
        ]
      },
      "id": "node/6850830383"
    },
    {
      "type": "Feature",
      "properties": {
        "@id": "node/6853049368",
        "amenity": "fuel",
        "name": "Star Quality Fuel Station",
        "source": "survey"
      },
      "geometry": {
        "type": "Point",
        "coordinates": [
          78.479671,
          17.515236
        ]
      },
      "id": "node/6853049368"
    },
    {
      "type": "Feature",
      "properties": {
        "@id": "node/6853050043",
        "amenity": "fuel",
        "name": "HP PETROL PUMP - MANIKANTA FILLING STATION",
        "source": "survey"
      },
      "geometry": {
        "type": "Point",
        "coordinates": [
          78.068758,
          16.366608
        ]
      },
      "id": "node/6853050043"
    },
    {
      "type": "Feature",
      "properties": {
        "@id": "node/6853050141",
        "amenity": "fuel",
        "name": "Daram Veernath Petrol Bunk",
        "source": "survey"
      },
      "geometry": {
        "type": "Point",
        "coordinates": [
          78.6224366,
          18.847521
        ]
      },
      "id": "node/6853050141"
    },
    {
      "type": "Feature",
      "properties": {
        "@id": "node/6853050160",
        "amenity": "fuel",
        "name": "HP PETROL PUMP - SRI TIRUMALA FILLING STATION",
        "source": "survey"
      },
      "geometry": {
        "type": "Point",
        "coordinates": [
          78.3000833,
          18.7831685
        ]
      },
      "id": "node/6853050160"
    },
    {
      "type": "Feature",
      "properties": {
        "@id": "node/6934709067",
        "amenity": "fuel",
        "brand": "Indian Oil",
        "brand:wikidata": "Q1289348",
        "brand:wikipedia": "en:Indian Oil Corporation",
        "fuel:diesel": "yes",
        "fuel:petrol": "yes",
        "name": "Indian Oil",
        "self_service": "no"
      },
      "geometry": {
        "type": "Point",
        "coordinates": [
          79.3975433,
          18.1988505
        ]
      },
      "id": "node/6934709067"
    },
    {
      "type": "Feature",
      "properties": {
        "@id": "node/6935504401",
        "amenity": "fuel",
        "brand": "Hindustan Petroleum",
        "brand:wikidata": "Q1619375",
        "brand:wikipedia": "en:Hindustan Petroleum",
        "fuel:diesel": "yes",
        "fuel:petrol": "yes",
        "name": "HP",
        "official_name": "Hindustan Petroleum"
      },
      "geometry": {
        "type": "Point",
        "coordinates": [
          79.4035303,
          18.1880793
        ]
      },
      "id": "node/6935504401"
    },
    {
      "type": "Feature",
      "properties": {
        "@id": "node/6935617682",
        "addr:city": "Hyderabad",
        "addr:street": "Cherlapally",
        "amenity": "fuel",
        "brand": "Bharat Petroleum",
        "brand:wikidata": "Q854826",
        "brand:wikipedia": "en:Bharat Petroleum",
        "fuel:diesel": "yes",
        "name": "Bharat Petroleum",
        "self_service": "no"
      },
      "geometry": {
        "type": "Point",
        "coordinates": [
          78.6014623,
          17.4713908
        ]
      },
      "id": "node/6935617682"
    },
    {
      "type": "Feature",
      "properties": {
        "@id": "node/6949244902",
        "amenity": "fuel",
        "brand": "Hindustan Petroleum",
        "brand:wikidata": "Q1619375",
        "compressed_air": "yes",
        "name": "HP Petrol bunk",
        "official_name": "Hindustan Petroleum",
        "opening_hours": "Mo-Su 06:00-23:00"
      },
      "geometry": {
        "type": "Point",
        "coordinates": [
          78.3647896,
          17.4650201
        ]
      },
      "id": "node/6949244902"
    },
    {
      "type": "Feature",
      "properties": {
        "@id": "node/6982993988",
        "amenity": "fuel",
        "name": "Club HP"
      },
      "geometry": {
        "type": "Point",
        "coordinates": [
          78.4286557,
          17.3686841
        ]
      },
      "id": "node/6982993988"
    },
    {
      "type": "Feature",
      "properties": {
        "@id": "node/7002680236",
        "amenity": "fuel",
        "brand": "Bharat Petroleum",
        "brand:wikidata": "Q854826",
        "brand:wikipedia": "en:Bharat Petroleum",
        "name": "Bharat Petroleum"
      },
      "geometry": {
        "type": "Point",
        "coordinates": [
          78.3205126,
          17.4946076
        ]
      },
      "id": "node/7002680236"
    },
    {
      "type": "Feature",
      "properties": {
        "@id": "node/7007992518",
        "amenity": "fuel",
        "brand": "Bharat Petroleum",
        "brand:wikidata": "Q854826",
        "brand:wikipedia": "en:Bharat Petroleum",
        "name": "Bharat Petroleum"
      },
      "geometry": {
        "type": "Point",
        "coordinates": [
          79.591076,
          17.9947968
        ]
      },
      "id": "node/7007992518"
    },
    {
      "type": "Feature",
      "properties": {
        "@id": "node/7008068139",
        "amenity": "fuel",
        "brand": "HP",
        "fuel:diesel": "yes",
        "fuel:petrol": "yes",
        "name": "Shailaja filling station"
      },
      "geometry": {
        "type": "Point",
        "coordinates": [
          78.4289111,
          18.1188174
        ]
      },
      "id": "node/7008068139"
    },
    {
      "type": "Feature",
      "properties": {
        "@id": "node/7008074913",
        "amenity": "fuel",
        "brand": "Indian Oil",
        "brand:wikidata": "Q1289348",
        "brand:wikipedia": "en:Indian Oil Corporation",
        "operator": "Indian Oil fuel filling Station"
      },
      "geometry": {
        "type": "Point",
        "coordinates": [
          79.3622428,
          18.5711297
        ]
      },
      "id": "node/7008074913"
    },
    {
      "type": "Feature",
      "properties": {
        "@id": "node/7088194203",
        "amenity": "fuel"
      },
      "geometry": {
        "type": "Point",
        "coordinates": [
          77.975686,
          17.6171842
        ]
      },
      "id": "node/7088194203"
    },
    {
      "type": "Feature",
      "properties": {
        "@id": "node/7117637285",
        "amenity": "fuel",
        "fuel:diesel": "yes",
        "fuel:lpg": "yes",
        "fuel:octane_91": "yes",
        "name": "HP Petrol Bunk"
      },
      "geometry": {
        "type": "Point",
        "coordinates": [
          78.448286,
          17.510307
        ]
      },
      "id": "node/7117637285"
    },
    {
      "type": "Feature",
      "properties": {
        "@id": "node/7174109642",
        "addr:street": "main road, moddulagudem",
        "amenity": "fuel",
        "fuel:diesel": "yes",
        "fuel:petrol": "yes",
        "name": "HP Petrol Pump"
      },
      "geometry": {
        "type": "Point",
        "coordinates": [
          80.7047996,
          17.1146773
        ]
      },
      "id": "node/7174109642"
    },
    {
      "type": "Feature",
      "properties": {
        "@id": "node/7174390031",
        "addr:postcode": "507164",
        "addr:street": "VEMSOOR, KHAMMAM, Telangana 507164",
        "amenity": "fuel",
        "brand": "Bharat Petroleum",
        "brand:wikidata": "Q854826",
        "fuel:diesel": "yes",
        "fuel:petrol": "yes",
        "name": "Bharat Petroleum"
      },
      "geometry": {
        "type": "Point",
        "coordinates": [
          80.7944934,
          17.1218353
        ]
      },
      "id": "node/7174390031"
    },
    {
      "type": "Feature",
      "properties": {
        "@id": "node/7174416123",
        "addr:postcode": "507164",
        "addr:street": "marlapadu , telangana",
        "amenity": "fuel",
        "brand": "Indian Oil",
        "brand:wikidata": "Q1289348",
        "brand:wikipedia": "en:Indian Oil Corporation",
        "name": "Indian Oil petrol bunk"
      },
      "geometry": {
        "type": "Point",
        "coordinates": [
          80.7962693,
          17.1162846
        ]
      },
      "id": "node/7174416123"
    },
    {
      "type": "Feature",
      "properties": {
        "@id": "node/7174445676",
        "amenity": "fuel",
        "name": "Essar-petrol station"
      },
      "geometry": {
        "type": "Point",
        "coordinates": [
          78.9257976,
          18.8169072
        ]
      },
      "id": "node/7174445676"
    },
    {
      "type": "Feature",
      "properties": {
        "@id": "node/7180086061",
        "amenity": "fuel",
        "brand": "Hindustan Petroleum",
        "brand:wikidata": "Q1619375",
        "brand:wikipedia": "en:Hindustan Petroleum",
        "name": "HP",
        "official_name": "Hindustan Petroleum"
      },
      "geometry": {
        "type": "Point",
        "coordinates": [
          78.4273843,
          17.435901
        ]
      },
      "id": "node/7180086061"
    },
    {
      "type": "Feature",
      "properties": {
        "@id": "node/7188704975",
        "amenity": "fuel",
        "brand": "Indian Oil",
        "brand:wikidata": "Q1289348",
        "brand:wikipedia": "en:Indian Oil Corporation",
        "fixme": "Position?",
        "name": "Indian Oil"
      },
      "geometry": {
        "type": "Point",
        "coordinates": [
          80.1651344,
          17.2586638
        ]
      },
      "id": "node/7188704975"
    },
    {
      "type": "Feature",
      "properties": {
        "@id": "node/7236131046",
        "amenity": "fuel",
        "name": "Essar Fuel Station"
      },
      "geometry": {
        "type": "Point",
        "coordinates": [
          78.3720524,
          17.380749
        ]
      },
      "id": "node/7236131046"
    },
    {
      "type": "Feature",
      "properties": {
        "@id": "node/7243983835",
        "addr:city": "Hyderabad",
        "addr:street": "Old Bombay Highway",
        "amenity": "fuel",
        "brand": "Indian Oil",
        "brand:wikidata": "Q1289348",
        "brand:wikipedia": "en:Indian Oil Corporation",
        "check_date": "2024-03-29",
        "name": "Bharat Petroleum"
      },
      "geometry": {
        "type": "Point",
        "coordinates": [
          78.4001889,
          17.4088996
        ]
      },
      "id": "node/7243983835"
    },
    {
      "type": "Feature",
      "properties": {
        "@id": "node/7243989367",
        "amenity": "fuel",
        "brand": "Indian Oil",
        "brand:wikidata": "Q1289348",
        "brand:wikipedia": "en:Indian Oil Corporation",
        "name": "Indian Oil"
      },
      "geometry": {
        "type": "Point",
        "coordinates": [
          79.6033682,
          17.9684108
        ]
      },
      "id": "node/7243989367"
    },
    {
      "type": "Feature",
      "properties": {
        "@id": "node/7244010428",
        "amenity": "fuel"
      },
      "geometry": {
        "type": "Point",
        "coordinates": [
          79.6012045,
          17.9602254
        ]
      },
      "id": "node/7244010428"
    },
    {
      "type": "Feature",
      "properties": {
        "@id": "node/7244023599",
        "amenity": "fuel"
      },
      "geometry": {
        "type": "Point",
        "coordinates": [
          79.60138,
          17.987852
        ]
      },
      "id": "node/7244023599"
    },
    {
      "type": "Feature",
      "properties": {
        "@id": "node/7244028817",
        "amenity": "fuel",
        "brand": "Indian Oil",
        "brand:wikidata": "Q1289348",
        "brand:wikipedia": "en:Indian Oil Corporation",
        "name": "Indian Oil"
      },
      "geometry": {
        "type": "Point",
        "coordinates": [
          79.1713417,
          17.7236952
        ]
      },
      "id": "node/7244028817"
    },
    {
      "type": "Feature",
      "properties": {
        "@id": "node/7244032769",
        "amenity": "fuel",
        "name": "Nayudu petrol bunk"
      },
      "geometry": {
        "type": "Point",
        "coordinates": [
          79.6023688,
          17.961222
        ]
      },
      "id": "node/7244032769"
    },
    {
      "type": "Feature",
      "properties": {
        "@id": "node/7244064356",
        "amenity": "fuel",
        "brand": "Indian Oil",
        "brand:wikidata": "Q1289348",
        "brand:wikipedia": "en:Indian Oil Corporation",
        "name": "Indian Oil"
      },
      "geometry": {
        "type": "Point",
        "coordinates": [
          79.6013951,
          17.9563713
        ]
      },
      "id": "node/7244064356"
    },
    {
      "type": "Feature",
      "properties": {
        "@id": "node/7244117748",
        "amenity": "fuel",
        "brand": "Indian Oil",
        "brand:wikidata": "Q1289348",
        "brand:wikipedia": "en:Indian Oil Corporation",
        "name": "Indian Oil"
      },
      "geometry": {
        "type": "Point",
        "coordinates": [
          79.5915541,
          17.9941957
        ]
      },
      "id": "node/7244117748"
    },
    {
      "type": "Feature",
      "properties": {
        "@id": "node/7244117762",
        "amenity": "fuel"
      },
      "geometry": {
        "type": "Point",
        "coordinates": [
          79.5800517,
          17.9805355
        ]
      },
      "id": "node/7244117762"
    },
    {
      "type": "Feature",
      "properties": {
        "@id": "node/7244182439",
        "amenity": "fuel",
        "brand": "Bharat Petroleum",
        "brand:wikidata": "Q854826",
        "brand:wikipedia": "en:Bharat Petroleum",
        "name": "Bharat Petroleum"
      },
      "geometry": {
        "type": "Point",
        "coordinates": [
          79.3084496,
          19.3561349
        ]
      },
      "id": "node/7244182439"
    },
    {
      "type": "Feature",
      "properties": {
        "@id": "node/7244193691",
        "amenity": "fuel",
        "brand": "Bharat Petroleum",
        "brand:wikidata": "Q854826",
        "brand:wikipedia": "en:Bharat Petroleum",
        "name": "Bharat Petroleum",
        "operator": "Sumeet Filling Station"
      },
      "geometry": {
        "type": "Point",
        "coordinates": [
          78.2804092,
          17.3297785
        ]
      },
      "id": "node/7244193691"
    },
    {
      "type": "Feature",
      "properties": {
        "@id": "node/7244193692",
        "amenity": "fuel",
        "brand": "Indian Oil",
        "brand:wikidata": "Q1289348",
        "brand:wikipedia": "en:Indian Oil Corporation",
        "name": "Indian Oil"
      },
      "geometry": {
        "type": "Point",
        "coordinates": [
          78.2759575,
          17.3303401
        ]
      },
      "id": "node/7244193692"
    },
    {
      "type": "Feature",
      "properties": {
        "@id": "node/7244210567",
        "amenity": "fuel",
        "brand": "Indian Oil",
        "brand:wikidata": "Q1289348",
        "brand:wikipedia": "en:Indian Oil Corporation",
        "name": "Indian Oil"
      },
      "geometry": {
        "type": "Point",
        "coordinates": [
          80.1298518,
          17.0962554
        ]
      },
      "id": "node/7244210567"
    },
    {
      "type": "Feature",
      "properties": {
        "@id": "node/7244226213",
        "amenity": "fuel",
        "brand": "Indian Oil",
        "brand:wikidata": "Q1289348",
        "brand:wikipedia": "en:Indian Oil Corporation",
        "name": "Indian Oil"
      },
      "geometry": {
        "type": "Point",
        "coordinates": [
          78.5967626,
          17.4834813
        ]
      },
      "id": "node/7244226213"
    },
    {
      "type": "Feature",
      "properties": {
        "@id": "node/7244233142",
        "addr:city": "patancheru",
        "addr:postcode": "502319",
        "amenity": "fuel",
        "brand": "Indian Oil",
        "brand:wikidata": "Q1289348",
        "brand:wikipedia": "en:Indian Oil Corporation",
        "fuel:diesel": "yes",
        "fuel:petrol": "yes",
        "name": "Indian Oil"
      },
      "geometry": {
        "type": "Point",
        "coordinates": [
          78.2680245,
          17.528416
        ]
      },
      "id": "node/7244233142"
    },
    {
      "type": "Feature",
      "properties": {
        "@id": "node/7244239668",
        "amenity": "fuel"
      },
      "geometry": {
        "type": "Point",
        "coordinates": [
          79.5903593,
          17.9952495
        ]
      },
      "id": "node/7244239668"
    },
    {
      "type": "Feature",
      "properties": {
        "@id": "node/7244245768",
        "amenity": "fuel",
        "brand": "Bharat Petroleum",
        "brand:wikidata": "Q854826",
        "brand:wikipedia": "en:Bharat Petroleum",
        "name": "Bharat Petroleum"
      },
      "geometry": {
        "type": "Point",
        "coordinates": [
          79.5545631,
          16.8622026
        ]
      },
      "id": "node/7244245768"
    },
    {
      "type": "Feature",
      "properties": {
        "@id": "node/7244251646",
        "amenity": "fuel"
      },
      "geometry": {
        "type": "Point",
        "coordinates": [
          80.0063253,
          17.5886786
        ]
      },
      "id": "node/7244251646"
    },
    {
      "type": "Feature",
      "properties": {
        "@id": "node/7244464679",
        "amenity": "fuel",
        "brand": "Indian Oil",
        "brand:wikidata": "Q1289348",
        "brand:wikipedia": "en:Indian Oil Corporation",
        "name": "Indian Oil"
      },
      "geometry": {
        "type": "Point",
        "coordinates": [
          78.4980173,
          17.3662592
        ]
      },
      "id": "node/7244464679"
    },
    {
      "type": "Feature",
      "properties": {
        "@id": "node/7244498408",
        "amenity": "fuel",
        "name": "hp petrol station"
      },
      "geometry": {
        "type": "Point",
        "coordinates": [
          80.9021358,
          17.2001152
        ]
      },
      "id": "node/7244498408"
    },
    {
      "type": "Feature",
      "properties": {
        "@id": "node/7246431783",
        "amenity": "fuel"
      },
      "geometry": {
        "type": "Point",
        "coordinates": [
          78.6017116,
          17.3160977
        ]
      },
      "id": "node/7246431783"
    },
    {
      "type": "Feature",
      "properties": {
        "@id": "node/7246521248",
        "amenity": "fuel",
        "brand": "Indian Oil",
        "brand:wikidata": "Q1289348",
        "brand:wikipedia": "en:Indian Oil Corporation",
        "name": "Indian Oil"
      },
      "geometry": {
        "type": "Point",
        "coordinates": [
          80.8382311,
          17.2090262
        ]
      },
      "id": "node/7246521248"
    },
    {
      "type": "Feature",
      "properties": {
        "@id": "node/7296711939",
        "amenity": "fuel",
        "brand": "Indian Oil",
        "brand:wikidata": "Q1289348",
        "brand:wikipedia": "en:Indian Oil Corporation",
        "name": "Indian Oil"
      },
      "geometry": {
        "type": "Point",
        "coordinates": [
          78.5639047,
          19.762407
        ]
      },
      "id": "node/7296711939"
    },
    {
      "type": "Feature",
      "properties": {
        "@id": "node/7298528946",
        "amenity": "fuel",
        "name": "HP Petrol Pump"
      },
      "geometry": {
        "type": "Point",
        "coordinates": [
          77.9404963,
          16.4151763
        ]
      },
      "id": "node/7298528946"
    },
    {
      "type": "Feature",
      "properties": {
        "@id": "node/7396453382",
        "amenity": "fuel"
      },
      "geometry": {
        "type": "Point",
        "coordinates": [
          79.3785219,
          18.6089778
        ]
      },
      "id": "node/7396453382"
    },
    {
      "type": "Feature",
      "properties": {
        "@id": "node/7396453383",
        "amenity": "fuel"
      },
      "geometry": {
        "type": "Point",
        "coordinates": [
          79.3786855,
          18.6089244
        ]
      },
      "id": "node/7396453383"
    },
    {
      "type": "Feature",
      "properties": {
        "@id": "node/7396453384",
        "amenity": "fuel"
      },
      "geometry": {
        "type": "Point",
        "coordinates": [
          79.3786238,
          18.6087642
        ]
      },
      "id": "node/7396453384"
    },
    {
      "type": "Feature",
      "properties": {
        "@id": "node/7396462185",
        "amenity": "fuel"
      },
      "geometry": {
        "type": "Point",
        "coordinates": [
          79.3784629,
          18.6088252
        ]
      },
      "id": "node/7396462185"
    },
    {
      "type": "Feature",
      "properties": {
        "@id": "node/7396462186",
        "amenity": "fuel",
        "name": "Indian Oil petrol Bunk"
      },
      "geometry": {
        "type": "Point",
        "coordinates": [
          79.3785698,
          18.6088793
        ]
      },
      "id": "node/7396462186"
    },
    {
      "type": "Feature",
      "properties": {
        "@id": "node/7465516473",
        "amenity": "fuel"
      },
      "geometry": {
        "type": "Point",
        "coordinates": [
          79.1823446,
          17.7262835
        ]
      },
      "id": "node/7465516473"
    },
    {
      "type": "Feature",
      "properties": {
        "@id": "node/7465709750",
        "amenity": "fuel",
        "brand": "Indian Oil",
        "brand:wikidata": "Q1289348",
        "brand:wikipedia": "en:Indian Oil Corporation",
        "name": "Indian Oil  Petrol Pump"
      },
      "geometry": {
        "type": "Point",
        "coordinates": [
          79.5166003,
          18.7487512
        ]
      },
      "id": "node/7465709750"
    },
    {
      "type": "Feature",
      "properties": {
        "@id": "node/7465741949",
        "amenity": "fuel",
        "name": "Sri Balaji laxmi Narasimha Ragavendhra Filling Station"
      },
      "geometry": {
        "type": "Point",
        "coordinates": [
          78.4505936,
          17.4880206
        ]
      },
      "id": "node/7465741949"
    },
    {
      "type": "Feature",
      "properties": {
        "@id": "node/7465741950",
        "amenity": "fuel",
        "name": "Sri Venkata Sai Filling Station"
      },
      "geometry": {
        "type": "Point",
        "coordinates": [
          78.4500951,
          17.4883134
        ]
      },
      "id": "node/7465741950"
    },
    {
      "type": "Feature",
      "properties": {
        "@id": "node/7611759207",
        "amenity": "fuel",
        "brand": "Indian Oil",
        "brand:wikidata": "Q1289348",
        "brand:wikipedia": "en:Indian Oil Corporation",
        "name": "Sudheer Filling Station"
      },
      "geometry": {
        "type": "Point",
        "coordinates": [
          79.2165331,
          18.125496
        ]
      },
      "id": "node/7611759207"
    },
    {
      "type": "Feature",
      "properties": {
        "@id": "node/7636545437",
        "amenity": "fuel",
        "source": "Maxar"
      },
      "geometry": {
        "type": "Point",
        "coordinates": [
          79.5178977,
          18.7766233
        ]
      },
      "id": "node/7636545437"
    },
    {
      "type": "Feature",
      "properties": {
        "@id": "node/7794501358",
        "amenity": "fuel",
        "brand": "Hindustan Petroleum",
        "brand:wikidata": "Q1619375",
        "brand:wikipedia": "en:Hindustan Petroleum",
        "name": "HP",
        "official_name": "Hindustan Petroleum"
      },
      "geometry": {
        "type": "Point",
        "coordinates": [
          78.5469277,
          17.4684853
        ]
      },
      "id": "node/7794501358"
    },
    {
      "type": "Feature",
      "properties": {
        "@id": "node/7794501359",
        "amenity": "fuel"
      },
      "geometry": {
        "type": "Point",
        "coordinates": [
          78.5452726,
          17.4684524
        ]
      },
      "id": "node/7794501359"
    },
    {
      "type": "Feature",
      "properties": {
        "@id": "node/7795212862",
        "amenity": "fuel"
      },
      "geometry": {
        "type": "Point",
        "coordinates": [
          78.0827026,
          17.610112
        ]
      },
      "id": "node/7795212862"
    },
    {
      "type": "Feature",
      "properties": {
        "@id": "node/7802843548",
        "amenity": "fuel",
        "brand": "Hindustan Petroleum",
        "fuel:diesel": "yes",
        "fuel:petrol": "yes",
        "name": "HP Pertol Bunk",
        "self_service": "no"
      },
      "geometry": {
        "type": "Point",
        "coordinates": [
          78.4923123,
          17.5476077
        ]
      },
      "id": "node/7802843548"
    },
    {
      "type": "Feature",
      "properties": {
        "@id": "node/7892295751",
        "amenity": "fuel"
      },
      "geometry": {
        "type": "Point",
        "coordinates": [
          78.6237214,
          17.3394011
        ]
      },
      "id": "node/7892295751"
    },
    {
      "type": "Feature",
      "properties": {
        "@id": "node/7966721254",
        "amenity": "fuel"
      },
      "geometry": {
        "type": "Point",
        "coordinates": [
          79.7046733,
          17.8353273
        ]
      },
      "id": "node/7966721254"
    },
    {
      "type": "Feature",
      "properties": {
        "@id": "node/7966726712",
        "amenity": "fuel"
      },
      "geometry": {
        "type": "Point",
        "coordinates": [
          79.6741551,
          17.8564431
        ]
      },
      "id": "node/7966726712"
    },
    {
      "type": "Feature",
      "properties": {
        "@id": "node/7986086864",
        "amenity": "fuel"
      },
      "geometry": {
        "type": "Point",
        "coordinates": [
          79.6036881,
          17.8502469
        ]
      },
      "id": "node/7986086864"
    },
    {
      "type": "Feature",
      "properties": {
        "@id": "node/8087330614",
        "amenity": "fuel",
        "brand": "Bharat Petroleum",
        "brand:wikidata": "Q854826",
        "brand:wikipedia": "en:Bharat Petroleum",
        "name": "Bharat Petroleum",
        "opening_hours": "24/7"
      },
      "geometry": {
        "type": "Point",
        "coordinates": [
          78.5150117,
          17.3774375
        ]
      },
      "id": "node/8087330614"
    },
    {
      "type": "Feature",
      "properties": {
        "@id": "node/8110904420",
        "amenity": "fuel",
        "brand": "Indian Oil",
        "brand:wikidata": "Q1289348",
        "brand:wikipedia": "en:Indian Oil Corporation",
        "name": "Indian Oil"
      },
      "geometry": {
        "type": "Point",
        "coordinates": [
          79.3159628,
          18.2813619
        ]
      },
      "id": "node/8110904420"
    },
    {
      "type": "Feature",
      "properties": {
        "@id": "node/8110904421",
        "amenity": "fuel",
        "brand": "Indian Oil",
        "brand:wikidata": "Q1289348",
        "brand:wikipedia": "en:Indian Oil Corporation",
        "name": "Indian Oil"
      },
      "geometry": {
        "type": "Point",
        "coordinates": [
          79.3225048,
          18.2752336
        ]
      },
      "id": "node/8110904421"
    },
    {
      "type": "Feature",
      "properties": {
        "@id": "node/8110908667",
        "addr:city": "Hyderabad",
        "addr:postcode": "500039",
        "addr:street": "Uppal",
        "amenity": "fuel",
        "brand": "Indian Oil",
        "brand:wikidata": "Q1289348",
        "brand:wikipedia": "en:Indian Oil Corporation",
        "name": "Indian Oil"
      },
      "geometry": {
        "type": "Point",
        "coordinates": [
          78.5715883,
          17.4018865
        ]
      },
      "id": "node/8110908667"
    },
    {
      "type": "Feature",
      "properties": {
        "@id": "node/8111032811",
        "amenity": "fuel",
        "brand": "Bharat Petroleum",
        "brand:wikidata": "Q854826",
        "brand:wikipedia": "en:Bharat Petroleum",
        "name": "Bharat Petroleum"
      },
      "geometry": {
        "type": "Point",
        "coordinates": [
          78.5308325,
          17.3558817
        ]
      },
      "id": "node/8111032811"
    },
    {
      "type": "Feature",
      "properties": {
        "@id": "node/8111043515",
        "amenity": "fuel"
      },
      "geometry": {
        "type": "Point",
        "coordinates": [
          78.5215544,
          17.3583937
        ]
      },
      "id": "node/8111043515"
    },
    {
      "type": "Feature",
      "properties": {
        "@id": "node/8111136354",
        "amenity": "fuel"
      },
      "geometry": {
        "type": "Point",
        "coordinates": [
          79.4439465,
          18.8758054
        ]
      },
      "id": "node/8111136354"
    },
    {
      "type": "Feature",
      "properties": {
        "@id": "node/8111136359",
        "amenity": "fuel"
      },
      "geometry": {
        "type": "Point",
        "coordinates": [
          79.4440014,
          18.8754054
        ]
      },
      "id": "node/8111136359"
    },
    {
      "type": "Feature",
      "properties": {
        "@id": "node/8111181027",
        "amenity": "fuel",
        "brand": "Indian Oil",
        "brand:wikidata": "Q1289348",
        "brand:wikipedia": "en:Indian Oil Corporation",
        "name": "Indian Oil"
      },
      "geometry": {
        "type": "Point",
        "coordinates": [
          79.531747,
          17.9893154
        ]
      },
      "id": "node/8111181027"
    },
    {
      "type": "Feature",
      "properties": {
        "@id": "node/8113828150",
        "addr:city": "Hyderabad",
        "addr:postcode": "500018",
        "addr:street": "Balakampet",
        "amenity": "fuel",
        "brand": "Bharat Petroleum",
        "brand:wikidata": "Q854826",
        "brand:wikipedia": "en:Bharat Petroleum",
        "name": "Bharat Petroleum"
      },
      "geometry": {
        "type": "Point",
        "coordinates": [
          78.4496696,
          17.449229
        ]
      },
      "id": "node/8113828150"
    },
    {
      "type": "Feature",
      "properties": {
        "@id": "node/8233700551",
        "amenity": "fuel",
        "brand": "Indian Oil",
        "brand:wikidata": "Q1289348",
        "brand:wikipedia": "en:Indian Oil Corporation",
        "fuel:diesel": "yes",
        "fuel:petroleum": "yes",
        "name": "Indian petroleum",
        "operator": "Indian gas"
      },
      "geometry": {
        "type": "Point",
        "coordinates": [
          78.5071176,
          17.3724834
        ]
      },
      "id": "node/8233700551"
    },
    {
      "type": "Feature",
      "properties": {
        "@id": "node/8349014068",
        "amenity": "fuel",
        "contact:phone": "+919391163051",
        "name": "HP PETROL PUMP"
      },
      "geometry": {
        "type": "Point",
        "coordinates": [
          78.0957288,
          17.5856098
        ]
      },
      "id": "node/8349014068"
    },
    {
      "type": "Feature",
      "properties": {
        "@id": "node/8349014069",
        "amenity": "fuel",
        "brand": "Indian Oil",
        "brand:wikidata": "Q1289348",
        "brand:wikipedia": "en:Indian Oil Corporation",
        "contact:phone": "+91 9440484289",
        "name": "Indian Oil"
      },
      "geometry": {
        "type": "Point",
        "coordinates": [
          78.0974239,
          17.5861812
        ]
      },
      "id": "node/8349014069"
    },
    {
      "type": "Feature",
      "properties": {
        "@id": "node/8386169031",
        "amenity": "fuel",
        "brand": "Hindustan Petroleum",
        "brand:wikidata": "Q1619375",
        "brand:wikipedia": "en:Hindustan Petroleum",
        "compressed_air": "yes",
        "name": "HP",
        "official_name": "Hindustan Petroleum"
      },
      "geometry": {
        "type": "Point",
        "coordinates": [
          78.3606178,
          17.5131778
        ]
      },
      "id": "node/8386169031"
    },
    {
      "type": "Feature",
      "properties": {
        "@id": "node/8386477096",
        "amenity": "fuel",
        "brand": "Indian Oil",
        "brand:wikidata": "Q1289348",
        "brand:wikipedia": "en:Indian Oil Corporation",
        "fuel:diesel": "yes",
        "fuel:petrol": "yes",
        "name": "Indian Oil",
        "self_service": "no"
      },
      "geometry": {
        "type": "Point",
        "coordinates": [
          78.5183431,
          17.382448
        ]
      },
      "id": "node/8386477096"
    },
    {
      "type": "Feature",
      "properties": {
        "@id": "node/8386581580",
        "amenity": "fuel",
        "brand": "Bharat Petroleum",
        "brand:wikidata": "Q854826",
        "brand:wikipedia": "en:Bharat Petroleum",
        "fuel:diesel": "yes",
        "fuel:petrol": "yes",
        "name": "Bharat Petroleum",
        "self_service": "no"
      },
      "geometry": {
        "type": "Point",
        "coordinates": [
          78.5179366,
          17.3819253
        ]
      },
      "id": "node/8386581580"
    },
    {
      "type": "Feature",
      "properties": {
        "@id": "node/8389281713",
        "amenity": "fuel",
        "brand": "Indian oil",
        "name": "Petrol Bunk"
      },
      "geometry": {
        "type": "Point",
        "coordinates": [
          78.4281042,
          17.3607635
        ]
      },
      "id": "node/8389281713"
    },
    {
      "type": "Feature",
      "properties": {
        "@id": "node/8389341265",
        "amenity": "fuel"
      },
      "geometry": {
        "type": "Point",
        "coordinates": [
          78.5802681,
          17.4282183
        ]
      },
      "id": "node/8389341265"
    },
    {
      "type": "Feature",
      "properties": {
        "@id": "node/8389349354",
        "addr:city": "Hyderabad",
        "addr:postcode": "500076",
        "addr:street": "Nacharam road",
        "amenity": "fuel",
        "brand": "Indian Oil",
        "brand:wikidata": "Q1289348",
        "brand:wikipedia": "en:Indian Oil Corporation",
        "fuel:diesel": "yes",
        "fuel:petrol": "yes",
        "name": "Indian Oil"
      },
      "geometry": {
        "type": "Point",
        "coordinates": [
          78.565075,
          17.4411724
        ]
      },
      "id": "node/8389349354"
    },
    {
      "type": "Feature",
      "properties": {
        "@id": "node/8389349355",
        "addr:city": "Hyderabad",
        "addr:postcode": "500076",
        "addr:street": "Nacharam road",
        "amenity": "fuel",
        "brand": "Hindustan Petroleum",
        "brand:wikidata": "Q1619375",
        "brand:wikipedia": "en:Hindustan Petroleum",
        "fuel:diesel": "yes",
        "fuel:petrol": "yes",
        "name": "HP",
        "official_name": "Hindustan Petroleum"
      },
      "geometry": {
        "type": "Point",
        "coordinates": [
          78.5591336,
          17.4389182
        ]
      },
      "id": "node/8389349355"
    },
    {
      "type": "Feature",
      "properties": {
        "@id": "node/8389349356",
        "addr:city": "Hyderabad",
        "addr:postcode": "500076",
        "addr:street": "Nacharam road",
        "amenity": "fuel",
        "name": "Essar petrol pump"
      },
      "geometry": {
        "type": "Point",
        "coordinates": [
          78.5589997,
          17.4382741
        ]
      },
      "id": "node/8389349356"
    },
    {
      "type": "Feature",
      "properties": {
        "@id": "node/8389349357",
        "addr:city": "Hyderabad",
        "addr:postcode": "500076",
        "addr:street": "Nacharam road",
        "amenity": "fuel",
        "brand": "Indian Oil",
        "brand:wikidata": "Q1289348",
        "brand:wikipedia": "en:Indian Oil Corporation",
        "name": "Indian Oil"
      },
      "geometry": {
        "type": "Point",
        "coordinates": [
          78.5681845,
          17.4468123
        ]
      },
      "id": "node/8389349357"
    },
    {
      "type": "Feature",
      "properties": {
        "@id": "node/8389354239",
        "amenity": "fuel",
        "name": "Bharat petrol bunk"
      },
      "geometry": {
        "type": "Point",
        "coordinates": [
          78.4281697,
          17.3657983
        ]
      },
      "id": "node/8389354239"
    },
    {
      "type": "Feature",
      "properties": {
        "@id": "node/8627662824",
        "amenity": "fuel"
      },
      "geometry": {
        "type": "Point",
        "coordinates": [
          79.7208968,
          17.7446238
        ]
      },
      "id": "node/8627662824"
    },
    {
      "type": "Feature",
      "properties": {
        "@id": "node/8627662825",
        "amenity": "fuel"
      },
      "geometry": {
        "type": "Point",
        "coordinates": [
          79.7235682,
          17.7442339
        ]
      },
      "id": "node/8627662825"
    },
    {
      "type": "Feature",
      "properties": {
        "@id": "node/8628103552",
        "amenity": "fuel"
      },
      "geometry": {
        "type": "Point",
        "coordinates": [
          79.7803746,
          17.7895442
        ]
      },
      "id": "node/8628103552"
    },
    {
      "type": "Feature",
      "properties": {
        "@id": "node/8628103553",
        "amenity": "fuel"
      },
      "geometry": {
        "type": "Point",
        "coordinates": [
          79.7956839,
          17.7967943
        ]
      },
      "id": "node/8628103553"
    },
    {
      "type": "Feature",
      "properties": {
        "@id": "node/8628103554",
        "amenity": "fuel"
      },
      "geometry": {
        "type": "Point",
        "coordinates": [
          79.8091004,
          17.8080334
        ]
      },
      "id": "node/8628103554"
    },
    {
      "type": "Feature",
      "properties": {
        "@id": "node/8628103555",
        "amenity": "fuel"
      },
      "geometry": {
        "type": "Point",
        "coordinates": [
          79.8095494,
          17.8078398
        ]
      },
      "id": "node/8628103555"
    },
    {
      "type": "Feature",
      "properties": {
        "@id": "node/8707260796",
        "amenity": "fuel",
        "compressed_air": "yes"
      },
      "geometry": {
        "type": "Point",
        "coordinates": [
          78.3735312,
          17.4023739
        ]
      },
      "id": "node/8707260796"
    },
    {
      "type": "Feature",
      "properties": {
        "@id": "node/8735959972",
        "amenity": "fuel"
      },
      "geometry": {
        "type": "Point",
        "coordinates": [
          78.9847175,
          18.0948915
        ]
      },
      "id": "node/8735959972"
    },
    {
      "type": "Feature",
      "properties": {
        "@id": "node/8736040436",
        "amenity": "fuel"
      },
      "geometry": {
        "type": "Point",
        "coordinates": [
          78.81701,
          18.1086431
        ]
      },
      "id": "node/8736040436"
    },
    {
      "type": "Feature",
      "properties": {
        "@id": "node/8736173875",
        "amenity": "fuel"
      },
      "geometry": {
        "type": "Point",
        "coordinates": [
          78.8588649,
          18.0789832
        ]
      },
      "id": "node/8736173875"
    },
    {
      "type": "Feature",
      "properties": {
        "@id": "node/9110376631",
        "amenity": "fuel"
      },
      "geometry": {
        "type": "Point",
        "coordinates": [
          78.8817587,
          18.1222153
        ]
      },
      "id": "node/9110376631"
    },
    {
      "type": "Feature",
      "properties": {
        "@id": "node/9355610785",
        "amenity": "fuel",
        "fuel:diesel": "yes"
      },
      "geometry": {
        "type": "Point",
        "coordinates": [
          78.0929577,
          18.6629836
        ]
      },
      "id": "node/9355610785"
    },
    {
      "type": "Feature",
      "properties": {
        "@id": "node/9369819269",
        "amenity": "fuel"
      },
      "geometry": {
        "type": "Point",
        "coordinates": [
          78.5623559,
          17.4661203
        ]
      },
      "id": "node/9369819269"
    },
    {
      "type": "Feature",
      "properties": {
        "@id": "node/9370052904",
        "amenity": "fuel",
        "fuel:gasoline": "yes",
        "fuel:octane_95": "yes",
        "name": "HP",
        "not:brand:wikidata": "Q1619375"
      },
      "geometry": {
        "type": "Point",
        "coordinates": [
          78.5646842,
          17.4771897
        ]
      },
      "id": "node/9370052904"
    },
    {
      "type": "Feature",
      "properties": {
        "@id": "node/9370063036",
        "amenity": "fuel",
        "name": "indian petrol bunk"
      },
      "geometry": {
        "type": "Point",
        "coordinates": [
          79.2919828,
          17.5115263
        ]
      },
      "id": "node/9370063036"
    },
    {
      "type": "Feature",
      "properties": {
        "@id": "node/9515564354",
        "amenity": "fuel",
        "brand": "Indian Oil",
        "brand:wikidata": "Q1289348",
        "brand:wikipedia": "en:Indian Oil Corporation",
        "name": "Indian Oil"
      },
      "geometry": {
        "type": "Point",
        "coordinates": [
          79.6464498,
          16.9975638
        ]
      },
      "id": "node/9515564354"
    },
    {
      "type": "Feature",
      "properties": {
        "@id": "node/9603264226",
        "amenity": "fuel",
        "brand": "HP"
      },
      "geometry": {
        "type": "Point",
        "coordinates": [
          77.9351778,
          16.4851611
        ]
      },
      "id": "node/9603264226"
    },
    {
      "type": "Feature",
      "properties": {
        "@id": "node/9626119813",
        "amenity": "fuel",
        "brand": "indian oil",
        "fuel:diesel": "yes",
        "fuel:petrol": "yes",
        "name": "indian oil petrol station",
        "not:brand:wikidata": "Q1289348"
      },
      "geometry": {
        "type": "Point",
        "coordinates": [
          78.7194447,
          18.8233533
        ]
      },
      "id": "node/9626119813"
    },
    {
      "type": "Feature",
      "properties": {
        "@id": "node/9626140789",
        "addr:city": "hanamkonda",
        "addr:postcode": "506001",
        "addr:street": "Circuit House Road",
        "amenity": "fuel",
        "brand": "Hindustan Petroleum",
        "brand:wikidata": "Q1619375",
        "brand:wikipedia": "en:Hindustan Petroleum",
        "fuel:PETROL": "yes",
        "fuel:diesel": "yes",
        "fuel:power": "yes",
        "name": "HP",
        "official_name": "Hindustan Petroleum",
        "operator": "TS RTC"
      },
      "geometry": {
        "type": "Point",
        "coordinates": [
          79.5534667,
          18.005426
        ]
      },
      "id": "node/9626140789"
    },
    {
      "type": "Feature",
      "properties": {
        "@id": "node/9626752885",
        "amenity": "fuel"
      },
      "geometry": {
        "type": "Point",
        "coordinates": [
          78.3165776,
          17.4957674
        ]
      },
      "id": "node/9626752885"
    },
    {
      "type": "Feature",
      "properties": {
        "@id": "node/9732099995",
        "amenity": "fuel",
        "brand": "Indian Oil Petrol Pump",
        "brand:wikidata": "Q1289348",
        "name": "Indian Oil Petrol Pump"
      },
      "geometry": {
        "type": "Point",
        "coordinates": [
          78.4502828,
          17.390678
        ]
      },
      "id": "node/9732099995"
    },
    {
      "type": "Feature",
      "properties": {
        "@id": "node/9732100001",
        "amenity": "fuel",
        "brand": "Hindustan Petroleum",
        "brand:wikidata": "Q1619375",
        "name": "HP",
        "official_name": "Hindustan Petroleum"
      },
      "geometry": {
        "type": "Point",
        "coordinates": [
          78.4552104,
          17.3887447
        ]
      },
      "id": "node/9732100001"
    },
    {
      "type": "Feature",
      "properties": {
        "@id": "node/9886360478",
        "amenity": "fuel"
      },
      "geometry": {
        "type": "Point",
        "coordinates": [
          77.958443,
          17.4240798
        ]
      },
      "id": "node/9886360478"
    },
    {
      "type": "Feature",
      "properties": {
        "@id": "node/9887289842",
        "amenity": "fuel",
        "brand": "Indian Oil",
        "brand:wikidata": "Q1289348",
        "name": "Indian Oil"
      },
      "geometry": {
        "type": "Point",
        "coordinates": [
          78.3749999,
          17.5225373
        ]
      },
      "id": "node/9887289842"
    },
    {
      "type": "Feature",
      "properties": {
        "@id": "node/9903910025",
        "addr:city": "warangal",
        "addr:postcode": "506331",
        "addr:street": "Girnibavi",
        "amenity": "fuel"
      },
      "geometry": {
        "type": "Point",
        "coordinates": [
          79.7976087,
          17.9559138
        ]
      },
      "id": "node/9903910025"
    },
    {
      "type": "Feature",
      "properties": {
        "@id": "node/9903921270",
        "amenity": "fuel",
        "name": "Indian Petroleum Bunk"
      },
      "geometry": {
        "type": "Point",
        "coordinates": [
          79.368382,
          17.8517441
        ]
      },
      "id": "node/9903921270"
    },
    {
      "type": "Feature",
      "properties": {
        "@id": "node/9903987787",
        "addr:city": "hyderabad",
        "addr:postcode": "500090",
        "addr:street": "Pragathi Nagar Road",
        "amenity": "fuel",
        "brand": "Bharat Petroleum",
        "brand:wikidata": "Q854826",
        "name": "Bharat Petroleum"
      },
      "geometry": {
        "type": "Point",
        "coordinates": [
          78.3942172,
          17.5355831
        ]
      },
      "id": "node/9903987787"
    },
    {
      "type": "Feature",
      "properties": {
        "@id": "node/9903987788",
        "addr:city": "hyderabad",
        "addr:postcode": "500090",
        "addr:street": "Pragathi Nagar Road",
        "amenity": "fuel",
        "brand": "Indian Oil",
        "brand:wikidata": "Q1289348",
        "name": "Indian Oil"
      },
      "geometry": {
        "type": "Point",
        "coordinates": [
          78.3943002,
          17.5411109
        ]
      },
      "id": "node/9903987788"
    },
    {
      "type": "Feature",
      "properties": {
        "@id": "node/9903987805",
        "addr:city": "Hyderabad",
        "addr:postcode": "500085",
        "addr:street": "Nizampet - Miyapur Road Mumbai Highway",
        "amenity": "fuel",
        "brand": "Indian Oil",
        "brand:wikidata": "Q1289348",
        "check_date": "2024-03-16",
        "name": "Indian Oil"
      },
      "geometry": {
        "type": "Point",
        "coordinates": [
          78.388678,
          17.4982754
        ]
      },
      "id": "node/9903987805"
    },
    {
      "type": "Feature",
      "properties": {
        "@id": "node/9903989055",
        "addr:city": "kothagudem",
        "addr:postcode": "507101",
        "addr:street": "Main Hospital Road",
        "amenity": "fuel",
        "brand": "Bharat Petroleum",
        "brand:wikidata": "Q854826",
        "name": "Bharat Petroleum"
      },
      "geometry": {
        "type": "Point",
        "coordinates": [
          80.616234,
          17.5516605
        ]
      },
      "id": "node/9903989055"
    },
    {
      "type": "Feature",
      "properties": {
        "@id": "node/9909300280",
        "amenity": "fuel",
        "brand": "Reliance",
        "brand:wikidata": "Q908931",
        "name": "reliance  petrol"
      },
      "geometry": {
        "type": "Point",
        "coordinates": [
          79.5769585,
          18.0045354
        ]
      },
      "id": "node/9909300280"
    },
    {
      "type": "Feature",
      "properties": {
        "@id": "node/9913845782",
        "amenity": "fuel",
        "brand": "Hindustan Petroleum",
        "brand:wikidata": "Q1619375",
        "name": "HP",
        "official_name": "Hindustan Petroleum"
      },
      "geometry": {
        "type": "Point",
        "coordinates": [
          79.6063283,
          17.9815901
        ]
      },
      "id": "node/9913845782"
    },
    {
      "type": "Feature",
      "properties": {
        "@id": "node/9914734117",
        "amenity": "fuel",
        "name": "Bharat Petroleu'"
      },
      "geometry": {
        "type": "Point",
        "coordinates": [
          78.4110758,
          17.3733859
        ]
      },
      "id": "node/9914734117"
    },
    {
      "type": "Feature",
      "properties": {
        "@id": "node/9918581077",
        "amenity": "fuel",
        "brand": "Bharat Petroleum",
        "brand:wikidata": "Q854826",
        "name": "Bharat Petroleum"
      },
      "geometry": {
        "type": "Point",
        "coordinates": [
          79.5763216,
          18.0130773
        ]
      },
      "id": "node/9918581077"
    },
    {
      "type": "Feature",
      "properties": {
        "@id": "node/9924046179",
        "amenity": "fuel",
        "name": "MCRB Indian Oil Petrol Pump, Mulkanoor"
      },
      "geometry": {
        "type": "Point",
        "coordinates": [
          79.3713372,
          18.0902641
        ]
      },
      "id": "node/9924046179"
    },
    {
      "type": "Feature",
      "properties": {
        "@id": "node/9924083454",
        "amenity": "fuel"
      },
      "geometry": {
        "type": "Point",
        "coordinates": [
          79.3631945,
          18.0945722
        ]
      },
      "id": "node/9924083454"
    },
    {
      "type": "Feature",
      "properties": {
        "@id": "node/9924510446",
        "amenity": "fuel",
        "brand": "Hindustan Petroleum",
        "brand:wikidata": "Q1619375",
        "name": "HP",
        "official_name": "Hindustan Petroleum"
      },
      "geometry": {
        "type": "Point",
        "coordinates": [
          77.8215786,
          18.6876905
        ]
      },
      "id": "node/9924510446"
    },
    {
      "type": "Feature",
      "properties": {
        "@id": "node/9924596015",
        "amenity": "fuel"
      },
      "geometry": {
        "type": "Point",
        "coordinates": [
          79.3241795,
          18.0409955
        ]
      },
      "id": "node/9924596015"
    },
    {
      "type": "Feature",
      "properties": {
        "@id": "node/9924599669",
        "amenity": "fuel"
      },
      "geometry": {
        "type": "Point",
        "coordinates": [
          79.3063901,
          18.0347835
        ]
      },
      "id": "node/9924599669"
    },
    {
      "type": "Feature",
      "properties": {
        "@id": "node/9995078129",
        "amenity": "fuel",
        "name": "Hp petrol pump"
      },
      "geometry": {
        "type": "Point",
        "coordinates": [
          80.8292364,
          17.2045621
        ]
      },
      "id": "node/9995078129"
    },
    {
      "type": "Feature",
      "properties": {
        "@id": "node/10020218102",
        "amenity": "fuel",
        "name": "Hp petrol"
      },
      "geometry": {
        "type": "Point",
        "coordinates": [
          80.8438067,
          17.206444
        ]
      },
      "id": "node/10020218102"
    },
    {
      "type": "Feature",
      "properties": {
        "@id": "node/10020249663",
        "amenity": "fuel",
        "name": "Reliance petrol"
      },
      "geometry": {
        "type": "Point",
        "coordinates": [
          80.8438513,
          17.2060313
        ]
      },
      "id": "node/10020249663"
    },
    {
      "type": "Feature",
      "properties": {
        "@id": "node/10042533819",
        "amenity": "fuel"
      },
      "geometry": {
        "type": "Point",
        "coordinates": [
          79.8115576,
          17.1708228
        ]
      },
      "id": "node/10042533819"
    },
    {
      "type": "Feature",
      "properties": {
        "@id": "node/10262056037",
        "amenity": "fuel"
      },
      "geometry": {
        "type": "Point",
        "coordinates": [
          77.5053493,
          17.6200904
        ]
      },
      "id": "node/10262056037"
    },
    {
      "type": "Feature",
      "properties": {
        "@id": "node/10262056038",
        "amenity": "fuel"
      },
      "geometry": {
        "type": "Point",
        "coordinates": [
          77.5052619,
          17.61967
        ]
      },
      "id": "node/10262056038"
    },
    {
      "type": "Feature",
      "properties": {
        "@id": "node/10262056039",
        "amenity": "fuel"
      },
      "geometry": {
        "type": "Point",
        "coordinates": [
          77.5056881,
          17.6195786
        ]
      },
      "id": "node/10262056039"
    },
    {
      "type": "Feature",
      "properties": {
        "@id": "node/10262056040",
        "amenity": "fuel"
      },
      "geometry": {
        "type": "Point",
        "coordinates": [
          77.5057584,
          17.6199929
        ]
      },
      "id": "node/10262056040"
    },
    {
      "type": "Feature",
      "properties": {
        "@id": "node/10262062782",
        "amenity": "fuel"
      },
      "geometry": {
        "type": "Point",
        "coordinates": [
          79.6893631,
          18.1980545
        ]
      },
      "id": "node/10262062782"
    },
    {
      "type": "Feature",
      "properties": {
        "@id": "node/10262070838",
        "amenity": "fuel"
      },
      "geometry": {
        "type": "Point",
        "coordinates": [
          78.2812208,
          18.076274
        ]
      },
      "id": "node/10262070838"
    },
    {
      "type": "Feature",
      "properties": {
        "@id": "node/10262070839",
        "amenity": "fuel"
      },
      "geometry": {
        "type": "Point",
        "coordinates": [
          78.2814571,
          18.0766056
        ]
      },
      "id": "node/10262070839"
    },
    {
      "type": "Feature",
      "properties": {
        "@id": "node/10262070840",
        "amenity": "fuel"
      },
      "geometry": {
        "type": "Point",
        "coordinates": [
          78.2818283,
          18.0763666
        ]
      },
      "id": "node/10262070840"
    },
    {
      "type": "Feature",
      "properties": {
        "@id": "node/10262070841",
        "amenity": "fuel"
      },
      "geometry": {
        "type": "Point",
        "coordinates": [
          78.281592,
          18.0760349
        ]
      },
      "id": "node/10262070841"
    },
    {
      "type": "Feature",
      "properties": {
        "@id": "node/10262184270",
        "amenity": "fuel",
        "name": "Bharath Fuel Station"
      },
      "geometry": {
        "type": "Point",
        "coordinates": [
          78.2778761,
          18.0644051
        ]
      },
      "id": "node/10262184270"
    },
    {
      "type": "Feature",
      "properties": {
        "@id": "node/10262366797",
        "amenity": "fuel"
      },
      "geometry": {
        "type": "Point",
        "coordinates": [
          80.5494849,
          18.3145893
        ]
      },
      "id": "node/10262366797"
    },
    {
      "type": "Feature",
      "properties": {
        "@id": "node/10262368333",
        "amenity": "fuel",
        "brand": "Nayara",
        "name": "Petrol Bunk"
      },
      "geometry": {
        "type": "Point",
        "coordinates": [
          78.5371163,
          17.462328
        ]
      },
      "id": "node/10262368333"
    },
    {
      "type": "Feature",
      "properties": {
        "@id": "node/10277917164",
        "amenity": "fuel",
        "name": "Sri venkata Pentol Bunk"
      },
      "geometry": {
        "type": "Point",
        "coordinates": [
          78.1225312,
          18.3974692
        ]
      },
      "id": "node/10277917164"
    },
    {
      "type": "Feature",
      "properties": {
        "@id": "node/10277917752",
        "amenity": "fuel"
      },
      "geometry": {
        "type": "Point",
        "coordinates": [
          79.13617,
          18.4590144
        ]
      },
      "id": "node/10277917752"
    },
    {
      "type": "Feature",
      "properties": {
        "@id": "node/10277918656",
        "amenity": "fuel"
      },
      "geometry": {
        "type": "Point",
        "coordinates": [
          78.5260577,
          17.3266162
        ]
      },
      "id": "node/10277918656"
    },
    {
      "type": "Feature",
      "properties": {
        "@id": "node/10277933412",
        "amenity": "fuel",
        "name": "Barath Petrol"
      },
      "geometry": {
        "type": "Point",
        "coordinates": [
          78.1306502,
          18.3991872
        ]
      },
      "id": "node/10277933412"
    },
    {
      "type": "Feature",
      "properties": {
        "@id": "node/10277933422",
        "amenity": "fuel",
        "name": "HP Petrol Bunk"
      },
      "geometry": {
        "type": "Point",
        "coordinates": [
          78.1408674,
          18.3974197
        ]
      },
      "id": "node/10277933422"
    },
    {
      "type": "Feature",
      "properties": {
        "@id": "node/10279460617",
        "amenity": "fuel"
      },
      "geometry": {
        "type": "Point",
        "coordinates": [
          78.5626889,
          17.4663296
        ]
      },
      "id": "node/10279460617"
    },
    {
      "type": "Feature",
      "properties": {
        "@id": "node/10279481533",
        "amenity": "fuel",
        "name": "indiana petrol pump"
      },
      "geometry": {
        "type": "Point",
        "coordinates": [
          78.4427517,
          17.3590055
        ]
      },
      "id": "node/10279481533"
    },
    {
      "type": "Feature",
      "properties": {
        "@id": "node/10279507194",
        "amenity": "fuel"
      },
      "geometry": {
        "type": "Point",
        "coordinates": [
          78.5640739,
          17.4679641
        ]
      },
      "id": "node/10279507194"
    },
    {
      "type": "Feature",
      "properties": {
        "@id": "node/10279507195",
        "amenity": "fuel"
      },
      "geometry": {
        "type": "Point",
        "coordinates": [
          78.5640048,
          17.4676475
        ]
      },
      "id": "node/10279507195"
    },
    {
      "type": "Feature",
      "properties": {
        "@id": "node/10279507196",
        "amenity": "fuel"
      },
      "geometry": {
        "type": "Point",
        "coordinates": [
          78.5641918,
          17.4676139
        ]
      },
      "id": "node/10279507196"
    },
    {
      "type": "Feature",
      "properties": {
        "@id": "node/10279507197",
        "amenity": "fuel"
      },
      "geometry": {
        "type": "Point",
        "coordinates": [
          78.5643528,
          17.4678588
        ]
      },
      "id": "node/10279507197"
    },
    {
      "type": "Feature",
      "properties": {
        "@id": "node/10279596182",
        "amenity": "fuel"
      },
      "geometry": {
        "type": "Point",
        "coordinates": [
          78.525868,
          17.3272354
        ]
      },
      "id": "node/10279596182"
    },
    {
      "type": "Feature",
      "properties": {
        "@id": "node/10279697260",
        "amenity": "fuel",
        "brand": "JIO BP",
        "brand:wikidata": "Q7311026",
        "check_date": "2024-05-09",
        "name": "Jio BP"
      },
      "geometry": {
        "type": "Point",
        "coordinates": [
          80.6904982,
          17.5896296
        ]
      },
      "id": "node/10279697260"
    },
    {
      "type": "Feature",
      "properties": {
        "@id": "node/10279697267",
        "amenity": "fuel",
        "check_date": "2024-05-09",
        "name": "Indian Oil"
      },
      "geometry": {
        "type": "Point",
        "coordinates": [
          80.6522363,
          17.5834364
        ]
      },
      "id": "node/10279697267"
    },
    {
      "type": "Feature",
      "properties": {
        "@id": "node/10279737666",
        "amenity": "fuel",
        "name": "Mohini Petrol Pump"
      },
      "geometry": {
        "type": "Point",
        "coordinates": [
          78.4443429,
          17.3593287
        ]
      },
      "id": "node/10279737666"
    },
    {
      "type": "Feature",
      "properties": {
        "@id": "node/10279742385",
        "amenity": "fuel"
      },
      "geometry": {
        "type": "Point",
        "coordinates": [
          78.5203,
          17.3312094
        ]
      },
      "id": "node/10279742385"
    },
    {
      "type": "Feature",
      "properties": {
        "@id": "node/10280090371",
        "amenity": "fuel",
        "name": "HPCL - Swapna Filling Station"
      },
      "geometry": {
        "type": "Point",
        "coordinates": [
          78.4407182,
          17.3128597
        ]
      },
      "id": "node/10280090371"
    },
    {
      "type": "Feature",
      "properties": {
        "@id": "node/10280153462",
        "amenity": "fuel",
        "name": "Bharath Petrol"
      },
      "geometry": {
        "type": "Point",
        "coordinates": [
          78.2438573,
          18.4304414
        ]
      },
      "id": "node/10280153462"
    },
    {
      "type": "Feature",
      "properties": {
        "@id": "node/10280153703",
        "amenity": "fuel",
        "brand": "Hindustan Petroleum",
        "brand:wikidata": "Q1619375",
        "name": "HP",
        "official_name": "Hindustan Petroleum"
      },
      "geometry": {
        "type": "Point",
        "coordinates": [
          78.302552,
          18.3641508
        ]
      },
      "id": "node/10280153703"
    },
    {
      "type": "Feature",
      "properties": {
        "@id": "node/10280153720",
        "amenity": "fuel",
        "name": "Bharath Petrol"
      },
      "geometry": {
        "type": "Point",
        "coordinates": [
          78.3071863,
          18.3494878
        ]
      },
      "id": "node/10280153720"
    },
    {
      "type": "Feature",
      "properties": {
        "@id": "node/10280153721",
        "amenity": "fuel",
        "name": "Bharath Petrol"
      },
      "geometry": {
        "type": "Point",
        "coordinates": [
          78.3070462,
          18.3493214
        ]
      },
      "id": "node/10280153721"
    },
    {
      "type": "Feature",
      "properties": {
        "@id": "node/10806651224",
        "amenity": "fuel"
      },
      "geometry": {
        "type": "Point",
        "coordinates": [
          78.8360869,
          18.1129854
        ]
      },
      "id": "node/10806651224"
    },
    {
      "type": "Feature",
      "properties": {
        "@id": "node/10806670318",
        "amenity": "fuel",
        "brand": "Hindustan Petroleum",
        "brand:wikidata": "Q1619375",
        "name": "HP",
        "official_name": "Hindustan Petroleum"
      },
      "geometry": {
        "type": "Point",
        "coordinates": [
          79.4340053,
          18.5057386
        ]
      },
      "id": "node/10806670318"
    },
    {
      "type": "Feature",
      "properties": {
        "@id": "node/10806670333",
        "amenity": "fuel"
      },
      "geometry": {
        "type": "Point",
        "coordinates": [
          79.4302706,
          18.5077142
        ]
      },
      "id": "node/10806670333"
    },
    {
      "type": "Feature",
      "properties": {
        "@id": "node/10806898944",
        "amenity": "fuel"
      },
      "geometry": {
        "type": "Point",
        "coordinates": [
          79.9972962,
          17.5296558
        ]
      },
      "id": "node/10806898944"
    },
    {
      "type": "Feature",
      "properties": {
        "@id": "node/10809837548",
        "amenity": "fuel"
      },
      "geometry": {
        "type": "Point",
        "coordinates": [
          78.8366581,
          18.1247359
        ]
      },
      "id": "node/10809837548"
    },
    {
      "type": "Feature",
      "properties": {
        "@id": "node/10902708901",
        "amenity": "fuel"
      },
      "geometry": {
        "type": "Point",
        "coordinates": [
          80.1727252,
          17.2451417
        ]
      },
      "id": "node/10902708901"
    },
    {
      "type": "Feature",
      "properties": {
        "@id": "node/10960946467",
        "amenity": "fuel"
      },
      "geometry": {
        "type": "Point",
        "coordinates": [
          79.5807002,
          16.8616166
        ]
      },
      "id": "node/10960946467"
    },
    {
      "type": "Feature",
      "properties": {
        "@id": "node/10961010448",
        "amenity": "fuel"
      },
      "geometry": {
        "type": "Point",
        "coordinates": [
          78.6799761,
          18.0882973
        ]
      },
      "id": "node/10961010448"
    },
    {
      "type": "Feature",
      "properties": {
        "@id": "node/10962573481",
        "amenity": "fuel",
        "fuel:diesel": "yes",
        "fuel:petrol": "yes",
        "name": "reliance petrolium",
        "opening_hours": "24/7",
        "operator": "reliance"
      },
      "geometry": {
        "type": "Point",
        "coordinates": [
          79.557442,
          16.8596839
        ]
      },
      "id": "node/10962573481"
    },
    {
      "type": "Feature",
      "properties": {
        "@id": "node/11025430405",
        "amenity": "fuel"
      },
      "geometry": {
        "type": "Point",
        "coordinates": [
          78.084603,
          17.5881065
        ]
      },
      "id": "node/11025430405"
    },
    {
      "type": "Feature",
      "properties": {
        "@id": "node/11031504218",
        "amenity": "fuel"
      },
      "geometry": {
        "type": "Point",
        "coordinates": [
          78.096399,
          18.6808951
        ]
      },
      "id": "node/11031504218"
    },
    {
      "type": "Feature",
      "properties": {
        "@id": "node/11031660862",
        "addr:city": "Jagtial",
        "addr:postcode": "505327",
        "amenity": "fuel",
        "brand": "Indian Oil Petrol Pump",
        "brand:wikidata": "Q1289348",
        "name": "Indian Oil Petrol Pump"
      },
      "geometry": {
        "type": "Point",
        "coordinates": [
          78.9136647,
          18.7835246
        ]
      },
      "id": "node/11031660862"
    },
    {
      "type": "Feature",
      "properties": {
        "@id": "node/11036582204",
        "amenity": "fuel",
        "brand": "Petrolimex",
        "name": "Filling Station"
      },
      "geometry": {
        "type": "Point",
        "coordinates": [
          79.112206,
          16.6373424
        ]
      },
      "id": "node/11036582204"
    },
    {
      "type": "Feature",
      "properties": {
        "@id": "node/11082505361",
        "amenity": "fuel"
      },
      "geometry": {
        "type": "Point",
        "coordinates": [
          79.5982637,
          17.9745816
        ]
      },
      "id": "node/11082505361"
    },
    {
      "type": "Feature",
      "properties": {
        "@id": "node/11125665105",
        "amenity": "fuel",
        "name": "Hindustan Petroleum Corporation Limited"
      },
      "geometry": {
        "type": "Point",
        "coordinates": [
          78.1601958,
          17.5669303
        ]
      },
      "id": "node/11125665105"
    },
    {
      "type": "Feature",
      "properties": {
        "@id": "node/11125668503",
        "amenity": "fuel",
        "description": "Fuel station. Castrol's branding is more dominant than Reliance's.",
        "name": "Reliance Petrol Pump"
      },
      "geometry": {
        "type": "Point",
        "coordinates": [
          78.0016836,
          17.6097924
        ]
      },
      "id": "node/11125668503"
    },
    {
      "type": "Feature",
      "properties": {
        "@id": "node/11125676168",
        "amenity": "fuel",
        "brand": "Bharat Petroleum",
        "brand:wikidata": "Q854826",
        "name": "Bharat Petroleum Corporation Limited"
      },
      "geometry": {
        "type": "Point",
        "coordinates": [
          78.1111394,
          17.5815314
        ]
      },
      "id": "node/11125676168"
    },
    {
      "type": "Feature",
      "properties": {
        "@id": "node/11125679085",
        "amenity": "fuel",
        "brand": "Indian Oil",
        "brand:wikidata": "Q1289348",
        "name": "Indian Oil Corporation Limited"
      },
      "geometry": {
        "type": "Point",
        "coordinates": [
          78.0513835,
          17.5991421
        ]
      },
      "id": "node/11125679085"
    },
    {
      "type": "Feature",
      "properties": {
        "@id": "node/11125685009",
        "amenity": "fuel",
        "name": "Indian Oil Corporation Limited"
      },
      "geometry": {
        "type": "Point",
        "coordinates": [
          78.0128441,
          17.6071615
        ]
      },
      "id": "node/11125685009"
    },
    {
      "type": "Feature",
      "properties": {
        "@id": "node/11125689777",
        "amenity": "fuel",
        "name": "Bharat Petroleum"
      },
      "geometry": {
        "type": "Point",
        "coordinates": [
          78.0319683,
          17.6046938
        ]
      },
      "id": "node/11125689777"
    },
    {
      "type": "Feature",
      "properties": {
        "@id": "node/11125790258",
        "amenity": "fuel",
        "name": "Indian Oil Corporation Limited"
      },
      "geometry": {
        "type": "Point",
        "coordinates": [
          77.8538636,
          17.6411843
        ]
      },
      "id": "node/11125790258"
    },
    {
      "type": "Feature",
      "properties": {
        "@id": "node/11125790557",
        "amenity": "fuel",
        "brand": "Indian Oil",
        "brand:wikidata": "Q1289348",
        "name": "Indian Oil Corporation Limited"
      },
      "geometry": {
        "type": "Point",
        "coordinates": [
          77.9146359,
          17.6254467
        ]
      },
      "id": "node/11125790557"
    },
    {
      "type": "Feature",
      "properties": {
        "@id": "node/11125817779",
        "amenity": "fuel",
        "name": "Indian Oil Corporation Limited"
      },
      "geometry": {
        "type": "Point",
        "coordinates": [
          77.9061586,
          17.627779
        ]
      },
      "id": "node/11125817779"
    },
    {
      "type": "Feature",
      "properties": {
        "@id": "node/11125819312",
        "amenity": "fuel",
        "name": "Hindustan Petroleum Corporation Limited"
      },
      "geometry": {
        "type": "Point",
        "coordinates": [
          77.6970449,
          17.666963
        ]
      },
      "id": "node/11125819312"
    },
    {
      "type": "Feature",
      "properties": {
        "@id": "node/11125985479",
        "amenity": "fuel",
        "name": "Bharat Petroleum Corporation Limited"
      },
      "geometry": {
        "type": "Point",
        "coordinates": [
          77.5512157,
          17.6995321
        ]
      },
      "id": "node/11125985479"
    },
    {
      "type": "Feature",
      "properties": {
        "@id": "node/11126000768",
        "amenity": "fuel",
        "name": "Reliance Petroleum"
      },
      "geometry": {
        "type": "Point",
        "coordinates": [
          77.6627186,
          17.6767928
        ]
      },
      "id": "node/11126000768"
    },
    {
      "type": "Feature",
      "properties": {
        "@id": "node/11361056931",
        "amenity": "fuel",
        "brand": "Hindustan Petroleum",
        "brand:wikidata": "Q1619375",
        "name": "HP",
        "official_name": "Hindustan Petroleum"
      },
      "geometry": {
        "type": "Point",
        "coordinates": [
          79.6416164,
          16.7241468
        ]
      },
      "id": "node/11361056931"
    },
    {
      "type": "Feature",
      "properties": {
        "@id": "node/11361056932",
        "amenity": "fuel",
        "brand": "Indian Oil",
        "brand:wikidata": "Q1289348",
        "name": "Indian Oil"
      },
      "geometry": {
        "type": "Point",
        "coordinates": [
          79.626072,
          16.7392244
        ]
      },
      "id": "node/11361056932"
    },
    {
      "type": "Feature",
      "properties": {
        "@id": "node/11361056933",
        "amenity": "fuel",
        "brand": "Indian Oil"
      },
      "geometry": {
        "type": "Point",
        "coordinates": [
          79.6123765,
          16.7771502
        ]
      },
      "id": "node/11361056933"
    },
    {
      "type": "Feature",
      "properties": {
        "@id": "node/11361056935",
        "amenity": "fuel",
        "brand": "Indian Oil",
        "brand:wikidata": "Q1289348",
        "name": "Indian Oil"
      },
      "geometry": {
        "type": "Point",
        "coordinates": [
          79.6517524,
          16.7084391
        ]
      },
      "id": "node/11361056935"
    },
    {
      "type": "Feature",
      "properties": {
        "@id": "node/11361056936",
        "amenity": "fuel",
        "brand": "Hindustan Petroleum",
        "brand:wikidata": "Q1619375",
        "name": "HP",
        "official_name": "Hindustan Petroleum"
      },
      "geometry": {
        "type": "Point",
        "coordinates": [
          79.6235609,
          16.7429423
        ]
      },
      "id": "node/11361056936"
    },
    {
      "type": "Feature",
      "properties": {
        "@id": "node/11361056937",
        "amenity": "fuel",
        "brand": "Essar",
        "brand:wikidata": "Q5399372",
        "name": "Essar"
      },
      "geometry": {
        "type": "Point",
        "coordinates": [
          79.6487489,
          16.7165193
        ]
      },
      "id": "node/11361056937"
    },
    {
      "type": "Feature",
      "properties": {
        "@id": "node/11361056938",
        "amenity": "fuel",
        "brand": "Hindustan Petroleum",
        "brand:wikidata": "Q1619375",
        "name": "HP",
        "official_name": "Hindustan Petroleum"
      },
      "geometry": {
        "type": "Point",
        "coordinates": [
          79.6497687,
          16.7134268
        ]
      },
      "id": "node/11361056938"
    },
    {
      "type": "Feature",
      "properties": {
        "@id": "node/11361056939",
        "amenity": "fuel",
        "brand": "Essar"
      },
      "geometry": {
        "type": "Point",
        "coordinates": [
          79.6152209,
          16.7622489
        ]
      },
      "id": "node/11361056939"
    },
    {
      "type": "Feature",
      "properties": {
        "@id": "node/11361056940",
        "amenity": "fuel",
        "brand": "BP"
      },
      "geometry": {
        "type": "Point",
        "coordinates": [
          79.639972,
          16.7249209
        ]
      },
      "id": "node/11361056940"
    },
    {
      "type": "Feature",
      "properties": {
        "@id": "node/11361091512",
        "amenity": "fuel",
        "brand": "Indian Oil"
      },
      "geometry": {
        "type": "Point",
        "coordinates": [
          79.6068109,
          16.8282219
        ]
      },
      "id": "node/11361091512"
    },
    {
      "type": "Feature",
      "properties": {
        "@id": "node/11361091513",
        "amenity": "fuel",
        "brand": "Indian Oil"
      },
      "geometry": {
        "type": "Point",
        "coordinates": [
          79.5462277,
          16.9026401
        ]
      },
      "id": "node/11361091513"
    },
    {
      "type": "Feature",
      "properties": {
        "@id": "node/11361091514",
        "amenity": "fuel",
        "brand": "Nayara"
      },
      "geometry": {
        "type": "Point",
        "coordinates": [
          79.6083041,
          16.8264725
        ]
      },
      "id": "node/11361091514"
    },
    {
      "type": "Feature",
      "properties": {
        "@id": "node/11361091515",
        "amenity": "fuel",
        "brand": "HP"
      },
      "geometry": {
        "type": "Point",
        "coordinates": [
          79.5451719,
          16.9033998
        ]
      },
      "id": "node/11361091515"
    },
    {
      "type": "Feature",
      "properties": {
        "@id": "node/11361091516",
        "amenity": "fuel",
        "brand": "BP"
      },
      "geometry": {
        "type": "Point",
        "coordinates": [
          79.6039641,
          16.8408455
        ]
      },
      "id": "node/11361091516"
    },
    {
      "type": "Feature",
      "properties": {
        "@id": "node/11361091517",
        "amenity": "fuel",
        "brand": "Indian Oil"
      },
      "geometry": {
        "type": "Point",
        "coordinates": [
          79.5991411,
          16.8502741
        ]
      },
      "id": "node/11361091517"
    },
    {
      "type": "Feature",
      "properties": {
        "@id": "node/11361091518",
        "amenity": "fuel",
        "brand": "BP"
      },
      "geometry": {
        "type": "Point",
        "coordinates": [
          79.5330563,
          16.9224777
        ]
      },
      "id": "node/11361091518"
    },
    {
      "type": "Feature",
      "properties": {
        "@id": "node/11361091519",
        "amenity": "fuel",
        "brand": "Indian Oil"
      },
      "geometry": {
        "type": "Point",
        "coordinates": [
          79.5792719,
          16.8583366
        ]
      },
      "id": "node/11361091519"
    },
    {
      "type": "Feature",
      "properties": {
        "@id": "node/11361091520",
        "amenity": "fuel",
        "brand": "HP"
      },
      "geometry": {
        "type": "Point",
        "coordinates": [
          79.6142252,
          16.8073048
        ]
      },
      "id": "node/11361091520"
    },
    {
      "type": "Feature",
      "properties": {
        "@id": "node/11361091521",
        "amenity": "fuel",
        "brand": "Indian Oil"
      },
      "geometry": {
        "type": "Point",
        "coordinates": [
          79.5549566,
          16.8804598
        ]
      },
      "id": "node/11361091521"
    },
    {
      "type": "Feature",
      "properties": {
        "@id": "node/11361106748",
        "amenity": "fuel",
        "brand": "Indian Oil",
        "brand:wikidata": "Q1289348",
        "name": "Indian Oil"
      },
      "geometry": {
        "type": "Point",
        "coordinates": [
          79.1494297,
          17.219406
        ]
      },
      "id": "node/11361106748"
    },
    {
      "type": "Feature",
      "properties": {
        "@id": "node/11361106749",
        "amenity": "fuel",
        "brand": "Jio"
      },
      "geometry": {
        "type": "Point",
        "coordinates": [
          79.1442373,
          17.2214606
        ]
      },
      "id": "node/11361106749"
    },
    {
      "type": "Feature",
      "properties": {
        "@id": "node/11361106750",
        "amenity": "fuel",
        "brand": "Hindustan Petroleum",
        "brand:wikidata": "Q1619375",
        "name": "HP",
        "official_name": "Hindustan Petroleum"
      },
      "geometry": {
        "type": "Point",
        "coordinates": [
          79.1388455,
          17.2259907
        ]
      },
      "id": "node/11361106750"
    },
    {
      "type": "Feature",
      "properties": {
        "@id": "node/11361106751",
        "amenity": "fuel",
        "brand": "Indian Oil",
        "brand:wikidata": "Q1289348",
        "name": "Indian Oil"
      },
      "geometry": {
        "type": "Point",
        "coordinates": [
          79.1372559,
          17.2259092
        ]
      },
      "id": "node/11361106751"
    },
    {
      "type": "Feature",
      "properties": {
        "@id": "node/11361106752",
        "amenity": "fuel",
        "brand": "Indian Oil"
      },
      "geometry": {
        "type": "Point",
        "coordinates": [
          79.2199576,
          17.1478361
        ]
      },
      "id": "node/11361106752"
    },
    {
      "type": "Feature",
      "properties": {
        "@id": "node/11361106753",
        "amenity": "fuel",
        "brand": "Essar",
        "brand:wikidata": "Q5399372",
        "name": "Essar"
      },
      "geometry": {
        "type": "Point",
        "coordinates": [
          79.148322,
          17.2200328
        ]
      },
      "id": "node/11361106753"
    },
    {
      "type": "Feature",
      "properties": {
        "@id": "node/11361106754",
        "amenity": "fuel",
        "brand": "Bharat Petroleum",
        "brand:wikidata": "Q854826",
        "name": "Bharat Petroleum"
      },
      "geometry": {
        "type": "Point",
        "coordinates": [
          79.1673585,
          17.2111884
        ]
      },
      "id": "node/11361106754"
    },
    {
      "type": "Feature",
      "properties": {
        "@id": "node/11361106755",
        "amenity": "fuel",
        "brand": "HP"
      },
      "geometry": {
        "type": "Point",
        "coordinates": [
          79.2286655,
          17.1308493
        ]
      },
      "id": "node/11361106755"
    },
    {
      "type": "Feature",
      "properties": {
        "@id": "node/11361106756",
        "amenity": "fuel",
        "brand": "Indian Oil",
        "brand:wikidata": "Q1289348",
        "name": "Indian Oil"
      },
      "geometry": {
        "type": "Point",
        "coordinates": [
          79.1197916,
          17.2332002
        ]
      },
      "id": "node/11361106756"
    },
    {
      "type": "Feature",
      "properties": {
        "@id": "node/11361106757",
        "amenity": "fuel",
        "brand": "Indian Oil",
        "brand:wikidata": "Q1289348",
        "name": "Indian Oil"
      },
      "geometry": {
        "type": "Point",
        "coordinates": [
          79.1772465,
          17.2082548
        ]
      },
      "id": "node/11361106757"
    },
    {
      "type": "Feature",
      "properties": {
        "@id": "node/11361106758",
        "amenity": "fuel",
        "brand": "HP"
      },
      "geometry": {
        "type": "Point",
        "coordinates": [
          79.2047231,
          17.1734302
        ]
      },
      "id": "node/11361106758"
    },
    {
      "type": "Feature",
      "properties": {
        "@id": "node/11361125395",
        "amenity": "fuel"
      },
      "geometry": {
        "type": "Point",
        "coordinates": [
          79.4839608,
          16.9499027
        ]
      },
      "id": "node/11361125395"
    },
    {
      "type": "Feature",
      "properties": {
        "@id": "node/11361125396",
        "amenity": "fuel",
        "brand": "HP"
      },
      "geometry": {
        "type": "Point",
        "coordinates": [
          79.4672323,
          16.9658423
        ]
      },
      "id": "node/11361125396"
    },
    {
      "type": "Feature",
      "properties": {
        "@id": "node/11361125397",
        "amenity": "fuel",
        "brand": "Indian Oil"
      },
      "geometry": {
        "type": "Point",
        "coordinates": [
          79.2951388,
          17.0598339
        ]
      },
      "id": "node/11361125397"
    },
    {
      "type": "Feature",
      "properties": {
        "@id": "node/11361125398",
        "amenity": "fuel",
        "brand": "BP"
      },
      "geometry": {
        "type": "Point",
        "coordinates": [
          79.3383365,
          17.0240449
        ]
      },
      "id": "node/11361125398"
    },
    {
      "type": "Feature",
      "properties": {
        "@id": "node/11361125399",
        "amenity": "fuel",
        "brand": "HP"
      },
      "geometry": {
        "type": "Point",
        "coordinates": [
          79.4172879,
          17.0136243
        ]
      },
      "id": "node/11361125399"
    },
    {
      "type": "Feature",
      "properties": {
        "@id": "node/11361125400",
        "amenity": "fuel",
        "brand": "Essar"
      },
      "geometry": {
        "type": "Point",
        "coordinates": [
          79.3607433,
          17.0221267
        ]
      },
      "id": "node/11361125400"
    },
    {
      "type": "Feature",
      "properties": {
        "@id": "node/11361125401",
        "amenity": "fuel"
      },
      "geometry": {
        "type": "Point",
        "coordinates": [
          79.2513328,
          17.0944153
        ]
      },
      "id": "node/11361125401"
    },
    {
      "type": "Feature",
      "properties": {
        "@id": "node/11361131010",
        "amenity": "fuel",
        "check_date": "2024-03-31",
        "name": "Nayara"
      },
      "geometry": {
        "type": "Point",
        "coordinates": [
          78.8339317,
          17.2650092
        ]
      },
      "id": "node/11361131010"
    },
    {
      "type": "Feature",
      "properties": {
        "@id": "node/11361131011",
        "amenity": "fuel",
        "brand": "HP"
      },
      "geometry": {
        "type": "Point",
        "coordinates": [
          78.9805924,
          17.2322597
        ]
      },
      "id": "node/11361131011"
    },
    {
      "type": "Feature",
      "properties": {
        "@id": "node/11361131012",
        "amenity": "fuel",
        "brand": "Indian Oil",
        "brand:wikidata": "Q1289348",
        "name": "Indian Oil"
      },
      "geometry": {
        "type": "Point",
        "coordinates": [
          79.0407531,
          17.2318255
        ]
      },
      "id": "node/11361131012"
    },
    {
      "type": "Feature",
      "properties": {
        "@id": "node/11361131013",
        "amenity": "fuel",
        "brand": "BP"
      },
      "geometry": {
        "type": "Point",
        "coordinates": [
          78.9232728,
          17.245415
        ]
      },
      "id": "node/11361131013"
    },
    {
      "type": "Feature",
      "properties": {
        "@id": "node/11361131014",
        "amenity": "fuel",
        "brand": "Indian Oil"
      },
      "geometry": {
        "type": "Point",
        "coordinates": [
          78.9957916,
          17.2289326
        ]
      },
      "id": "node/11361131014"
    },
    {
      "type": "Feature",
      "properties": {
        "@id": "node/11361131015",
        "amenity": "fuel",
        "brand": "Indian Oil"
      },
      "geometry": {
        "type": "Point",
        "coordinates": [
          78.9483522,
          17.2367254
        ]
      },
      "id": "node/11361131015"
    },
    {
      "type": "Feature",
      "properties": {
        "@id": "node/11361131016",
        "amenity": "fuel",
        "brand": "HP"
      },
      "geometry": {
        "type": "Point",
        "coordinates": [
          78.8933253,
          17.2539734
        ]
      },
      "id": "node/11361131016"
    },
    {
      "type": "Feature",
      "properties": {
        "@id": "node/11361131017",
        "amenity": "fuel",
        "brand": "BP"
      },
      "geometry": {
        "type": "Point",
        "coordinates": [
          78.8668983,
          17.2573388
        ]
      },
      "id": "node/11361131017"
    },
    {
      "type": "Feature",
      "properties": {
        "@id": "node/11361131018",
        "amenity": "fuel",
        "check_date": "2024-03-31",
        "name": "HP"
      },
      "geometry": {
        "type": "Point",
        "coordinates": [
          78.8343963,
          17.2649296
        ]
      },
      "id": "node/11361131018"
    },
    {
      "type": "Feature",
      "properties": {
        "@id": "node/11361131019",
        "amenity": "fuel",
        "brand": "Indian Oil"
      },
      "geometry": {
        "type": "Point",
        "coordinates": [
          78.9473798,
          17.2380638
        ]
      },
      "id": "node/11361131019"
    },
    {
      "type": "Feature",
      "properties": {
        "@id": "node/11361131020",
        "amenity": "fuel",
        "brand": "BP"
      },
      "geometry": {
        "type": "Point",
        "coordinates": [
          79.000147,
          17.2300327
        ]
      },
      "id": "node/11361131020"
    },
    {
      "type": "Feature",
      "properties": {
        "@id": "node/11361131021",
        "amenity": "fuel",
        "brand": "Hindustan Petroleum",
        "brand:wikidata": "Q1619375",
        "name": "HP",
        "official_name": "Hindustan Petroleum"
      },
      "geometry": {
        "type": "Point",
        "coordinates": [
          79.0335992,
          17.2299209
        ]
      },
      "id": "node/11361131021"
    },
    {
      "type": "Feature",
      "properties": {
        "@id": "node/11361131022",
        "amenity": "fuel",
        "brand": "Indian Oil"
      },
      "geometry": {
        "type": "Point",
        "coordinates": [
          78.9043094,
          17.2498506
        ]
      },
      "id": "node/11361131022"
    },
    {
      "type": "Feature",
      "properties": {
        "@id": "node/11361196284",
        "amenity": "fuel",
        "brand": "BP",
        "check_date": "2024-03-31",
        "name": "Bharat Petroleum"
      },
      "geometry": {
        "type": "Point",
        "coordinates": [
          78.7517081,
          17.2931888
        ]
      },
      "id": "node/11361196284"
    },
    {
      "type": "Feature",
      "properties": {
        "@id": "node/11361196286",
        "amenity": "fuel",
        "brand": "BP",
        "check_date": "2024-03-31",
        "name": "Bharat Petroleum"
      },
      "geometry": {
        "type": "Point",
        "coordinates": [
          78.7239457,
          17.3068661
        ]
      },
      "id": "node/11361196286"
    },
    {
      "type": "Feature",
      "properties": {
        "@id": "node/11361196287",
        "amenity": "fuel",
        "brand": "HP"
      },
      "geometry": {
        "type": "Point",
        "coordinates": [
          78.7477993,
          17.293683
        ]
      },
      "id": "node/11361196287"
    },
    {
      "type": "Feature",
      "properties": {
        "@id": "node/11361196288",
        "amenity": "fuel",
        "brand": "HP"
      },
      "geometry": {
        "type": "Point",
        "coordinates": [
          78.6643365,
          17.3178714
        ]
      },
      "id": "node/11361196288"
    },
    {
      "type": "Feature",
      "properties": {
        "@id": "node/11361196289",
        "amenity": "fuel",
        "brand": "HP",
        "check_date": "2024-03-31",
        "name": "Indian Oil"
      },
      "geometry": {
        "type": "Point",
        "coordinates": [
          78.7096786,
          17.3073235
        ]
      },
      "id": "node/11361196289"
    },
    {
      "type": "Feature",
      "properties": {
        "@id": "node/11361196290",
        "amenity": "fuel",
        "brand": "BP",
        "check_date": "2024-03-31",
        "name": "Bharat Petroleum"
      },
      "geometry": {
        "type": "Point",
        "coordinates": [
          78.7514161,
          17.2923465
        ]
      },
      "id": "node/11361196290"
    },
    {
      "type": "Feature",
      "properties": {
        "@id": "node/11361196292",
        "amenity": "fuel",
        "brand": "Jio"
      },
      "geometry": {
        "type": "Point",
        "coordinates": [
          78.7737967,
          17.2867892
        ]
      },
      "id": "node/11361196292"
    },
    {
      "type": "Feature",
      "properties": {
        "@id": "node/11365546316",
        "amenity": "fuel"
      },
      "geometry": {
        "type": "Point",
        "coordinates": [
          78.5232837,
          18.1269727
        ]
      },
      "id": "node/11365546316"
    },
    {
      "type": "Feature",
      "properties": {
        "@id": "node/11548835227",
        "amenity": "fuel",
        "brand": "Hindustan Petroleum",
        "brand:wikidata": "Q1619375",
        "name": "HP",
        "official_name": "Hindustan Petroleum"
      },
      "geometry": {
        "type": "Point",
        "coordinates": [
          78.4100881,
          17.3354729
        ]
      },
      "id": "node/11548835227"
    },
    {
      "type": "Feature",
      "properties": {
        "@id": "node/11548963161",
        "amenity": "fuel",
        "brand": "Indian Oil",
        "brand:wikidata": "Q1289348",
        "name": "Indian Oil"
      },
      "geometry": {
        "type": "Point",
        "coordinates": [
          78.4366343,
          17.3190393
        ]
      },
      "id": "node/11548963161"
    },
    {
      "type": "Feature",
      "properties": {
        "@id": "node/11548982392",
        "amenity": "fuel",
        "brand": "Bharat Petroleum",
        "brand:wikidata": "Q854826",
        "name": "Bharat Petroleum"
      },
      "geometry": {
        "type": "Point",
        "coordinates": [
          78.4432203,
          17.3153408
        ]
      },
      "id": "node/11548982392"
    },
    {
      "type": "Feature",
      "properties": {
        "@id": "node/11549068182",
        "amenity": "fuel",
        "brand": "Indian Oil",
        "brand:wikidata": "Q1289348",
        "name": "Indian Oil"
      },
      "geometry": {
        "type": "Point",
        "coordinates": [
          78.4261405,
          17.3346572
        ]
      },
      "id": "node/11549068182"
    },
    {
      "type": "Feature",
      "properties": {
        "@id": "node/11549389352",
        "amenity": "fuel",
        "brand": "Indian Oil",
        "brand:wikidata": "Q1289348",
        "name": "Indian Oil"
      },
      "geometry": {
        "type": "Point",
        "coordinates": [
          78.4558016,
          17.3609137
        ]
      },
      "id": "node/11549389352"
    },
    {
      "type": "Feature",
      "properties": {
        "@id": "node/11549578529",
        "amenity": "fuel",
        "brand": "Bharat Petroleum",
        "brand:wikidata": "Q854826",
        "name": "Bharat Petroleum"
      },
      "geometry": {
        "type": "Point",
        "coordinates": [
          78.45,
          17.3726422
        ]
      },
      "id": "node/11549578529"
    },
    {
      "type": "Feature",
      "properties": {
        "@id": "node/11564800587",
        "amenity": "fuel",
        "brand": "Indian Oil",
        "brand:wikidata": "Q1289348",
        "name": "Indian Oil"
      },
      "geometry": {
        "type": "Point",
        "coordinates": [
          80.4683037,
          16.811359
        ]
      },
      "id": "node/11564800587"
    },
    {
      "type": "Feature",
      "properties": {
        "@id": "node/11572365801",
        "amenity": "fuel",
        "brand": "Indian Oil",
        "brand:wikidata": "Q1289348",
        "name": "Indian Oil"
      },
      "geometry": {
        "type": "Point",
        "coordinates": [
          78.4235432,
          17.5729804
        ]
      },
      "id": "node/11572365801"
    },
    {
      "type": "Feature",
      "properties": {
        "@id": "node/11578152623",
        "amenity": "fuel",
        "brand": "Bharat Petroleum",
        "brand:wikidata": "Q854826",
        "name": "Bharat Petroleum"
      },
      "geometry": {
        "type": "Point",
        "coordinates": [
          78.4876229,
          17.6101257
        ]
      },
      "id": "node/11578152623"
    },
    {
      "type": "Feature",
      "properties": {
        "@id": "node/11581240667",
        "amenity": "fuel",
        "brand": "Indian Oil",
        "brand:wikidata": "Q1289348",
        "name": "Indian Oil"
      },
      "geometry": {
        "type": "Point",
        "coordinates": [
          78.5950005,
          17.4715755
        ]
      },
      "id": "node/11581240667"
    },
    {
      "type": "Feature",
      "properties": {
        "@id": "node/11581515230",
        "amenity": "fuel",
        "brand": "Hindustan Petroleum",
        "brand:wikidata": "Q1619375",
        "name": "HP",
        "official_name": "Hindustan Petroleum"
      },
      "geometry": {
        "type": "Point",
        "coordinates": [
          78.6297128,
          17.5251557
        ]
      },
      "id": "node/11581515230"
    },
    {
      "type": "Feature",
      "properties": {
        "@id": "node/11581575627",
        "amenity": "fuel",
        "brand": "Hindustan Petroleum",
        "brand:wikidata": "Q1619375",
        "name": "HP",
        "official_name": "Hindustan Petroleum"
      },
      "geometry": {
        "type": "Point",
        "coordinates": [
          78.6715277,
          17.5227284
        ]
      },
      "id": "node/11581575627"
    },
    {
      "type": "Feature",
      "properties": {
        "@id": "node/11581704595",
        "amenity": "fuel",
        "brand": "Indian Oil",
        "brand:wikidata": "Q1289348",
        "name": "Indian Oil"
      },
      "geometry": {
        "type": "Point",
        "coordinates": [
          78.6410545,
          17.4671111
        ]
      },
      "id": "node/11581704595"
    },
    {
      "type": "Feature",
      "properties": {
        "@id": "node/11581706418",
        "amenity": "fuel",
        "brand": "Bharat Petroleum",
        "brand:wikidata": "Q854826",
        "name": "Bharat Petroleum"
      },
      "geometry": {
        "type": "Point",
        "coordinates": [
          78.6339261,
          17.4705604
        ]
      },
      "id": "node/11581706418"
    },
    {
      "type": "Feature",
      "properties": {
        "@id": "node/11581717647",
        "amenity": "fuel",
        "brand": "Hindustan Petroleum",
        "brand:wikidata": "Q1619375",
        "name": "HP",
        "official_name": "Hindustan Petroleum"
      },
      "geometry": {
        "type": "Point",
        "coordinates": [
          78.6339719,
          17.4712827
        ]
      },
      "id": "node/11581717647"
    },
    {
      "type": "Feature",
      "properties": {
        "@id": "node/11581739155",
        "amenity": "fuel",
        "brand": "Hindustan Petroleum",
        "brand:wikidata": "Q1619375",
        "name": "HP",
        "official_name": "Hindustan Petroleum"
      },
      "geometry": {
        "type": "Point",
        "coordinates": [
          78.395648,
          17.6019251
        ]
      },
      "id": "node/11581739155"
    },
    {
      "type": "Feature",
      "properties": {
        "@id": "node/11586536712",
        "amenity": "fuel",
        "brand": "Bharat Petroleum",
        "brand:wikidata": "Q854826",
        "name": "Bharat Petroleum"
      },
      "geometry": {
        "type": "Point",
        "coordinates": [
          78.6258353,
          17.5039598
        ]
      },
      "id": "node/11586536712"
    },
    {
      "type": "Feature",
      "properties": {
        "@id": "node/11729573079",
        "amenity": "fuel"
      },
      "geometry": {
        "type": "Point",
        "coordinates": [
          78.2863384,
          17.7355108
        ]
      },
      "id": "node/11729573079"
    },
    {
      "type": "Feature",
      "properties": {
        "@id": "node/11729573089",
        "amenity": "fuel"
      },
      "geometry": {
        "type": "Point",
        "coordinates": [
          78.2792733,
          17.7416542
        ]
      },
      "id": "node/11729573089"
    },
    {
      "type": "Feature",
      "properties": {
        "@id": "node/11770988838",
        "amenity": "fuel",
        "brand": "Indian Oil",
        "brand:wikidata": "Q1289348",
        "check_date": "2024-03-29",
        "name": "Indian Oil"
      },
      "geometry": {
        "type": "Point",
        "coordinates": [
          78.4446343,
          17.467945
        ]
      },
      "id": "node/11770988838"
    },
    {
      "type": "Feature",
      "properties": {
        "@id": "node/11770988841",
        "amenity": "fuel",
        "brand": "Bharat Petroleum",
        "brand:wikidata": "Q854826",
        "check_date": "2024-03-29",
        "name": "Bharat Petroleum"
      },
      "geometry": {
        "type": "Point",
        "coordinates": [
          78.369946,
          17.4323776
        ]
      },
      "id": "node/11770988841"
    },
    {
      "type": "Feature",
      "properties": {
        "@id": "node/11770988854",
        "amenity": "fuel",
        "brand": "Hindustan Petroleum",
        "brand:wikidata": "Q1619375",
        "check_date": "2024-03-29",
        "name": "HP",
        "official_name": "Hindustan Petroleum"
      },
      "geometry": {
        "type": "Point",
        "coordinates": [
          78.500774,
          17.434867
        ]
      },
      "id": "node/11770988854"
    },
    {
      "type": "Feature",
      "properties": {
        "@id": "node/11770988863",
        "amenity": "fuel",
        "brand": "Bharat Petroleum",
        "brand:wikidata": "Q854826",
        "check_date": "2024-03-29",
        "name": "Bharat Petroleum"
      },
      "geometry": {
        "type": "Point",
        "coordinates": [
          78.4690961,
          17.4617134
        ]
      },
      "id": "node/11770988863"
    },
    {
      "type": "Feature",
      "properties": {
        "@id": "node/11770988864",
        "amenity": "fuel",
        "brand": "Bharat Petroleum",
        "brand:wikidata": "Q854826",
        "check_date": "2024-03-29",
        "name": "Bharat Petroleum"
      },
      "geometry": {
        "type": "Point",
        "coordinates": [
          78.462813,
          17.4626973
        ]
      },
      "id": "node/11770988864"
    },
    {
      "type": "Feature",
      "properties": {
        "@id": "node/11770988867",
        "amenity": "fuel",
        "brand": "Indian Oil",
        "brand:wikidata": "Q1289348",
        "check_date": "2024-03-29",
        "name": "Indian Oil"
      },
      "geometry": {
        "type": "Point",
        "coordinates": [
          78.4469855,
          17.466143
        ]
      },
      "id": "node/11770988867"
    },
    {
      "type": "Feature",
      "properties": {
        "@id": "node/11770988868",
        "amenity": "fuel",
        "brand": "Bharat Petroleum",
        "brand:wikidata": "Q854826",
        "check_date": "2024-03-29",
        "name": "Bharat Petroleum"
      },
      "geometry": {
        "type": "Point",
        "coordinates": [
          78.447275,
          17.4665698
        ]
      },
      "id": "node/11770988868"
    },
    {
      "type": "Feature",
      "properties": {
        "@id": "node/11770993370",
        "amenity": "fuel",
        "brand": "Hindustan Petroleum",
        "brand:wikidata": "Q1619375",
        "check_date": "2024-03-29",
        "name": "HP",
        "official_name": "Hindustan Petroleum"
      },
      "geometry": {
        "type": "Point",
        "coordinates": [
          78.38424,
          17.458549
        ]
      },
      "id": "node/11770993370"
    },
    {
      "type": "Feature",
      "properties": {
        "@id": "node/11770993371",
        "amenity": "fuel",
        "check_date": "2024-03-29",
        "name": "Go Gas"
      },
      "geometry": {
        "type": "Point",
        "coordinates": [
          78.4444689,
          17.4680674
        ]
      },
      "id": "node/11770993371"
    },
    {
      "type": "Feature",
      "properties": {
        "@id": "node/11770993372",
        "amenity": "fuel",
        "brand": "Bharat Petroleum",
        "brand:wikidata": "Q854826",
        "check_date": "2024-03-29",
        "name": "Bharat Petroleum"
      },
      "geometry": {
        "type": "Point",
        "coordinates": [
          78.4208759,
          17.4770601
        ]
      },
      "id": "node/11770993372"
    },
    {
      "type": "Feature",
      "properties": {
        "@id": "node/11770993375",
        "amenity": "fuel",
        "brand": "Hindustan Petroleum",
        "brand:wikidata": "Q1619375",
        "check_date": "2024-03-29",
        "name": "HP",
        "official_name": "Hindustan Petroleum"
      },
      "geometry": {
        "type": "Point",
        "coordinates": [
          78.4182078,
          17.4790052
        ]
      },
      "id": "node/11770993375"
    },
    {
      "type": "Feature",
      "properties": {
        "@id": "node/11772090392",
        "amenity": "fuel",
        "brand": "Nayara",
        "brand:wikidata": "Q5399377",
        "check_date": "2024-03-29",
        "name": "Nayara"
      },
      "geometry": {
        "type": "Point",
        "coordinates": [
          78.3569022,
          17.4873249
        ]
      },
      "id": "node/11772090392"
    },
    {
      "type": "Feature",
      "properties": {
        "@id": "node/11774365337",
        "amenity": "fuel",
        "brand": "Bharat Petroleum",
        "brand:wikidata": "Q854826",
        "check_date": "2024-03-31",
        "name": "Bharat Petroleum"
      },
      "geometry": {
        "type": "Point",
        "coordinates": [
          78.4785666,
          17.3733667
        ]
      },
      "id": "node/11774365337"
    },
    {
      "type": "Feature",
      "properties": {
        "@id": "node/11774365338",
        "amenity": "fuel",
        "brand": "Bharat Petroleum",
        "brand:wikidata": "Q854826",
        "check_date": "2025-01-07",
        "check_date:compressed_air": "2025-01-07",
        "compressed_air": "yes",
        "name": "Bharat Petroleum"
      },
      "geometry": {
        "type": "Point",
        "coordinates": [
          78.4743828,
          17.3847326
        ]
      },
      "id": "node/11774365338"
    },
    {
      "type": "Feature",
      "properties": {
        "@id": "node/11774365339",
        "amenity": "fuel",
        "check_date": "2024-03-31",
        "fuel:cng": "yes",
        "name": "Extra Gas"
      },
      "geometry": {
        "type": "Point",
        "coordinates": [
          78.4700623,
          17.3943492
        ]
      },
      "id": "node/11774365339"
    },
    {
      "type": "Feature",
      "properties": {
        "@id": "node/11774401371",
        "amenity": "fuel",
        "brand": "Hindustan Petroleum",
        "brand:wikidata": "Q1619375",
        "check_date": "2024-03-31",
        "name": "HP",
        "official_name": "Hindustan Petroleum"
      },
      "geometry": {
        "type": "Point",
        "coordinates": [
          78.4248423,
          17.473159
        ]
      },
      "id": "node/11774401371"
    },
    {
      "type": "Feature",
      "properties": {
        "@id": "node/11775501158",
        "amenity": "fuel",
        "brand": "Bharat Petroleum",
        "brand:wikidata": "Q854826",
        "check_date": "2024-03-31",
        "name": "Bharat Petroleum"
      },
      "geometry": {
        "type": "Point",
        "coordinates": [
          78.8687248,
          17.2584181
        ]
      },
      "id": "node/11775501158"
    },
    {
      "type": "Feature",
      "properties": {
        "@id": "node/11775529449",
        "amenity": "fuel",
        "brand": "Hindustan Petroleum",
        "brand:wikidata": "Q1619375",
        "check_date": "2024-03-31",
        "name": "HP",
        "official_name": "Hindustan Petroleum"
      },
      "geometry": {
        "type": "Point",
        "coordinates": [
          78.712318,
          17.3073054
        ]
      },
      "id": "node/11775529449"
    },
    {
      "type": "Feature",
      "properties": {
        "@id": "node/11775529450",
        "amenity": "fuel",
        "brand": "Hindustan Petroleum",
        "brand:wikidata": "Q1619375",
        "check_date": "2024-03-31",
        "name": "HP",
        "official_name": "Hindustan Petroleum"
      },
      "geometry": {
        "type": "Point",
        "coordinates": [
          78.7122388,
          17.3063971
        ]
      },
      "id": "node/11775529450"
    },
    {
      "type": "Feature",
      "properties": {
        "@id": "node/11775529451",
        "amenity": "fuel",
        "brand": "Indian Oil",
        "brand:wikidata": "Q1289348",
        "check_date": "2024-03-31",
        "name": "Indian Oil"
      },
      "geometry": {
        "type": "Point",
        "coordinates": [
          78.7339383,
          17.3044179
        ]
      },
      "id": "node/11775529451"
    },
    {
      "type": "Feature",
      "properties": {
        "@id": "node/11775529452",
        "amenity": "fuel",
        "brand": "Indian Oil",
        "brand:wikidata": "Q1289348",
        "check_date": "2024-03-31",
        "name": "Indian Oil"
      },
      "geometry": {
        "type": "Point",
        "coordinates": [
          78.7344421,
          17.3032753
        ]
      },
      "id": "node/11775529452"
    },
    {
      "type": "Feature",
      "properties": {
        "@id": "node/11775529453",
        "amenity": "fuel",
        "brand": "Hindustan Petroleum",
        "brand:wikidata": "Q1619375",
        "check_date": "2024-03-31",
        "name": "HP",
        "official_name": "Hindustan Petroleum"
      },
      "geometry": {
        "type": "Point",
        "coordinates": [
          78.7451563,
          17.2944555
        ]
      },
      "id": "node/11775529453"
    },
    {
      "type": "Feature",
      "properties": {
        "@id": "node/11775529457",
        "amenity": "fuel",
        "brand": "Hindustan Petroleum",
        "brand:wikidata": "Q1619375",
        "check_date": "2024-03-31",
        "name": "HP",
        "official_name": "Hindustan Petroleum"
      },
      "geometry": {
        "type": "Point",
        "coordinates": [
          78.7879888,
          17.2801195
        ]
      },
      "id": "node/11775529457"
    },
    {
      "type": "Feature",
      "properties": {
        "@id": "node/11775569025",
        "amenity": "fuel",
        "brand": "Bharat Petroleum",
        "brand:wikidata": "Q854826",
        "check_date": "2024-03-31",
        "name": "Bharat Petroleum"
      },
      "geometry": {
        "type": "Point",
        "coordinates": [
          78.6697889,
          17.3165163
        ]
      },
      "id": "node/11775569025"
    },
    {
      "type": "Feature",
      "properties": {
        "@id": "node/11775569026",
        "amenity": "fuel",
        "brand": "Hindustan Petroleum",
        "brand:wikidata": "Q1619375",
        "check_date": "2024-03-31",
        "name": "HP",
        "official_name": "Hindustan Petroleum"
      },
      "geometry": {
        "type": "Point",
        "coordinates": [
          78.6711439,
          17.3152899
        ]
      },
      "id": "node/11775569026"
    },
    {
      "type": "Feature",
      "properties": {
        "@id": "node/11775946126",
        "amenity": "fuel",
        "brand": "Hindustan Petroleum",
        "brand:wikidata": "Q1619375",
        "check_date": "2024-03-31",
        "name": "HP",
        "official_name": "Hindustan Petroleum"
      },
      "geometry": {
        "type": "Point",
        "coordinates": [
          79.031499,
          17.229702
        ]
      },
      "id": "node/11775946126"
    },
    {
      "type": "Feature",
      "properties": {
        "@id": "node/11775949700",
        "amenity": "fuel",
        "brand": "Hindustan Petroleum",
        "brand:wikidata": "Q1619375",
        "check_date": "2024-03-31",
        "name": "HP",
        "official_name": "Hindustan Petroleum"
      },
      "geometry": {
        "type": "Point",
        "coordinates": [
          79.3293366,
          17.1631132
        ]
      },
      "id": "node/11775949700"
    },
    {
      "type": "Feature",
      "properties": {
        "@id": "node/11775949701",
        "amenity": "fuel",
        "brand": "Bharat Petroleum",
        "brand:wikidata": "Q854826",
        "check_date": "2024-03-31",
        "name": "Bharat Petroleum"
      },
      "geometry": {
        "type": "Point",
        "coordinates": [
          79.819551,
          17.061099
        ]
      },
      "id": "node/11775949701"
    },
    {
      "type": "Feature",
      "properties": {
        "@id": "node/11775951510",
        "amenity": "fuel",
        "brand": "Hindustan Petroleum",
        "brand:wikidata": "Q1619375",
        "check_date": "2024-03-31",
        "name": "HP",
        "official_name": "Hindustan Petroleum"
      },
      "geometry": {
        "type": "Point",
        "coordinates": [
          79.5224482,
          17.16581
        ]
      },
      "id": "node/11775951510"
    },
    {
      "type": "Feature",
      "properties": {
        "@id": "node/11775956584",
        "amenity": "fuel",
        "brand": "Bharat Petroleum",
        "brand:wikidata": "Q854826",
        "check_date": "2024-03-31",
        "name": "Bharat Petroleum"
      },
      "geometry": {
        "type": "Point",
        "coordinates": [
          79.4037374,
          17.1673975
        ]
      },
      "id": "node/11775956584"
    },
    {
      "type": "Feature",
      "properties": {
        "@id": "node/11775958914",
        "amenity": "fuel",
        "brand": "Indian Oil",
        "brand:wikidata": "Q1289348",
        "check_date": "2024-03-31",
        "name": "Indian Oil"
      },
      "geometry": {
        "type": "Point",
        "coordinates": [
          78.9968765,
          17.2289504
        ]
      },
      "id": "node/11775958914"
    },
    {
      "type": "Feature",
      "properties": {
        "@id": "node/11776302948",
        "amenity": "fuel",
        "brand": "Bharat Petroleum",
        "brand:wikidata": "Q854826",
        "check_date": "2024-03-31",
        "name": "Bharat Petroleum"
      },
      "geometry": {
        "type": "Point",
        "coordinates": [
          79.5773321,
          17.1492904
        ]
      },
      "id": "node/11776302948"
    },
    {
      "type": "Feature",
      "properties": {
        "@id": "node/11776302955",
        "amenity": "fuel",
        "brand": "Bharat Petroleum",
        "brand:wikidata": "Q854826",
        "check_date": "2024-03-31",
        "name": "Bharat Petroleum"
      },
      "geometry": {
        "type": "Point",
        "coordinates": [
          79.5807123,
          17.1487419
        ]
      },
      "id": "node/11776302955"
    },
    {
      "type": "Feature",
      "properties": {
        "@id": "node/11776302956",
        "amenity": "fuel",
        "brand": "Indian Oil",
        "brand:wikidata": "Q1289348",
        "check_date": "2024-03-31",
        "name": "Indian Oil"
      },
      "geometry": {
        "type": "Point",
        "coordinates": [
          79.5895984,
          17.1454867
        ]
      },
      "id": "node/11776302956"
    },
    {
      "type": "Feature",
      "properties": {
        "@id": "node/11776302957",
        "amenity": "fuel",
        "brand": "Indian Oil",
        "brand:wikidata": "Q1289348",
        "check_date": "2024-03-31",
        "name": "Indian Oil"
      },
      "geometry": {
        "type": "Point",
        "coordinates": [
          79.6074747,
          17.1516842
        ]
      },
      "id": "node/11776302957"
    },
    {
      "type": "Feature",
      "properties": {
        "@id": "node/11776302958",
        "amenity": "fuel",
        "brand": "Hindustan Petroleum",
        "brand:wikidata": "Q1619375",
        "check_date": "2024-03-31",
        "name": "HP",
        "official_name": "Hindustan Petroleum"
      },
      "geometry": {
        "type": "Point",
        "coordinates": [
          79.6061485,
          17.1512377
        ]
      },
      "id": "node/11776302958"
    },
    {
      "type": "Feature",
      "properties": {
        "@id": "node/11776302960",
        "amenity": "fuel",
        "brand": "Hindustan Petroleum",
        "brand:wikidata": "Q1619375",
        "check_date": "2024-03-31",
        "name": "HP",
        "official_name": "Hindustan Petroleum"
      },
      "geometry": {
        "type": "Point",
        "coordinates": [
          79.6229399,
          17.1516293
        ]
      },
      "id": "node/11776302960"
    },
    {
      "type": "Feature",
      "properties": {
        "@id": "node/11776302962",
        "amenity": "fuel",
        "brand": "Indian Oil",
        "brand:wikidata": "Q1289348",
        "check_date": "2024-03-31",
        "name": "Indian Oil"
      },
      "geometry": {
        "type": "Point",
        "coordinates": [
          79.6332874,
          17.1361919
        ]
      },
      "id": "node/11776302962"
    },
    {
      "type": "Feature",
      "properties": {
        "@id": "node/11776302963",
        "amenity": "fuel",
        "brand": "JIO BP",
        "brand:wikidata": "Q7311026",
        "check_date": "2024-03-31"
      },
      "geometry": {
        "type": "Point",
        "coordinates": [
          79.6520524,
          17.1196802
        ]
      },
      "id": "node/11776302963"
    },
    {
      "type": "Feature",
      "properties": {
        "@id": "node/11776302964",
        "amenity": "fuel",
        "brand": "Hindustan Petroleum",
        "brand:wikidata": "Q1619375",
        "check_date": "2024-03-31",
        "name": "HP",
        "official_name": "Hindustan Petroleum"
      },
      "geometry": {
        "type": "Point",
        "coordinates": [
          79.6592011,
          17.1156182
        ]
      },
      "id": "node/11776302964"
    },
    {
      "type": "Feature",
      "properties": {
        "@id": "node/11776302965",
        "amenity": "fuel",
        "brand": "Bharat Petroleum",
        "brand:wikidata": "Q854826",
        "check_date": "2024-03-31",
        "name": "Bharat Petroleum"
      },
      "geometry": {
        "type": "Point",
        "coordinates": [
          79.6765251,
          17.1116377
        ]
      },
      "id": "node/11776302965"
    },
    {
      "type": "Feature",
      "properties": {
        "@id": "node/11776302966",
        "amenity": "fuel",
        "brand": "Bharat Petroleum",
        "brand:wikidata": "Q854826",
        "check_date": "2024-03-31",
        "name": "Bharat Petroleum"
      },
      "geometry": {
        "type": "Point",
        "coordinates": [
          79.6853145,
          17.112713
        ]
      },
      "id": "node/11776302966"
    },
    {
      "type": "Feature",
      "properties": {
        "@id": "node/11776304239",
        "amenity": "fuel",
        "brand": "Bharat Petroleum",
        "brand:wikidata": "Q854826",
        "check_date": "2024-03-31",
        "name": "Bharat Petroleum"
      },
      "geometry": {
        "type": "Point",
        "coordinates": [
          79.8195509,
          17.061099
        ]
      },
      "id": "node/11776304239"
    },
    {
      "type": "Feature",
      "properties": {
        "@id": "node/11776315405",
        "amenity": "fuel",
        "brand": "Indian Oil",
        "brand:wikidata": "Q1289348",
        "check_date": "2024-04-01",
        "name": "Indian Oil"
      },
      "geometry": {
        "type": "Point",
        "coordinates": [
          80.0034725,
          16.982214
        ]
      },
      "id": "node/11776315405"
    },
    {
      "type": "Feature",
      "properties": {
        "@id": "node/11776315406",
        "amenity": "fuel",
        "brand": "Bharat Petroleum",
        "brand:wikidata": "Q854826",
        "check_date": "2024-04-01",
        "name": "Bharat Petroleum"
      },
      "geometry": {
        "type": "Point",
        "coordinates": [
          80.020024,
          16.9725345
        ]
      },
      "id": "node/11776315406"
    },
    {
      "type": "Feature",
      "properties": {
        "@id": "node/11776315407",
        "amenity": "fuel",
        "brand": "Indian Oil",
        "brand:wikidata": "Q1289348",
        "check_date": "2024-04-01",
        "name": "Indian Oil"
      },
      "geometry": {
        "type": "Point",
        "coordinates": [
          80.0290366,
          16.9682914
        ]
      },
      "id": "node/11776315407"
    },
    {
      "type": "Feature",
      "properties": {
        "@id": "node/11776315408",
        "amenity": "fuel",
        "brand": "Indian Oil",
        "brand:wikidata": "Q1289348",
        "check_date": "2024-04-01",
        "name": "Indian Oil"
      },
      "geometry": {
        "type": "Point",
        "coordinates": [
          80.0406908,
          16.9588448
        ]
      },
      "id": "node/11776315408"
    },
    {
      "type": "Feature",
      "properties": {
        "@id": "node/11776315409",
        "amenity": "fuel",
        "brand": "Indian Oil",
        "brand:wikidata": "Q1289348",
        "check_date": "2024-04-01",
        "name": "Indian Oil"
      },
      "geometry": {
        "type": "Point",
        "coordinates": [
          80.0432718,
          16.95573
        ]
      },
      "id": "node/11776315409"
    },
    {
      "type": "Feature",
      "properties": {
        "@id": "node/11776323249",
        "amenity": "fuel",
        "brand": "Indian Oil",
        "brand:wikidata": "Q1289348",
        "check_date": "2024-03-31",
        "name": "Indian Oil"
      },
      "geometry": {
        "type": "Point",
        "coordinates": [
          79.8631332,
          17.0265359
        ]
      },
      "id": "node/11776323249"
    },
    {
      "type": "Feature",
      "properties": {
        "@id": "node/11776323251",
        "amenity": "fuel",
        "brand": "Hindustan Petroleum",
        "brand:wikidata": "Q1619375",
        "check_date": "2024-03-31",
        "name": "HP",
        "official_name": "Hindustan Petroleum"
      },
      "geometry": {
        "type": "Point",
        "coordinates": [
          79.8716037,
          17.0235769
        ]
      },
      "id": "node/11776323251"
    },
    {
      "type": "Feature",
      "properties": {
        "@id": "node/11776328446",
        "amenity": "fuel",
        "brand": "Hindustan Petroleum",
        "brand:wikidata": "Q1619375",
        "check_date": "2024-03-31",
        "name": "HP",
        "official_name": "Hindustan Petroleum"
      },
      "geometry": {
        "type": "Point",
        "coordinates": [
          79.7077621,
          17.1085258
        ]
      },
      "id": "node/11776328446"
    },
    {
      "type": "Feature",
      "properties": {
        "@id": "node/11776332624",
        "amenity": "fuel",
        "brand": "Hindustan Petroleum",
        "brand:wikidata": "Q1619375",
        "check_date": "2024-03-31",
        "name": "HP",
        "official_name": "Hindustan Petroleum"
      },
      "geometry": {
        "type": "Point",
        "coordinates": [
          79.900203,
          17.0092792
        ]
      },
      "id": "node/11776332624"
    },
    {
      "type": "Feature",
      "properties": {
        "@id": "node/11776332625",
        "amenity": "fuel",
        "brand": "JIO BP",
        "brand:wikidata": "Q7311026",
        "check_date": "2024-03-31"
      },
      "geometry": {
        "type": "Point",
        "coordinates": [
          79.9115146,
          17.0128256
        ]
      },
      "id": "node/11776332625"
    },
    {
      "type": "Feature",
      "properties": {
        "@id": "node/11776332628",
        "amenity": "fuel",
        "brand": "Bharat Petroleum",
        "brand:wikidata": "Q854826",
        "check_date": "2024-04-01",
        "name": "Bharat Petroleum"
      },
      "geometry": {
        "type": "Point",
        "coordinates": [
          79.9564746,
          16.9861616
        ]
      },
      "id": "node/11776332628"
    },
    {
      "type": "Feature",
      "properties": {
        "@id": "node/11776333594",
        "amenity": "fuel",
        "brand": "Bharat Petroleum",
        "brand:wikidata": "Q854826",
        "check_date": "2024-03-31",
        "name": "Bharat Petroleum"
      },
      "geometry": {
        "type": "Point",
        "coordinates": [
          79.4037373,
          17.1673975
        ]
      },
      "id": "node/11776333594"
    },
    {
      "type": "Feature",
      "properties": {
        "@id": "node/11865327638",
        "amenity": "fuel",
        "brand": "Hindustan Petroleum",
        "brand:wikidata": "Q1619375",
        "name": "HP",
        "official_name": "Hindustan Petroleum"
      },
      "geometry": {
        "type": "Point",
        "coordinates": [
          78.4738002,
          17.4736254
        ]
      },
      "id": "node/11865327638"
    },
    {
      "type": "Feature",
      "properties": {
        "@id": "node/11868150776",
        "amenity": "fuel",
        "brand": "Hindustan Petroleum",
        "brand:wikidata": "Q1619375",
        "name": "HP",
        "official_name": "Hindustan Petroleum"
      },
      "geometry": {
        "type": "Point",
        "coordinates": [
          78.5176824,
          17.4367392
        ]
      },
      "id": "node/11868150776"
    },
    {
      "type": "Feature",
      "properties": {
        "@id": "node/11868202391",
        "amenity": "fuel",
        "brand": "Total",
        "brand:wikidata": "Q154037",
        "name": "Total"
      },
      "geometry": {
        "type": "Point",
        "coordinates": [
          78.5325161,
          17.4424014
        ]
      },
      "id": "node/11868202391"
    },
    {
      "type": "Feature",
      "properties": {
        "@id": "node/11873446435",
        "amenity": "fuel",
        "brand": "Indian Oil",
        "brand:wikidata": "Q1289348",
        "name": "Indian Oil"
      },
      "geometry": {
        "type": "Point",
        "coordinates": [
          78.5042445,
          17.4411728
        ]
      },
      "id": "node/11873446435"
    },
    {
      "type": "Feature",
      "properties": {
        "@id": "node/11891766458",
        "amenity": "fuel",
        "brand": "Indian Oil",
        "brand:wikidata": "Q1289348",
        "check_date": "2024-05-09",
        "name": "Indian Oil"
      },
      "geometry": {
        "type": "Point",
        "coordinates": [
          80.9020864,
          17.6545437
        ]
      },
      "id": "node/11891766458"
    },
    {
      "type": "Feature",
      "properties": {
        "@id": "node/11891766459",
        "amenity": "fuel",
        "brand": "Hindustan Petroleum",
        "brand:wikidata": "Q1619375",
        "check_date": "2024-05-09",
        "name": "HP",
        "official_name": "Hindustan Petroleum"
      },
      "geometry": {
        "type": "Point",
        "coordinates": [
          80.8960624,
          17.6565325
        ]
      },
      "id": "node/11891766459"
    },
    {
      "type": "Feature",
      "properties": {
        "@id": "node/11891766460",
        "amenity": "fuel",
        "brand": "Hindustan Petroleum",
        "brand:wikidata": "Q1619375",
        "check_date": "2024-05-09",
        "name": "HP",
        "official_name": "Hindustan Petroleum"
      },
      "geometry": {
        "type": "Point",
        "coordinates": [
          80.8934426,
          17.6695542
        ]
      },
      "id": "node/11891766460"
    },
    {
      "type": "Feature",
      "properties": {
        "@id": "node/11891766461",
        "amenity": "fuel",
        "brand": "Bharat Petroleum",
        "brand:wikidata": "Q854826",
        "check_date": "2024-05-09",
        "name": "Bharat Petroleum"
      },
      "geometry": {
        "type": "Point",
        "coordinates": [
          80.8936567,
          17.6708669
        ]
      },
      "id": "node/11891766461"
    },
    {
      "type": "Feature",
      "properties": {
        "@id": "node/11891782745",
        "amenity": "fuel",
        "brand": "Nayara",
        "brand:wikidata": "Q5399377",
        "check_date": "2024-05-09",
        "name": "Nayara"
      },
      "geometry": {
        "type": "Point",
        "coordinates": [
          80.8135829,
          17.6696061
        ]
      },
      "id": "node/11891782745"
    },
    {
      "type": "Feature",
      "properties": {
        "@id": "node/11891782746",
        "amenity": "fuel",
        "brand": "Indian Oil",
        "brand:wikidata": "Q1289348",
        "check_date": "2024-05-09",
        "name": "Indian Oil"
      },
      "geometry": {
        "type": "Point",
        "coordinates": [
          80.8124728,
          17.6652505
        ]
      },
      "id": "node/11891782746"
    },
    {
      "type": "Feature",
      "properties": {
        "@id": "node/11891806248",
        "amenity": "fuel",
        "brand": "Indian Oil",
        "brand:wikidata": "Q1289348",
        "check_date": "2024-05-09",
        "name": "Indian Oil"
      },
      "geometry": {
        "type": "Point",
        "coordinates": [
          80.8124727,
          17.6652505
        ]
      },
      "id": "node/11891806248"
    },
    {
      "type": "Feature",
      "properties": {
        "@id": "node/11892571568",
        "amenity": "fuel",
        "brand": "Hindustan Petroleum",
        "brand:wikidata": "Q1619375",
        "check_date": "2024-05-09",
        "name": "HP",
        "official_name": "Hindustan Petroleum"
      },
      "geometry": {
        "type": "Point",
        "coordinates": [
          80.6435583,
          17.3964382
        ]
      },
      "id": "node/11892571568"
    },
    {
      "type": "Feature",
      "properties": {
        "@id": "node/11892574943",
        "amenity": "fuel",
        "brand": "Indian Oil",
        "brand:wikidata": "Q1289348",
        "check_date": "2024-05-09",
        "name": "Indian Oil"
      },
      "geometry": {
        "type": "Point",
        "coordinates": [
          80.7227842,
          17.5989528
        ]
      },
      "id": "node/11892574943"
    },
    {
      "type": "Feature",
      "properties": {
        "@id": "node/11892574944",
        "amenity": "fuel",
        "brand": "Hindustan Petroleum",
        "brand:wikidata": "Q1619375",
        "check_date": "2024-05-09",
        "name": "HP",
        "official_name": "Hindustan Petroleum"
      },
      "geometry": {
        "type": "Point",
        "coordinates": [
          80.6834949,
          17.5886483
        ]
      },
      "id": "node/11892574944"
    },
    {
      "type": "Feature",
      "properties": {
        "@id": "node/11892581168",
        "amenity": "fuel",
        "brand": "Hindustan Petroleum",
        "brand:wikidata": "Q1619375",
        "check_date": "2024-05-09",
        "name": "HP",
        "official_name": "Hindustan Petroleum"
      },
      "geometry": {
        "type": "Point",
        "coordinates": [
          80.6192974,
          17.1302781
        ]
      },
      "id": "node/11892581168"
    },
    {
      "type": "Feature",
      "properties": {
        "@id": "node/11892723478",
        "amenity": "fuel",
        "brand": "Hindustan Petroleum",
        "brand:wikidata": "Q1619375",
        "check_date": "2024-05-09",
        "name": "HP",
        "official_name": "Hindustan Petroleum"
      },
      "geometry": {
        "type": "Point",
        "coordinates": [
          80.6687947,
          17.2179058
        ]
      },
      "id": "node/11892723478"
    },
    {
      "type": "Feature",
      "properties": {
        "@id": "node/11892723623",
        "amenity": "fuel",
        "brand": "Indian Oil",
        "brand:wikidata": "Q1289348",
        "check_date": "2024-05-09",
        "name": "Indian Oil"
      },
      "geometry": {
        "type": "Point",
        "coordinates": [
          80.6188841,
          17.5572359
        ]
      },
      "id": "node/11892723623"
    },
    {
      "type": "Feature",
      "properties": {
        "@id": "node/11892723624",
        "amenity": "fuel",
        "brand": "Hindustan Petroleum",
        "brand:wikidata": "Q1619375",
        "check_date": "2024-05-09",
        "name": "HP",
        "official_name": "Hindustan Petroleum"
      },
      "geometry": {
        "type": "Point",
        "coordinates": [
          80.6180504,
          17.5453986
        ]
      },
      "id": "node/11892723624"
    },
    {
      "type": "Feature",
      "properties": {
        "@id": "node/11892733193",
        "amenity": "fuel",
        "brand": "Hindustan Petroleum",
        "brand:wikidata": "Q1619375",
        "check_date": "2024-05-09",
        "name": "HP",
        "official_name": "Hindustan Petroleum"
      },
      "geometry": {
        "type": "Point",
        "coordinates": [
          80.676877,
          17.3552293
        ]
      },
      "id": "node/11892733193"
    },
    {
      "type": "Feature",
      "properties": {
        "@id": "node/11892733669",
        "amenity": "fuel",
        "brand": "Indian Oil",
        "brand:wikidata": "Q1289348",
        "check_date": "2024-05-09",
        "name": "Indian Oil"
      },
      "geometry": {
        "type": "Point",
        "coordinates": [
          80.656053,
          17.3828884
        ]
      },
      "id": "node/11892733669"
    },
    {
      "type": "Feature",
      "properties": {
        "@id": "node/11989558283",
        "amenity": "fuel",
        "check_date": "2024-06-18",
        "name": "Ho"
      },
      "geometry": {
        "type": "Point",
        "coordinates": [
          80.1428551,
          17.249589
        ]
      },
      "id": "node/11989558283"
    },
    {
      "type": "Feature",
      "properties": {
        "@id": "node/11989568179",
        "amenity": "fuel",
        "check_date": "2024-06-18",
        "name": "Ho"
      },
      "geometry": {
        "type": "Point",
        "coordinates": [
          80.140495,
          17.250973
        ]
      },
      "id": "node/11989568179"
    },
    {
      "type": "Feature",
      "properties": {
        "@id": "node/12014382778",
        "amenity": "fuel",
        "name": "ESSAR FUEL STATION"
      },
      "geometry": {
        "type": "Point",
        "coordinates": [
          79.9103101,
          17.3738075
        ]
      },
      "id": "node/12014382778"
    },
    {
      "type": "Feature",
      "properties": {
        "@id": "node/12028767314",
        "amenity": "fuel",
        "brand": "Indian Oil",
        "brand:wikidata": "Q1289348",
        "name": "Indian Oil"
      },
      "geometry": {
        "type": "Point",
        "coordinates": [
          78.4388344,
          17.4087339
        ]
      },
      "id": "node/12028767314"
    },
    {
      "type": "Feature",
      "properties": {
        "@id": "node/12042878042",
        "amenity": "fuel",
        "brand": "Bharat Petroleum",
        "brand:wikidata": "Q854826",
        "name": "Bharat Petroleum"
      },
      "geometry": {
        "type": "Point",
        "coordinates": [
          78.417629,
          17.519763
        ]
      },
      "id": "node/12042878042"
    },
    {
      "type": "Feature",
      "properties": {
        "@id": "node/12229490967",
        "addr:city": "madhira",
        "addr:district": "Khammam",
        "addr:housenumber": "4-2/4",
        "addr:postcode": "507203",
        "addr:street": "Nandigama - Madhira Road",
        "amenity": "fuel",
        "branch": "madhira",
        "brand": "Indian Oil",
        "brand:wikidata": "Q1289348",
        "building": "petrol_bunk",
        "fuel:diesel": "yes",
        "fuel:petrol": "yes",
        "name": "Indian Oil Petrol Pump",
        "operator": "Subash reddy",
        "self_service": "no"
      },
      "geometry": {
        "type": "Point",
        "coordinates": [
          80.3655161,
          16.9162434
        ]
      },
      "id": "node/12229490967"
    },
    {
      "type": "Feature",
      "properties": {
        "@id": "node/12229490985",
        "addr:city": "madhira",
        "addr:district": "Khammam",
        "addr:housenumber": "736",
        "addr:postcode": "507203",
        "addr:street": "Nandigama - Madhira Road",
        "amenity": "fuel",
        "brand": "Hindustan Petroleum",
        "brand:wikidata": "Q1619375",
        "building": "petrol_pump",
        "fuel:diesel": "yes",
        "fuel:petrol": "yes",
        "name": "HP",
        "official_name": "Hindustan Petroleum",
        "operator": "mani sherma",
        "self_service": "no"
      },
      "geometry": {
        "type": "Point",
        "coordinates": [
          80.3660471,
          16.9153076
        ]
      },
      "id": "node/12229490985"
    },
    {
      "type": "Feature",
      "properties": {
        "@id": "node/12311251248",
        "amenity": "fuel",
        "brand": "Hindustan Petroleum",
        "brand:wikidata": "Q1619375",
        "name": "HP",
        "official_name": "Hindustan Petroleum"
      },
      "geometry": {
        "type": "Point",
        "coordinates": [
          78.5999015,
          17.4869646
        ]
      },
      "id": "node/12311251248"
    },
    {
      "type": "Feature",
      "properties": {
        "@id": "node/12313760962",
        "amenity": "fuel",
        "brand": "Hindustan Petroleum",
        "brand:wikidata": "Q1619375",
        "name": "HP",
        "official_name": "Hindustan Petroleum"
      },
      "geometry": {
        "type": "Point",
        "coordinates": [
          78.3179536,
          17.3393435
        ]
      },
      "id": "node/12313760962"
    },
    {
      "type": "Feature",
      "properties": {
        "@id": "node/12320288493",
        "amenity": "fuel",
        "brand": "Hindustan Petroleum",
        "brand:wikidata": "Q1619375",
        "name": "HP",
        "official_name": "Hindustan Petroleum"
      },
      "geometry": {
        "type": "Point",
        "coordinates": [
          78.5236464,
          17.4196553
        ]
      },
      "id": "node/12320288493"
    },
    {
      "type": "Feature",
      "properties": {
        "@id": "node/12336587671",
        "amenity": "fuel",
        "brand": "Essar",
        "brand:wikidata": "Q5399372",
        "name": "Essar"
      },
      "geometry": {
        "type": "Point",
        "coordinates": [
          78.5438246,
          17.3725422
        ]
      },
      "id": "node/12336587671"
    },
    {
      "type": "Feature",
      "properties": {
        "@id": "node/12383784945",
        "amenity": "fuel",
        "name": "Indian Oil"
      },
      "geometry": {
        "type": "Point",
        "coordinates": [
          78.6960444,
          17.8378966
        ]
      },
      "id": "node/12383784945"
    },
    {
      "type": "Feature",
      "properties": {
        "@id": "node/12462528085",
        "amenity": "fuel"
      },
      "geometry": {
        "type": "Point",
        "coordinates": [
          78.5101249,
          17.3913192
        ]
      },
      "id": "node/12462528085"
    },
    {
      "type": "Feature",
      "properties": {
        "@id": "node/12462565950",
        "addr:city": "Jangoan",
        "addr:district": "jangoan",
        "addr:housenumber": "Nidigionda",
        "addr:street": "Minroad",
        "amenity": "fuel",
        "brand": "Indian Oil",
        "brand:wikidata": "Q1289348",
        "name": "Indian Oil"
      },
      "geometry": {
        "type": "Point",
        "coordinates": [
          79.2225993,
          17.7372383
        ]
      },
      "id": "node/12462565950"
    },
    {
      "type": "Feature",
      "properties": {
        "@id": "node/12462565955",
        "addr:district": "Jangaon",
        "addr:street": "Minroad",
        "amenity": "fuel",
        "brand": "Indian Oil",
        "brand:wikidata": "Q1289348",
        "name": "Indian Oil"
      },
      "geometry": {
        "type": "Point",
        "coordinates": [
          79.2183067,
          17.7351776
        ]
      },
      "id": "node/12462565955"
    },
    {
      "type": "Feature",
      "properties": {
        "@id": "node/12528871763",
        "amenity": "fuel",
        "brand": "Nayara",
        "brand:wikidata": "Q5399377",
        "name": "Nayara petrol station"
      },
      "geometry": {
        "type": "Point",
        "coordinates": [
          79.2601325,
          17.7646243
        ]
      },
      "id": "node/12528871763"
    },
    {
      "type": "Feature",
      "properties": {
        "@id": "node/12538889103",
        "amenity": "fuel",
        "name": "Indian oil Bunk"
      },
      "geometry": {
        "type": "Point",
        "coordinates": [
          78.5657658,
          17.4765556
        ]
      },
      "id": "node/12538889103"
    },
    {
      "type": "Feature",
      "properties": {
        "@id": "node/12596410833",
        "amenity": "fuel",
        "name": "ioc petrolum"
      },
      "geometry": {
        "type": "Point",
        "coordinates": [
          78.5454337,
          17.3431549
        ]
      },
      "id": "node/12596410833"
    },
    {
      "type": "Feature",
      "properties": {
        "@id": "node/12597588713",
        "amenity": "fuel"
      },
      "geometry": {
        "type": "Point",
        "coordinates": [
          78.3410793,
          19.1091263
        ]
      },
      "id": "node/12597588713"
    },
    {
      "type": "Feature",
      "properties": {
        "@id": "node/12618666896",
        "amenity": "fuel",
        "name": "IndianOil"
      },
      "geometry": {
        "type": "Point",
        "coordinates": [
          78.3637845,
          17.5436738
        ]
      },
      "id": "node/12618666896"
    },
    {
      "type": "Feature",
      "properties": {
        "@id": "node/12618672636",
        "amenity": "fuel",
        "name": "IndianOil"
      },
      "geometry": {
        "type": "Point",
        "coordinates": [
          78.3622489,
          17.5478654
        ]
      },
      "id": "node/12618672636"
    },
    {
      "type": "Feature",
      "properties": {
        "@id": "node/12690379042",
        "addr:city": "birkur",
        "addr:district": "kamareddy",
        "addr:postcode": "503321",
        "addr:street": "main road birkur",
        "amenity": "fuel",
        "name": "indian fuel pump"
      },
      "geometry": {
        "type": "Point",
        "coordinates": [
          77.802123,
          18.4580108
        ]
      },
      "id": "node/12690379042"
    },
    {
      "type": "Feature",
      "properties": {
        "@id": "node/12690485161",
        "addr:city": "birkur",
        "addr:district": "Kamareddy",
        "addr:postcode": "503321",
        "addr:street": "near BusStand",
        "amenity": "fuel",
        "name": "HP fuel station"
      },
      "geometry": {
        "type": "Point",
        "coordinates": [
          77.8022652,
          18.4652311
        ]
      },
      "id": "node/12690485161"
    },
    {
      "type": "Feature",
      "properties": {
        "@id": "node/12690496993",
        "addr:city": "Banswada",
        "addr:district": "Kamareddy",
        "addr:postcode": "503187",
        "addr:street": "Tadkol road",
        "amenity": "fuel",
        "name": "Kacham Sangaiah HP Petrol pump"
      },
      "geometry": {
        "type": "Point",
        "coordinates": [
          77.875298,
          18.3739392
        ]
      },
      "id": "node/12690496993"
    },
    {
      "type": "Feature",
      "properties": {
        "@id": "node/12696038142",
        "addr:city": "yellandu",
        "addr:district": "Bhadradri-Kothagudem",
        "addr:housenumber": "jk colony",
        "addr:postcode": "507123",
        "addr:street": "jk colony",
        "amenity": "fuel"
      },
      "geometry": {
        "type": "Point",
        "coordinates": [
          80.3351124,
          17.5797283
        ]
      },
      "id": "node/12696038142"
    },
    {
      "type": "Feature",
      "properties": {
        "@id": "node/12918521305",
        "amenity": "fuel",
        "brand": "Indian Oil",
        "brand:wikidata": "Q1289348",
        "name": "Indian Oil"
      },
      "geometry": {
        "type": "Point",
        "coordinates": [
          79.4206848,
          17.6601523
        ]
      },
      "id": "node/12918521305"
    },
    {
      "type": "Feature",
      "properties": {
        "@id": "node/12918521546",
        "amenity": "fuel",
        "brand": "Bharat Petroleum",
        "brand:wikidata": "Q854826",
        "name": "Bharat Petroleum"
      },
      "geometry": {
        "type": "Point",
        "coordinates": [
          79.4272658,
          17.6654695
        ]
      },
      "id": "node/12918521546"
    },
    {
      "type": "Feature",
      "properties": {
        "@id": "node/12918521547",
        "amenity": "fuel",
        "brand": "Hindustan Petroleum",
        "brand:wikidata": "Q1619375",
        "name": "HP",
        "official_name": "Hindustan Petroleum"
      },
      "geometry": {
        "type": "Point",
        "coordinates": [
          79.4228146,
          17.6481015
        ]
      },
      "id": "node/12918521547"
    },
    {
      "type": "Feature",
      "properties": {
        "@id": "node/12918521548",
        "amenity": "fuel",
        "brand": "Hindustan Petroleum",
        "brand:wikidata": "Q1619375",
        "name": "HP",
        "official_name": "Hindustan Petroleum"
      },
      "geometry": {
        "type": "Point",
        "coordinates": [
          79.4232389,
          17.6478155
        ]
      },
      "id": "node/12918521548"
    },
    {
      "type": "Feature",
      "properties": {
        "@id": "node/12918521549",
        "amenity": "fuel",
        "brand": "Nayara",
        "brand:wikidata": "Q5399377",
        "name": "Nayara"
      },
      "geometry": {
        "type": "Point",
        "coordinates": [
          79.444507,
          17.6570449
        ]
      },
      "id": "node/12918521549"
    },
    {
      "type": "Feature",
      "properties": {
        "@id": "node/12993628701",
        "amenity": "fuel",
        "name": "Hindustan Petroleum"
      },
      "geometry": {
        "type": "Point",
        "coordinates": [
          78.223147,
          17.5438089
        ]
      },
      "id": "node/12993628701"
    },
    {
      "type": "Feature",
      "properties": {
        "@id": "node/13004476969",
        "amenity": "fuel",
        "brand": "Indian Oil",
        "brand:wikidata": "Q1289348",
        "name": "Indian Oil"
      },
      "geometry": {
        "type": "Point",
        "coordinates": [
          79.1330887,
          17.2292936
        ]
      },
      "id": "node/13004476969"
    },
    {
      "type": "Feature",
      "properties": {
        "@id": "node/13045121469",
        "amenity": "fuel",
        "name": "Indian Oil"
      },
      "geometry": {
        "type": "Point",
        "coordinates": [
          77.9570733,
          16.3760661
        ]
      },
      "id": "node/13045121469"
    },
    {
      "type": "Feature",
      "properties": {
        "@id": "node/13045121487",
        "amenity": "fuel",
        "name": "Hindustan Petroleum Corporation Limited"
      },
      "geometry": {
        "type": "Point",
        "coordinates": [
          77.9322602,
          16.3823039
        ]
      },
      "id": "node/13045121487"
    },
    {
      "type": "Feature",
      "properties": {
        "@id": "node/13045121488",
        "amenity": "fuel",
        "name": "Indian Oil"
      },
      "geometry": {
        "type": "Point",
        "coordinates": [
          77.9397556,
          16.3879008
        ]
      },
      "id": "node/13045121488"
    },
    {
      "type": "Feature",
      "properties": {
        "@id": "node/13073959951",
        "amenity": "fuel",
        "brand": "Bharat Petroleum",
        "brand:wikidata": "Q854826",
        "name": "Bharat Petroleum"
      },
      "geometry": {
        "type": "Point",
        "coordinates": [
          78.3963715,
          17.4964949
        ]
      },
      "id": "node/13073959951"
    },
    {
      "type": "Feature",
      "properties": {
        "@id": "node/13189937439",
        "amenity": "fuel",
        "compressed_air": "yes"
      },
      "geometry": {
        "type": "Point",
        "coordinates": [
          78.3553758,
          17.5301667
        ]
      },
      "id": "node/13189937439"
    },
    {
      "type": "Feature",
      "properties": {
        "@id": "node/13189996503",
        "amenity": "fuel"
      },
      "geometry": {
        "type": "Point",
        "coordinates": [
          78.3593263,
          17.5390039
        ]
      },
      "id": "node/13189996503"
    },
    {
      "type": "Feature",
      "properties": {
        "@id": "node/13190036033",
        "amenity": "fuel"
      },
      "geometry": {
        "type": "Point",
        "coordinates": [
          77.9614279,
          16.3729921
        ]
      },
      "id": "node/13190036033"
    },
    {
      "type": "Feature",
      "properties": {
        "@id": "node/13208170228",
        "amenity": "fuel",
        "brand": "Indian Oil",
        "brand:wikidata": "Q1289348",
        "check_date": "2025-10-11",
        "name": "Indian Oil"
      },
      "geometry": {
        "type": "Point",
        "coordinates": [
          78.4347957,
          17.4550094
        ]
      },
      "id": "node/13208170228"
    },
    {
      "type": "Feature",
      "properties": {
        "@id": "node/13208170229",
        "amenity": "fuel",
        "brand": "Bharat Petroleum",
        "brand:wikidata": "Q854826",
        "check_date": "2025-10-11",
        "name": "Bharat Petroleum"
      },
      "geometry": {
        "type": "Point",
        "coordinates": [
          78.4350198,
          17.4544867
        ]
      },
      "id": "node/13208170229"
    },
    {
      "type": "Feature",
      "properties": {
        "@id": "node/13227600333",
        "amenity": "fuel",
        "brand": "Hindustan Petroleum",
        "brand:wikidata": "Q1619375",
        "check_date": "2025-10-12",
        "name": "HP",
        "official_name": "Hindustan Petroleum"
      },
      "geometry": {
        "type": "Point",
        "coordinates": [
          78.420432,
          17.3780543
        ]
      },
      "id": "node/13227600333"
    },
    {
      "type": "Feature",
      "properties": {
        "@id": "node/13227600337",
        "amenity": "fuel",
        "brand": "Nayara",
        "brand:wikidata": "Q5399377",
        "check_date": "2025-10-12",
        "name": "Nayara"
      },
      "geometry": {
        "type": "Point",
        "coordinates": [
          78.4230294,
          17.3886398
        ]
      },
      "id": "node/13227600337"
    },
    {
      "type": "Feature",
      "properties": {
        "@id": "node/13227600338",
        "amenity": "fuel",
        "brand": "Indian Oil",
        "brand:wikidata": "Q1289348",
        "check_date": "2025-10-12",
        "name": "Indian Oil"
      },
      "geometry": {
        "type": "Point",
        "coordinates": [
          78.4235621,
          17.3918997
        ]
      },
      "id": "node/13227600338"
    },
    {
      "type": "Feature",
      "properties": {
        "@id": "node/13227600349",
        "amenity": "fuel",
        "brand": "Hindustan Petroleum",
        "brand:wikidata": "Q1619375",
        "check_date": "2025-10-12",
        "name": "HP",
        "official_name": "Hindustan Petroleum"
      },
      "geometry": {
        "type": "Point",
        "coordinates": [
          78.4063492,
          17.4043298
        ]
      },
      "id": "node/13227600349"
    },
    {
      "type": "Feature",
      "properties": {
        "@id": "node/13299230990",
        "addr:full": "petrol bunk, Kokapet, Hyderabad, near oceanpark, Hyderabad, Telangana, 500075",
        "addr:postcode": "500075",
        "addr:state": "Telangana",
        "amenity": "fuel",
        "brand": "Indian Oil",
        "brand:wikidata": "Q1289348",
        "name": "Indian Oil",
        "opening_hours": "Mo-Su 06:00-22:00",
        "phone": "+919848991510",
        "website": "https://locator.iocl.com/indianoil-green-gas-petrol-pump-vikarabad-vikarabad-234281/Home"
      },
      "geometry": {
        "type": "Point",
        "coordinates": [
          78.3285791,
          17.3880309
        ]
      },
      "id": "node/13299230990"
    },
    {
      "type": "Feature",
      "properties": {
        "@id": "node/13339945310",
        "amenity": "fuel",
        "name": "HPCL Petrol Bunk"
      },
      "geometry": {
        "type": "Point",
        "coordinates": [
          79.5617202,
          18.010126
        ]
      },
      "id": "node/13339945310"
    },
    {
      "type": "Feature",
      "properties": {
        "@id": "node/13436972479",
        "amenity": "fuel",
        "brand": "Hindustan Petroleum",
        "brand:wikidata": "Q1619375",
        "name": "HP",
        "official_name": "Hindustan Petroleum"
      },
      "geometry": {
        "type": "Point",
        "coordinates": [
          78.4247523,
          17.5234466
        ]
      },
      "id": "node/13436972479"
    },
    {
      "type": "Feature",
      "properties": {
        "@id": "node/13518919098",
        "amenity": "fuel",
        "name": "Petrol Bunk"
      },
      "geometry": {
        "type": "Point",
        "coordinates": [
          78.8594457,
          16.94703
        ]
      },
      "id": "node/13518919098"
    },
    {
      "type": "Feature",
      "properties": {
        "@id": "node/13531212092",
        "amenity": "fuel",
        "brand": "Bharat Petroleum",
        "brand:wikidata": "Q854826",
        "check_date": "2026-02-07",
        "name": "Bharat Petroleum"
      },
      "geometry": {
        "type": "Point",
        "coordinates": [
          78.4427385,
          17.4373889
        ]
      },
      "id": "node/13531212092"
    },
    {
      "type": "Feature",
      "properties": {
        "@id": "node/13531377449",
        "amenity": "fuel",
        "brand": "Indian Oil",
        "brand:wikidata": "Q1289348",
        "check_date": "2026-02-07",
        "name": "Indian Oil"
      },
      "geometry": {
        "type": "Point",
        "coordinates": [
          78.4414208,
          17.4270025
        ]
      },
      "id": "node/13531377449"
    },
    {
      "type": "Feature",
      "properties": {
        "@id": "node/13532195621",
        "amenity": "fuel",
        "brand": "Indian Oil",
        "brand:wikidata": "Q1289348",
        "check_date": "2026-02-07",
        "name": "Indian Oil"
      },
      "geometry": {
        "type": "Point",
        "coordinates": [
          78.4555839,
          17.4299165
        ]
      },
      "id": "node/13532195621"
    },
    {
      "type": "Feature",
      "properties": {
        "@id": "node/13536912480",
        "amenity": "fuel",
        "brand": "Indian Oil",
        "brand:wikidata": "Q1289348",
        "check_date": "2026-02-09",
        "name": "Indian Oil"
      },
      "geometry": {
        "type": "Point",
        "coordinates": [
          78.4942165,
          17.4378733
        ]
      },
      "id": "node/13536912480"
    },
    {
      "type": "Feature",
      "properties": {
        "@id": "node/13537150952",
        "amenity": "fuel",
        "brand": "Indian Oil",
        "brand:wikidata": "Q1289348",
        "check_date": "2026-02-09",
        "name": "Indian Oil"
      },
      "geometry": {
        "type": "Point",
        "coordinates": [
          78.951371,
          17.548486
        ]
      },
      "id": "node/13537150952"
    },
    {
      "type": "Feature",
      "properties": {
        "@id": "node/13537150953",
        "amenity": "fuel",
        "brand": "Bharat Petroleum",
        "brand:wikidata": "Q854826",
        "check_date": "2026-02-09",
        "name": "Bharat Petroleum"
      },
      "geometry": {
        "type": "Point",
        "coordinates": [
          78.9614599,
          17.5569298
        ]
      },
      "id": "node/13537150953"
    },
    {
      "type": "Feature",
      "properties": {
        "@id": "node/13542484495",
        "amenity": "fuel"
      },
      "geometry": {
        "type": "Point",
        "coordinates": [
          78.1260211,
          18.7022316
        ]
      },
      "id": "node/13542484495"
    },
    {
      "type": "Feature",
      "properties": {
        "@id": "node/13543734320",
        "amenity": "fuel",
        "brand": "Hindustan Petroleum",
        "brand:wikidata": "Q1619375",
        "name": "HP",
        "official_name": "Hindustan Petroleum"
      },
      "geometry": {
        "type": "Point",
        "coordinates": [
          78.4226914,
          17.4298744
        ]
      },
      "id": "node/13543734320"
    },
    {
      "type": "Feature",
      "properties": {
        "@id": "node/13543816904",
        "amenity": "fuel"
      },
      "geometry": {
        "type": "Point",
        "coordinates": [
          78.4605058,
          17.4159318
        ]
      },
      "id": "node/13543816904"
    }
  ]
}